{
    "props": {
        "face_rect": [
            146,
            812,
            566,
            566
        ],
        "kp_eye_left_inner": [
            362,
            971
        ],
        "kp_eye_left_outer": [
            256,
            957
        ],
        "kp_eye_right_inner": [
            499,
            962
        ],
        "kp_eye_right_outer": [
            605,
            944
        ],
        "kp_mouth_left": [
            552,
            1218
        ],
        "kp_mouth_right": [
            336,
            1227
        ],
        "kp_nose_tip": [
            437,
            1143
        ],
        "kp_under_lip_bottom": [
            446,
            1302
        ],
        "kp_upper_lip_top": [
            446,
            1223
        ],
        "features": [
            -1.258624,
            2.152511,
            6.446075,
            -3.350447,
            4.503345,
            4.290039,
            -2.636484,
            3.713,
            -0.285642,
            2.786157,
            -8.894362,
            -6.124345,
            -2.527424,
            0.960523,
            3.207183,
            -8.671281,
            -6.881993,
            1.54543,
            -0.851165,
            -1.662988,
            1.327105,
            0.548585,
            -7.629776,
            -4.893681,
            3.663826,
            0.673997,
            0.801521,
            -1.213394,
            4.392852,
            1.519539,
            -0.013604,
            3.640329,
            -2.046685,
            -1.281853,
            -0.063076,
            2.428568,
            1.061941,
            1.637422,
            4.51385,
            5.590398,
            -1.299324,
            -10.463987,
            -5.84579,
            4.039342,
            6.007113,
            6.197771,
            1.11686,
            4.067056,
            -4.485465,
            -6.113079,
            2.592866,
            -0.640961,
            2.319876,
            0.73718,
            -1.951064,
            5.393596,
            -6.921128,
            2.000615,
            0.007429,
            0.631723
        ]
    },
    "image_size": [
        870,
        1918
    ],
    "process_time_in_milliseconds": 730
}
