{
    "props": {
        "face_rect": [
            165,
            632,
            560,
            560
        ],
        "kp_eye_left_inner": [
            385,
            773
        ],
        "kp_eye_left_outer": [
            285,
            768
        ],
        "kp_eye_right_inner": [
            514,
            768
        ],
        "kp_eye_right_outer": [
            615,
            759
        ],
        "kp_mouth_left": [
            548,
            1017
        ],
        "kp_mouth_right": [
            343,
            1021
        ],
        "kp_nose_tip": [
            443,
            869
        ],
        "kp_under_lip_bottom": [
            443,
            1060
        ],
        "kp_upper_lip_top": [
            448,
            988
        ],
        "features": [
            2.92331,
            5.524705,
            5.72446,
            -5.743515,
            3.896583,
            0.301802,
            -6.38938,
            3.171495,
            0.438432,
            5.664191,
            -7.93405,
            -7.218796,
            -4.473785,
            7.809433,
            3.772622,
            -10.6817,
            -3.99704,
            4.350709,
            2.093317,
            -0.694058,
            -1.305238,
            2.078178,
            -9.950415,
            -7.028673,
            7.913045,
            2.998589,
            -2.847029,
            0.229824,
            6.242471,
            0.857399,
            -0.857098,
            3.567461,
            -2.14162,
            -3.650764,
            -1.540649,
            4.829082,
            2.527531,
            2.613217,
            -0.61674,
            2.580024,
            -3.321849,
            -6.05495,
            -10.803649,
            3.692191,
            3.697402,
            7.787567,
            4.733444,
            3.885921,
            -8.492372,
            -2.504709,
            4.651263,
            -0.681681,
            2.718921,
            -1.553631,
            1.582997,
            2.735282,
            -4.974849,
            1.361991,
            -2.357644,
            1.373164
        ]
    },
    "image_size": [
        870,
        1918
    ],
    "process_time_in_milliseconds": 1405
}
