{
    "props": {
        "face_rect": [
            44,
            596,
            596,
            596
        ],
        "kp_eye_left_inner": [
            294,
            758
        ],
        "kp_eye_left_outer": [
            225,
            763
        ],
        "kp_eye_right_inner": [
            423,
            758
        ],
        "kp_eye_right_outer": [
            531,
            753
        ],
        "kp_mouth_left": [
            423,
            1010
        ],
        "kp_mouth_right": [
            235,
            1000
        ],
        "kp_nose_tip": [
            299,
            847
        ],
        "kp_under_lip_bottom": [
            314,
            1040
        ],
        "kp_upper_lip_top": [
            314,
            966
        ],
        "features": [
            1.789281,
            5.364804,
            6.115459,
            -5.753901,
            3.365536,
            1.497767,
            -5.304902,
            1.378029,
            0.529681,
            5.040224,
            -8.249353,
            -6.148246,
            -4.272803,
            7.383897,
            4.65878,
            -9.256929,
            -6.211153,
            2.988125,
            4.757648,
            -0.493802,
            -1.61955,
            3.478047,
            -9.819987,
            -5.48708,
            8.538192,
            1.421277,
            -1.064659,
            -0.791755,
            6.055142,
            1.324662,
            -0.23877,
            2.548303,
            -2.23145,
            -1.714767,
            -2.524061,
            4.099287,
            3.426247,
            2.015164,
            -0.614749,
            2.230372,
            -1.789059,
            -3.991066,
            -7.604473,
            4.840594,
            4.496355,
            8.793472,
            4.713992,
            4.113892,
            -8.454443,
            -4.181785,
            4.573936,
            -1.49222,
            1.745051,
            -0.126481,
            0.151215,
            1.631722,
            -4.479016,
            1.199078,
            -1.222282,
            1.079836
        ]
    },
    "image_size": [
        870,
        1918
    ],
    "process_time_in_milliseconds": 1161
}
