{
    "props": {
        "face_rect": [
            100,
            769,
            576,
            576
        ],
        "kp_eye_left_inner": [
            319,
            912
        ],
        "kp_eye_left_outer": [
            223,
            927
        ],
        "kp_eye_right_inner": [
            455,
            902
        ],
        "kp_eye_right_outer": [
            556,
            907
        ],
        "kp_mouth_left": [
            500,
            1143
        ],
        "kp_mouth_right": [
            304,
            1158
        ],
        "kp_nose_tip": [
            369,
            1027
        ],
        "kp_under_lip_bottom": [
            405,
            1193
        ],
        "kp_upper_lip_top": [
            390,
            1133
        ],
        "features": [
            4.756865,
            6.742652,
            -1.64415,
            4.088334,
            0.837499,
            6.68537,
            1.590004,
            1.087065,
            4.760998,
            -7.896671,
            -1.060335,
            -3.354745,
            2.003125,
            -3.514269,
            7.699464,
            -4.503087,
            -0.517471,
            -1.465652,
            1.478438,
            1.523476,
            4.219327,
            3.347194,
            -1.175182,
            6.409192,
            -4.250075,
            2.0906,
            -6.402241,
            -1.650797,
            6.353668,
            -8.17167,
            0.71889,
            -4.82916,
            -1.49296,
            4.273039,
            -0.905841,
            0.478013,
            1.367508,
            1.78845,
            0.395712,
            -1.35175,
            -1.625807,
            -2.671805,
            6.793704,
            -0.407625,
            5.098475,
            -7.724591,
            -4.679896,
            -0.53146,
            6.073856,
            0.095328,
            -1.275259,
            5.669809,
            -1.783387,
            1.720197,
            0.144994,
            -3.860472,
            -3.014144,
            4.516275,
            -1.811229,
            4.732128
        ]
    },
    "image_size": [
        870,
        1918
    ],
    "process_time_in_milliseconds": 785
}
