{
    "props": {
        "face_rect": [
            75,
            432,
            382,
            382
        ],
        "kp_eye_left_inner": [
            240,
            543
        ],
        "kp_eye_left_outer": [
            197,
            556
        ],
        "kp_eye_right_inner": [
            326,
            543
        ],
        "kp_eye_right_outer": [
            386,
            549
        ],
        "kp_mouth_left": [
            316,
            685
        ],
        "kp_mouth_right": [
            204,
            682
        ],
        "kp_nose_tip": [
            253,
            566
        ],
        "kp_under_lip_bottom": [
            243,
            695
        ],
        "kp_upper_lip_top": [
            240,
            649
        ],
        "features": [
            4.80939,
            9.175482,
            -0.071975,
            -0.281514,
            6.683135,
            -4.323991,
            0.711084,
            1.999792,
            7.592746,
            -5.276703,
            1.749226,
            -2.873734,
            4.298477,
            0.763351,
            2.812386,
            -3.894685,
            -0.331315,
            6.923461,
            -6.845569,
            6.281475,
            4.726374,
            -4.809124,
            4.884168,
            2.198568,
            -0.575461,
            4.406287,
            -7.293977,
            3.609812,
            -1.17018,
            -4.860394,
            0.34897,
            4.41955,
            0.720274,
            3.761296,
            -3.53646,
            2.673167,
            1.970988,
            1.288841,
            0.147462,
            -3.559861,
            2.78785,
            -0.360293,
            -2.623641,
            -0.299019,
            7.894683,
            -2.609491,
            0.033953,
            -3.313515,
            2.210978,
            -1.447773,
            4.005089,
            8.561567,
            4.026711,
            5.72682,
            -1.092649,
            -0.698413,
            0.151445,
            -0.177218,
            -0.563511,
            1.65342
        ]
    },
    "image_size": [
        720,
        1280
    ],
    "process_time_in_milliseconds": 904
}
