{
    "props": {
        "face_rect": [
            155,
            575,
            429,
            429
        ],
        "kp_eye_left_inner": [
            327,
            685
        ],
        "kp_eye_left_outer": [
            252,
            671
        ],
        "kp_eye_right_inner": [
            421,
            688
        ],
        "kp_eye_right_outer": [
            492,
            685
        ],
        "kp_mouth_left": [
            428,
            867
        ],
        "kp_mouth_right": [
            300,
            867
        ],
        "kp_nose_tip": [
            371,
            803
        ],
        "kp_under_lip_bottom": [
            367,
            894
        ],
        "kp_upper_lip_top": [
            367,
            857
        ],
        "features": [
            -1.450181,
            6.835486,
            -2.946347,
            -4.058991,
            3.894974,
            -4.465362,
            1.197338,
            1.939793,
            8.136409,
            -7.63419,
            6.770503,
            -3.119134,
            6.474903,
            -5.55581,
            4.905824,
            -3.394888,
            0.101292,
            8.158694,
            -7.865058,
            6.41735,
            5.967753,
            -6.732987,
            8.760236,
            0.166609,
            0.827542,
            1.088066,
            -7.778471,
            3.089458,
            0.6863,
            -4.447279,
            -0.074731,
            1.78941,
            -3.612022,
            1.33251,
            -3.152312,
            4.024142,
            -0.669274,
            0.149932,
            -1.082367,
            -6.203541,
            -3.270573,
            -2.379462,
            -1.762444,
            -1.497612,
            6.127091,
            -4.858024,
            -2.08984,
            -1.228863,
            0.750743,
            -0.344054,
            1.749558,
            12.286437,
            1.961012,
            5.027109,
            2.098068,
            -2.212698,
            -2.931752,
            0.383559,
            -1.990345,
            -0.699371
        ]
    },
    "image_size": [
        720,
        1280
    ],
    "process_time_in_milliseconds": 1400
}
