{
    "props": {
        "face_rect": [
            134,
            754,
            580,
            580
        ],
        "kp_eye_left_inner": [
            358,
            898
        ],
        "kp_eye_left_outer": [
            251,
            898
        ],
        "kp_eye_right_inner": [
            495,
            898
        ],
        "kp_eye_right_outer": [
            597,
            887
        ],
        "kp_mouth_left": [
            536,
            1142
        ],
        "kp_mouth_right": [
            337,
            1147
        ],
        "kp_nose_tip": [
            414,
            1020
        ],
        "kp_under_lip_bottom": [
            434,
            1182
        ],
        "kp_upper_lip_top": [
            429,
            1121
        ],
        "features": [
            4.971446,
            6.744421,
            -2.70722,
            3.912356,
            -0.468348,
            7.749295,
            1.574368,
            -0.927044,
            4.546548,
            -8.009264,
            0.570588,
            -3.553472,
            2.327415,
            -4.461153,
            8.105202,
            -3.531551,
            -0.816081,
            -0.778251,
            3.188959,
            2.312487,
            3.635762,
            3.492793,
            1.015505,
            5.789478,
            -4.707244,
            0.555791,
            -6.207125,
            -0.897639,
            6.429089,
            -8.039284,
            1.016373,
            -4.972974,
            -1.190643,
            4.352489,
            -2.586375,
            -0.278267,
            0.47559,
            2.552583,
            -0.286384,
            -2.063337,
            -0.920832,
            -2.188781,
            8.311482,
            -0.328427,
            6.015911,
            -7.030927,
            -4.635001,
            0.523463,
            6.451278,
            0.00837,
            -0.940164,
            6.610423,
            -4.371215,
            3.337445,
            1.122409,
            -5.048422,
            -2.724571,
            3.164717,
            -1.29414,
            4.456586
        ]
    },
    "image_size": [
        870,
        1918
    ],
    "process_time_in_milliseconds": 799
}
