{
    "props": {
        "face_rect": [
            122,
            764,
            588,
            588
        ],
        "kp_eye_left_inner": [
            345,
            912
        ],
        "kp_eye_left_outer": [
            237,
            912
        ],
        "kp_eye_right_inner": [
            479,
            907
        ],
        "kp_eye_right_outer": [
            587,
            907
        ],
        "kp_mouth_left": [
            523,
            1149
        ],
        "kp_mouth_right": [
            326,
            1159
        ],
        "kp_nose_tip": [
            414,
            1031
        ],
        "kp_under_lip_bottom": [
            429,
            1194
        ],
        "kp_upper_lip_top": [
            424,
            1134
        ],
        "features": [
            5.206773,
            7.111262,
            -1.188166,
            4.883996,
            0.166323,
            7.089477,
            0.17488,
            1.148208,
            4.959279,
            -7.841637,
            0.279216,
            -2.933971,
            2.144915,
            -4.174973,
            8.520833,
            -5.009509,
            0.476599,
            -0.258492,
            2.021508,
            1.234238,
            3.640968,
            3.89882,
            1.363542,
            5.380815,
            -5.209155,
            0.930583,
            -6.717042,
            -1.093867,
            7.157098,
            -8.617385,
            -0.133893,
            -4.534584,
            -1.50759,
            4.360326,
            -3.100791,
            -0.483616,
            0.237626,
            3.085298,
            -0.199147,
            -1.635396,
            -1.776224,
            -2.437941,
            7.351173,
            0.35289,
            5.972693,
            -7.338081,
            -4.589836,
            -0.66453,
            6.22699,
            0.301414,
            -0.385034,
            6.93213,
            -4.277235,
            2.693767,
            1.630801,
            -5.011002,
            -2.11898,
            3.865913,
            -1.481553,
            3.457011
        ]
    },
    "image_size": [
        870,
        1918
    ],
    "process_time_in_milliseconds": 785
}
