{
    "props": {
        "face_rect": [
            11,
            606,
            585,
            585
        ],
        "kp_eye_left_inner": [
            260,
            765
        ],
        "kp_eye_left_outer": [
            196,
            771
        ],
        "kp_eye_right_inner": [
            388,
            760
        ],
        "kp_eye_right_outer": [
            500,
            749
        ],
        "kp_mouth_left": [
            399,
            1016
        ],
        "kp_mouth_right": [
            201,
            1011
        ],
        "kp_nose_tip": [
            270,
            851
        ],
        "kp_under_lip_bottom": [
            286,
            1043
        ],
        "kp_upper_lip_top": [
            281,
            974
        ],
        "features": [
            1.707098,
            5.417432,
            4.86725,
            -5.303114,
            3.730493,
            1.588428,
            -5.467453,
            0.929869,
            0.691205,
            6.130473,
            -9.568563,
            -7.32015,
            -3.992659,
            6.78961,
            4.558519,
            -10.929879,
            -6.415804,
            4.382708,
            4.891342,
            0.039637,
            -1.691986,
            4.1203,
            -10.964876,
            -6.230233,
            8.517669,
            2.321949,
            -0.717021,
            -1.368494,
            6.5167,
            0.044086,
            -0.003808,
            3.561747,
            -1.050351,
            -2.093917,
            -2.117119,
            4.058612,
            3.473608,
            1.763268,
            -0.484042,
            1.4581,
            -1.860993,
            -3.467115,
            -7.750214,
            5.0438,
            3.594862,
            7.797225,
            3.585776,
            3.973282,
            -7.689604,
            -4.61536,
            4.582083,
            -1.925713,
            1.819679,
            -0.285213,
            1.028705,
            1.705378,
            -4.532122,
            1.321467,
            -0.9015,
            1.053131
        ]
    },
    "image_size": [
        870,
        1918
    ],
    "process_time_in_milliseconds": 841
}
