{
    "props": {
        "face_rect": [
            177,
            763,
            568,
            568
        ],
        "kp_eye_left_inner": [
            396,
            897
        ],
        "kp_eye_left_outer": [
            285,
            897
        ],
        "kp_eye_right_inner": [
            532,
            902
        ],
        "kp_eye_right_outer": [
            627,
            902
        ],
        "kp_mouth_left": [
            567,
            1139
        ],
        "kp_mouth_right": [
            365,
            1144
        ],
        "kp_nose_tip": [
            466,
            1018
        ],
        "kp_under_lip_bottom": [
            471,
            1184
        ],
        "kp_upper_lip_top": [
            466,
            1124
        ],
        "features": [
            5.494539,
            6.228616,
            -1.982631,
            5.065452,
            0.176478,
            7.094463,
            1.063007,
            0.790258,
            4.968672,
            -6.694165,
            -0.950422,
            -2.894039,
            0.9219,
            -4.605056,
            8.495524,
            -4.561271,
            -0.479348,
            -0.29224,
            2.744854,
            1.159537,
            4.115056,
            2.908585,
            1.480428,
            6.610732,
            -4.265759,
            1.381702,
            -5.677832,
            -1.623922,
            6.288417,
            -8.487536,
            0.814657,
            -4.645937,
            -2.206171,
            4.55464,
            -2.660981,
            0.616005,
            -0.060218,
            3.398317,
            0.052356,
            -0.413162,
            -1.3243,
            -3.477431,
            7.38338,
            -0.468038,
            5.949502,
            -7.584384,
            -3.960183,
            -0.601491,
            5.163689,
            1.139274,
            -0.342958,
            5.822573,
            -4.079742,
            3.476041,
            1.052187,
            -4.583775,
            -2.561473,
            4.801492,
            -2.051638,
            4.627317
        ]
    },
    "image_size": [
        870,
        1918
    ],
    "process_time_in_milliseconds": 772
}
