{
    "props": {
        "face_rect": [
            351,
            644,
            513,
            513
        ],
        "kp_eye_left_inner": [
            548,
            763
        ],
        "kp_eye_left_outer": [
            442,
            747
        ],
        "kp_eye_right_inner": [
            669,
            784
        ],
        "kp_eye_right_outer": [
            738,
            795
        ],
        "kp_mouth_left": [
            685,
            1017
        ],
        "kp_mouth_right": [
            506,
            1007
        ],
        "kp_nose_tip": [
            654,
            859
        ],
        "kp_under_lip_bottom": [
            611,
            1038
        ],
        "kp_upper_lip_top": [
            617,
            964
        ],
        "features": [
            2.543672,
            4.619475,
            7.339224,
            -5.307825,
            5.724973,
            0.672616,
            -6.244881,
            0.698751,
            1.406386,
            6.048834,
            -10.420772,
            -8.240617,
            -2.96916,
            5.99502,
            5.065982,
            -10.735002,
            -7.491221,
            3.574365,
            4.811955,
            1.06201,
            -2.246152,
            3.178375,
            -9.529439,
            -7.263749,
            7.602633,
            3.212441,
            0.097653,
            -0.37566,
            6.225668,
            2.362216,
            -0.846818,
            4.07998,
            -0.773432,
            -0.610523,
            -1.750221,
            3.796835,
            2.784524,
            3.105907,
            -0.133533,
            4.581475,
            -0.171635,
            -5.345353,
            -8.970454,
            3.319052,
            5.090282,
            10.07313,
            3.758873,
            3.411385,
            -7.876377,
            -5.277294,
            5.248091,
            -2.481736,
            0.31952,
            -0.318986,
            -0.037535,
            4.032212,
            -4.181605,
            -0.264314,
            -0.959284,
            2.388373
        ]
    },
    "image_size": [
        870,
        1918
    ],
    "process_time_in_milliseconds": 772
}
