{
    "props": {
        "face_rect": [
            266,
            762,
            560,
            560
        ],
        "kp_eye_left_inner": [
            483,
            890
        ],
        "kp_eye_left_outer": [
            360,
            885
        ],
        "kp_eye_right_inner": [
            615,
            909
        ],
        "kp_eye_right_outer": [
            696,
            909
        ],
        "kp_mouth_left": [
            639,
            1141
        ],
        "kp_mouth_right": [
            445,
            1141
        ],
        "kp_nose_tip": [
            577,
            1013
        ],
        "kp_under_lip_bottom": [
            558,
            1179
        ],
        "kp_upper_lip_top": [
            563,
            1117
        ],
        "features": [
            5.614404,
            7.235253,
            -1.91951,
            5.446854,
            -0.989659,
            8.814578,
            1.311894,
            0.791467,
            5.841764,
            -7.637466,
            -1.606492,
            -3.179501,
            1.064076,
            -4.761426,
            6.694815,
            -1.719198,
            -0.639437,
            -2.21532,
            2.007274,
            0.138022,
            3.13822,
            1.727022,
            1.204234,
            6.783063,
            -4.681403,
            0.078156,
            -6.378591,
            -0.107248,
            6.149234,
            -8.716773,
            0.660865,
            -3.888867,
            -1.009423,
            3.178998,
            -2.288185,
            -0.17122,
            0.03116,
            2.703032,
            -0.304404,
            -0.382546,
            0.79835,
            -3.360204,
            7.257467,
            0.860082,
            5.911949,
            -6.027108,
            -3.96015,
            -1.256524,
            4.599076,
            0.515076,
            -1.43794,
            4.745038,
            -4.429935,
            2.248036,
            0.10321,
            -5.024475,
            -2.483028,
            3.153883,
            -2.434907,
            4.383303
        ]
    },
    "image_size": [
        870,
        1918
    ],
    "process_time_in_milliseconds": 732
}
