{
    "props": {
        "face_rect": [
            143,
            802,
            583,
            583
        ],
        "kp_eye_left_inner": [
            366,
            969
        ],
        "kp_eye_left_outer": [
            261,
            960
        ],
        "kp_eye_right_inner": [
            503,
            960
        ],
        "kp_eye_right_outer": [
            608,
            942
        ],
        "kp_mouth_left": [
            558,
            1216
        ],
        "kp_mouth_right": [
            339,
            1225
        ],
        "kp_nose_tip": [
            439,
            1143
        ],
        "kp_under_lip_bottom": [
            457,
            1307
        ],
        "kp_upper_lip_top": [
            444,
            1220
        ],
        "features": [
            -1.681024,
            1.675718,
            6.21141,
            -3.242608,
            4.907716,
            4.231379,
            -2.034023,
            4.184557,
            -0.127862,
            2.485553,
            -9.052925,
            -6.069909,
            -2.309407,
            0.747167,
            3.310711,
            -9.702839,
            -7.219738,
            1.569279,
            -0.657808,
            -1.908468,
            1.39217,
            0.670486,
            -7.680062,
            -5.181048,
            3.433318,
            -0.176254,
            1.76383,
            -0.728558,
            4.479743,
            1.463371,
            -0.024497,
            3.645461,
            -2.736221,
            -1.222504,
            0.474963,
            2.060831,
            0.902079,
            1.304673,
            4.933722,
            5.67093,
            -1.441877,
            -11.340374,
            -5.107202,
            3.473772,
            5.989273,
            4.72694,
            0.514231,
            3.916314,
            -4.155134,
            -6.140971,
            3.243953,
            -0.533885,
            2.538479,
            1.222677,
            -2.036124,
            5.734562,
            -7.132946,
            1.703304,
            -0.656438,
            0.392006
        ]
    },
    "image_size": [
        870,
        1918
    ],
    "process_time_in_milliseconds": 768
}
