{
    "props": {
        "face_rect": [
            260,
            584,
            373,
            373
        ],
        "kp_eye_left_inner": [
            390,
            668
        ],
        "kp_eye_left_outer": [
            307,
            682
        ],
        "kp_eye_right_inner": [
            510,
            664
        ],
        "kp_eye_right_outer": [
            588,
            678
        ],
        "kp_mouth_left": [
            551,
            839
        ],
        "kp_mouth_right": [
            353,
            839
        ],
        "kp_nose_tip": [
            445,
            668
        ],
        "kp_under_lip_bottom": [
            445,
            835
        ],
        "kp_upper_lip_top": [
            450,
            779
        ],
        "features": [
            3.270583,
            5.958356,
            5.642847,
            -2.499504,
            4.223012,
            0.957813,
            -3.448293,
            1.269112,
            2.207798,
            5.500876,
            -11.049847,
            -5.573675,
            -2.529287,
            4.866584,
            3.373111,
            -9.900886,
            -4.911934,
            2.495837,
            3.497379,
            -0.395661,
            -3.00972,
            4.105664,
            -7.645875,
            -7.910445,
            5.267854,
            5.67993,
            1.654865,
            -0.385969,
            6.541285,
            -0.530189,
            1.666191,
            3.737595,
            1.049361,
            -1.143132,
            -2.547044,
            1.641132,
            1.835763,
            4.738262,
            -3.077452,
            5.419843,
            1.289443,
            -1.567267,
            -6.661091,
            0.445023,
            5.120377,
            7.982076,
            2.208362,
            0.152797,
            -3.971377,
            -3.415095,
            4.69413,
            -3.981353,
            0.861837,
            0.49014,
            -3.0183,
            1.985435,
            -1.03934,
            0.685368,
            0.170161,
            4.738354
        ]
    },
    "image_size": [
        870,
        1918
    ],
    "process_time_in_milliseconds": 767
}
