{
    "props": {
        "face_rect": [
            264,
            562,
            380,
            380
        ],
        "kp_eye_left_inner": [
            389,
            671
        ],
        "kp_eye_left_outer": [
            299,
            683
        ],
        "kp_eye_right_inner": [
            506,
            663
        ],
        "kp_eye_right_outer": [
            592,
            675
        ],
        "kp_mouth_left": [
            551,
            838
        ],
        "kp_mouth_right": [
            356,
            838
        ],
        "kp_nose_tip": [
            450,
            667
        ],
        "kp_under_lip_bottom": [
            450,
            838
        ],
        "kp_upper_lip_top": [
            458,
            777
        ],
        "features": [
            3.706407,
            6.07698,
            5.60602,
            -2.035755,
            2.82626,
            0.482998,
            -6.106844,
            0.470927,
            2.253722,
            6.058371,
            -10.120028,
            -3.30281,
            -3.78738,
            3.279396,
            1.321228,
            -8.753308,
            -5.43393,
            2.172629,
            4.217358,
            -1.029525,
            -2.578032,
            3.814908,
            -8.767766,
            -8.23255,
            6.139192,
            4.554084,
            2.749505,
            -1.92422,
            6.325137,
            0.159144,
            2.510106,
            1.435892,
            0.20681,
            -1.203799,
            -2.405275,
            1.95573,
            3.08713,
            3.641932,
            -0.910645,
            6.108251,
            0.685913,
            -1.095162,
            -7.222015,
            2.305773,
            3.710761,
            8.090837,
            1.393683,
            1.458851,
            -2.375291,
            -1.816455,
            5.891724,
            -3.492093,
            0.700992,
            -0.076422,
            -3.630051,
            1.122662,
            -0.928595,
            -0.622412,
            0.356283,
            3.226998
        ]
    },
    "image_size": [
        870,
        1918
    ],
    "process_time_in_milliseconds": 1163
}
