{
    "props": {
        "face_rect": [
            121,
            738,
            634,
            634
        ],
        "kp_eye_left_inner": [
            376,
            909
        ],
        "kp_eye_left_outer": [
            262,
            899
        ],
        "kp_eye_right_inner": [
            516,
            899
        ],
        "kp_eye_right_outer": [
            615,
            879
        ],
        "kp_mouth_left": [
            550,
            1162
        ],
        "kp_mouth_right": [
            346,
            1172
        ],
        "kp_nose_tip": [
            446,
            1063
        ],
        "kp_under_lip_bottom": [
            456,
            1227
        ],
        "kp_upper_lip_top": [
            451,
            1153
        ],
        "features": [
            -0.52331,
            0.320774,
            5.337967,
            -3.022298,
            5.22154,
            1.723704,
            -3.657921,
            4.996347,
            -1.311952,
            5.325746,
            -6.891608,
            -5.074489,
            -3.172086,
            3.472665,
            3.273338,
            -11.964537,
            -6.919802,
            3.682984,
            -1.047159,
            -0.335206,
            1.274724,
            0.646911,
            -9.721085,
            -8.271626,
            3.259564,
            1.589129,
            1.815435,
            -3.179384,
            4.248731,
            3.112493,
            -0.327372,
            2.295571,
            -3.467365,
            -2.097617,
            1.368964,
            1.067238,
            1.754292,
            0.808061,
            4.464594,
            6.488731,
            -2.894898,
            -9.228835,
            -7.074557,
            4.339921,
            5.525887,
            4.261674,
            1.376848,
            3.231097,
            -5.001659,
            -5.682,
            4.124562,
            -2.905757,
            1.362193,
            -0.493771,
            -1.737718,
            5.993292,
            -5.559234,
            1.121964,
            -0.646489,
            0.48246
        ]
    },
    "image_size": [
        870,
        1918
    ],
    "process_time_in_milliseconds": 765
}
