{
    "props": {
        "face_rect": [
            121,
            762,
            589,
            589
        ],
        "kp_eye_left_inner": [
            341,
            910
        ],
        "kp_eye_left_outer": [
            243,
            910
        ],
        "kp_eye_right_inner": [
            478,
            910
        ],
        "kp_eye_right_outer": [
            581,
            900
        ],
        "kp_mouth_left": [
            522,
            1151
        ],
        "kp_mouth_right": [
            326,
            1160
        ],
        "kp_nose_tip": [
            414,
            1028
        ],
        "kp_under_lip_bottom": [
            429,
            1195
        ],
        "kp_upper_lip_top": [
            424,
            1136
        ],
        "features": [
            5.610477,
            7.087991,
            -1.491022,
            4.986906,
            -0.115429,
            6.90319,
            0.200288,
            1.258471,
            5.286084,
            -7.7768,
            0.285507,
            -3.160411,
            1.786914,
            -4.246096,
            8.60375,
            -5.466975,
            0.63917,
            -0.293583,
            1.658233,
            1.046482,
            3.331639,
            3.96025,
            1.400252,
            5.034463,
            -5.142418,
            1.219608,
            -6.905877,
            -1.140061,
            6.806934,
            -8.599689,
            0.099992,
            -4.446208,
            -1.814676,
            4.413441,
            -3.263333,
            -0.03842,
            0.130367,
            3.038267,
            0.174925,
            -1.730098,
            -2.069991,
            -2.790782,
            7.008618,
            0.361474,
            5.55752,
            -7.280931,
            -4.788131,
            -0.574094,
            6.498611,
            0.201734,
            0.01575,
            6.755433,
            -4.22191,
            2.844845,
            1.800008,
            -4.831241,
            -2.041638,
            3.822049,
            -1.363581,
            3.787426
        ]
    },
    "image_size": [
        870,
        1918
    ],
    "process_time_in_milliseconds": 781
}
