{
    "props": {
        "face_rect": [
            302,
            632,
            533,
            533
        ],
        "kp_eye_left_inner": [
            499,
            762
        ],
        "kp_eye_left_outer": [
            390,
            753
        ],
        "kp_eye_right_inner": [
            627,
            772
        ],
        "kp_eye_right_outer": [
            701,
            777
        ],
        "kp_mouth_left": [
            652,
            1009
        ],
        "kp_mouth_right": [
            464,
            1004
        ],
        "kp_nose_tip": [
            603,
            851
        ],
        "kp_under_lip_bottom": [
            573,
            1034
        ],
        "kp_upper_lip_top": [
            588,
            970
        ],
        "features": [
            3.193206,
            5.832995,
            7.036431,
            -6.023038,
            5.333673,
            -0.320868,
            -6.402133,
            0.631202,
            1.40724,
            4.923023,
            -7.687045,
            -7.315042,
            -2.812138,
            7.465417,
            4.725921,
            -10.162988,
            -6.414388,
            3.715685,
            4.705262,
            1.528704,
            -2.372895,
            2.205307,
            -10.251703,
            -8.745253,
            7.220201,
            2.987579,
            -0.396369,
            -0.204513,
            6.959435,
            3.542393,
            -1.011892,
            2.96689,
            -1.034237,
            -1.775307,
            -1.505972,
            3.876696,
            3.346278,
            3.51775,
            -0.208285,
            4.050455,
            -0.449819,
            -5.074009,
            -9.944376,
            2.597811,
            5.303214,
            10.333909,
            4.203036,
            3.472473,
            -6.977547,
            -4.540301,
            5.255104,
            -1.634681,
            0.620902,
            -0.156172,
            -0.195937,
            3.410704,
            -2.462527,
            -1.704507,
            -1.940795,
            2.640714
        ]
    },
    "image_size": [
        870,
        1918
    ],
    "process_time_in_milliseconds": 732
}
