{
    "props": {
        "face_rect": [
            257,
            589,
            385,
            385
        ],
        "kp_eye_left_inner": [
            388,
            673
        ],
        "kp_eye_left_outer": [
            302,
            682
        ],
        "kp_eye_right_inner": [
            520,
            669
        ],
        "kp_eye_right_outer": [
            588,
            673
        ],
        "kp_mouth_left": [
            556,
            841
        ],
        "kp_mouth_right": [
            356,
            836
        ],
        "kp_nose_tip": [
            452,
            664
        ],
        "kp_under_lip_bottom": [
            452,
            836
        ],
        "kp_upper_lip_top": [
            452,
            777
        ],
        "features": [
            2.869834,
            5.147258,
            6.114919,
            -1.615949,
            3.643742,
            0.840045,
            -3.530839,
            1.180347,
            2.147399,
            6.370335,
            -10.388173,
            -5.487293,
            -2.08589,
            3.815083,
            3.522687,
            -9.225772,
            -5.272391,
            3.11582,
            4.298419,
            1.308997,
            -3.653211,
            4.391935,
            -8.59043,
            -7.355518,
            4.998012,
            5.540651,
            1.63979,
            -1.169435,
            6.836522,
            -1.001505,
            1.941755,
            3.666335,
            1.212923,
            0.665117,
            -2.703738,
            1.281884,
            2.089382,
            5.778123,
            -3.103457,
            5.545326,
            2.185637,
            -0.298472,
            -5.782846,
            0.252236,
            6.347517,
            7.513365,
            3.088509,
            0.851003,
            -3.974726,
            -3.409733,
            4.245005,
            -4.289774,
            0.012974,
            0.078388,
            -4.110351,
            2.317629,
            -0.80091,
            0.72375,
            1.088314,
            5.322277
        ]
    },
    "image_size": [
        870,
        1918
    ],
    "process_time_in_milliseconds": 721
}
