{
    "props": {
        "face_rect": [
            309,
            769,
            565,
            565
        ],
        "kp_eye_left_inner": [
            543,
            897
        ],
        "kp_eye_left_outer": [
            426,
            882
        ],
        "kp_eye_right_inner": [
            679,
            927
        ],
        "kp_eye_right_outer": [
            735,
            932
        ],
        "kp_mouth_left": [
            674,
            1150
        ],
        "kp_mouth_right": [
            492,
            1150
        ],
        "kp_nose_tip": [
            639,
            1023
        ],
        "kp_under_lip_bottom": [
            598,
            1190
        ],
        "kp_upper_lip_top": [
            608,
            1130
        ],
        "features": [
            7.471393,
            7.694089,
            -2.350542,
            3.709203,
            -0.315189,
            8.312604,
            0.988519,
            -0.932814,
            5.270599,
            -5.952168,
            -1.807821,
            -1.114995,
            1.785571,
            -4.724061,
            6.418561,
            -1.096607,
            -0.072539,
            -1.525436,
            2.828124,
            2.461885,
            2.910708,
            0.665004,
            0.976386,
            7.322206,
            -4.399275,
            -1.359097,
            -5.161378,
            -0.780601,
            5.921793,
            -7.626651,
            0.275879,
            -4.592449,
            -1.364438,
            3.796848,
            -1.659916,
            -0.041772,
            0.859412,
            2.757612,
            -0.493316,
            -0.304942,
            1.481998,
            -2.334342,
            7.471055,
            0.649106,
            3.951926,
            -4.58269,
            -3.559634,
            -0.956509,
            5.109338,
            -0.224275,
            -0.372391,
            5.626078,
            -4.83756,
            2.240289,
            -0.238442,
            -3.962468,
            -2.432426,
            2.741875,
            -3.21261,
            5.554008
        ]
    },
    "image_size": [
        870,
        1918
    ],
    "process_time_in_milliseconds": 791
}
