{
    "props": {
        "face_rect": [
            215,
            598,
            461,
            461
        ],
        "kp_eye_left_inner": [
            386,
            724
        ],
        "kp_eye_left_outer": [
            289,
            733
        ],
        "kp_eye_right_inner": [
            503,
            719
        ],
        "kp_eye_right_outer": [
            595,
            724
        ],
        "kp_mouth_left": [
            546,
            928
        ],
        "kp_mouth_right": [
            347,
            937
        ],
        "kp_nose_tip": [
            449,
            758
        ],
        "kp_under_lip_bottom": [
            449,
            947
        ],
        "kp_upper_lip_top": [
            454,
            874
        ],
        "features": [
            2.003706,
            4.620778,
            7.696233,
            -7.002866,
            3.141909,
            0.548901,
            -5.207424,
            0.917313,
            2.834858,
            5.741142,
            -8.587293,
            -6.693842,
            -2.916193,
            6.059096,
            7.053986,
            -10.72516,
            -6.143069,
            2.090534,
            7.011773,
            -0.126788,
            -4.82304,
            4.551555,
            -8.828939,
            -7.943393,
            8.600518,
            3.346039,
            -0.04211,
            0.088321,
            8.3578,
            1.848319,
            0.427875,
            2.213722,
            -2.7092,
            -1.838137,
            -3.565382,
            3.079054,
            2.140548,
            5.852887,
            -1.883291,
            5.001187,
            -2.139322,
            -5.276521,
            -6.438357,
            1.370843,
            5.530306,
            8.820123,
            5.055083,
            2.565146,
            -7.760267,
            -3.448122,
            5.051959,
            -2.648881,
            -0.346528,
            0.626252,
            -1.230281,
            2.35986,
            -1.436322,
            -0.543599,
            -2.084142,
            2.756552
        ]
    },
    "image_size": [
        870,
        1918
    ],
    "process_time_in_milliseconds": 795
}
