{
    "props": {
        "face_rect": [
            321,
            767,
            577,
            577
        ],
        "kp_eye_left_inner": [
            553,
            896
        ],
        "kp_eye_left_outer": [
            435,
            885
        ],
        "kp_eye_right_inner": [
            698,
            935
        ],
        "kp_eye_right_outer": [
            749,
            935
        ],
        "kp_mouth_left": [
            682,
            1148
        ],
        "kp_mouth_right": [
            508,
            1148
        ],
        "kp_nose_tip": [
            648,
            1025
        ],
        "kp_under_lip_bottom": [
            609,
            1188
        ],
        "kp_upper_lip_top": [
            614,
            1137
        ],
        "features": [
            7.520146,
            9.355634,
            -2.256824,
            2.022549,
            0.118386,
            8.514256,
            0.697246,
            -1.415083,
            4.689516,
            -5.728088,
            -2.49163,
            -0.540261,
            1.974535,
            -3.606751,
            6.909147,
            -0.275289,
            -1.161904,
            -1.834189,
            3.430335,
            2.525119,
            4.385261,
            -0.572072,
            -0.514026,
            7.709275,
            -3.405747,
            -0.737963,
            -4.537793,
            -1.27277,
            5.422269,
            -6.728843,
            0.789537,
            -3.927229,
            -0.97898,
            4.247216,
            -1.340809,
            0.746331,
            0.590452,
            2.357389,
            0.547979,
            0.114581,
            2.572384,
            -2.926143,
            6.813121,
            -0.025107,
            3.414322,
            -3.48741,
            -3.698342,
            -0.087769,
            4.403234,
            -0.438343,
            -0.214234,
            5.959057,
            -3.904263,
            2.426537,
            -1.435083,
            -4.110139,
            -4.059539,
            3.09049,
            -2.678065,
            6.322937
        ]
    },
    "image_size": [
        870,
        1918
    ],
    "process_time_in_milliseconds": 800
}
