{
    "props": {
        "face_rect": [
            126,
            704,
            625,
            625
        ],
        "kp_eye_left_inner": [
            375,
            862
        ],
        "kp_eye_left_outer": [
            257,
            857
        ],
        "kp_eye_right_inner": [
            508,
            857
        ],
        "kp_eye_right_outer": [
            611,
            837
        ],
        "kp_mouth_left": [
            547,
            1117
        ],
        "kp_mouth_right": [
            341,
            1127
        ],
        "kp_nose_tip": [
            439,
            1004
        ],
        "kp_under_lip_bottom": [
            449,
            1166
        ],
        "kp_upper_lip_top": [
            444,
            1098
        ],
        "features": [
            0.337314,
            0.756106,
            6.386188,
            -5.000841,
            5.545872,
            1.011691,
            -4.744794,
            5.08661,
            -3.495092,
            8.446318,
            -7.766297,
            -6.40123,
            -3.900682,
            5.936208,
            2.853344,
            -11.29647,
            -5.737445,
            4.171432,
            1.122818,
            -0.191073,
            0.102453,
            1.202307,
            -10.851567,
            -8.909354,
            4.837809,
            2.225355,
            1.343527,
            -1.940501,
            5.270175,
            2.272811,
            0.518944,
            3.129693,
            -3.28041,
            -2.654786,
            -0.01882,
            0.639398,
            2.274823,
            2.280364,
            2.282885,
            5.825736,
            -3.709194,
            -7.012977,
            -7.930937,
            4.202877,
            5.06562,
            4.975973,
            2.899648,
            2.286104,
            -6.799269,
            -4.161659,
            5.485415,
            -3.840095,
            1.904837,
            -1.702077,
            -2.04841,
            4.951873,
            -3.796542,
            0.477036,
            -1.833142,
            0.855657
        ]
    },
    "image_size": [
        870,
        1918
    ],
    "process_time_in_milliseconds": 751
}
