{
    "props": {
        "face_rect": [
            156,
            655,
            559,
            559
        ],
        "kp_eye_left_inner": [
            371,
            795
        ],
        "kp_eye_left_outer": [
            270,
            799
        ],
        "kp_eye_right_inner": [
            500,
            790
        ],
        "kp_eye_right_outer": [
            606,
            785
        ],
        "kp_mouth_left": [
            541,
            1038
        ],
        "kp_mouth_right": [
            339,
            1047
        ],
        "kp_nose_tip": [
            436,
            896
        ],
        "kp_under_lip_bottom": [
            440,
            1075
        ],
        "kp_upper_lip_top": [
            436,
            1006
        ],
        "features": [
            2.197764,
            4.109431,
            6.33325,
            -5.082527,
            4.304818,
            1.178195,
            -5.30874,
            1.959351,
            -0.59037,
            5.387024,
            -7.414296,
            -8.479998,
            -3.377365,
            7.795173,
            5.111948,
            -11.245023,
            -5.71464,
            4.332392,
            4.037674,
            0.445342,
            -1.878064,
            2.869804,
            -10.756024,
            -8.42802,
            5.822171,
            1.907563,
            -0.640422,
            -0.526434,
            7.351189,
            2.067342,
            0.14681,
            2.851523,
            -2.748908,
            -3.026997,
            -1.599866,
            3.61062,
            2.574383,
            3.342308,
            -0.562254,
            2.941875,
            -2.55787,
            -5.671829,
            -9.505354,
            2.821456,
            5.25468,
            7.792205,
            4.560669,
            3.805899,
            -7.419516,
            -3.930342,
            6.183687,
            -1.095838,
            1.299006,
            -1.116866,
            0.547806,
            3.292708,
            -3.886324,
            1.052347,
            -1.767352,
            2.363136
        ]
    },
    "image_size": [
        870,
        1918
    ],
    "process_time_in_milliseconds": 742
}
