{
    "props": {
        "face_rect": [
            122,
            765,
            592,
            592
        ],
        "kp_eye_left_inner": [
            346,
            914
        ],
        "kp_eye_left_outer": [
            242,
            914
        ],
        "kp_eye_right_inner": [
            483,
            914
        ],
        "kp_eye_right_outer": [
            587,
            904
        ],
        "kp_mouth_left": [
            523,
            1155
        ],
        "kp_mouth_right": [
            326,
            1165
        ],
        "kp_nose_tip": [
            414,
            1037
        ],
        "kp_under_lip_bottom": [
            434,
            1199
        ],
        "kp_upper_lip_top": [
            424,
            1140
        ],
        "features": [
            4.969357,
            7.127682,
            -1.030595,
            5.089959,
            -0.296832,
            7.465117,
            0.330797,
            0.774456,
            4.902336,
            -7.333669,
            -0.138249,
            -2.700956,
            1.874026,
            -4.446617,
            8.18476,
            -4.301221,
            0.147454,
            -0.048168,
            2.842154,
            1.305097,
            3.511706,
            3.796403,
            0.954678,
            5.129014,
            -5.183774,
            0.494271,
            -5.730264,
            -1.071175,
            7.124661,
            -8.456202,
            0.188288,
            -4.359604,
            -1.12282,
            4.528002,
            -3.246586,
            -0.589071,
            -0.058433,
            3.495152,
            0.269022,
            -1.110952,
            -0.879589,
            -2.643124,
            7.335129,
            0.124129,
            5.943726,
            -7.054081,
            -4.649534,
            -0.643837,
            6.238564,
            0.326539,
            -0.270775,
            6.421767,
            -4.606975,
            3.09397,
            1.547927,
            -4.987856,
            -1.911965,
            3.668252,
            -1.300492,
            3.019573
        ]
    },
    "image_size": [
        870,
        1918
    ],
    "process_time_in_milliseconds": 743
}
