{
    "props": {
        "face_rect": [
            94,
            749,
            585,
            585
        ],
        "kp_eye_left_inner": [
            322,
            895
        ],
        "kp_eye_left_outer": [
            217,
            905
        ],
        "kp_eye_right_inner": [
            457,
            890
        ],
        "kp_eye_right_outer": [
            562,
            880
        ],
        "kp_mouth_left": [
            502,
            1135
        ],
        "kp_mouth_right": [
            302,
            1145
        ],
        "kp_nose_tip": [
            372,
            1015
        ],
        "kp_under_lip_bottom": [
            397,
            1180
        ],
        "kp_upper_lip_top": [
            387,
            1120
        ],
        "features": [
            5.612839,
            7.185879,
            -1.714012,
            4.143811,
            0.364944,
            7.650435,
            2.036093,
            0.187027,
            3.564364,
            -7.857915,
            0.329623,
            -3.034866,
            1.914135,
            -4.217869,
            8.120786,
            -4.000181,
            0.396458,
            -0.728069,
            3.021873,
            2.107165,
            4.231019,
            3.179155,
            0.258142,
            5.886652,
            -4.954653,
            0.597234,
            -6.568905,
            -1.469677,
            5.997504,
            -7.892233,
            -0.098316,
            -4.676421,
            -0.753958,
            4.866155,
            -2.575402,
            -0.002714,
            0.342574,
            2.761391,
            0.020573,
            -1.903119,
            -1.101118,
            -2.532283,
            7.813158,
            -0.643115,
            4.759696,
            -6.400186,
            -5.577184,
            0.486867,
            6.516438,
            0.108883,
            -1.30614,
            6.71824,
            -3.274071,
            3.399274,
            1.878226,
            -4.966951,
            -3.235976,
            3.687289,
            -1.349002,
            4.276531
        ]
    },
    "image_size": [
        870,
        1918
    ],
    "process_time_in_milliseconds": 782
}
