{
    "props": {
        "face_rect": [
            117,
            780,
            601,
            601
        ],
        "kp_eye_left_inner": [
            348,
            932
        ],
        "kp_eye_left_outer": [
            237,
            932
        ],
        "kp_eye_right_inner": [
            480,
            932
        ],
        "kp_eye_right_outer": [
            586,
            916
        ],
        "kp_mouth_left": [
            520,
            1174
        ],
        "kp_mouth_right": [
            328,
            1184
        ],
        "kp_nose_tip": [
            419,
            1058
        ],
        "kp_under_lip_bottom": [
            429,
            1220
        ],
        "kp_upper_lip_top": [
            424,
            1159
        ],
        "features": [
            5.529366,
            7.336415,
            -0.630562,
            4.572675,
            0.110888,
            7.402502,
            0.783657,
            0.654019,
            5.441452,
            -6.948421,
            0.62968,
            -1.740225,
            2.213744,
            -4.867159,
            8.659345,
            -4.627831,
            0.877645,
            -0.728948,
            2.669864,
            2.516848,
            3.906619,
            2.960325,
            -0.054167,
            6.036812,
            -5.553533,
            0.555656,
            -6.466007,
            -0.866426,
            6.367098,
            -8.687854,
            0.203795,
            -4.212305,
            -1.116417,
            5.005503,
            -2.925304,
            -0.490905,
            0.348093,
            3.970102,
            0.013254,
            -0.833971,
            -1.165509,
            -3.090995,
            7.924552,
            -1.089471,
            4.956023,
            -7.989851,
            -4.591572,
            -1.118866,
            6.542793,
            0.471533,
            -0.532197,
            6.157027,
            -4.674988,
            2.581918,
            1.435332,
            -4.295132,
            -2.780153,
            4.386226,
            -1.239601,
            3.317708
        ]
    },
    "image_size": [
        870,
        1918
    ],
    "process_time_in_milliseconds": 804
}
