{
    "props": {
        "face_rect": [
            138,
            633,
            542,
            542
        ],
        "kp_eye_left_inner": [
            347,
            768
        ],
        "kp_eye_left_outer": [
            252,
            772
        ],
        "kp_eye_right_inner": [
            477,
            763
        ],
        "kp_eye_right_outer": [
            576,
            759
        ],
        "kp_mouth_left": [
            509,
            1011
        ],
        "kp_mouth_right": [
            315,
            1015
        ],
        "kp_nose_tip": [
            401,
            858
        ],
        "kp_under_lip_bottom": [
            410,
            1047
        ],
        "kp_upper_lip_top": [
            414,
            975
        ],
        "features": [
            2.153929,
            4.21167,
            6.721852,
            -5.472146,
            4.626201,
            1.541994,
            -5.124899,
            2.375036,
            -0.20421,
            5.497203,
            -8.448372,
            -8.769606,
            -4.200488,
            7.26383,
            5.287817,
            -11.700078,
            -5.86711,
            4.385696,
            4.161459,
            -1.120432,
            -2.350632,
            3.022967,
            -9.915019,
            -7.329719,
            6.706878,
            2.895119,
            -1.558567,
            -0.346843,
            6.608607,
            1.607218,
            -0.520648,
            3.491288,
            -2.214118,
            -3.451149,
            -2.268708,
            3.757019,
            3.068874,
            4.042865,
            -1.113746,
            3.379978,
            -2.623806,
            -6.338029,
            -9.067837,
            2.788751,
            4.927539,
            8.515656,
            4.549403,
            4.436656,
            -7.619466,
            -3.559791,
            5.420767,
            -1.42033,
            1.760821,
            -0.24431,
            0.95979,
            2.656021,
            -4.232597,
            1.393547,
            -2.223492,
            2.398464
        ]
    },
    "image_size": [
        870,
        1918
    ],
    "process_time_in_milliseconds": 727
}
