{
    "props": {
        "face_rect": [
            134,
            757,
            561,
            561
        ],
        "kp_eye_left_inner": [
            345,
            894
        ],
        "kp_eye_left_outer": [
            243,
            899
        ],
        "kp_eye_right_inner": [
            481,
            899
        ],
        "kp_eye_right_outer": [
            583,
            894
        ],
        "kp_mouth_left": [
            524,
            1137
        ],
        "kp_mouth_right": [
            325,
            1142
        ],
        "kp_nose_tip": [
            413,
            1006
        ],
        "kp_under_lip_bottom": [
            427,
            1171
        ],
        "kp_upper_lip_top": [
            418,
            1113
        ],
        "features": [
            4.656001,
            6.696669,
            -1.57536,
            5.293311,
            -0.096532,
            6.887211,
            -0.25234,
            1.273618,
            4.128325,
            -7.869199,
            0.89829,
            -3.077125,
            2.109654,
            -4.710387,
            8.79482,
            -4.576274,
            0.060195,
            -0.437067,
            2.132948,
            0.669393,
            3.757384,
            2.91093,
            1.373002,
            4.728298,
            -5.493129,
            0.603886,
            -5.629391,
            -1.148434,
            6.987171,
            -8.025269,
            0.062865,
            -3.586895,
            -1.485301,
            4.723705,
            -3.517465,
            -0.010159,
            -0.988567,
            3.71095,
            0.430428,
            -1.723388,
            -1.014567,
            -2.700504,
            6.965519,
            -0.386358,
            5.579352,
            -6.879158,
            -4.801224,
            -0.020884,
            6.129053,
            0.285665,
            -0.300117,
            6.685548,
            -4.940211,
            3.22064,
            1.061927,
            -4.963078,
            -1.556554,
            2.901916,
            -1.169601,
            4.37244
        ]
    },
    "image_size": [
        870,
        1918
    ],
    "process_time_in_milliseconds": 741
}
