{
    "props": {
        "face_rect": [
            309,
            768,
            573,
            573
        ],
        "kp_eye_left_inner": [
            538,
            899
        ],
        "kp_eye_left_outer": [
            420,
            883
        ],
        "kp_eye_right_inner": [
            682,
            931
        ],
        "kp_eye_right_outer": [
            731,
            931
        ],
        "kp_mouth_left": [
            672,
            1151
        ],
        "kp_mouth_right": [
            495,
            1146
        ],
        "kp_nose_tip": [
            640,
            1022
        ],
        "kp_under_lip_bottom": [
            591,
            1194
        ],
        "kp_upper_lip_top": [
            607,
            1135
        ],
        "features": [
            6.455139,
            7.348019,
            -2.558478,
            4.11232,
            -0.53236,
            8.607208,
            2.404647,
            -0.530367,
            5.387975,
            -7.38856,
            -0.763351,
            -1.557703,
            1.718823,
            -4.637056,
            6.034408,
            -0.969995,
            -1.044449,
            -2.072515,
            2.252256,
            2.742299,
            3.85743,
            -0.228406,
            -0.97213,
            6.967881,
            -4.503766,
            -1.52596,
            -4.679301,
            -0.531142,
            6.051687,
            -7.760653,
            0.957889,
            -4.546862,
            -1.228855,
            3.370914,
            -0.395531,
            0.615234,
            0.448247,
            2.370965,
            -0.198432,
            -0.985297,
            1.404542,
            -2.59293,
            6.466442,
            0.059902,
            3.834144,
            -5.786036,
            -3.742948,
            -0.761235,
            5.034399,
            -0.47718,
            -0.755716,
            5.437775,
            -3.333606,
            2.014099,
            -0.681312,
            -3.932024,
            -3.307201,
            2.617086,
            -3.065538,
            5.321909
        ]
    },
    "image_size": [
        870,
        1918
    ],
    "process_time_in_milliseconds": 752
}
