{
    "props": {
        "face_rect": [
            -10,
            751,
            570,
            570
        ],
        "kp_eye_left_inner": [
            209,
            897
        ],
        "kp_eye_left_outer": [
            149,
            907
        ],
        "kp_eye_right_inner": [
            340,
            892
        ],
        "kp_eye_right_outer": [
            461,
            887
        ],
        "kp_mouth_left": [
            380,
            1139
        ],
        "kp_mouth_right": [
            194,
            1139
        ],
        "kp_nose_tip": [
            234,
            993
        ],
        "kp_under_lip_bottom": [
            265,
            1174
        ],
        "kp_upper_lip_top": [
            249,
            1119
        ],
        "features": [
            8.1198,
            10.372703,
            -1.100037,
            4.673059,
            3.431654,
            5.610235,
            0.106525,
            -0.375796,
            2.718135,
            -4.851563,
            -4.003741,
            -0.531523,
            3.986607,
            0.741482,
            5.191311,
            -3.279515,
            -0.392206,
            -1.567593,
            3.703238,
            2.064188,
            4.186642,
            1.336795,
            -2.259818,
            5.536794,
            -3.930893,
            0.462847,
            -2.616981,
            -0.759677,
            4.616902,
            -5.487846,
            -1.358255,
            -0.394928,
            2.214634,
            4.244715,
            -1.17707,
            -1.190836,
            -0.78557,
            0.120034,
            1.32976,
            0.41896,
            4.533117,
            -3.060384,
            6.184885,
            -0.963415,
            3.001319,
            -3.158216,
            -5.515063,
            -1.774163,
            3.712371,
            1.210916,
            -0.431933,
            6.637291,
            -3.235869,
            2.614834,
            0.255959,
            -4.371351,
            -3.852727,
            2.415205,
            -2.501874,
            5.679768
        ]
    },
    "image_size": [
        870,
        1918
    ],
    "process_time_in_milliseconds": 778
}
