{
    "props": {
        "face_rect": [
            90,
            750,
            626,
            626
        ],
        "kp_eye_left_inner": [
            339,
            921
        ],
        "kp_eye_left_outer": [
            236,
            916
        ],
        "kp_eye_right_inner": [
            481,
            911
        ],
        "kp_eye_right_outer": [
            579,
            891
        ],
        "kp_mouth_left": [
            525,
            1170
        ],
        "kp_mouth_right": [
            319,
            1180
        ],
        "kp_nose_tip": [
            412,
            1082
        ],
        "kp_under_lip_bottom": [
            427,
            1234
        ],
        "kp_upper_lip_top": [
            422,
            1165
        ],
        "features": [
            -0.773562,
            -0.292098,
            6.266956,
            -3.118261,
            3.643273,
            2.354765,
            -1.827806,
            4.263578,
            -0.792754,
            4.150326,
            -5.360074,
            -6.090001,
            -1.818678,
            4.182738,
            4.019011,
            -10.948504,
            -7.539919,
            3.064507,
            0.050822,
            1.364762,
            0.463728,
            0.736434,
            -11.36865,
            -6.106525,
            3.147201,
            1.272149,
            0.346027,
            -3.711317,
            5.027456,
            2.798999,
            -0.809622,
            1.203133,
            -3.055573,
            -2.492647,
            1.98175,
            1.924384,
            2.568298,
            1.780723,
            3.298624,
            5.996696,
            -3.472247,
            -8.567927,
            -5.683367,
            3.829274,
            7.307433,
            4.160128,
            2.669687,
            3.642559,
            -4.918069,
            -5.054191,
            2.796565,
            -1.60108,
            2.025061,
            -0.979357,
            -1.29514,
            4.958405,
            -5.936499,
            2.211866,
            -0.311224,
            0.674974
        ]
    },
    "image_size": [
        870,
        1918
    ],
    "process_time_in_milliseconds": 770
}
