{
    "props": {
        "face_rect": [
            42,
            753,
            563,
            563
        ],
        "kp_eye_left_inner": [
            266,
            902
        ],
        "kp_eye_left_outer": [
            182,
            898
        ],
        "kp_eye_right_inner": [
            399,
            888
        ],
        "kp_eye_right_outer": [
            507,
            878
        ],
        "kp_mouth_left": [
            438,
            1134
        ],
        "kp_mouth_right": [
            241,
            1139
        ],
        "kp_nose_tip": [
            281,
            1001
        ],
        "kp_under_lip_bottom": [
            325,
            1173
        ],
        "kp_upper_lip_top": [
            310,
            1109
        ],
        "features": [
            6.900947,
            8.348803,
            -2.014272,
            4.684277,
            0.890669,
            7.227172,
            1.881626,
            0.485182,
            2.624519,
            -7.734682,
            -2.054276,
            -2.591085,
            2.07944,
            -2.247706,
            7.84435,
            -2.681856,
            1.274888,
            -0.355242,
            3.974826,
            1.725658,
            3.683023,
            2.653765,
            0.233886,
            6.657069,
            -4.98873,
            -1.057973,
            -5.644461,
            -1.589923,
            6.247026,
            -7.17479,
            -0.7183,
            -3.814135,
            -0.208467,
            5.031729,
            -2.79893,
            -0.07988,
            0.454331,
            2.569003,
            -0.919856,
            -2.331064,
            1.961199,
            -1.411764,
            7.617038,
            -0.46189,
            4.002092,
            -4.672254,
            -5.362315,
            0.732635,
            5.397085,
            0.18938,
            -1.077984,
            7.0126,
            -3.445837,
            3.005566,
            1.955731,
            -5.345069,
            -2.175605,
            3.359119,
            -2.863955,
            5.608908
        ]
    },
    "image_size": [
        870,
        1918
    ],
    "process_time_in_milliseconds": 1069
}
