{
    "props": {
        "face_rect": [
            152,
            759,
            576,
            576
        ],
        "kp_eye_left_inner": [
            372,
            900
        ],
        "kp_eye_left_outer": [
            268,
            895
        ],
        "kp_eye_right_inner": [
            511,
            900
        ],
        "kp_eye_right_outer": [
            620,
            895
        ],
        "kp_mouth_left": [
            550,
            1143
        ],
        "kp_mouth_right": [
            347,
            1143
        ],
        "kp_nose_tip": [
            437,
            1019
        ],
        "kp_under_lip_bottom": [
            451,
            1187
        ],
        "kp_upper_lip_top": [
            442,
            1123
        ],
        "features": [
            5.353045,
            6.354797,
            -2.809833,
            3.797329,
            -0.50054,
            7.81825,
            0.811044,
            -0.324357,
            4.757821,
            -7.377954,
            0.213069,
            -2.495469,
            1.385901,
            -4.751052,
            8.972713,
            -3.970004,
            0.040736,
            -0.697512,
            3.007963,
            1.880133,
            4.338686,
            3.476303,
            1.824633,
            6.286476,
            -4.148269,
            0.427076,
            -5.810031,
            -1.267738,
            6.768214,
            -8.13556,
            1.167203,
            -5.648609,
            -1.867782,
            4.378953,
            -2.938534,
            0.180401,
            -0.148822,
            3.200763,
            -0.296521,
            -1.324168,
            -1.896905,
            -2.205796,
            8.535554,
            0.204257,
            5.825041,
            -7.30389,
            -4.539606,
            0.527899,
            6.304078,
            0.700595,
            -0.768375,
            6.92227,
            -4.738826,
            3.094626,
            1.462635,
            -4.752435,
            -2.880308,
            3.467174,
            -1.197489,
            4.171187
        ]
    },
    "image_size": [
        870,
        1918
    ],
    "process_time_in_milliseconds": 818
}
