{
    "props": {
        "face_rect": [
            146,
            750,
            597,
            597
        ],
        "kp_eye_left_inner": [
            373,
            903
        ],
        "kp_eye_left_outer": [
            264,
            903
        ],
        "kp_eye_right_inner": [
            505,
            903
        ],
        "kp_eye_right_outer": [
            604,
            888
        ],
        "kp_mouth_left": [
            555,
            1139
        ],
        "kp_mouth_right": [
            353,
            1154
        ],
        "kp_nose_tip": [
            446,
            1026
        ],
        "kp_under_lip_bottom": [
            461,
            1188
        ],
        "kp_upper_lip_top": [
            451,
            1124
        ],
        "features": [
            5.076329,
            6.415824,
            -2.154673,
            3.890987,
            -0.898188,
            7.089726,
            0.980689,
            -0.020447,
            4.594375,
            -6.411444,
            0.162478,
            -3.22184,
            1.761642,
            -4.857035,
            8.443231,
            -4.156749,
            -0.065333,
            0.058154,
            4.260306,
            2.455074,
            3.831597,
            2.306898,
            0.137039,
            5.833028,
            -4.516109,
            -0.100314,
            -6.319925,
            -2.161639,
            6.406273,
            -7.3713,
            0.339561,
            -4.850533,
            -1.916973,
            4.351409,
            -2.358032,
            0.641116,
            0.674097,
            3.25047,
            0.873855,
            -0.903048,
            -1.064816,
            -4.101339,
            8.632808,
            -0.515032,
            6.321696,
            -7.429831,
            -4.937361,
            1.080424,
            6.025795,
            1.157815,
            -0.916983,
            6.243666,
            -4.761429,
            3.477134,
            1.774097,
            -4.818979,
            -2.73609,
            3.555663,
            -1.587875,
            3.860811
        ]
    },
    "image_size": [
        870,
        1918
    ],
    "process_time_in_milliseconds": 880
}
