{
    "props": {
        "face_rect": [
            131,
            894,
            558,
            558
        ],
        "kp_eye_left_inner": [
            353,
            1047
        ],
        "kp_eye_left_outer": [
            247,
            1034
        ],
        "kp_eye_right_inner": [
            494,
            1047
        ],
        "kp_eye_right_outer": [
            591,
            1034
        ],
        "kp_mouth_left": [
            521,
            1277
        ],
        "kp_mouth_right": [
            335,
            1281
        ],
        "kp_nose_tip": [
            424,
            1233
        ],
        "kp_under_lip_bottom": [
            428,
            1321
        ],
        "kp_upper_lip_top": [
            432,
            1290
        ],
        "features": [
            2.993184,
            4.378338,
            -1.082843,
            4.628813,
            -1.430099,
            5.292472,
            -3.321967,
            1.103362,
            4.86641,
            -5.337828,
            -2.97138,
            -2.25162,
            0.945816,
            -6.285567,
            8.134012,
            -1.851404,
            -3.092951,
            -3.773976,
            2.817924,
            0.36547,
            5.350523,
            -0.083275,
            -0.234167,
            7.508367,
            -1.346639,
            -1.636156,
            -2.944738,
            -2.458211,
            5.885425,
            -6.156227,
            3.638174,
            -3.628141,
            -3.467571,
            5.122569,
            -3.398281,
            1.788559,
            -0.626694,
            2.550354,
            3.53934,
            2.157704,
            -0.052168,
            -5.473526,
            8.001106,
            2.117476,
            7.675589,
            -7.340213,
            -4.312448,
            1.216863,
            2.965717,
            3.679658,
            0.628136,
            5.713647,
            -5.41711,
            0.709044,
            -1.930498,
            -3.540991,
            -3.629013,
            2.198015,
            -0.77498,
            3.389526
        ]
    },
    "image_size": [
        870,
        1918
    ],
    "process_time_in_milliseconds": 795
}
