{
    "props": {
        "face_rect": [
            144,
            750,
            595,
            595
        ],
        "kp_eye_left_inner": [
            367,
            900
        ],
        "kp_eye_left_outer": [
            268,
            900
        ],
        "kp_eye_right_inner": [
            505,
            900
        ],
        "kp_eye_right_outer": [
            604,
            885
        ],
        "kp_mouth_left": [
            555,
            1142
        ],
        "kp_mouth_right": [
            357,
            1152
        ],
        "kp_nose_tip": [
            441,
            1028
        ],
        "kp_under_lip_bottom": [
            456,
            1186
        ],
        "kp_upper_lip_top": [
            446,
            1127
        ],
        "features": [
            5.232793,
            6.354516,
            -2.117379,
            4.316483,
            -0.434027,
            6.842933,
            0.528355,
            0.735617,
            4.597138,
            -6.01743,
            -0.250815,
            -2.599263,
            1.766124,
            -5.011942,
            8.712469,
            -4.576414,
            0.9888,
            0.203364,
            3.667557,
            2.215883,
            3.956648,
            2.47029,
            0.452088,
            5.750847,
            -4.758993,
            0.261466,
            -6.081506,
            -2.203952,
            6.686936,
            -7.77108,
            0.255437,
            -4.517689,
            -1.731182,
            4.557818,
            -2.662323,
            0.250774,
            0.181671,
            3.702387,
            0.672374,
            -0.771389,
            -1.105418,
            -3.564895,
            8.617828,
            -0.470999,
            5.906463,
            -7.856357,
            -5.063851,
            0.534557,
            6.187713,
            1.274745,
            -1.088287,
            6.084504,
            -4.878813,
            2.893626,
            1.671358,
            -4.356176,
            -2.221587,
            3.652608,
            -1.61908,
            3.997972
        ]
    },
    "image_size": [
        870,
        1918
    ],
    "process_time_in_milliseconds": 780
}
