{
    "props": {
        "face_rect": [
            364,
            637,
            516,
            516
        ],
        "kp_eye_left_inner": [
            570,
            757
        ],
        "kp_eye_left_outer": [
            457,
            741
        ],
        "kp_eye_right_inner": [
            688,
            778
        ],
        "kp_eye_right_outer": [
            747,
            794
        ],
        "kp_mouth_left": [
            699,
            1015
        ],
        "kp_mouth_right": [
            527,
            999
        ],
        "kp_nose_tip": [
            672,
            853
        ],
        "kp_under_lip_bottom": [
            623,
            1031
        ],
        "kp_upper_lip_top": [
            629,
            961
        ],
        "features": [
            3.187258,
            4.450835,
            6.782915,
            -5.341817,
            6.041048,
            0.118514,
            -5.752301,
            -0.109803,
            1.799631,
            6.476877,
            -10.87227,
            -7.17645,
            -2.895751,
            5.500498,
            4.796137,
            -11.168347,
            -6.864479,
            3.267467,
            5.911614,
            1.455315,
            -2.182544,
            2.158273,
            -9.642541,
            -6.892975,
            8.036821,
            3.621463,
            1.259158,
            -0.696806,
            6.511662,
            2.703533,
            -0.759835,
            4.278507,
            -0.19034,
            -1.308755,
            -1.400119,
            4.127553,
            2.562392,
            3.9942,
            -1.104032,
            4.860089,
            0.216225,
            -5.501649,
            -8.584111,
            2.106353,
            4.150663,
            9.579202,
            3.420208,
            3.6449,
            -7.429504,
            -4.139361,
            4.699331,
            -2.755401,
            0.302638,
            -0.047429,
            0.052668,
            3.892194,
            -3.844522,
            -0.329024,
            -2.050894,
            3.325554
        ]
    },
    "image_size": [
        870,
        1918
    ],
    "process_time_in_milliseconds": 760
}
