{
    "props": {
        "face_rect": [
            168,
            768,
            559,
            559
        ],
        "kp_eye_left_inner": [
            382,
            900
        ],
        "kp_eye_left_outer": [
            278,
            905
        ],
        "kp_eye_right_inner": [
            516,
            900
        ],
        "kp_eye_right_outer": [
            615,
            905
        ],
        "kp_mouth_left": [
            555,
            1143
        ],
        "kp_mouth_right": [
            357,
            1143
        ],
        "kp_nose_tip": [
            446,
            1019
        ],
        "kp_under_lip_bottom": [
            456,
            1182
        ],
        "kp_upper_lip_top": [
            451,
            1123
        ],
        "features": [
            5.037644,
            6.452678,
            -2.108121,
            4.429667,
            -0.276116,
            7.45865,
            0.662079,
            -0.258504,
            4.379592,
            -7.323097,
            -0.272202,
            -2.805212,
            1.300482,
            -4.502676,
            8.236515,
            -3.780555,
            -1.000364,
            -1.01926,
            3.180537,
            0.909795,
            3.782038,
            3.563975,
            1.397464,
            6.940923,
            -4.058637,
            1.282288,
            -5.500965,
            -1.335691,
            6.814035,
            -8.566055,
            0.743283,
            -5.114137,
            -1.867497,
            4.427587,
            -2.607112,
            0.58695,
            0.316851,
            3.285531,
            -0.558381,
            -1.273982,
            -1.63517,
            -2.22599,
            7.638652,
            -0.456366,
            5.518836,
            -6.976192,
            -3.69616,
            -0.163347,
            5.688256,
            0.830647,
            -0.568929,
            6.196992,
            -4.111755,
            3.536861,
            0.646675,
            -5.279536,
            -2.263231,
            4.373879,
            -1.805951,
            4.867472
        ]
    },
    "image_size": [
        870,
        1918
    ],
    "process_time_in_milliseconds": 821
}
