{
    "props": {
        "face_rect": [
            125,
            770,
            586,
            586
        ],
        "kp_eye_left_inner": [
            344,
            917
        ],
        "kp_eye_left_outer": [
            239,
            917
        ],
        "kp_eye_right_inner": [
            483,
            917
        ],
        "kp_eye_right_outer": [
            589,
            912
        ],
        "kp_mouth_left": [
            522,
            1157
        ],
        "kp_mouth_right": [
            330,
            1167
        ],
        "kp_nose_tip": [
            416,
            1037
        ],
        "kp_under_lip_bottom": [
            431,
            1195
        ],
        "kp_upper_lip_top": [
            426,
            1143
        ],
        "features": [
            4.996394,
            7.105832,
            -0.660285,
            4.956316,
            -0.180439,
            7.464081,
            0.175389,
            1.166116,
            4.609224,
            -7.103558,
            0.064254,
            -2.72685,
            2.106564,
            -4.699318,
            8.281949,
            -3.983849,
            0.39749,
            0.010903,
            2.978287,
            1.352265,
            3.630517,
            3.586994,
            1.025067,
            5.45174,
            -5.230848,
            0.530246,
            -6.129578,
            -1.22165,
            7.076217,
            -8.569517,
            -0.185837,
            -4.413617,
            -1.24299,
            4.906061,
            -3.287932,
            -0.606076,
            -0.115189,
            3.588865,
            0.352549,
            -1.027803,
            -1.080012,
            -2.576891,
            7.57114,
            0.063971,
            5.895792,
            -7.050347,
            -4.692367,
            -0.728519,
            6.095079,
            0.526218,
            -0.529066,
            6.603972,
            -4.655262,
            2.830641,
            1.479064,
            -5.175232,
            -1.934886,
            3.711157,
            -1.491519,
            3.132389
        ]
    },
    "image_size": [
        870,
        1918
    ],
    "process_time_in_milliseconds": 753
}
