{
    "props": {
        "face_rect": [
            250,
            572,
            402,
            402
        ],
        "kp_eye_left_inner": [
            391,
            680
        ],
        "kp_eye_left_outer": [
            300,
            694
        ],
        "kp_eye_right_inner": [
            509,
            671
        ],
        "kp_eye_right_outer": [
            590,
            680
        ],
        "kp_mouth_left": [
            558,
            852
        ],
        "kp_mouth_right": [
            354,
            852
        ],
        "kp_nose_tip": [
            454,
            680
        ],
        "kp_under_lip_bottom": [
            454,
            848
        ],
        "kp_upper_lip_top": [
            459,
            789
        ],
        "features": [
            2.370986,
            5.259304,
            5.830397,
            -3.219705,
            3.833437,
            0.428671,
            -3.75961,
            0.807995,
            2.439259,
            6.617641,
            -11.346994,
            -5.6028,
            -1.570467,
            4.583172,
            3.544509,
            -10.250184,
            -5.490458,
            2.439369,
            4.48161,
            0.849533,
            -3.620751,
            4.517301,
            -7.805823,
            -8.48144,
            6.431609,
            4.891761,
            1.913586,
            -0.598397,
            6.872003,
            0.266389,
            1.224936,
            3.894506,
            0.872942,
            -0.9027,
            -2.235252,
            1.427824,
            1.454068,
            4.241873,
            -3.178138,
            6.295668,
            1.21622,
            -2.296878,
            -5.534574,
            0.452629,
            6.492194,
            8.284236,
            2.561576,
            0.766672,
            -5.480998,
            -3.171862,
            3.752347,
            -3.933772,
            -0.446707,
            0.159866,
            -2.761759,
            2.44289,
            -2.127068,
            0.406945,
            0.528309,
            4.383191
        ]
    },
    "image_size": [
        870,
        1918
    ],
    "process_time_in_milliseconds": 769
}
