{
    "props": {
        "face_rect": [
            151,
            657,
            568,
            568
        ],
        "kp_eye_left_inner": [
            373,
            799
        ],
        "kp_eye_left_outer": [
            272,
            804
        ],
        "kp_eye_right_inner": [
            501,
            795
        ],
        "kp_eye_right_outer": [
            602,
            786
        ],
        "kp_mouth_left": [
            538,
            1047
        ],
        "kp_mouth_right": [
            340,
            1052
        ],
        "kp_nose_tip": [
            437,
            909
        ],
        "kp_under_lip_bottom": [
            441,
            1084
        ],
        "kp_upper_lip_top": [
            441,
            1015
        ],
        "features": [
            2.160942,
            3.899871,
            6.262366,
            -5.014127,
            4.260861,
            0.700143,
            -5.360484,
            1.677254,
            -0.468739,
            5.598966,
            -7.337255,
            -8.185835,
            -3.278213,
            7.68123,
            5.090048,
            -11.279663,
            -5.827107,
            4.342173,
            4.018909,
            1.054604,
            -2.026271,
            3.034344,
            -10.570107,
            -8.002341,
            6.204503,
            1.949998,
            -0.690543,
            -0.830995,
            7.285052,
            2.047714,
            0.148871,
            2.980724,
            -2.399177,
            -2.699367,
            -1.951139,
            3.20488,
            2.765549,
            3.447413,
            -0.115237,
            2.957577,
            -2.446016,
            -5.708379,
            -8.83603,
            3.519349,
            5.82531,
            7.629502,
            4.378047,
            3.922761,
            -7.344463,
            -3.6399,
            6.029225,
            -0.797519,
            1.237998,
            -0.586747,
            0.564852,
            3.240627,
            -3.71408,
            0.655193,
            -1.366863,
            1.715026
        ]
    },
    "image_size": [
        870,
        1918
    ],
    "process_time_in_milliseconds": 753
}
