{
    "props": {
        "face_rect": [
            -9,
            749,
            576,
            576
        ],
        "kp_eye_left_inner": [
            211,
            899
        ],
        "kp_eye_left_outer": [
            151,
            904
        ],
        "kp_eye_right_inner": [
            347,
            894
        ],
        "kp_eye_right_outer": [
            463,
            889
        ],
        "kp_mouth_left": [
            382,
            1141
        ],
        "kp_mouth_right": [
            196,
            1141
        ],
        "kp_nose_tip": [
            241,
            990
        ],
        "kp_under_lip_bottom": [
            267,
            1176
        ],
        "kp_upper_lip_top": [
            251,
            1121
        ],
        "features": [
            7.931407,
            10.619124,
            -1.265583,
            4.94635,
            3.257441,
            5.591205,
            0.143378,
            0.029777,
            2.887376,
            -3.967808,
            -4.639052,
            -0.581079,
            3.40517,
            0.899058,
            4.857963,
            -3.539724,
            -0.062768,
            -1.10285,
            3.987009,
            1.410652,
            3.551068,
            1.406364,
            -2.388159,
            5.403278,
            -3.912844,
            0.281451,
            -2.435171,
            -0.609381,
            4.544983,
            -5.795405,
            -1.909908,
            0.452412,
            2.425978,
            3.943306,
            -1.048467,
            -1.143769,
            -0.820132,
            0.243997,
            1.584084,
            0.40879,
            4.953949,
            -3.55728,
            6.227963,
            -0.882453,
            2.450934,
            -3.005781,
            -5.824338,
            -2.22853,
            3.3748,
            1.33223,
            -0.402334,
            5.883177,
            -3.468529,
            3.38649,
            0.666775,
            -4.598479,
            -3.353225,
            2.296097,
            -2.497324,
            5.10394
        ]
    },
    "image_size": [
        870,
        1918
    ],
    "process_time_in_milliseconds": 768
}
