{
    "props": {
        "face_rect": [
            112,
            760,
            604,
            604
        ],
        "kp_eye_left_inner": [
            337,
            915
        ],
        "kp_eye_left_outer": [
            235,
            920
        ],
        "kp_eye_right_inner": [
            478,
            915
        ],
        "kp_eye_right_outer": [
            580,
            901
        ],
        "kp_mouth_left": [
            522,
            1163
        ],
        "kp_mouth_right": [
            328,
            1172
        ],
        "kp_nose_tip": [
            415,
            1041
        ],
        "kp_under_lip_bottom": [
            429,
            1201
        ],
        "kp_upper_lip_top": [
            420,
            1143
        ],
        "features": [
            4.793056,
            6.928416,
            -2.699288,
            4.45955,
            -0.706137,
            7.84763,
            0.68789,
            -0.567255,
            5.355766,
            -8.46131,
            -0.005864,
            -3.198005,
            1.710025,
            -5.227131,
            8.527446,
            -3.805398,
            -1.106272,
            -0.56472,
            2.541133,
            1.854644,
            4.274698,
            3.638366,
            1.105921,
            7.066455,
            -4.400349,
            0.777318,
            -6.980541,
            -1.600489,
            6.765907,
            -8.71567,
            0.593327,
            -5.661707,
            -2.014735,
            4.554658,
            -1.983035,
            0.742476,
            0.713679,
            2.215697,
            -0.123804,
            -1.829843,
            -1.515399,
            -3.054039,
            7.404227,
            -0.065784,
            5.645506,
            -7.535052,
            -4.139215,
            0.818986,
            5.613135,
            0.268423,
            -1.210977,
            6.952367,
            -4.315598,
            2.931022,
            1.630768,
            -4.877387,
            -4.044647,
            5.019096,
            -1.347336,
            4.088656
        ]
    },
    "image_size": [
        870,
        1918
    ],
    "process_time_in_milliseconds": 781
}
