{
    "props": {
        "face_rect": [
            183,
            636,
            552,
            552
        ],
        "kp_eye_left_inner": [
            397,
            773
        ],
        "kp_eye_left_outer": [
            294,
            773
        ],
        "kp_eye_right_inner": [
            528,
            769
        ],
        "kp_eye_right_outer": [
            630,
            769
        ],
        "kp_mouth_left": [
            560,
            1026
        ],
        "kp_mouth_right": [
            355,
            1026
        ],
        "kp_nose_tip": [
            462,
            867
        ],
        "kp_under_lip_bottom": [
            458,
            1054
        ],
        "kp_upper_lip_top": [
            462,
            984
        ],
        "features": [
            2.788113,
            4.098763,
            6.772248,
            -5.971827,
            4.872282,
            1.695165,
            -5.168733,
            1.856355,
            -0.117226,
            6.115095,
            -8.379107,
            -8.679002,
            -4.343105,
            7.504581,
            5.225163,
            -11.41854,
            -6.044427,
            4.665238,
            4.070174,
            0.029877,
            -2.415041,
            3.142756,
            -10.218432,
            -7.317823,
            6.819782,
            2.861699,
            -1.221847,
            0.154805,
            6.679877,
            1.449561,
            0.081135,
            3.182048,
            -1.765256,
            -3.267716,
            -2.141945,
            3.373966,
            3.261081,
            4.6052,
            -1.283451,
            3.765305,
            -2.571829,
            -5.567019,
            -9.161141,
            3.007093,
            4.950025,
            8.688259,
            4.787732,
            4.161136,
            -7.143099,
            -3.627542,
            6.083862,
            -1.130283,
            1.618205,
            -0.351354,
            0.768198,
            3.034429,
            -4.161766,
            0.580139,
            -1.850859,
            2.168885
        ]
    },
    "image_size": [
        870,
        1918
    ],
    "process_time_in_milliseconds": 733
}
