{
    "props": {
        "face_rect": [
            317,
            770,
            570,
            570
        ],
        "kp_eye_left_inner": [
            543,
            899
        ],
        "kp_eye_left_outer": [
            428,
            882
        ],
        "kp_eye_right_inner": [
            686,
            932
        ],
        "kp_eye_right_outer": [
            735,
            932
        ],
        "kp_mouth_left": [
            675,
            1157
        ],
        "kp_mouth_right": [
            499,
            1146
        ],
        "kp_nose_tip": [
            647,
            1025
        ],
        "kp_under_lip_bottom": [
            598,
            1195
        ],
        "kp_upper_lip_top": [
            614,
            1135
        ],
        "features": [
            7.037626,
            8.178788,
            -2.327173,
            3.448944,
            0.107597,
            8.228343,
            1.24155,
            0.095629,
            4.72813,
            -6.836845,
            -1.679006,
            -0.808917,
            1.876299,
            -4.149453,
            6.961968,
            -1.421134,
            -0.407854,
            -2.048776,
            2.37786,
            1.755661,
            3.875207,
            -0.450685,
            -0.64657,
            7.378086,
            -4.46283,
            -1.64458,
            -5.035692,
            -1.07013,
            5.951346,
            -7.473955,
            0.578909,
            -4.19058,
            -1.522964,
            3.423129,
            -1.19097,
            0.312432,
            0.805975,
            2.743025,
            -0.27241,
            -0.384649,
            1.830986,
            -2.712383,
            7.194407,
            -0.162883,
            3.529984,
            -5.120871,
            -3.79998,
            -0.410358,
            4.906146,
            -0.073535,
            -0.434746,
            5.87297,
            -3.509975,
            1.950501,
            -1.236007,
            -3.985613,
            -3.084094,
            2.755665,
            -3.314054,
            6.187644
        ]
    },
    "image_size": [
        870,
        1918
    ],
    "process_time_in_milliseconds": 771
}
