{
    "props": {
        "face_rect": [
            122,
            730,
            636,
            636
        ],
        "kp_eye_left_inner": [
            376,
            889
        ],
        "kp_eye_left_outer": [
            262,
            884
        ],
        "kp_eye_right_inner": [
            511,
            884
        ],
        "kp_eye_right_outer": [
            615,
            864
        ],
        "kp_mouth_left": [
            545,
            1148
        ],
        "kp_mouth_right": [
            341,
            1157
        ],
        "kp_nose_tip": [
            446,
            1043
        ],
        "kp_under_lip_bottom": [
            456,
            1202
        ],
        "kp_upper_lip_top": [
            451,
            1133
        ],
        "features": [
            -0.541795,
            0.053861,
            5.267436,
            -3.295182,
            5.138706,
            1.161312,
            -4.800691,
            4.465215,
            -1.362369,
            6.271383,
            -7.077745,
            -5.387669,
            -3.664359,
            5.021771,
            3.360882,
            -12.164252,
            -6.832448,
            4.554015,
            0.125265,
            -1.036268,
            0.472522,
            1.712931,
            -9.160348,
            -8.67676,
            4.216067,
            2.985201,
            2.6168,
            -2.715373,
            5.475545,
            3.100846,
            -0.039865,
            2.50997,
            -3.426126,
            -2.938555,
            0.519522,
            0.954781,
            1.382833,
            1.804446,
            3.98048,
            6.020735,
            -3.269737,
            -8.401643,
            -7.982954,
            4.772228,
            6.096992,
            4.238842,
            3.05673,
            3.040668,
            -5.653626,
            -5.06146,
            4.606184,
            -3.254488,
            1.240359,
            -0.317448,
            -1.686767,
            5.731564,
            -3.617763,
            0.934555,
            -1.39332,
            0.384982
        ]
    },
    "image_size": [
        870,
        1918
    ],
    "process_time_in_milliseconds": 778
}
