{
    "props": {
        "face_rect": [
            134,
            713,
            561,
            561
        ],
        "kp_eye_left_inner": [
            342,
            860
        ],
        "kp_eye_left_outer": [
            238,
            870
        ],
        "kp_eye_right_inner": [
            477,
            855
        ],
        "kp_eye_right_outer": [
            581,
            860
        ],
        "kp_mouth_left": [
            523,
            1094
        ],
        "kp_mouth_right": [
            321,
            1109
        ],
        "kp_nose_tip": [
            409,
            933
        ],
        "kp_under_lip_bottom": [
            430,
            1130
        ],
        "kp_upper_lip_top": [
            420,
            1063
        ],
        "features": [
            4.5011,
            6.726827,
            -3.443225,
            4.254702,
            0.524514,
            6.580809,
            0.503841,
            1.438277,
            3.823924,
            -9.348336,
            -1.067902,
            -2.853657,
            1.677686,
            -3.437887,
            8.408613,
            -4.095934,
            -2.067622,
            -0.80393,
            0.332031,
            -0.64388,
            5.066247,
            1.873696,
            -0.353612,
            5.63884,
            -3.505983,
            1.451492,
            -4.515053,
            -3.257024,
            6.434146,
            -6.645135,
            1.155801,
            -5.038981,
            -2.512736,
            3.451393,
            -1.783445,
            1.519202,
            0.342416,
            1.405892,
            2.178524,
            -1.634584,
            -0.78233,
            -2.721459,
            5.420416,
            0.820708,
            5.181283,
            -6.050015,
            -4.227648,
            1.524924,
            6.002073,
            -0.726333,
            -0.822698,
            6.925645,
            -1.10585,
            2.328711,
            -0.971703,
            -3.71918,
            -2.201857,
            3.50034,
            -2.631574,
            6.640947
        ]
    },
    "image_size": [
        870,
        1918
    ],
    "process_time_in_milliseconds": 786
}
