{
    "props": {
        "face_rect": [
            100,
            620,
            562,
            562
        ],
        "kp_eye_left_inner": [
            331,
            765
        ],
        "kp_eye_left_outer": [
            234,
            774
        ],
        "kp_eye_right_inner": [
            456,
            755
        ],
        "kp_eye_right_outer": [
            567,
            746
        ],
        "kp_mouth_left": [
            485,
            1011
        ],
        "kp_mouth_right": [
            287,
            1016
        ],
        "kp_nose_tip": [
            360,
            857
        ],
        "kp_under_lip_bottom": [
            374,
            1045
        ],
        "kp_upper_lip_top": [
            374,
            972
        ],
        "features": [
            1.992007,
            5.576262,
            6.769089,
            -5.986168,
            3.813245,
            1.900208,
            -6.419175,
            1.500495,
            1.076172,
            5.36131,
            -8.24236,
            -6.4496,
            -5.236943,
            8.063382,
            4.821126,
            -10.387753,
            -6.440412,
            3.0161,
            5.141659,
            -1.769846,
            -2.034231,
            4.317271,
            -10.193288,
            -6.872686,
            7.853515,
            3.035196,
            -0.60799,
            0.042065,
            6.997749,
            1.701875,
            -0.135683,
            2.058177,
            -2.126836,
            -2.775467,
            -1.595551,
            3.8463,
            3.448399,
            3.11129,
            -0.880532,
            3.782851,
            -2.299494,
            -4.763512,
            -8.697107,
            3.631392,
            4.457746,
            8.934015,
            4.850033,
            3.898733,
            -7.527674,
            -3.644219,
            5.359625,
            -2.286139,
            1.071839,
            0.079977,
            -0.257958,
            1.793802,
            -4.003712,
            0.598347,
            -0.931426,
            1.139963
        ]
    },
    "image_size": [
        870,
        1918
    ],
    "process_time_in_milliseconds": 776
}
