{
    "props": {
        "face_rect": [
            208,
            583,
            472,
            472
        ],
        "kp_eye_left_inner": [
            387,
            707
        ],
        "kp_eye_left_outer": [
            286,
            717
        ],
        "kp_eye_right_inner": [
            506,
            707
        ],
        "kp_eye_right_outer": [
            602,
            707
        ],
        "kp_mouth_left": [
            550,
            923
        ],
        "kp_mouth_right": [
            343,
            928
        ],
        "kp_nose_tip": [
            449,
            750
        ],
        "kp_under_lip_bottom": [
            444,
            942
        ],
        "kp_upper_lip_top": [
            449,
            870
        ],
        "features": [
            3.16532,
            5.647373,
            7.249403,
            -6.416134,
            4.468197,
            1.401821,
            -5.76078,
            0.772028,
            3.346351,
            5.326107,
            -8.719095,
            -6.626084,
            -4.218682,
            6.346992,
            7.163357,
            -11.485905,
            -5.652675,
            2.571865,
            6.57973,
            -0.872125,
            -4.157839,
            4.269157,
            -9.34215,
            -7.366625,
            8.296649,
            3.682343,
            -0.387187,
            0.538084,
            7.896867,
            1.787618,
            0.112976,
            2.58355,
            -2.405167,
            -2.25723,
            -3.544331,
            3.582679,
            2.650672,
            5.810865,
            -1.468889,
            4.401285,
            -1.843525,
            -5.955662,
            -7.808063,
            1.68316,
            3.986049,
            9.122073,
            5.112977,
            3.134788,
            -7.287048,
            -3.696289,
            5.2458,
            -2.407879,
            -0.212875,
            0.508729,
            -0.203247,
            2.899053,
            -2.18339,
            -0.104863,
            -2.991364,
            3.210659
        ]
    },
    "image_size": [
        870,
        1918
    ],
    "process_time_in_milliseconds": 761
}
