{
    "props": {
        "face_rect": [
            313,
            766,
            585,
            585
        ],
        "kp_eye_left_inner": [
            563,
            904
        ],
        "kp_eye_left_outer": [
            444,
            882
        ],
        "kp_eye_right_inner": [
            703,
            942
        ],
        "kp_eye_right_outer": [
            752,
            936
        ],
        "kp_mouth_left": [
            682,
            1158
        ],
        "kp_mouth_right": [
            509,
            1147
        ],
        "kp_nose_tip": [
            666,
            1023
        ],
        "kp_under_lip_bottom": [
            606,
            1202
        ],
        "kp_upper_lip_top": [
            622,
            1137
        ],
        "features": [
            7.774015,
            8.652277,
            -3.107661,
            2.927066,
            -0.05423,
            8.102477,
            0.985514,
            -0.976309,
            4.294805,
            -6.398024,
            -1.600136,
            -0.218906,
            1.840278,
            -4.074241,
            6.338543,
            -0.369932,
            -0.710346,
            -1.584404,
            2.532786,
            2.455323,
            4.642284,
            -0.758873,
            0.3766,
            7.211143,
            -3.85775,
            -1.09601,
            -4.202299,
            -1.204545,
            5.457903,
            -6.920903,
            1.193245,
            -4.654442,
            -1.465761,
            4.001324,
            -1.192256,
            0.707652,
            0.081436,
            2.254318,
            -0.022754,
            -0.112706,
            2.055729,
            -2.385026,
            6.485996,
            -0.341481,
            3.335522,
            -4.305661,
            -3.759628,
            0.031323,
            4.932042,
            0.211765,
            -0.067136,
            6.620145,
            -3.900251,
            2.342781,
            -1.29719,
            -4.330368,
            -3.737988,
            2.817604,
            -3.226372,
            6.868739
        ]
    },
    "image_size": [
        870,
        1918
    ],
    "process_time_in_milliseconds": 819
}
