{
    "props": {
        "face_rect": [
            -7,
            746,
            576,
            576
        ],
        "kp_eye_left_inner": [
            213,
            897
        ],
        "kp_eye_left_outer": [
            152,
            902
        ],
        "kp_eye_right_inner": [
            351,
            892
        ],
        "kp_eye_right_outer": [
            468,
            887
        ],
        "kp_mouth_left": [
            387,
            1141
        ],
        "kp_mouth_right": [
            208,
            1141
        ],
        "kp_nose_tip": [
            249,
            984
        ],
        "kp_under_lip_bottom": [
            269,
            1172
        ],
        "kp_upper_lip_top": [
            259,
            1121
        ],
        "features": [
            7.856222,
            10.206954,
            -1.155964,
            4.661454,
            2.984535,
            6.203577,
            0.299639,
            0.216815,
            2.028891,
            -4.07985,
            -4.750829,
            -1.233596,
            2.86168,
            0.390296,
            5.523933,
            -3.20999,
            -0.136693,
            -0.876077,
            4.114454,
            1.027748,
            4.497606,
            0.932235,
            -1.883006,
            5.561273,
            -3.752334,
            0.47826,
            -2.741867,
            -1.426106,
            4.202831,
            -5.695872,
            -1.535334,
            0.121432,
            1.900796,
            4.332085,
            -1.926803,
            -0.346405,
            -1.022321,
            0.437579,
            1.668057,
            0.104074,
            4.288731,
            -3.353594,
            5.886579,
            -0.424607,
            2.612269,
            -2.604722,
            -5.809417,
            -1.567442,
            3.224639,
            0.72884,
            -0.310386,
            5.617021,
            -3.065437,
            3.095577,
            0.898314,
            -4.750311,
            -3.603346,
            3.171605,
            -2.496297,
            5.532827
        ]
    },
    "image_size": [
        870,
        1918
    ],
    "process_time_in_milliseconds": 815
}
