{
    "props": {
        "face_rect": [
            163,
            671,
            518,
            518
        ],
        "kp_eye_left_inner": [
            351,
            812
        ],
        "kp_eye_left_outer": [
            247,
            817
        ],
        "kp_eye_right_inner": [
            489,
            806
        ],
        "kp_eye_right_outer": [
            593,
            817
        ],
        "kp_mouth_left": [
            538,
            1037
        ],
        "kp_mouth_right": [
            324,
            1043
        ],
        "kp_nose_tip": [
            423,
            850
        ],
        "kp_under_lip_bottom": [
            434,
            1065
        ],
        "kp_upper_lip_top": [
            423,
            982
        ],
        "features": [
            2.403132,
            5.339823,
            -3.345624,
            5.27774,
            -2.554817,
            6.960378,
            1.156575,
            -0.34584,
            3.793463,
            -7.466528,
            -1.99427,
            -2.165304,
            0.431503,
            -2.921058,
            2.635941,
            0.170932,
            -1.844847,
            0.249952,
            -0.646823,
            0.022584,
            3.110683,
            3.838116,
            -1.587175,
            5.660929,
            -3.361914,
            2.187191,
            -2.579293,
            -1.167408,
            5.478257,
            -7.281971,
            1.603545,
            -4.485531,
            2.354332,
            2.249122,
            0.107609,
            0.822978,
            1.123002,
            2.11658,
            1.832454,
            -0.845466,
            1.617354,
            0.631948,
            3.972629,
            1.493462,
            5.592919,
            -4.703039,
            -3.10627,
            1.497544,
            8.261143,
            -0.477256,
            -2.803409,
            4.433608,
            -0.063585,
            2.444286,
            -0.767078,
            -3.018274,
            -0.386903,
            2.041482,
            0.886307,
            2.591632
        ]
    },
    "image_size": [
        870,
        1918
    ],
    "process_time_in_milliseconds": 721
}
