{
    "props": {
        "face_rect": [
            101,
            447,
            481,
            481
        ],
        "kp_eye_left_inner": [
            318,
            578
        ],
        "kp_eye_left_outer": [
            264,
            551
        ],
        "kp_eye_right_inner": [
            399,
            609
        ],
        "kp_eye_right_outer": [
            461,
            636
        ],
        "kp_mouth_left": [
            341,
            775
        ],
        "kp_mouth_right": [
            229,
            725
        ],
        "kp_nose_tip": [
            299,
            648
        ],
        "kp_under_lip_bottom": [
            268,
            767
        ],
        "kp_upper_lip_top": [
            275,
            721
        ],
        "features": [
            3.886343,
            8.375734,
            -1.38361,
            -3.662116,
            5.62667,
            -3.048451,
            1.626886,
            0.942007,
            6.193394,
            -5.282372,
            4.458035,
            -2.20756,
            6.074738,
            -1.795414,
            2.894195,
            -3.202076,
            -0.377096,
            8.019053,
            -6.704518,
            6.947409,
            6.716234,
            -6.645012,
            7.368192,
            1.685945,
            0.1491,
            2.509387,
            -7.420694,
            3.205536,
            -3.173641,
            -4.426428,
            0.325717,
            3.297558,
            -0.407939,
            3.158555,
            -4.1981,
            3.120476,
            0.800886,
            -0.592298,
            -0.979025,
            -5.385571,
            -0.190789,
            1.230188,
            -1.046014,
            -0.005093,
            5.468571,
            -2.45288,
            -1.722643,
            -1.565308,
            2.935266,
            -2.279688,
            4.241433,
            11.074709,
            3.750292,
            5.092798,
            0.62119,
            -2.705586,
            -3.128247,
            -0.089438,
            -0.585277,
            1.122551
        ]
    },
    "image_size": [
        720,
        1280
    ],
    "process_time_in_milliseconds": 1518
}
