{
    "props": {
        "face_rect": [
            146,
            751,
            598,
            598
        ],
        "kp_eye_left_inner": [
            371,
            904
        ],
        "kp_eye_left_outer": [
            265,
            909
        ],
        "kp_eye_right_inner": [
            508,
            904
        ],
        "kp_eye_right_outer": [
            610,
            890
        ],
        "kp_mouth_left": [
            551,
            1138
        ],
        "kp_mouth_right": [
            357,
            1152
        ],
        "kp_nose_tip": [
            444,
            1026
        ],
        "kp_under_lip_bottom": [
            459,
            1186
        ],
        "kp_upper_lip_top": [
            454,
            1128
        ],
        "features": [
            6.01373,
            6.413435,
            -2.451576,
            4.645843,
            -0.785501,
            7.378623,
            0.938263,
            -0.377072,
            4.971272,
            -6.917531,
            0.380455,
            -2.103485,
            1.068363,
            -4.208074,
            8.215145,
            -3.964263,
            0.388703,
            -0.734033,
            3.143218,
            2.16756,
            3.906277,
            3.216371,
            1.072477,
            6.433368,
            -4.441801,
            0.609611,
            -6.073164,
            -1.978354,
            6.46785,
            -7.753639,
            0.804427,
            -5.760304,
            -2.022726,
            4.234317,
            -2.59748,
            0.498958,
            0.481367,
            2.958542,
            -0.051097,
            -1.184363,
            -1.678109,
            -2.483481,
            7.989762,
            0.439335,
            5.77474,
            -7.063826,
            -4.102299,
            0.190544,
            6.110777,
            0.98544,
            -0.70506,
            6.268743,
            -4.611365,
            2.942296,
            1.572125,
            -4.710076,
            -2.55872,
            4.226857,
            -1.375371,
            4.217445
        ]
    },
    "image_size": [
        870,
        1918
    ],
    "process_time_in_milliseconds": 732
}
