{
    "props": {
        "face_rect": [
            319,
            767,
            579,
            579
        ],
        "kp_eye_left_inner": [
            561,
            898
        ],
        "kp_eye_left_outer": [
            442,
            882
        ],
        "kp_eye_right_inner": [
            701,
            936
        ],
        "kp_eye_right_outer": [
            750,
            936
        ],
        "kp_mouth_left": [
            685,
            1152
        ],
        "kp_mouth_right": [
            507,
            1147
        ],
        "kp_nose_tip": [
            669,
            1022
        ],
        "kp_under_lip_bottom": [
            609,
            1201
        ],
        "kp_upper_lip_top": [
            626,
            1136
        ],
        "features": [
            7.721264,
            8.692128,
            -2.478696,
            2.108656,
            0.144726,
            8.035178,
            0.592391,
            -1.23637,
            4.507612,
            -6.073244,
            -1.846427,
            -0.679355,
            2.345193,
            -3.988117,
            6.515688,
            -0.177097,
            -0.590959,
            -1.772521,
            3.033821,
            2.550632,
            4.299598,
            -0.683154,
            0.735895,
            7.288644,
            -3.817214,
            -0.663402,
            -4.518691,
            -0.922849,
            5.647287,
            -6.658229,
            1.136148,
            -4.515101,
            -1.619702,
            4.196175,
            -1.298443,
            0.678405,
            0.422411,
            2.413343,
            -0.223022,
            -0.159688,
            1.987398,
            -2.13275,
            6.808944,
            -0.320104,
            3.839108,
            -4.005144,
            -3.523466,
            -0.007965,
            5.040435,
            -0.084996,
            0.19622,
            6.427863,
            -3.95352,
            1.94364,
            -1.888197,
            -4.111215,
            -3.403096,
            2.64283,
            -3.123315,
            7.11438
        ]
    },
    "image_size": [
        870,
        1918
    ],
    "process_time_in_milliseconds": 856
}
