{
    "props": {
        "face_rect": [
            190,
            635,
            547,
            547
        ],
        "kp_eye_left_inner": [
            401,
            774
        ],
        "kp_eye_left_outer": [
            298,
            774
        ],
        "kp_eye_right_inner": [
            532,
            769
        ],
        "kp_eye_right_outer": [
            630,
            765
        ],
        "kp_mouth_left": [
            564,
            1022
        ],
        "kp_mouth_right": [
            359,
            1022
        ],
        "kp_nose_tip": [
            466,
            863
        ],
        "kp_under_lip_bottom": [
            462,
            1050
        ],
        "kp_upper_lip_top": [
            471,
            980
        ],
        "features": [
            2.810823,
            4.183809,
            6.93869,
            -5.974684,
            4.822238,
            2.024634,
            -5.567658,
            1.365168,
            0.087919,
            6.72815,
            -8.252607,
            -8.368031,
            -4.471318,
            7.339426,
            4.814298,
            -11.343984,
            -6.149532,
            4.052949,
            4.823283,
            -0.136882,
            -2.676098,
            3.676208,
            -10.242784,
            -6.800273,
            7.133729,
            3.504873,
            -0.914844,
            0.447151,
            6.9011,
            1.223546,
            -0.178271,
            3.302392,
            -1.764987,
            -2.831479,
            -1.895662,
            3.303741,
            3.141893,
            4.51818,
            -0.82814,
            3.742002,
            -2.91968,
            -5.898273,
            -8.72375,
            3.120338,
            4.782051,
            8.382395,
            4.976068,
            3.940777,
            -7.10964,
            -3.460555,
            5.853599,
            -1.553113,
            1.123303,
            -0.078411,
            0.391056,
            2.864113,
            -4.205432,
            0.659849,
            -1.95467,
            2.248544
        ]
    },
    "image_size": [
        870,
        1918
    ],
    "process_time_in_milliseconds": 730
}
