{
    "props": {
        "face_rect": [
            99,
            758,
            567,
            567
        ],
        "kp_eye_left_inner": [
            323,
            898
        ],
        "kp_eye_left_outer": [
            220,
            898
        ],
        "kp_eye_right_inner": [
            455,
            893
        ],
        "kp_eye_right_outer": [
            558,
            883
        ],
        "kp_mouth_left": [
            494,
            1137
        ],
        "kp_mouth_right": [
            304,
            1142
        ],
        "kp_nose_tip": [
            362,
            1015
        ],
        "kp_under_lip_bottom": [
            392,
            1181
        ],
        "kp_upper_lip_top": [
            382,
            1118
        ],
        "features": [
            5.701728,
            7.02704,
            -1.666627,
            3.654817,
            0.037686,
            7.755466,
            1.927837,
            0.867556,
            2.836953,
            -6.835271,
            -0.741769,
            -3.173583,
            1.858854,
            -3.836336,
            8.172373,
            -3.330414,
            2.043549,
            -0.847564,
            3.587956,
            1.876524,
            4.082992,
            3.463933,
            0.253035,
            5.707421,
            -4.929149,
            0.042691,
            -6.448486,
            -1.405207,
            6.156845,
            -7.493526,
            0.043444,
            -4.790027,
            -0.707952,
            4.910331,
            -2.692166,
            -0.168622,
            -0.064679,
            2.919273,
            0.072082,
            -1.381475,
            -1.0448,
            -2.374854,
            8.721861,
            -0.685953,
            4.706559,
            -6.148818,
            -6.337142,
            0.68073,
            6.718584,
            0.920066,
            -1.704115,
            6.670506,
            -3.583764,
            2.413481,
            2.189108,
            -4.737738,
            -2.945565,
            3.277236,
            -1.284153,
            4.320821
        ]
    },
    "image_size": [
        870,
        1918
    ],
    "process_time_in_milliseconds": 761
}
