{
    "props": {
        "face_rect": [
            175,
            628,
            548,
            548
        ],
        "kp_eye_left_inner": [
            385,
            765
        ],
        "kp_eye_left_outer": [
            286,
            765
        ],
        "kp_eye_right_inner": [
            516,
            760
        ],
        "kp_eye_right_outer": [
            614,
            760
        ],
        "kp_mouth_left": [
            548,
            1013
        ],
        "kp_mouth_right": [
            342,
            1018
        ],
        "kp_nose_tip": [
            450,
            858
        ],
        "kp_under_lip_bottom": [
            450,
            1046
        ],
        "kp_upper_lip_top": [
            455,
            975
        ],
        "features": [
            2.751477,
            4.465564,
            6.70213,
            -5.78423,
            5.310914,
            0.995307,
            -4.694125,
            2.017157,
            0.461328,
            5.581052,
            -8.641473,
            -8.514817,
            -4.944347,
            7.428675,
            5.338834,
            -11.468294,
            -5.655213,
            4.134062,
            4.611789,
            0.006972,
            -2.400748,
            3.49955,
            -10.262869,
            -5.915167,
            8.13425,
            2.771056,
            -1.666571,
            0.71983,
            6.288042,
            1.1656,
            -0.458378,
            3.485565,
            -1.507401,
            -2.385044,
            -2.357868,
            4.076537,
            3.4861,
            4.603487,
            -0.99925,
            3.39897,
            -2.499824,
            -6.544919,
            -8.609862,
            2.55152,
            4.638975,
            8.195795,
            4.586066,
            4.426602,
            -7.671448,
            -2.658628,
            4.898281,
            -0.816167,
            1.943757,
            0.58938,
            1.792597,
            2.778208,
            -4.325336,
            0.580238,
            -2.81476,
            1.901742
        ]
    },
    "image_size": [
        870,
        1918
    ],
    "process_time_in_milliseconds": 1250
}
