{
    "props": {
        "face_rect": [
            184,
            639,
            473,
            473
        ],
        "kp_eye_left_inner": [
            359,
            714
        ],
        "kp_eye_left_outer": [
            255,
            786
        ],
        "kp_eye_right_inner": [
            495,
            766
        ],
        "kp_eye_right_outer": [
            578,
            781
        ],
        "kp_mouth_left": [
            531,
            979
        ],
        "kp_mouth_right": [
            313,
            979
        ],
        "kp_nose_tip": [
            417,
            766
        ],
        "kp_under_lip_bottom": [
            432,
            979
        ],
        "kp_upper_lip_top": [
            422,
            917
        ],
        "features": [
            3.851341,
            6.647415,
            -1.340232,
            2.519444,
            -1.085684,
            4.114262,
            -3.472857,
            0.16807,
            1.052325,
            -7.087136,
            -2.833344,
            -0.705303,
            2.731872,
            -0.87258,
            5.054117,
            -0.508276,
            -2.80671,
            -1.983594,
            1.551679,
            -2.009801,
            3.898768,
            3.293471,
            -3.744993,
            3.381312,
            -0.609462,
            1.411115,
            -0.154162,
            -3.264822,
            4.892338,
            -2.235177,
            2.271592,
            -4.798256,
            -0.101479,
            4.219646,
            -2.046661,
            2.521548,
            -0.491377,
            0.827752,
            6.425691,
            1.724843,
            2.056379,
            -0.951546,
            3.757424,
            0.007518,
            5.206967,
            -0.808618,
            -3.312384,
            5.241769,
            7.873158,
            0.925658,
            -0.8072,
            8.010256,
            1.274406,
            0.766943,
            -3.955608,
            -1.143005,
            -1.137267,
            -0.338738,
            0.854875,
            6.904727
        ]
    },
    "image_size": [
        870,
        1918
    ],
    "process_time_in_milliseconds": 776
}
