{
    "props": {
        "face_rect": [
            137,
            790,
            588,
            588
        ],
        "kp_eye_left_inner": [
            375,
            946
        ],
        "kp_eye_left_outer": [
            261,
            941
        ],
        "kp_eye_right_inner": [
            509,
            941
        ],
        "kp_eye_right_outer": [
            614,
            923
        ],
        "kp_mouth_left": [
            559,
            1203
        ],
        "kp_mouth_right": [
            343,
            1212
        ],
        "kp_nose_tip": [
            449,
            1116
        ],
        "kp_under_lip_bottom": [
            458,
            1286
        ],
        "kp_upper_lip_top": [
            453,
            1198
        ],
        "features": [
            -1.245731,
            2.402353,
            6.249212,
            -2.196274,
            5.723199,
            3.65074,
            -1.750629,
            4.285171,
            -0.589787,
            1.967068,
            -9.008101,
            -6.56252,
            -2.327834,
            1.835905,
            3.847373,
            -10.615632,
            -7.43913,
            2.761945,
            -1.010426,
            -0.116231,
            0.965459,
            2.100614,
            -9.870786,
            -6.043538,
            2.467801,
            0.318078,
            1.34544,
            -1.347172,
            5.002252,
            1.395674,
            -0.037969,
            3.425615,
            -2.215297,
            0.227477,
            0.678956,
            0.662454,
            1.823351,
            1.410523,
            5.478086,
            5.306293,
            -0.233339,
            -11.090962,
            -6.349082,
            3.127507,
            6.024914,
            4.278554,
            0.018549,
            4.365536,
            -3.947428,
            -6.614132,
            3.902627,
            -0.495723,
            2.915923,
            0.97149,
            -1.795061,
            6.661477,
            -7.641227,
            2.1032,
            -0.20982,
            0.2952
        ]
    },
    "image_size": [
        870,
        1918
    ],
    "process_time_in_milliseconds": 734
}
