{
    "props": {
        "face_rect": [
            247,
            566,
            393,
            393
        ],
        "kp_eye_left_inner": [
            381,
            673
        ],
        "kp_eye_left_outer": [
            298,
            682
        ],
        "kp_eye_right_inner": [
            505,
            664
        ],
        "kp_eye_right_outer": [
            587,
            678
        ],
        "kp_mouth_left": [
            546,
            843
        ],
        "kp_mouth_right": [
            349,
            843
        ],
        "kp_nose_tip": [
            450,
            669
        ],
        "kp_under_lip_bottom": [
            445,
            843
        ],
        "kp_upper_lip_top": [
            450,
            783
        ],
        "features": [
            3.318928,
            5.216341,
            5.881344,
            -2.249991,
            4.059809,
            0.670777,
            -3.816343,
            0.581345,
            2.076342,
            6.299325,
            -10.342618,
            -5.093142,
            -1.813681,
            5.226529,
            3.615036,
            -9.358035,
            -5.479568,
            2.719435,
            3.811223,
            1.515488,
            -3.123527,
            3.990161,
            -8.475846,
            -7.397146,
            5.48511,
            5.309766,
            2.041149,
            -1.329375,
            6.494867,
            0.600608,
            1.005415,
            3.502968,
            1.182718,
            -0.21241,
            -1.941022,
            1.87327,
            1.564446,
            4.591902,
            -2.517582,
            5.955531,
            1.830631,
            -1.251027,
            -6.534372,
            0.900586,
            6.030769,
            8.949948,
            3.240575,
            0.860219,
            -4.853275,
            -3.628512,
            3.943789,
            -3.575688,
            -0.122697,
            -0.137072,
            -3.067813,
            2.946312,
            -1.833885,
            0.784035,
            1.042173,
            5.112967
        ]
    },
    "image_size": [
        870,
        1918
    ],
    "process_time_in_milliseconds": 736
}
