{
    "props": {
        "face_rect": [
            111,
            783,
            616,
            616
        ],
        "kp_eye_left_inner": [
            347,
            962
        ],
        "kp_eye_left_outer": [
            241,
            953
        ],
        "kp_eye_right_inner": [
            486,
            953
        ],
        "kp_eye_right_outer": [
            593,
            934
        ],
        "kp_mouth_left": [
            535,
            1208
        ],
        "kp_mouth_right": [
            327,
            1223
        ],
        "kp_nose_tip": [
            424,
            1131
        ],
        "kp_under_lip_bottom": [
            443,
            1300
        ],
        "kp_upper_lip_top": [
            433,
            1213
        ],
        "features": [
            -1.301612,
            1.934467,
            5.642089,
            -4.787703,
            4.640007,
            2.970952,
            -2.406219,
            3.600686,
            -0.780446,
            3.608685,
            -8.78299,
            -5.603388,
            -2.043129,
            2.555453,
            1.889973,
            -9.801329,
            -7.378362,
            2.111921,
            -0.409165,
            -1.2672,
            1.661015,
            -0.009773,
            -7.105345,
            -6.374579,
            4.185046,
            0.754023,
            1.832708,
            -0.534972,
            4.434726,
            2.252214,
            -0.342089,
            3.748139,
            -3.392249,
            -1.896439,
            1.356784,
            2.205785,
            1.197006,
            0.173584,
            4.490109,
            5.389897,
            -1.971386,
            -11.635112,
            -6.309937,
            3.391818,
            6.626391,
            4.227023,
            1.930004,
            3.372292,
            -5.415282,
            -6.718966,
            3.658747,
            -1.860727,
            2.708267,
            1.463577,
            -2.476808,
            5.591709,
            -6.466799,
            2.036186,
            -1.899973,
            0.542097
        ]
    },
    "image_size": [
        870,
        1918
    ],
    "process_time_in_milliseconds": 746
}
