{
    "props": {
        "face_rect": [
            159,
            648,
            558,
            558
        ],
        "kp_eye_left_inner": [
            374,
            791
        ],
        "kp_eye_left_outer": [
            273,
            796
        ],
        "kp_eye_right_inner": [
            503,
            787
        ],
        "kp_eye_right_outer": [
            605,
            777
        ],
        "kp_mouth_left": [
            545,
            1036
        ],
        "kp_mouth_right": [
            342,
            1041
        ],
        "kp_nose_tip": [
            434,
            884
        ],
        "kp_under_lip_bottom": [
            443,
            1068
        ],
        "kp_upper_lip_top": [
            443,
            999
        ],
        "features": [
            2.361001,
            3.574222,
            6.68487,
            -4.764357,
            4.102242,
            1.028002,
            -5.369965,
            2.247733,
            -0.060826,
            5.045491,
            -7.249748,
            -8.079292,
            -3.389449,
            7.607803,
            5.556089,
            -11.335344,
            -6.057313,
            4.364359,
            3.976379,
            0.21439,
            -1.662657,
            2.858618,
            -10.221298,
            -8.096505,
            6.014564,
            1.888214,
            -0.680477,
            -1.174954,
            6.810516,
            2.355505,
            0.295677,
            2.158702,
            -3.048371,
            -2.751755,
            -2.072253,
            3.910698,
            2.781898,
            3.328686,
            -0.651634,
            3.417593,
            -2.621059,
            -4.772063,
            -8.961053,
            3.361361,
            6.015003,
            7.999424,
            4.874949,
            4.041292,
            -7.111754,
            -4.045959,
            6.293248,
            -1.006188,
            1.447762,
            -1.324268,
            0.250836,
            3.201127,
            -3.670279,
            1.031038,
            -1.284965,
            2.419149
        ]
    },
    "image_size": [
        870,
        1918
    ],
    "process_time_in_milliseconds": 818
}
