{
    "props": {
        "face_rect": [
            335,
            636,
            522,
            522
        ],
        "kp_eye_left_inner": [
            531,
            759
        ],
        "kp_eye_left_outer": [
            418,
            749
        ],
        "kp_eye_right_inner": [
            650,
            775
        ],
        "kp_eye_right_outer": [
            722,
            780
        ],
        "kp_mouth_left": [
            681,
            1012
        ],
        "kp_mouth_right": [
            490,
            1006
        ],
        "kp_nose_tip": [
            640,
            852
        ],
        "kp_under_lip_bottom": [
            598,
            1032
        ],
        "kp_upper_lip_top": [
            619,
            970
        ],
        "features": [
            3.143923,
            5.762778,
            7.603819,
            -5.129353,
            5.435568,
            -0.021809,
            -6.034874,
            0.799324,
            1.194142,
            5.688579,
            -9.048963,
            -8.369201,
            -2.416553,
            7.082903,
            4.186352,
            -10.588019,
            -7.205456,
            3.445509,
            4.607274,
            1.13144,
            -3.104189,
            3.114295,
            -10.093746,
            -8.964516,
            6.946442,
            3.670559,
            -0.064534,
            0.18166,
            6.514072,
            2.47329,
            -0.831333,
            4.337925,
            -0.275066,
            -1.159049,
            -1.893532,
            3.210239,
            2.676134,
            3.289975,
            0.085018,
            4.471851,
            -0.018071,
            -5.267345,
            -9.646049,
            2.559339,
            5.297009,
            10.448021,
            3.409928,
            2.383098,
            -7.100421,
            -4.682567,
            5.915286,
            -2.107889,
            0.647734,
            0.363677,
            -0.494582,
            3.067967,
            -2.815164,
            -1.487077,
            -1.027727,
            2.517993
        ]
    },
    "image_size": [
        870,
        1918
    ],
    "process_time_in_milliseconds": 765
}
