{
    "props": {
        "face_rect": [
            -26,
            599,
            621,
            621
        ],
        "kp_eye_left_inner": [
            225,
            762
        ],
        "kp_eye_left_outer": [
            180,
            767
        ],
        "kp_eye_right_inner": [
            358,
            762
        ],
        "kp_eye_right_outer": [
            472,
            757
        ],
        "kp_mouth_left": [
            363,
            1019
        ],
        "kp_mouth_right": [
            170,
            999
        ],
        "kp_nose_tip": [
            230,
            846
        ],
        "kp_under_lip_bottom": [
            250,
            1039
        ],
        "kp_upper_lip_top": [
            240,
            960
        ],
        "features": [
            3.736273,
            4.379808,
            4.644915,
            -4.378673,
            3.417662,
            0.92652,
            -7.279876,
            0.922412,
            0.763767,
            3.508596,
            -8.24383,
            -6.226157,
            -4.280802,
            5.668963,
            5.370187,
            -10.455095,
            -7.219346,
            5.448398,
            3.494838,
            -0.94698,
            -1.431239,
            4.076706,
            -8.667268,
            -4.503998,
            7.152695,
            1.47375,
            -2.29872,
            -1.579577,
            3.572,
            1.230049,
            -0.722848,
            1.179384,
            -2.51242,
            -0.320784,
            -2.740003,
            5.451243,
            4.660213,
            1.846555,
            0.070863,
            2.606675,
            -0.925302,
            -3.94196,
            -8.741153,
            3.335547,
            2.492441,
            8.254063,
            5.811611,
            6.799459,
            -5.872386,
            -5.686187,
            4.932855,
            -0.512812,
            0.582962,
            -0.109362,
            2.043082,
            2.926863,
            -4.075766,
            1.873084,
            -2.312391,
            3.13441
        ]
    },
    "image_size": [
        870,
        1918
    ],
    "process_time_in_milliseconds": 942
}
