{
    "props": {
        "face_rect": [
            157,
            631,
            537,
            537
        ],
        "kp_eye_left_inner": [
            368,
            765
        ],
        "kp_eye_left_outer": [
            267,
            769
        ],
        "kp_eye_right_inner": [
            496,
            760
        ],
        "kp_eye_right_outer": [
            593,
            760
        ],
        "kp_mouth_left": [
            524,
            1008
        ],
        "kp_mouth_right": [
            326,
            1008
        ],
        "kp_nose_tip": [
            423,
            856
        ],
        "kp_under_lip_bottom": [
            423,
            1040
        ],
        "kp_upper_lip_top": [
            427,
            967
        ],
        "features": [
            2.499581,
            4.112936,
            6.58452,
            -6.163464,
            4.90358,
            1.687876,
            -5.102472,
            1.726292,
            -0.22629,
            6.232863,
            -7.84762,
            -8.131391,
            -3.860855,
            6.803284,
            5.18703,
            -11.768413,
            -5.915904,
            4.485744,
            4.49213,
            -0.016668,
            -2.579786,
            3.03418,
            -9.871129,
            -7.133662,
            7.124119,
            2.856935,
            -1.509515,
            -0.059039,
            6.636285,
            1.439744,
            -0.766263,
            3.437073,
            -2.03215,
            -3.073972,
            -2.204473,
            3.255998,
            3.13792,
            4.371836,
            -1.358026,
            3.474562,
            -2.861838,
            -6.136374,
            -8.404158,
            2.652713,
            4.872464,
            8.40557,
            5.05039,
            4.526846,
            -7.60658,
            -3.78019,
            5.037352,
            -1.265368,
            1.210935,
            -0.035127,
            0.737069,
            2.936229,
            -4.482986,
            0.963696,
            -2.554101,
            2.713524
        ]
    },
    "image_size": [
        870,
        1918
    ],
    "process_time_in_milliseconds": 760
}
