{
    "props": {
        "face_rect": [
            198,
            614,
            487,
            487
        ],
        "kp_eye_left_inner": [
            381,
            744
        ],
        "kp_eye_left_outer": [
            284,
            753
        ],
        "kp_eye_right_inner": [
            504,
            739
        ],
        "kp_eye_right_outer": [
            596,
            739
        ],
        "kp_mouth_left": [
            543,
            959
        ],
        "kp_mouth_right": [
            345,
            968
        ],
        "kp_nose_tip": [
            446,
            796
        ],
        "kp_under_lip_bottom": [
            446,
            981
        ],
        "kp_upper_lip_top": [
            442,
            915
        ],
        "features": [
            3.22705,
            5.617265,
            6.646388,
            -6.510313,
            4.163622,
            2.08983,
            -6.003238,
            0.483379,
            1.770552,
            5.614161,
            -8.506342,
            -7.426096,
            -4.715906,
            7.06579,
            6.331136,
            -10.037604,
            -5.442923,
            2.846735,
            6.401757,
            -0.85182,
            -3.23997,
            4.332715,
            -8.457236,
            -6.80711,
            7.848747,
            3.621067,
            -1.035514,
            0.714661,
            7.558187,
            1.846514,
            0.012536,
            2.238514,
            -2.274455,
            -2.002045,
            -3.146038,
            3.684455,
            2.674073,
            4.963953,
            -1.261003,
            3.928058,
            -1.917449,
            -5.402412,
            -7.805132,
            2.595871,
            4.939786,
            9.594227,
            5.088253,
            3.675598,
            -7.374885,
            -3.630147,
            5.13023,
            -2.193501,
            -0.266022,
            0.512362,
            -0.067686,
            2.567441,
            -2.707942,
            -0.037804,
            -2.093788,
            3.016125
        ]
    },
    "image_size": [
        870,
        1918
    ],
    "process_time_in_milliseconds": 727
}
