{
    "props": {
        "face_rect": [
            76,
            604,
            585,
            585
        ],
        "kp_eye_left_inner": [
            320,
            758
        ],
        "kp_eye_left_outer": [
            238,
            763
        ],
        "kp_eye_right_inner": [
            450,
            758
        ],
        "kp_eye_right_outer": [
            556,
            753
        ],
        "kp_mouth_left": [
            460,
            1009
        ],
        "kp_mouth_right": [
            267,
            1004
        ],
        "kp_nose_tip": [
            339,
            845
        ],
        "kp_under_lip_bottom": [
            354,
            1043
        ],
        "kp_upper_lip_top": [
            354,
            970
        ],
        "features": [
            2.033882,
            6.182355,
            6.30277,
            -6.834361,
            3.576384,
            1.704101,
            -5.24288,
            1.380203,
            0.887304,
            4.639304,
            -8.492325,
            -7.25409,
            -4.744491,
            8.372808,
            5.25448,
            -9.836736,
            -5.616412,
            2.707471,
            4.803896,
            -0.92431,
            -2.253347,
            4.202357,
            -10.614002,
            -6.503447,
            8.121081,
            2.137228,
            -1.830556,
            0.407691,
            6.51326,
            1.371083,
            0.17016,
            2.541707,
            -1.950121,
            -2.332711,
            -2.235932,
            4.212202,
            3.976412,
            2.731051,
            -1.115048,
            2.201918,
            -2.010345,
            -4.272707,
            -8.214068,
            3.646273,
            4.017298,
            9.048573,
            4.36741,
            4.050875,
            -7.536981,
            -4.438176,
            5.084136,
            -2.007856,
            2.095166,
            -0.154881,
            0.25122,
            2.026315,
            -3.961592,
            0.535097,
            -0.940287,
            1.279337
        ]
    },
    "image_size": [
        870,
        1918
    ],
    "process_time_in_milliseconds": 1223
}
