{
    "props": {
        "face_rect": [
            -16,
            594,
            601,
            601
        ],
        "kp_eye_left_inner": [
            241,
            761
        ],
        "kp_eye_left_outer": [
            190,
            766
        ],
        "kp_eye_right_inner": [
            376,
            761
        ],
        "kp_eye_right_outer": [
            490,
            755
        ],
        "kp_mouth_left": [
            376,
            1019
        ],
        "kp_mouth_right": [
            190,
            1004
        ],
        "kp_nose_tip": [
            246,
            848
        ],
        "kp_under_lip_bottom": [
            262,
            1045
        ],
        "kp_upper_lip_top": [
            257,
            957
        ],
        "features": [
            2.425295,
            4.743974,
            5.487449,
            -4.893784,
            4.283499,
            0.495014,
            -6.159087,
            0.678778,
            0.549747,
            6.115662,
            -9.535952,
            -5.741815,
            -2.692737,
            6.598345,
            5.087292,
            -11.572456,
            -6.00333,
            4.023443,
            5.103512,
            0.366778,
            -1.630007,
            3.830752,
            -10.926428,
            -6.465894,
            8.155789,
            1.63987,
            0.488782,
            -2.244871,
            6.040187,
            1.496881,
            -0.18201,
            3.17922,
            -1.693741,
            -1.774784,
            -2.438002,
            4.080794,
            2.749882,
            1.545608,
            -0.111646,
            2.395932,
            -1.56348,
            -3.716379,
            -7.711377,
            4.08627,
            2.561372,
            8.058275,
            3.739184,
            4.259815,
            -7.518196,
            -4.279999,
            4.99726,
            -0.966164,
            1.478268,
            -1.227936,
            1.069319,
            2.900848,
            -4.72449,
            1.767639,
            -1.234784,
            1.905782
        ]
    },
    "image_size": [
        870,
        1918
    ],
    "process_time_in_milliseconds": 750
}
