{
    "props": {
        "face_rect": [
            -22,
            584,
            641,
            641
        ],
        "kp_eye_left_inner": [
            246,
            764
        ],
        "kp_eye_left_outer": [
            200,
            769
        ],
        "kp_eye_right_inner": [
            375,
            764
        ],
        "kp_eye_right_outer": [
            493,
            759
        ],
        "kp_mouth_left": [
            380,
            1021
        ],
        "kp_mouth_right": [
            184,
            1006
        ],
        "kp_nose_tip": [
            246,
            851
        ],
        "kp_under_lip_bottom": [
            267,
            1047
        ],
        "kp_upper_lip_top": [
            261,
            959
        ],
        "features": [
            3.516813,
            3.652872,
            5.301417,
            -4.3265,
            3.719611,
            0.220079,
            -6.516857,
            0.31019,
            1.414082,
            2.955589,
            -7.000115,
            -5.275476,
            -4.67905,
            6.788552,
            5.427869,
            -10.695363,
            -6.459328,
            4.311529,
            3.419348,
            0.052137,
            -1.153294,
            3.908454,
            -9.293689,
            -5.479311,
            7.286576,
            0.7787,
            -1.268408,
            -1.569181,
            3.56441,
            3.449521,
            -0.142982,
            0.311702,
            -2.989479,
            -1.036213,
            -2.558146,
            5.663099,
            4.631909,
            1.564471,
            0.192771,
            2.881168,
            -1.465998,
            -4.263584,
            -9.244558,
            3.700147,
            3.048811,
            8.820341,
            5.920458,
            6.710893,
            -5.943156,
            -5.353331,
            5.073198,
            -0.564512,
            0.788007,
            -0.690487,
            2.48557,
            4.207484,
            -4.25039,
            1.643826,
            -1.681527,
            2.140479
        ]
    },
    "image_size": [
        870,
        1918
    ],
    "process_time_in_milliseconds": 729
}
