{
    "props": {
        "face_rect": [
            226,
            568,
            436,
            436
        ],
        "kp_eye_left_inner": [
            383,
            689
        ],
        "kp_eye_left_outer": [
            295,
            698
        ],
        "kp_eye_right_inner": [
            503,
            684
        ],
        "kp_eye_right_outer": [
            595,
            689
        ],
        "kp_mouth_left": [
            544,
            883
        ],
        "kp_mouth_right": [
            346,
            888
        ],
        "kp_nose_tip": [
            447,
            712
        ],
        "kp_under_lip_bottom": [
            447,
            897
        ],
        "kp_upper_lip_top": [
            447,
            828
        ],
        "features": [
            2.126699,
            5.785424,
            7.377721,
            -6.352983,
            3.182977,
            -0.823488,
            -4.256152,
            0.41077,
            4.483153,
            5.179782,
            -9.371749,
            -5.01143,
            -1.728426,
            6.165246,
            5.512805,
            -10.401434,
            -6.083073,
            1.603619,
            6.712339,
            1.085492,
            -4.858447,
            4.058764,
            -10.114851,
            -7.474714,
            8.719481,
            2.653533,
            0.787183,
            -0.301105,
            7.307903,
            2.046015,
            0.217451,
            2.499087,
            -1.441011,
            -1.279133,
            -2.308935,
            3.394097,
            3.5613,
            4.303955,
            -1.900887,
            4.833368,
            -0.135038,
            -3.869365,
            -5.600494,
            0.97327,
            5.030018,
            8.54342,
            4.008653,
            1.68132,
            -6.477026,
            -3.777967,
            4.550755,
            -3.063148,
            0.54157,
            0.586294,
            -1.7855,
            2.313977,
            -1.041085,
            -0.861503,
            -1.630291,
            2.5231
        ]
    },
    "image_size": [
        870,
        1918
    ],
    "process_time_in_milliseconds": 716
}
