{
    "props": {
        "face_rect": [
            253,
            570,
            401,
            401
        ],
        "kp_eye_left_inner": [
            394,
            678
        ],
        "kp_eye_left_outer": [
            303,
            692
        ],
        "kp_eye_right_inner": [
            511,
            674
        ],
        "kp_eye_right_outer": [
            593,
            683
        ],
        "kp_mouth_left": [
            561,
            855
        ],
        "kp_mouth_right": [
            362,
            851
        ],
        "kp_nose_tip": [
            457,
            678
        ],
        "kp_under_lip_bottom": [
            457,
            851
        ],
        "kp_upper_lip_top": [
            462,
            792
        ],
        "features": [
            2.900334,
            5.344666,
            5.723315,
            -3.109334,
            3.657051,
            1.014197,
            -3.882726,
            0.513973,
            2.400251,
            6.610216,
            -11.178938,
            -4.945739,
            -1.758158,
            4.417669,
            3.900327,
            -9.538414,
            -5.457987,
            2.524942,
            4.469571,
            1.289422,
            -3.282962,
            4.567439,
            -8.035528,
            -8.026508,
            6.373861,
            4.88761,
            1.947258,
            -1.100734,
            6.698371,
            0.382894,
            1.121637,
            3.194705,
            0.958745,
            -0.261393,
            -2.292187,
            1.575242,
            1.32583,
            4.343569,
            -2.811498,
            6.535052,
            1.502695,
            -1.74373,
            -5.731364,
            0.702786,
            6.084971,
            8.808398,
            3.010509,
            0.939284,
            -5.39599,
            -3.803307,
            3.290491,
            -4.050888,
            -0.703899,
            -0.248973,
            -2.750956,
            2.954161,
            -2.253618,
            0.706111,
            0.65433,
            4.749723
        ]
    },
    "image_size": [
        870,
        1918
    ],
    "process_time_in_milliseconds": 753
}
