{
    "props": {
        "face_rect": [
            144,
            633,
            538,
            538
        ],
        "kp_eye_left_inner": [
            355,
            770
        ],
        "kp_eye_left_outer": [
            255,
            770
        ],
        "kp_eye_right_inner": [
            482,
            760
        ],
        "kp_eye_right_outer": [
            582,
            756
        ],
        "kp_mouth_left": [
            514,
            1010
        ],
        "kp_mouth_right": [
            319,
            1014
        ],
        "kp_nose_tip": [
            410,
            860
        ],
        "kp_under_lip_bottom": [
            410,
            1041
        ],
        "kp_upper_lip_top": [
            414,
            973
        ],
        "features": [
            2.004709,
            4.417702,
            6.404913,
            -5.7985,
            4.491359,
            1.42357,
            -5.194513,
            2.518189,
            -0.223723,
            5.859499,
            -8.468019,
            -8.725146,
            -4.093397,
            7.210987,
            5.171025,
            -11.73108,
            -5.891672,
            4.361814,
            4.238356,
            -0.917484,
            -2.215934,
            2.748944,
            -10.304319,
            -7.370535,
            6.865192,
            2.873207,
            -1.706966,
            -0.332837,
            6.62403,
            1.338533,
            -0.405284,
            3.772275,
            -2.21819,
            -3.339272,
            -1.980331,
            3.70683,
            3.128135,
            3.858324,
            -0.90637,
            3.281068,
            -2.571759,
            -6.483426,
            -8.718224,
            2.722547,
            4.965247,
            7.945476,
            4.339478,
            4.422768,
            -7.727076,
            -3.494177,
            5.326231,
            -1.666103,
            1.765057,
            -0.20005,
            0.588973,
            2.539864,
            -4.349363,
            1.15033,
            -2.145711,
            2.36928
        ]
    },
    "image_size": [
        870,
        1918
    ],
    "process_time_in_milliseconds": 757
}
