{
    "props": {
        "face_rect": [
            171,
            627,
            554,
            554
        ],
        "kp_eye_left_inner": [
            384,
            767
        ],
        "kp_eye_left_outer": [
            285,
            767
        ],
        "kp_eye_right_inner": [
            516,
            762
        ],
        "kp_eye_right_outer": [
            615,
            757
        ],
        "kp_mouth_left": [
            549,
            1016
        ],
        "kp_mouth_right": [
            342,
            1021
        ],
        "kp_nose_tip": [
            450,
            856
        ],
        "kp_under_lip_bottom": [
            450,
            1049
        ],
        "kp_upper_lip_top": [
            450,
            979
        ],
        "features": [
            2.827748,
            4.414105,
            6.647999,
            -5.667294,
            5.37412,
            1.088164,
            -4.611387,
            1.851201,
            0.29266,
            5.414456,
            -8.65738,
            -8.717256,
            -4.799778,
            7.597818,
            5.317035,
            -11.416348,
            -5.778064,
            4.013038,
            4.310027,
            0.180034,
            -2.462913,
            3.568809,
            -10.215126,
            -5.759472,
            7.845231,
            2.83054,
            -1.73542,
            0.59006,
            6.345711,
            1.331984,
            -0.660288,
            3.508028,
            -1.341784,
            -2.399631,
            -2.094849,
            3.991342,
            3.476223,
            4.463274,
            -0.861706,
            3.371042,
            -2.413212,
            -6.673425,
            -8.651763,
            2.776481,
            4.734656,
            8.543749,
            4.396866,
            4.510384,
            -7.577227,
            -2.79555,
            4.885923,
            -0.551181,
            1.919435,
            0.677878,
            1.837888,
            2.872095,
            -4.550883,
            0.583492,
            -2.482479,
            1.942251
        ]
    },
    "image_size": [
        870,
        1918
    ],
    "process_time_in_milliseconds": 1187
}
