{
    "props": {
        "face_rect": [
            -15,
            596,
            592,
            592
        ],
        "kp_eye_left_inner": [
            241,
            763
        ],
        "kp_eye_left_outer": [
            191,
            763
        ],
        "kp_eye_right_inner": [
            369,
            758
        ],
        "kp_eye_right_outer": [
            481,
            752
        ],
        "kp_mouth_left": [
            369,
            1017
        ],
        "kp_mouth_right": [
            180,
            997
        ],
        "kp_nose_tip": [
            241,
            844
        ],
        "kp_under_lip_bottom": [
            257,
            1038
        ],
        "kp_upper_lip_top": [
            257,
            966
        ],
        "features": [
            1.83707,
            4.193566,
            5.282257,
            -5.251481,
            4.031384,
            0.331376,
            -5.671424,
            0.582929,
            0.609674,
            6.51104,
            -8.665359,
            -5.51998,
            -2.472231,
            5.563727,
            4.808652,
            -11.606822,
            -6.02098,
            4.438303,
            5.269199,
            0.506728,
            -1.937536,
            3.575566,
            -10.325497,
            -6.489258,
            8.665865,
            2.0898,
            0.781939,
            -2.315617,
            6.012155,
            1.30587,
            -0.497305,
            3.3188,
            -1.940766,
            -1.663725,
            -2.433618,
            4.358655,
            2.316076,
            1.939409,
            -0.23729,
            2.033928,
            -2.306188,
            -3.676617,
            -7.484613,
            3.637321,
            2.372157,
            7.815819,
            3.975745,
            4.474528,
            -7.472251,
            -4.210677,
            4.477103,
            -0.898647,
            1.532899,
            -0.61867,
            0.920904,
            2.642196,
            -4.602964,
            1.802421,
            -1.607386,
            2.259323
        ]
    },
    "image_size": [
        870,
        1918
    ],
    "process_time_in_milliseconds": 981
}
