{
    "props": {
        "face_rect": [
            237,
            630,
            549,
            549
        ],
        "kp_eye_left_inner": [
            445,
            766
        ],
        "kp_eye_left_outer": [
            337,
            766
        ],
        "kp_eye_right_inner": [
            572,
            771
        ],
        "kp_eye_right_outer": [
            665,
            771
        ],
        "kp_mouth_left": [
            606,
            1015
        ],
        "kp_mouth_right": [
            401,
            1025
        ],
        "kp_nose_tip": [
            528,
            854
        ],
        "kp_under_lip_bottom": [
            518,
            1049
        ],
        "kp_upper_lip_top": [
            523,
            971
        ],
        "features": [
            2.866174,
            4.751275,
            7.745576,
            -5.2429,
            5.108088,
            0.837718,
            -6.253702,
            1.66061,
            0.687178,
            5.794552,
            -7.383273,
            -7.462969,
            -4.330058,
            8.131242,
            4.705405,
            -10.425299,
            -6.148703,
            3.765689,
            4.230713,
            -0.771453,
            -3.068363,
            3.315747,
            -9.581732,
            -7.505569,
            6.909241,
            3.346828,
            -0.063561,
            0.490753,
            6.645327,
            2.619125,
            -0.539569,
            3.366625,
            -1.933403,
            -2.60258,
            -2.422511,
            3.382807,
            2.586346,
            4.336958,
            0.063495,
            3.940309,
            -1.887718,
            -5.597307,
            -10.031228,
            3.43997,
            4.503196,
            10.099407,
            4.98771,
            3.179746,
            -7.30224,
            -3.298118,
            6.585974,
            -0.978548,
            1.046779,
            0.3396,
            -0.024853,
            2.812141,
            -2.865176,
            -0.417025,
            -1.636368,
            1.824519
        ]
    },
    "image_size": [
        870,
        1918
    ],
    "process_time_in_milliseconds": 771
}
