{
    "props": {
        "face_rect": [
            156,
            648,
            565,
            565
        ],
        "kp_eye_left_inner": [
            376,
            792
        ],
        "kp_eye_left_outer": [
            269,
            796
        ],
        "kp_eye_right_inner": [
            501,
            787
        ],
        "kp_eye_right_outer": [
            607,
            778
        ],
        "kp_mouth_left": [
            542,
            1037
        ],
        "kp_mouth_right": [
            343,
            1041
        ],
        "kp_nose_tip": [
            436,
            893
        ],
        "kp_under_lip_bottom": [
            440,
            1074
        ],
        "kp_upper_lip_top": [
            445,
            1000
        ],
        "features": [
            2.495871,
            4.325937,
            6.71398,
            -5.057886,
            4.421066,
            0.591105,
            -5.77804,
            2.012969,
            -0.357582,
            5.542863,
            -7.534527,
            -8.239342,
            -3.443948,
            7.577446,
            5.43925,
            -11.397,
            -5.545677,
            4.579682,
            3.803768,
            0.835673,
            -2.014305,
            2.776608,
            -10.878551,
            -8.088387,
            5.828611,
            1.947437,
            -1.249349,
            -0.955322,
            7.038458,
            2.07729,
            0.053998,
            3.024526,
            -2.449288,
            -2.602875,
            -2.127721,
            3.468471,
            3.101835,
            3.783156,
            -0.022371,
            3.228868,
            -2.205902,
            -5.878748,
            -9.364884,
            3.146942,
            5.321515,
            8.015534,
            4.247294,
            3.996657,
            -7.134092,
            -3.694514,
            6.427567,
            -0.803136,
            1.404312,
            -0.801975,
            0.656221,
            3.492553,
            -3.723391,
            0.827362,
            -1.172024,
            1.744189
        ]
    },
    "image_size": [
        870,
        1918
    ],
    "process_time_in_milliseconds": 826
}
