{
    "props": {
        "face_rect": [
            3,
            592,
            602,
            602
        ],
        "kp_eye_left_inner": [
            265,
            759
        ],
        "kp_eye_left_outer": [
            202,
            764
        ],
        "kp_eye_right_inner": [
            391,
            759
        ],
        "kp_eye_right_outer": [
            511,
            753
        ],
        "kp_mouth_left": [
            396,
            1020
        ],
        "kp_mouth_right": [
            197,
            1005
        ],
        "kp_nose_tip": [
            265,
            848
        ],
        "kp_under_lip_bottom": [
            281,
            1041
        ],
        "kp_upper_lip_top": [
            276,
            958
        ],
        "features": [
            1.63437,
            5.247868,
            5.903321,
            -6.358796,
            4.022531,
            1.302456,
            -5.062459,
            1.01514,
            0.855647,
            5.755088,
            -9.737658,
            -6.825322,
            -2.970302,
            8.497108,
            4.659962,
            -10.016238,
            -6.003345,
            2.524799,
            4.519623,
            0.253217,
            -1.222856,
            4.076822,
            -10.984872,
            -6.210395,
            8.850008,
            2.217725,
            0.005944,
            -0.359178,
            5.951227,
            1.675438,
            0.052435,
            3.30291,
            -1.123457,
            -2.158524,
            -1.571611,
            4.222566,
            2.647589,
            0.869858,
            -0.34701,
            2.547098,
            -2.095494,
            -3.841482,
            -7.644657,
            4.487366,
            3.890677,
            8.468475,
            3.849369,
            2.918073,
            -8.169452,
            -4.591647,
            4.160065,
            -1.77578,
            1.976216,
            -1.69436,
            0.878196,
            2.635387,
            -5.000521,
            1.30405,
            -0.875397,
            1.051992
        ]
    },
    "image_size": [
        870,
        1918
    ],
    "process_time_in_milliseconds": 1159
}
