{
    "props": {
        "face_rect": [
            -23,
            599,
            617,
            617
        ],
        "kp_eye_left_inner": [
            230,
            762
        ],
        "kp_eye_left_outer": [
            185,
            767
        ],
        "kp_eye_right_inner": [
            363,
            762
        ],
        "kp_eye_right_outer": [
            472,
            752
        ],
        "kp_mouth_left": [
            363,
            1019
        ],
        "kp_mouth_right": [
            175,
            999
        ],
        "kp_nose_tip": [
            235,
            846
        ],
        "kp_under_lip_bottom": [
            250,
            1034
        ],
        "kp_upper_lip_top": [
            245,
            964
        ],
        "features": [
            3.45412,
            4.116749,
            4.816236,
            -4.605846,
            3.984218,
            0.777473,
            -6.99225,
            0.702211,
            1.355188,
            3.798371,
            -7.580101,
            -6.072476,
            -4.630522,
            5.457158,
            5.931867,
            -11.380011,
            -7.024895,
            5.69241,
            3.845871,
            -0.441162,
            -1.356063,
            3.861298,
            -9.539636,
            -5.285834,
            7.272788,
            1.499227,
            -1.646411,
            -1.585541,
            3.737195,
            1.748829,
            -0.11761,
            1.191724,
            -2.573671,
            -0.689806,
            -2.838572,
            5.539946,
            4.68122,
            2.556351,
            0.259418,
            2.724651,
            -1.288386,
            -4.115353,
            -8.813907,
            2.97186,
            2.374291,
            8.064787,
            5.564911,
            7.007242,
            -5.372226,
            -5.423702,
            5.302041,
            -0.505378,
            0.731699,
            -0.01611,
            2.086479,
            3.590461,
            -4.136794,
            1.412051,
            -1.920999,
            2.851466
        ]
    },
    "image_size": [
        870,
        1918
    ],
    "process_time_in_milliseconds": 1044
}
