{
    "props": {
        "face_rect": [
            360,
            645,
            510,
            510
        ],
        "kp_eye_left_inner": [
            557,
            763
        ],
        "kp_eye_left_outer": [
            442,
            747
        ],
        "kp_eye_right_inner": [
            676,
            785
        ],
        "kp_eye_right_outer": [
            742,
            796
        ],
        "kp_mouth_left": [
            682,
            1008
        ],
        "kp_mouth_right": [
            513,
            1008
        ],
        "kp_nose_tip": [
            660,
            855
        ],
        "kp_under_lip_bottom": [
            611,
            1040
        ],
        "kp_upper_lip_top": [
            638,
            959
        ],
        "features": [
            2.927345,
            4.459512,
            7.565851,
            -4.968894,
            4.997051,
            -0.259131,
            -6.885077,
            0.503742,
            2.142568,
            6.144611,
            -10.046923,
            -7.163283,
            -2.569886,
            5.526281,
            4.623286,
            -10.656855,
            -7.247299,
            3.642077,
            5.402953,
            1.258489,
            -2.359639,
            2.488181,
            -9.480183,
            -6.966569,
            8.133379,
            2.667935,
            0.197577,
            -0.874891,
            5.946537,
            2.702585,
            -1.078758,
            3.818234,
            -0.993023,
            -0.664478,
            -1.907279,
            4.605245,
            2.875475,
            3.115283,
            -0.2666,
            4.766968,
            0.044364,
            -4.999915,
            -8.782513,
            3.181293,
            5.186164,
            9.911163,
            4.244243,
            3.974789,
            -7.825713,
            -4.427608,
            5.209942,
            -2.081271,
            0.352812,
            -0.610917,
            -0.010482,
            3.822557,
            -4.017956,
            -0.326253,
            -1.077293,
            2.360491
        ]
    },
    "image_size": [
        870,
        1918
    ],
    "process_time_in_milliseconds": 745
}
