{
    "props": {
        "face_rect": [
            256,
            632,
            534,
            534
        ],
        "kp_eye_left_inner": [
            460,
            758
        ],
        "kp_eye_left_outer": [
            355,
            753
        ],
        "kp_eye_right_inner": [
            589,
            773
        ],
        "kp_eye_right_outer": [
            675,
            773
        ],
        "kp_mouth_left": [
            613,
            1011
        ],
        "kp_mouth_right": [
            412,
            1006
        ],
        "kp_nose_tip": [
            546,
            854
        ],
        "kp_under_lip_bottom": [
            527,
            1040
        ],
        "kp_upper_lip_top": [
            531,
            968
        ],
        "features": [
            2.72031,
            4.931585,
            7.579859,
            -4.875784,
            5.335594,
            0.496296,
            -6.326232,
            2.128597,
            0.47567,
            5.659974,
            -7.25406,
            -7.646737,
            -3.615815,
            8.21193,
            4.437954,
            -10.402222,
            -6.504903,
            4.048511,
            3.654582,
            -0.577939,
            -2.780445,
            2.892192,
            -9.568563,
            -7.610718,
            6.661588,
            3.479081,
            -0.386806,
            0.168603,
            6.518578,
            2.491763,
            -0.764112,
            3.745198,
            -1.919766,
            -2.472554,
            -2.077919,
            3.13216,
            2.41645,
            3.642117,
            0.115193,
            3.841745,
            -1.526444,
            -5.492283,
            -10.14401,
            3.523968,
            4.963151,
            9.907244,
            4.889063,
            3.09903,
            -7.802541,
            -3.225264,
            6.431268,
            -0.583814,
            1.139459,
            0.052737,
            -0.446079,
            2.520153,
            -3.355712,
            -0.298054,
            -1.556635,
            2.150025
        ]
    },
    "image_size": [
        870,
        1918
    ],
    "process_time_in_milliseconds": 741
}
