{
    "props": {
        "face_rect": [
            237,
            560,
            407,
            407
        ],
        "kp_eye_left_inner": [
            379,
            680
        ],
        "kp_eye_left_outer": [
            295,
            689
        ],
        "kp_eye_right_inner": [
            507,
            670
        ],
        "kp_eye_right_outer": [
            582,
            675
        ],
        "kp_mouth_left": [
            544,
            859
        ],
        "kp_mouth_right": [
            346,
            859
        ],
        "kp_nose_tip": [
            441,
            689
        ],
        "kp_under_lip_bottom": [
            441,
            864
        ],
        "kp_upper_lip_top": [
            445,
            798
        ],
        "features": [
            2.100514,
            6.065685,
            7.264915,
            -4.432446,
            2.792763,
            -2.588793,
            -3.750554,
            -0.385566,
            4.205242,
            4.899901,
            -8.957326,
            -2.908638,
            -0.545531,
            5.159407,
            2.272796,
            -10.114824,
            -6.455409,
            2.499141,
            6.431763,
            2.778999,
            -4.676874,
            4.024773,
            -9.31758,
            -9.024698,
            7.504363,
            1.623781,
            2.495564,
            -0.392761,
            6.967123,
            1.652611,
            0.794008,
            1.881912,
            -0.988147,
            -0.397651,
            -1.625157,
            2.209855,
            4.564707,
            3.336252,
            -3.360628,
            5.294043,
            1.520075,
            -1.980503,
            -5.663672,
            -0.561715,
            6.406995,
            7.008759,
            4.079104,
            0.709602,
            -5.115086,
            -3.549331,
            5.560736,
            -3.441384,
            0.410128,
            1.347642,
            -3.010639,
            1.698541,
            -0.119329,
            -0.503387,
            -1.555945,
            2.280956
        ]
    },
    "image_size": [
        870,
        1918
    ],
    "process_time_in_milliseconds": 755
}
