{
    "props": {
        "face_rect": [
            174,
            627,
            550,
            550
        ],
        "kp_eye_left_inner": [
            385,
            763
        ],
        "kp_eye_left_outer": [
            286,
            763
        ],
        "kp_eye_right_inner": [
            517,
            763
        ],
        "kp_eye_right_outer": [
            620,
            759
        ],
        "kp_mouth_left": [
            545,
            1013
        ],
        "kp_mouth_right": [
            343,
            1017
        ],
        "kp_nose_tip": [
            451,
            853
        ],
        "kp_under_lip_bottom": [
            451,
            1045
        ],
        "kp_upper_lip_top": [
            451,
            975
        ],
        "features": [
            2.950736,
            4.486928,
            6.432132,
            -5.732965,
            5.190348,
            1.200148,
            -4.271533,
            1.443842,
            0.592979,
            5.222969,
            -8.311593,
            -8.282095,
            -5.064687,
            7.400287,
            5.25787,
            -11.279918,
            -5.535347,
            4.109066,
            4.393614,
            0.586904,
            -2.523468,
            3.327314,
            -10.444115,
            -6.208183,
            8.009235,
            2.631069,
            -1.366612,
            0.582102,
            6.724834,
            1.344189,
            -0.26928,
            3.203068,
            -1.212736,
            -2.770082,
            -2.178442,
            4.135095,
            3.443162,
            4.888807,
            -1.589124,
            3.002482,
            -2.354017,
            -5.821664,
            -9.136596,
            2.747854,
            4.34778,
            8.797276,
            4.595148,
            4.615916,
            -7.447565,
            -2.986771,
            4.928434,
            -0.690461,
            2.129977,
            0.518018,
            1.788961,
            2.951313,
            -4.359588,
            0.366615,
            -2.476845,
            2.017951
        ]
    },
    "image_size": [
        870,
        1918
    ],
    "process_time_in_milliseconds": 909
}
