{
    "props": {
        "face_rect": [
            255,
            595,
            383,
            383
        ],
        "kp_eye_left_inner": [
            386,
            675
        ],
        "kp_eye_left_outer": [
            300,
            684
        ],
        "kp_eye_right_inner": [
            513,
            666
        ],
        "kp_eye_right_outer": [
            586,
            675
        ],
        "kp_mouth_left": [
            554,
            838
        ],
        "kp_mouth_right": [
            354,
            838
        ],
        "kp_nose_tip": [
            454,
            661
        ],
        "kp_under_lip_bottom": [
            445,
            834
        ],
        "kp_upper_lip_top": [
            454,
            779
        ],
        "features": [
            3.104659,
            5.235582,
            6.587457,
            -1.467967,
            3.719486,
            0.981285,
            -3.877953,
            1.553833,
            2.07395,
            6.107757,
            -10.564064,
            -6.476336,
            -1.821208,
            4.039023,
            3.41149,
            -9.731769,
            -5.365542,
            2.632064,
            4.333659,
            0.371673,
            -3.874223,
            4.525598,
            -8.42505,
            -7.537323,
            4.780119,
            5.692143,
            1.035169,
            -0.918816,
            6.819577,
            -1.03864,
            1.516735,
            3.816704,
            1.051477,
            0.259621,
            -2.663856,
            1.689301,
            2.248262,
            5.406237,
            -3.254847,
            5.579384,
            1.657887,
            -0.449992,
            -5.647697,
            0.276859,
            6.813807,
            7.84937,
            2.899972,
            0.764271,
            -3.747415,
            -3.259566,
            4.511851,
            -4.133403,
            0.244809,
            -0.219049,
            -4.117931,
            1.93287,
            -0.822376,
            0.597035,
            1.077241,
            5.810683
        ]
    },
    "image_size": [
        870,
        1918
    ],
    "process_time_in_milliseconds": 732
}
