{
    "props": {
        "face_rect": [
            343,
            642,
            509,
            509
        ],
        "kp_eye_left_inner": [
            537,
            761
        ],
        "kp_eye_left_outer": [
            427,
            746
        ],
        "kp_eye_right_inner": [
            652,
            777
        ],
        "kp_eye_right_outer": [
            725,
            782
        ],
        "kp_mouth_left": [
            683,
            1013
        ],
        "kp_mouth_right": [
            490,
            1007
        ],
        "kp_nose_tip": [
            636,
            850
        ],
        "kp_under_lip_bottom": [
            605,
            1034
        ],
        "kp_upper_lip_top": [
            615,
            966
        ],
        "features": [
            2.788479,
            5.452731,
            7.679613,
            -5.118247,
            5.138899,
            0.383304,
            -5.838091,
            0.377905,
            1.614976,
            5.211381,
            -9.420324,
            -8.495935,
            -2.403096,
            6.429068,
            4.519228,
            -10.214818,
            -7.808216,
            3.131835,
            4.858742,
            0.824776,
            -3.231695,
            2.916358,
            -9.625879,
            -8.747474,
            7.050142,
            3.325008,
            0.238623,
            0.082219,
            6.575413,
            2.681022,
            -0.663657,
            4.186266,
            -0.531102,
            -1.388734,
            -2.053346,
            3.420268,
            2.405639,
            3.34454,
            -0.163523,
            4.584083,
            0.251729,
            -5.52828,
            -9.736318,
            2.60386,
            5.09622,
            10.915301,
            3.474496,
            2.58014,
            -7.541683,
            -4.971033,
            5.933058,
            -2.206667,
            0.423267,
            0.374916,
            -0.453847,
            3.091551,
            -3.153664,
            -1.231459,
            -1.051609,
            2.457626
        ]
    },
    "image_size": [
        870,
        1918
    ],
    "process_time_in_milliseconds": 714
}
