{
    "props": {
        "face_rect": [
            303,
            634,
            544,
            544
        ],
        "kp_eye_left_inner": [
            504,
            771
        ],
        "kp_eye_left_outer": [
            396,
            761
        ],
        "kp_eye_right_inner": [
            627,
            780
        ],
        "kp_eye_right_outer": [
            705,
            780
        ],
        "kp_mouth_left": [
            661,
            1021
        ],
        "kp_mouth_right": [
            465,
            1021
        ],
        "kp_nose_tip": [
            612,
            859
        ],
        "kp_under_lip_bottom": [
            587,
            1045
        ],
        "kp_upper_lip_top": [
            592,
            977
        ],
        "features": [
            2.871528,
            5.378691,
            7.27908,
            -6.080929,
            4.935617,
            0.400024,
            -5.603105,
            0.237961,
            1.005742,
            4.926759,
            -8.073013,
            -7.758877,
            -3.280584,
            7.035124,
            4.510979,
            -9.525444,
            -7.042726,
            3.430791,
            5.057186,
            1.95422,
            -2.630479,
            2.166307,
            -10.721329,
            -8.918455,
            7.159609,
            2.045499,
            -0.321425,
            -0.097425,
            7.034761,
            3.428375,
            -0.409639,
            2.787229,
            -1.110304,
            -1.932839,
            -1.542542,
            3.388653,
            3.456019,
            3.576673,
            -0.565392,
            4.101295,
            -0.111802,
            -5.356405,
            -10.156672,
            2.893387,
            5.050206,
            10.603064,
            4.125729,
            3.554748,
            -7.742978,
            -4.94957,
            5.54215,
            -2.233364,
            0.60199,
            -0.16117,
            -0.101731,
            3.457927,
            -3.088663,
            -1.636053,
            -1.843362,
            1.882901
        ]
    },
    "image_size": [
        870,
        1918
    ],
    "process_time_in_milliseconds": 782
}
