{
    "props": {
        "face_rect": [
            212,
            599,
            466,
            466
        ],
        "kp_eye_left_inner": [
            384,
            722
        ],
        "kp_eye_left_outer": [
            286,
            737
        ],
        "kp_eye_right_inner": [
            502,
            722
        ],
        "kp_eye_right_outer": [
            601,
            727
        ],
        "kp_mouth_left": [
            547,
            928
        ],
        "kp_mouth_right": [
            350,
            938
        ],
        "kp_nose_tip": [
            448,
            766
        ],
        "kp_under_lip_bottom": [
            448,
            948
        ],
        "kp_upper_lip_top": [
            453,
            879
        ],
        "features": [
            2.331007,
            4.688878,
            7.6398,
            -7.070906,
            3.360698,
            0.611578,
            -5.477124,
            0.704963,
            2.610197,
            6.016242,
            -8.589141,
            -6.580234,
            -3.361495,
            6.397629,
            7.06596,
            -10.167719,
            -5.954087,
            2.004889,
            7.682643,
            -0.228835,
            -4.709201,
            4.464949,
            -8.771289,
            -7.354993,
            8.891587,
            3.02272,
            0.189769,
            0.373735,
            8.241796,
            2.131315,
            0.580975,
            2.000622,
            -2.898427,
            -1.660871,
            -3.681223,
            3.324801,
            2.224089,
            5.999589,
            -1.974417,
            5.067555,
            -1.912661,
            -5.14272,
            -6.294918,
            1.243951,
            5.435832,
            9.093096,
            5.380742,
            2.872982,
            -7.962242,
            -2.783724,
            5.143203,
            -2.409364,
            -0.650975,
            0.572724,
            -1.183597,
            2.264609,
            -1.412331,
            -0.709022,
            -2.479909,
            3.129772
        ]
    },
    "image_size": [
        870,
        1918
    ],
    "process_time_in_milliseconds": 786
}
