{
    "props": {
        "face_rect": [
            145,
            674,
            579,
            579
        ],
        "kp_eye_left_inner": [
            371,
            822
        ],
        "kp_eye_left_outer": [
            268,
            822
        ],
        "kp_eye_right_inner": [
            501,
            817
        ],
        "kp_eye_right_outer": [
            608,
            804
        ],
        "kp_mouth_left": [
            538,
            1069
        ],
        "kp_mouth_right": [
            338,
            1078
        ],
        "kp_nose_tip": [
            436,
            943
        ],
        "kp_under_lip_bottom": [
            440,
            1111
        ],
        "kp_upper_lip_top": [
            436,
            1046
        ],
        "features": [
            2.152774,
            3.81724,
            6.17535,
            -5.56633,
            3.914622,
            0.893052,
            -5.701692,
            1.772709,
            -0.747186,
            5.421503,
            -6.359329,
            -7.31997,
            -3.19986,
            6.945239,
            4.700063,
            -11.095643,
            -5.704659,
            4.210656,
            3.986924,
            1.626117,
            -1.25249,
            2.437981,
            -11.821304,
            -7.905948,
            6.253612,
            0.962409,
            -1.237207,
            -1.085269,
            7.433298,
            1.885874,
            0.425268,
            1.724437,
            -3.324209,
            -2.854022,
            -1.259483,
            3.200696,
            3.462883,
            3.014367,
            0.41148,
            3.051559,
            -3.290432,
            -6.240397,
            -8.781392,
            3.326218,
            5.585961,
            6.218825,
            4.758977,
            4.621824,
            -7.11723,
            -3.357034,
            5.820076,
            -0.419562,
            1.797224,
            -1.565837,
            0.21314,
            3.77315,
            -4.604045,
            0.897702,
            -2.089075,
            1.445699
        ]
    },
    "image_size": [
        870,
        1918
    ],
    "process_time_in_milliseconds": 838
}
