{
    "props": {
        "face_rect": [
            192,
            642,
            551,
            551
        ],
        "kp_eye_left_inner": [
            404,
            779
        ],
        "kp_eye_left_outer": [
            298,
            779
        ],
        "kp_eye_right_inner": [
            535,
            779
        ],
        "kp_eye_right_outer": [
            637,
            774
        ],
        "kp_mouth_left": [
            569,
            1031
        ],
        "kp_mouth_right": [
            361,
            1031
        ],
        "kp_nose_tip": [
            472,
            871
        ],
        "kp_under_lip_bottom": [
            468,
            1060
        ],
        "kp_upper_lip_top": [
            472,
            988
        ],
        "features": [
            2.982172,
            4.291253,
            6.852886,
            -5.758819,
            4.827192,
            1.791224,
            -5.538229,
            1.612941,
            0.26397,
            5.96575,
            -7.921273,
            -8.494991,
            -4.319386,
            7.368234,
            5.072811,
            -11.446408,
            -6.31902,
            4.378316,
            4.57184,
            -0.15002,
            -2.542254,
            3.504557,
            -10.011478,
            -7.216222,
            7.221319,
            3.096674,
            -1.089607,
            0.429086,
            6.910608,
            1.297357,
            -0.067388,
            3.03992,
            -1.960449,
            -2.868297,
            -2.258541,
            3.533054,
            3.049407,
            4.466536,
            -0.973019,
            3.587191,
            -2.763957,
            -5.516846,
            -9.004942,
            3.142561,
            5.276371,
            8.543498,
            5.185297,
            4.231116,
            -7.14075,
            -3.549818,
            6.025981,
            -0.94459,
            1.466638,
            -0.099957,
            0.434259,
            2.82672,
            -4.076145,
            0.299302,
            -2.073369,
            2.459595
        ]
    },
    "image_size": [
        870,
        1918
    ],
    "process_time_in_milliseconds": 736
}
