{
    "props": {
        "face_rect": [
            189,
            641,
            548,
            548
        ],
        "kp_eye_left_inner": [
            400,
            779
        ],
        "kp_eye_left_outer": [
            297,
            779
        ],
        "kp_eye_right_inner": [
            532,
            774
        ],
        "kp_eye_right_outer": [
            631,
            770
        ],
        "kp_mouth_left": [
            560,
            1028
        ],
        "kp_mouth_right": [
            358,
            1028
        ],
        "kp_nose_tip": [
            466,
            873
        ],
        "kp_under_lip_bottom": [
            462,
            1056
        ],
        "kp_upper_lip_top": [
            466,
            986
        ],
        "features": [
            2.758112,
            4.3872,
            6.599149,
            -6.001937,
            5.03433,
            1.630559,
            -5.244363,
            1.673184,
            0.191925,
            6.214959,
            -8.100332,
            -8.585814,
            -4.340251,
            6.960616,
            5.181507,
            -11.579663,
            -6.019104,
            4.781338,
            4.568337,
            0.147152,
            -2.388668,
            3.176819,
            -10.044304,
            -7.285775,
            7.374129,
            2.908852,
            -1.245224,
            0.281813,
            6.676769,
            1.282154,
            -0.173389,
            3.337513,
            -1.853343,
            -2.795483,
            -2.359414,
            3.637586,
            3.178985,
            4.516417,
            -0.96972,
            3.464389,
            -2.69609,
            -5.782473,
            -8.858609,
            2.912332,
            5.075702,
            8.504968,
            4.814951,
            4.355164,
            -7.22604,
            -3.56926,
            5.697424,
            -1.028826,
            1.484751,
            0.066389,
            0.843612,
            2.96172,
            -4.220659,
            0.410218,
            -2.241166,
            2.397982
        ]
    },
    "image_size": [
        870,
        1918
    ],
    "process_time_in_milliseconds": 793
}
