{
    "props": {
        "face_rect": [
            89,
            759,
            626,
            626
        ],
        "kp_eye_left_inner": [
            341,
            928
        ],
        "kp_eye_left_outer": [
            238,
            923
        ],
        "kp_eye_right_inner": [
            479,
            919
        ],
        "kp_eye_right_outer": [
            582,
            899
        ],
        "kp_mouth_left": [
            523,
            1179
        ],
        "kp_mouth_right": [
            316,
            1189
        ],
        "kp_nose_tip": [
            415,
            1091
        ],
        "kp_under_lip_bottom": [
            429,
            1248
        ],
        "kp_upper_lip_top": [
            420,
            1174
        ],
        "features": [
            -0.6687,
            0.597643,
            6.115633,
            -3.274882,
            4.341892,
            3.034617,
            -1.270679,
            3.931532,
            -1.037803,
            3.097149,
            -5.863383,
            -5.335272,
            -2.563194,
            3.792396,
            3.515671,
            -10.99676,
            -7.576919,
            2.889735,
            0.113551,
            0.849099,
            1.351604,
            0.479039,
            -10.618711,
            -6.224093,
            3.032526,
            1.385141,
            1.189137,
            -2.68063,
            5.541805,
            2.447959,
            -0.393662,
            1.567218,
            -3.360321,
            -2.025234,
            1.935515,
            1.688762,
            2.248877,
            2.077516,
            3.457885,
            5.429811,
            -2.781467,
            -9.814419,
            -6.631263,
            3.089324,
            7.172615,
            3.256516,
            2.988452,
            4.085625,
            -4.868836,
            -6.020607,
            3.29675,
            -1.955827,
            2.995235,
            0.31321,
            -2.178288,
            5.578265,
            -6.322963,
            2.782927,
            -1.411218,
            0.973346
        ]
    },
    "image_size": [
        870,
        1918
    ],
    "process_time_in_milliseconds": 836
}
