{
    "props": {
        "face_rect": [
            179,
            628,
            543,
            543
        ],
        "kp_eye_left_inner": [
            396,
            762
        ],
        "kp_eye_left_outer": [
            295,
            762
        ],
        "kp_eye_right_inner": [
            524,
            762
        ],
        "kp_eye_right_outer": [
            616,
            766
        ],
        "kp_mouth_left": [
            547,
            1010
        ],
        "kp_mouth_right": [
            345,
            1010
        ],
        "kp_nose_tip": [
            451,
            854
        ],
        "kp_under_lip_bottom": [
            446,
            1037
        ],
        "kp_upper_lip_top": [
            455,
            968
        ],
        "features": [
            3.01608,
            4.050888,
            6.880757,
            -5.817887,
            4.577379,
            1.430336,
            -5.370873,
            1.480373,
            -0.36537,
            6.518774,
            -7.861233,
            -8.119102,
            -3.732047,
            7.139618,
            4.809645,
            -10.684934,
            -5.501271,
            4.000189,
            4.947992,
            0.700606,
            -2.656749,
            2.687649,
            -10.233009,
            -6.680647,
            7.08715,
            2.470707,
            -1.365119,
            0.102957,
            6.68801,
            1.598476,
            -0.441053,
            3.503814,
            -1.690324,
            -2.480676,
            -2.449353,
            3.395688,
            3.237778,
            4.69019,
            -1.196839,
            3.421806,
            -2.165529,
            -5.414175,
            -8.165251,
            2.977804,
            5.504993,
            8.486888,
            5.335021,
            4.390369,
            -7.43268,
            -3.424257,
            5.139283,
            -1.416476,
            1.091565,
            -0.596909,
            0.298702,
            3.105921,
            -3.70909,
            0.354479,
            -2.402507,
            2.900773
        ]
    },
    "image_size": [
        870,
        1918
    ],
    "process_time_in_milliseconds": 786
}
