{
    "props": {
        "face_rect": [
            261,
            583,
            378,
            378
        ],
        "kp_eye_left_inner": [
            387,
            672
        ],
        "kp_eye_left_outer": [
            310,
            685
        ],
        "kp_eye_right_inner": [
            514,
            667
        ],
        "kp_eye_right_outer": [
            591,
            676
        ],
        "kp_mouth_left": [
            555,
            839
        ],
        "kp_mouth_right": [
            355,
            839
        ],
        "kp_nose_tip": [
            451,
            672
        ],
        "kp_under_lip_bottom": [
            451,
            835
        ],
        "kp_upper_lip_top": [
            455,
            776
        ],
        "features": [
            2.787983,
            5.272237,
            6.421321,
            -1.867577,
            3.447969,
            0.851222,
            -3.599232,
            1.284191,
            2.371506,
            6.036938,
            -10.844772,
            -6.431786,
            -1.806922,
            3.649633,
            2.990685,
            -9.648826,
            -5.314115,
            2.489481,
            4.262665,
            0.028402,
            -3.967522,
            4.240406,
            -7.978769,
            -7.770537,
            4.730986,
            6.100249,
            0.973642,
            -0.875865,
            6.872077,
            -1.25391,
            1.505813,
            3.895841,
            1.123096,
            -0.48397,
            -2.510092,
            1.508733,
            2.363117,
            5.277227,
            -3.340745,
            5.440113,
            1.414079,
            -0.92753,
            -5.865884,
            0.245766,
            6.182779,
            7.446594,
            2.419115,
            0.063596,
            -3.660656,
            -3.405425,
            4.513089,
            -4.856864,
            0.556622,
            0.151867,
            -3.979053,
            1.648093,
            -0.313226,
            0.71895,
            0.747019,
            5.006068
        ]
    },
    "image_size": [
        870,
        1918
    ],
    "process_time_in_milliseconds": 757
}
