{
    "props": {
        "face_rect": [
            -23,
            596,
            598,
            598
        ],
        "kp_eye_left_inner": [
            235,
            762
        ],
        "kp_eye_left_outer": [
            184,
            767
        ],
        "kp_eye_right_inner": [
            367,
            762
        ],
        "kp_eye_right_outer": [
            479,
            752
        ],
        "kp_mouth_left": [
            367,
            1022
        ],
        "kp_mouth_right": [
            184,
            996
        ],
        "kp_nose_tip": [
            240,
            849
        ],
        "kp_under_lip_bottom": [
            250,
            1037
        ],
        "kp_upper_lip_top": [
            250,
            971
        ],
        "features": [
            1.974633,
            4.3063,
            5.003497,
            -5.244391,
            3.543625,
            0.653546,
            -5.572604,
            0.816762,
            -0.355298,
            6.044406,
            -8.886923,
            -5.614819,
            -2.54947,
            5.744938,
            4.178041,
            -10.63256,
            -6.317156,
            4.422242,
            4.604188,
            0.292277,
            -1.473427,
            3.752614,
            -10.309303,
            -6.959162,
            8.274231,
            1.88014,
            0.272905,
            -2.554247,
            5.437643,
            1.412775,
            -0.297905,
            2.436038,
            -2.06146,
            -1.489228,
            -1.995676,
            4.22713,
            2.442074,
            0.924124,
            -0.26226,
            2.451596,
            -2.020597,
            -3.280472,
            -8.088152,
            3.507103,
            2.293959,
            8.263643,
            4.005522,
            4.692825,
            -7.600202,
            -4.763524,
            4.209255,
            -1.233775,
            1.80133,
            -1.174616,
            0.727652,
            2.655898,
            -5.031151,
            2.078371,
            -1.411307,
            2.508132
        ]
    },
    "image_size": [
        870,
        1918
    ],
    "process_time_in_milliseconds": 785
}
