{
    "props": {
        "face_rect": [
            194,
            634,
            546,
            546
        ],
        "kp_eye_left_inner": [
            402,
            769
        ],
        "kp_eye_left_outer": [
            303,
            774
        ],
        "kp_eye_right_inner": [
            533,
            769
        ],
        "kp_eye_right_outer": [
            631,
            764
        ],
        "kp_mouth_left": [
            565,
            1017
        ],
        "kp_mouth_right": [
            364,
            1022
        ],
        "kp_nose_tip": [
            472,
            862
        ],
        "kp_under_lip_bottom": [
            467,
            1050
        ],
        "kp_upper_lip_top": [
            472,
            975
        ],
        "features": [
            2.948868,
            4.606462,
            7.085497,
            -6.090141,
            4.766844,
            1.859658,
            -5.923408,
            1.402469,
            0.315801,
            6.38961,
            -8.160858,
            -8.123015,
            -4.53932,
            7.174511,
            4.925223,
            -11.2774,
            -6.011784,
            3.927142,
            4.984168,
            -0.39755,
            -2.674497,
            3.709744,
            -9.951193,
            -7.092838,
            7.40448,
            3.65852,
            -1.125695,
            0.482222,
            7.157425,
            1.204758,
            -0.310769,
            3.088073,
            -2.062396,
            -2.611635,
            -2.163834,
            3.564407,
            3.084836,
            4.533554,
            -0.961926,
            3.604005,
            -2.977354,
            -5.780496,
            -9.128249,
            2.977131,
            4.719708,
            8.547719,
            5.25753,
            3.919964,
            -7.346763,
            -3.675341,
            5.787277,
            -1.732248,
            1.196736,
            -0.097362,
            0.195385,
            2.83856,
            -3.902047,
            0.668623,
            -2.27843,
            2.490858
        ]
    },
    "image_size": [
        870,
        1918
    ],
    "process_time_in_milliseconds": 753
}
