{
    "props": {
        "face_rect": [
            93,
            621,
            560,
            560
        ],
        "kp_eye_left_inner": [
            323,
            768
        ],
        "kp_eye_left_outer": [
            234,
            773
        ],
        "kp_eye_right_inner": [
            448,
            758
        ],
        "kp_eye_right_outer": [
            557,
            748
        ],
        "kp_mouth_left": [
            478,
            1012
        ],
        "kp_mouth_right": [
            279,
            1017
        ],
        "kp_nose_tip": [
            348,
            852
        ],
        "kp_under_lip_bottom": [
            368,
            1046
        ],
        "kp_upper_lip_top": [
            363,
            977
        ],
        "features": [
            1.81533,
            5.166488,
            6.571234,
            -6.381898,
            3.63815,
            2.102831,
            -5.807543,
            1.296286,
            1.006401,
            5.565596,
            -8.587367,
            -7.310632,
            -5.099595,
            7.717833,
            4.918779,
            -10.274594,
            -6.227,
            3.089615,
            5.101702,
            -1.512334,
            -2.293531,
            4.0021,
            -9.955214,
            -7.102594,
            7.755912,
            2.719087,
            -0.862551,
            0.233429,
            6.626667,
            1.617957,
            0.165944,
            2.506711,
            -2.109282,
            -2.956125,
            -1.989477,
            4.02208,
            3.591063,
            3.136918,
            -1.384504,
            3.186843,
            -2.342936,
            -4.428525,
            -8.557485,
            3.75229,
            4.250319,
            9.083175,
            4.720482,
            3.743278,
            -7.528213,
            -4.428842,
            5.452527,
            -2.943427,
            1.073636,
            -0.250282,
            0.072499,
            2.026652,
            -3.690196,
            0.612494,
            -1.033035,
            1.28466
        ]
    },
    "image_size": [
        870,
        1918
    ],
    "process_time_in_milliseconds": 740
}
