{
    "props": {
        "face_rect": [
            141,
            615,
            559,
            559
        ],
        "kp_eye_left_inner": [
            365,
            760
        ],
        "kp_eye_left_outer": [
            269,
            760
        ],
        "kp_eye_right_inner": [
            496,
            755
        ],
        "kp_eye_right_outer": [
            597,
            755
        ],
        "kp_mouth_left": [
            520,
            1006
        ],
        "kp_mouth_right": [
            317,
            1011
        ],
        "kp_nose_tip": [
            414,
            847
        ],
        "kp_under_lip_bottom": [
            414,
            1040
        ],
        "kp_upper_lip_top": [
            418,
            963
        ],
        "features": [
            2.437319,
            4.646134,
            6.603335,
            -5.566103,
            4.976933,
            1.503866,
            -4.683482,
            2.010941,
            0.64594,
            5.300508,
            -7.922789,
            -8.288187,
            -4.842776,
            7.055522,
            5.068291,
            -11.619346,
            -5.485948,
            4.225606,
            4.251452,
            -0.481202,
            -2.572012,
            3.359727,
            -10.190678,
            -6.755659,
            7.860654,
            2.798158,
            -1.499961,
            0.653976,
            6.477492,
            1.191391,
            -0.463409,
            3.702296,
            -1.725954,
            -2.838397,
            -2.448934,
            4.229848,
            3.032008,
            4.393219,
            -1.314272,
            2.65732,
            -2.680553,
            -5.904014,
            -9.197584,
            2.775245,
            4.308467,
            8.668702,
            4.768166,
            4.790833,
            -7.582247,
            -3.285069,
            4.984524,
            -0.832726,
            2.115616,
            0.233946,
            1.373762,
            2.763367,
            -4.686743,
            0.760691,
            -2.368448,
            2.29993
        ]
    },
    "image_size": [
        870,
        1918
    ],
    "process_time_in_milliseconds": 1052
}
