{
    "props": {
        "face_rect": [
            351,
            648,
            502,
            502
        ],
        "kp_eye_left_inner": [
            542,
            765
        ],
        "kp_eye_left_outer": [
            436,
            749
        ],
        "kp_eye_right_inner": [
            664,
            781
        ],
        "kp_eye_right_outer": [
            728,
            786
        ],
        "kp_mouth_left": [
            675,
            1009
        ],
        "kp_mouth_right": [
            489,
            1014
        ],
        "kp_nose_tip": [
            648,
            855
        ],
        "kp_under_lip_bottom": [
            606,
            1035
        ],
        "kp_upper_lip_top": [
            611,
            966
        ],
        "features": [
            2.168641,
            4.764552,
            7.574212,
            -5.096893,
            5.343773,
            0.497599,
            -5.969576,
            1.069443,
            1.49077,
            5.74474,
            -10.351744,
            -8.325263,
            -2.562149,
            6.442288,
            4.667221,
            -10.779895,
            -7.949789,
            3.081276,
            4.654797,
            0.445297,
            -2.107841,
            2.392225,
            -9.84084,
            -7.681119,
            7.079222,
            3.67661,
            0.329373,
            -0.346554,
            6.259939,
            2.468847,
            -0.694634,
            4.619323,
            -0.753939,
            -1.366735,
            -1.188251,
            3.880748,
            2.44577,
            2.99514,
            -0.414178,
            4.893847,
            0.108941,
            -5.885162,
            -9.346668,
            2.551755,
            5.35709,
            9.645225,
            3.693029,
            2.907743,
            -8.105295,
            -4.960135,
            5.480057,
            -2.998605,
            0.596184,
            -0.301713,
            -0.755742,
            3.418177,
            -4.211887,
            0.082067,
            -0.856881,
            2.550789
        ]
    },
    "image_size": [
        870,
        1918
    ],
    "process_time_in_milliseconds": 756
}
