{
    "props": {
        "face_rect": [
            190,
            624,
            521,
            521
        ],
        "kp_eye_left_inner": [
            389,
            764
        ],
        "kp_eye_left_outer": [
            286,
            769
        ],
        "kp_eye_right_inner": [
            511,
            755
        ],
        "kp_eye_right_outer": [
            604,
            755
        ],
        "kp_mouth_left": [
            553,
            989
        ],
        "kp_mouth_right": [
            347,
            998
        ],
        "kp_nose_tip": [
            455,
            825
        ],
        "kp_under_lip_bottom": [
            455,
            1017
        ],
        "kp_upper_lip_top": [
            455,
            951
        ],
        "features": [
            3.06355,
            4.350659,
            7.369942,
            -5.145226,
            5.000439,
            1.52978,
            -6.270554,
            2.02232,
            0.478719,
            6.598624,
            -8.711349,
            -8.519305,
            -4.107035,
            7.424662,
            5.775799,
            -11.802594,
            -4.894339,
            3.961423,
            5.979332,
            -1.628108,
            -3.173078,
            3.870566,
            -9.432904,
            -7.09686,
            6.404305,
            3.218206,
            -0.770194,
            0.053406,
            7.017275,
            2.018163,
            -0.250482,
            3.268144,
            -2.402747,
            -2.932252,
            -2.965032,
            3.47397,
            2.981806,
            4.930887,
            -0.746782,
            4.197244,
            -2.366318,
            -5.88271,
            -7.505702,
            2.470479,
            5.39792,
            8.62798,
            4.419657,
            4.082843,
            -6.368867,
            -2.269302,
            6.212986,
            -1.232887,
            0.499699,
            -0.403162,
            0.322474,
            2.717393,
            -2.874636,
            0.478898,
            -2.060612,
            3.169936
        ]
    },
    "image_size": [
        870,
        1918
    ],
    "process_time_in_milliseconds": 760
}
