{
    "props": {
        "face_rect": [
            144,
            749,
            592,
            592
        ],
        "kp_eye_left_inner": [
            375,
            892
        ],
        "kp_eye_left_outer": [
            259,
            887
        ],
        "kp_eye_right_inner": [
            514,
            887
        ],
        "kp_eye_right_outer": [
            615,
            869
        ],
        "kp_mouth_left": [
            546,
            1151
        ],
        "kp_mouth_right": [
            342,
            1160
        ],
        "kp_nose_tip": [
            444,
            1049
        ],
        "kp_under_lip_bottom": [
            453,
            1206
        ],
        "kp_upper_lip_top": [
            449,
            1142
        ],
        "features": [
            -0.644124,
            0.362764,
            6.053583,
            -4.372756,
            5.471526,
            1.428748,
            -4.556948,
            4.905953,
            -1.353785,
            6.212664,
            -6.744156,
            -4.719738,
            -3.280603,
            4.461643,
            3.750348,
            -12.035063,
            -6.860986,
            4.096321,
            -0.230616,
            -0.491418,
            0.99752,
            1.025449,
            -9.656528,
            -8.268315,
            3.980271,
            2.493112,
            1.805794,
            -2.75616,
            4.981838,
            3.138917,
            -0.387148,
            2.139644,
            -3.499741,
            -2.612149,
            0.991567,
            0.627842,
            2.0344,
            1.864526,
            3.782821,
            6.856976,
            -3.517659,
            -8.833364,
            -7.270668,
            4.196709,
            5.779167,
            4.191856,
            2.678535,
            2.848315,
            -5.529306,
            -5.371737,
            4.273385,
            -3.210286,
            1.20247,
            -0.604551,
            -2.014071,
            5.793594,
            -4.568132,
            1.030555,
            -1.272846,
            0.044404
        ]
    },
    "image_size": [
        870,
        1918
    ],
    "process_time_in_milliseconds": 780
}
