{
    "props": {
        "face_rect": [
            345,
            640,
            519,
            519
        ],
        "kp_eye_left_inner": [
            546,
            760
        ],
        "kp_eye_left_outer": [
            432,
            744
        ],
        "kp_eye_right_inner": [
            665,
            777
        ],
        "kp_eye_right_outer": [
            736,
            788
        ],
        "kp_mouth_left": [
            687,
            1016
        ],
        "kp_mouth_right": [
            491,
            1016
        ],
        "kp_nose_tip": [
            655,
            858
        ],
        "kp_under_lip_bottom": [
            611,
            1038
        ],
        "kp_upper_lip_top": [
            611,
            967
        ],
        "features": [
            2.755467,
            5.37188,
            7.202033,
            -5.721446,
            6.068713,
            0.354563,
            -5.537973,
            1.068874,
            0.976066,
            5.692954,
            -10.019063,
            -8.26931,
            -3.319867,
            6.832291,
            4.956442,
            -11.253572,
            -7.110582,
            3.49729,
            4.917533,
            0.901055,
            -2.042162,
            2.930164,
            -9.882528,
            -8.360786,
            7.724168,
            3.354147,
            -0.167833,
            -0.191925,
            6.344503,
            2.641343,
            -0.306712,
            4.119479,
            -0.896975,
            -1.168669,
            -1.977928,
            3.40635,
            2.937874,
            3.112893,
            -0.486662,
            4.45031,
            -0.240178,
            -5.707918,
            -9.106225,
            2.789433,
            5.506561,
            9.939806,
            3.319379,
            3.629033,
            -7.922544,
            -4.682016,
            5.543324,
            -2.351814,
            1.1053,
            0.207065,
            -0.35283,
            3.502817,
            -4.270722,
            -0.642409,
            -1.24018,
            2.6003
        ]
    },
    "image_size": [
        870,
        1918
    ],
    "process_time_in_milliseconds": 764
}
