{
    "props": {
        "face_rect": [
            117,
            624,
            556,
            556
        ],
        "kp_eye_left_inner": [
            343,
            768
        ],
        "kp_eye_left_outer": [
            244,
            773
        ],
        "kp_eye_right_inner": [
            470,
            759
        ],
        "kp_eye_right_outer": [
            574,
            754
        ],
        "kp_mouth_left": [
            494,
            1013
        ],
        "kp_mouth_right": [
            296,
            1018
        ],
        "kp_nose_tip": [
            380,
            853
        ],
        "kp_under_lip_bottom": [
            390,
            1046
        ],
        "kp_upper_lip_top": [
            390,
            976
        ],
        "features": [
            2.447915,
            5.346135,
            6.950591,
            -5.847935,
            4.502865,
            2.089017,
            -5.95804,
            2.110346,
            0.891917,
            5.651736,
            -8.797796,
            -7.348051,
            -5.448843,
            7.86388,
            4.951532,
            -11.5481,
            -6.61127,
            3.524212,
            4.569753,
            -1.67108,
            -2.034141,
            3.703938,
            -10.688301,
            -7.144201,
            7.279399,
            3.056815,
            -1.075372,
            0.315631,
            6.690929,
            1.240905,
            -0.053857,
            2.907304,
            -2.002965,
            -3.146597,
            -1.583881,
            3.569718,
            3.709492,
            3.69888,
            -0.768032,
            4.148298,
            -2.226071,
            -6.017253,
            -9.033014,
            3.276377,
            4.507399,
            8.348439,
            4.656015,
            3.833008,
            -7.421947,
            -3.863743,
            5.982971,
            -2.501155,
            1.521202,
            0.305311,
            -0.050309,
            2.351914,
            -4.360146,
            0.693845,
            -1.408737,
            1.274316
        ]
    },
    "image_size": [
        870,
        1918
    ],
    "process_time_in_milliseconds": 762
}
