{
    "props": {
        "face_rect": [
            184,
            610,
            519,
            519
        ],
        "kp_eye_left_inner": [
            383,
            742
        ],
        "kp_eye_left_outer": [
            284,
            751
        ],
        "kp_eye_right_inner": [
            510,
            737
        ],
        "kp_eye_right_outer": [
            610,
            737
        ],
        "kp_mouth_left": [
            542,
            977
        ],
        "kp_mouth_right": [
            342,
            982
        ],
        "kp_nose_tip": [
            442,
            814
        ],
        "kp_under_lip_bottom": [
            442,
            1004
        ],
        "kp_upper_lip_top": [
            447,
            936
        ],
        "features": [
            3.120769,
            4.872524,
            7.242383,
            -5.3163,
            4.601011,
            1.801757,
            -5.927627,
            1.46345,
            0.769688,
            6.017431,
            -9.016652,
            -8.656207,
            -4.5724,
            7.092583,
            5.641151,
            -11.39374,
            -5.456411,
            4.501477,
            5.285194,
            -0.832523,
            -3.164953,
            3.775353,
            -9.660524,
            -7.400744,
            6.433504,
            3.657289,
            -1.218383,
            0.284004,
            7.390303,
            1.285666,
            -0.19125,
            3.250186,
            -1.627677,
            -2.980467,
            -2.747294,
            3.667802,
            3.166698,
            5.57227,
            -1.713725,
            4.013822,
            -1.906213,
            -5.652537,
            -9.32099,
            2.083414,
            4.821874,
            9.026692,
            4.961944,
            3.857421,
            -6.826681,
            -3.391803,
            6.041006,
            -1.958886,
            0.698979,
            -0.127533,
            0.787926,
            2.830048,
            -3.026715,
            1.040731,
            -2.058436,
            2.739868
        ]
    },
    "image_size": [
        870,
        1918
    ],
    "process_time_in_milliseconds": 729
}
