{
    "props": {
        "face_rect": [
            181,
            630,
            530,
            530
        ],
        "kp_eye_left_inner": [
            383,
            769
        ],
        "kp_eye_left_outer": [
            284,
            774
        ],
        "kp_eye_right_inner": [
            509,
            760
        ],
        "kp_eye_right_outer": [
            602,
            760
        ],
        "kp_mouth_left": [
            551,
            998
        ],
        "kp_mouth_right": [
            345,
            1008
        ],
        "kp_nose_tip": [
            448,
            844
        ],
        "kp_under_lip_bottom": [
            453,
            1031
        ],
        "kp_upper_lip_top": [
            448,
            961
        ],
        "features": [
            2.396694,
            3.892927,
            7.199734,
            -4.612594,
            5.215586,
            1.789083,
            -5.570144,
            2.005662,
            0.421091,
            6.54685,
            -9.118065,
            -8.852375,
            -4.523885,
            6.835934,
            4.738766,
            -11.90501,
            -5.824198,
            4.287395,
            5.037165,
            -1.746807,
            -2.690044,
            3.076967,
            -9.477918,
            -7.441028,
            6.046559,
            3.698466,
            -0.236656,
            -0.038951,
            6.50844,
            1.850468,
            -0.330303,
            4.025768,
            -1.833881,
            -3.333637,
            -2.228607,
            3.572367,
            3.088725,
            4.621013,
            -0.734846,
            4.159515,
            -1.948373,
            -6.169578,
            -8.633683,
            2.692574,
            5.297996,
            8.570657,
            4.265927,
            3.75358,
            -6.478898,
            -3.325697,
            6.139969,
            -2.54584,
            1.090577,
            0.031738,
            0.139197,
            3.008854,
            -3.129186,
            0.875196,
            -1.873583,
            2.747362
        ]
    },
    "image_size": [
        870,
        1918
    ],
    "process_time_in_milliseconds": 780
}
