{
    "props": {
        "face_rect": [
            9,
            606,
            584,
            584
        ],
        "kp_eye_left_inner": [
            258,
            769
        ],
        "kp_eye_left_outer": [
            195,
            774
        ],
        "kp_eye_right_inner": [
            389,
            758
        ],
        "kp_eye_right_outer": [
            499,
            753
        ],
        "kp_mouth_left": [
            394,
            1020
        ],
        "kp_mouth_right": [
            195,
            1015
        ],
        "kp_nose_tip": [
            268,
            847
        ],
        "kp_under_lip_bottom": [
            279,
            1041
        ],
        "kp_upper_lip_top": [
            279,
            973
        ],
        "features": [
            1.569107,
            5.069456,
            5.116373,
            -5.50718,
            3.995919,
            1.448509,
            -5.658262,
            0.663229,
            0.49253,
            6.082029,
            -8.935621,
            -6.856863,
            -3.610665,
            6.572597,
            4.581965,
            -10.874223,
            -6.698707,
            4.28673,
            4.873371,
            0.283071,
            -1.847331,
            4.083545,
            -10.953314,
            -6.332078,
            8.409633,
            2.14566,
            -0.632496,
            -1.52541,
            6.390719,
            0.552454,
            -0.221338,
            3.219191,
            -1.18641,
            -2.166097,
            -2.066676,
            3.595006,
            3.615645,
            1.731024,
            -0.568856,
            1.771805,
            -1.92031,
            -3.453688,
            -7.653147,
            4.883254,
            3.429945,
            8.104458,
            3.895739,
            4.178987,
            -7.759062,
            -4.682811,
            4.374977,
            -1.703568,
            1.46324,
            -0.434961,
            0.850569,
            1.930778,
            -4.636667,
            1.143472,
            -1.043965,
            1.122634
        ]
    },
    "image_size": [
        870,
        1918
    ],
    "process_time_in_milliseconds": 797
}
