{
    "props": {
        "face_rect": [
            158,
            632,
            538,
            538
        ],
        "kp_eye_left_inner": [
            367,
            771
        ],
        "kp_eye_left_outer": [
            266,
            771
        ],
        "kp_eye_right_inner": [
            490,
            761
        ],
        "kp_eye_right_outer": [
            591,
            761
        ],
        "kp_mouth_left": [
            532,
            1009
        ],
        "kp_mouth_right": [
            325,
            1018
        ],
        "kp_nose_tip": [
            422,
            858
        ],
        "kp_under_lip_bottom": [
            431,
            1041
        ],
        "kp_upper_lip_top": [
            431,
            968
        ],
        "features": [
            2.755912,
            4.089953,
            6.896662,
            -5.623538,
            4.319987,
            1.605078,
            -5.644824,
            2.069801,
            0.096224,
            6.528898,
            -8.195548,
            -8.22101,
            -4.300019,
            6.504361,
            5.011395,
            -11.74647,
            -5.669536,
            4.96409,
            4.598354,
            -0.224245,
            -2.440853,
            3.33719,
            -9.893941,
            -7.602069,
            7.116312,
            2.719812,
            -1.227502,
            -0.026884,
            6.612921,
            1.131253,
            -0.315618,
            3.157153,
            -2.164179,
            -2.700763,
            -2.487926,
            3.8108,
            2.783217,
            4.562604,
            -0.705337,
            3.902436,
            -2.974554,
            -6.006912,
            -8.87972,
            2.742292,
            5.01144,
            8.172271,
            4.847527,
            4.415828,
            -7.089662,
            -3.4248,
            5.828067,
            -1.179846,
            1.368447,
            -0.16888,
            1.002714,
            3.057616,
            -4.24229,
            0.880462,
            -1.960291,
            2.0947
        ]
    },
    "image_size": [
        870,
        1918
    ],
    "process_time_in_milliseconds": 767
}
