{
    "props": {
        "face_rect": [
            181,
            636,
            548,
            548
        ],
        "kp_eye_left_inner": [
            394,
            773
        ],
        "kp_eye_left_outer": [
            291,
            773
        ],
        "kp_eye_right_inner": [
            524,
            769
        ],
        "kp_eye_right_outer": [
            626,
            764
        ],
        "kp_mouth_left": [
            556,
            1020
        ],
        "kp_mouth_right": [
            352,
            1029
        ],
        "kp_nose_tip": [
            454,
            866
        ],
        "kp_under_lip_bottom": [
            454,
            1052
        ],
        "kp_upper_lip_top": [
            459,
            982
        ],
        "features": [
            2.900596,
            4.313778,
            6.89379,
            -5.879591,
            4.618915,
            1.389258,
            -5.200633,
            2.32295,
            -0.11644,
            5.889049,
            -8.477131,
            -8.573586,
            -4.094368,
            7.270556,
            5.416277,
            -11.291338,
            -5.809288,
            4.614847,
            4.239465,
            -0.088883,
            -2.520331,
            2.972709,
            -10.445722,
            -7.437906,
            6.996009,
            2.374892,
            -1.609121,
            -0.046332,
            6.626492,
            1.284235,
            0.026161,
            3.059023,
            -1.950643,
            -3.067199,
            -2.52809,
            3.506505,
            3.295812,
            4.621284,
            -1.298094,
            3.852989,
            -2.370257,
            -5.460293,
            -8.922892,
            2.704719,
            4.968848,
            8.577712,
            4.773752,
            4.168064,
            -7.331638,
            -3.430432,
            5.854584,
            -1.073274,
            1.847014,
            -0.612767,
            0.727774,
            2.925302,
            -3.868252,
            0.467972,
            -2.209598,
            2.373767
        ]
    },
    "image_size": [
        870,
        1918
    ],
    "process_time_in_milliseconds": 772
}
