{
    "props": {
        "face_rect": [
            42,
            614,
            568,
            568
        ],
        "kp_eye_left_inner": [
            281,
            767
        ],
        "kp_eye_left_outer": [
            209,
            772
        ],
        "kp_eye_right_inner": [
            406,
            761
        ],
        "kp_eye_right_outer": [
            514,
            746
        ],
        "kp_mouth_left": [
            421,
            1015
        ],
        "kp_mouth_right": [
            230,
            1010
        ],
        "kp_nose_tip": [
            297,
            849
        ],
        "kp_under_lip_bottom": [
            312,
            1041
        ],
        "kp_upper_lip_top": [
            307,
            974
        ],
        "features": [
            1.652828,
            5.428785,
            5.817392,
            -6.103831,
            3.655115,
            1.675162,
            -6.122038,
            0.990343,
            1.172408,
            6.433477,
            -9.394547,
            -5.966857,
            -4.224403,
            6.53852,
            5.061499,
            -10.615867,
            -6.77081,
            3.658595,
            5.49101,
            -0.507207,
            -1.914004,
            3.868138,
            -10.516654,
            -5.524312,
            8.65134,
            2.021379,
            -0.621834,
            -1.249874,
            6.4246,
            0.570767,
            -0.301064,
            3.017216,
            -1.773003,
            -1.934749,
            -2.073566,
            3.695755,
            3.76808,
            2.39127,
            -0.447438,
            2.84208,
            -1.741701,
            -4.266657,
            -6.944387,
            4.646524,
            3.618479,
            8.04678,
            4.140071,
            3.94105,
            -8.031334,
            -4.291097,
            4.829442,
            -2.206231,
            1.078971,
            0.178334,
            0.079881,
            1.732464,
            -4.62102,
            1.192309,
            -0.876166,
            0.694949
        ]
    },
    "image_size": [
        870,
        1918
    ],
    "process_time_in_milliseconds": 841
}
