{
    "props": {
        "face_rect": [
            259,
            587,
            382,
            382
        ],
        "kp_eye_left_inner": [
            391,
            670
        ],
        "kp_eye_left_outer": [
            304,
            684
        ],
        "kp_eye_right_inner": [
            520,
            665
        ],
        "kp_eye_right_outer": [
            589,
            674
        ],
        "kp_mouth_left": [
            556,
            840
        ],
        "kp_mouth_right": [
            354,
            840
        ],
        "kp_nose_tip": [
            451,
            670
        ],
        "kp_under_lip_bottom": [
            451,
            835
        ],
        "kp_upper_lip_top": [
            455,
            775
        ],
        "features": [
            2.832745,
            4.900491,
            5.853364,
            -1.643035,
            3.92881,
            1.34093,
            -3.019513,
            1.135028,
            1.935547,
            6.068112,
            -10.522057,
            -6.401295,
            -2.152423,
            4.206002,
            3.693707,
            -9.419912,
            -5.654126,
            2.653222,
            3.931887,
            0.788325,
            -3.955667,
            4.953191,
            -8.637298,
            -7.446774,
            5.038712,
            5.815606,
            1.535183,
            -0.996512,
            6.395682,
            -0.696615,
            1.962026,
            3.730246,
            1.535759,
            0.265607,
            -2.712242,
            1.111982,
            1.990871,
            5.310873,
            -2.828873,
            5.587545,
            1.906708,
            -0.503924,
            -5.507805,
            0.595423,
            6.191634,
            8.30774,
            2.542496,
            0.973773,
            -3.728199,
            -3.559327,
            3.940831,
            -4.064773,
            0.057228,
            0.131615,
            -3.712512,
            2.264921,
            -1.140676,
            0.304481,
            1.291818,
            5.628231
        ]
    },
    "image_size": [
        870,
        1918
    ],
    "process_time_in_milliseconds": 758
}
