{
    "props": {
        "face_rect": [
            167,
            627,
            558,
            558
        ],
        "kp_eye_left_inner": [
            382,
            770
        ],
        "kp_eye_left_outer": [
            280,
            770
        ],
        "kp_eye_right_inner": [
            515,
            760
        ],
        "kp_eye_right_outer": [
            617,
            760
        ],
        "kp_mouth_left": [
            552,
            1009
        ],
        "kp_mouth_right": [
            345,
            1019
        ],
        "kp_nose_tip": [
            442,
            862
        ],
        "kp_under_lip_bottom": [
            451,
            1051
        ],
        "kp_upper_lip_top": [
            446,
            977
        ],
        "features": [
            3.206431,
            4.920874,
            5.795765,
            -5.558632,
            3.828514,
            0.8696,
            -5.008647,
            2.509511,
            -0.215621,
            5.578305,
            -7.327198,
            -7.734963,
            -5.217606,
            7.870081,
            4.225182,
            -11.348962,
            -4.887783,
            4.431828,
            3.794746,
            -0.453258,
            -2.470626,
            3.086348,
            -10.738573,
            -7.271128,
            8.128421,
            2.651411,
            -2.299174,
            0.318192,
            6.599967,
            0.984332,
            -0.375999,
            3.102315,
            -2.10707,
            -3.691697,
            -2.211792,
            3.959844,
            2.620454,
            3.936447,
            -0.511703,
            2.89502,
            -3.308637,
            -7.131564,
            -9.945418,
            2.930133,
            3.930594,
            7.785214,
            4.750363,
            4.947015,
            -8.207364,
            -1.788387,
            4.915672,
            -0.261832,
            2.553483,
            0.270905,
            1.981754,
            2.191612,
            -4.898778,
            0.720556,
            -3.032394,
            1.582719
        ]
    },
    "image_size": [
        870,
        1918
    ],
    "process_time_in_milliseconds": 1448
}
