{
    "props": {
        "face_rect": [
            226,
            588,
            445,
            445
        ],
        "kp_eye_left_inner": [
            387,
            709
        ],
        "kp_eye_left_outer": [
            295,
            724
        ],
        "kp_eye_right_inner": [
            509,
            704
        ],
        "kp_eye_right_outer": [
            596,
            714
        ],
        "kp_mouth_left": [
            552,
            908
        ],
        "kp_mouth_right": [
            358,
            908
        ],
        "kp_nose_tip": [
            451,
            738
        ],
        "kp_under_lip_bottom": [
            451,
            923
        ],
        "kp_upper_lip_top": [
            455,
            855
        ],
        "features": [
            0.945754,
            4.103232,
            7.841058,
            -7.013672,
            3.195185,
            -0.72161,
            -3.280366,
            0.87793,
            3.721063,
            5.130009,
            -8.967242,
            -6.13472,
            -1.613631,
            6.345105,
            6.124507,
            -10.842931,
            -6.059561,
            2.01044,
            7.034377,
            0.606515,
            -5.39713,
            4.508816,
            -9.121499,
            -8.33553,
            8.893078,
            2.10138,
            1.165101,
            -0.085558,
            7.775919,
            2.810774,
            0.43026,
            2.07531,
            -2.475321,
            -2.319367,
            -3.037835,
            2.860748,
            3.120697,
            4.81937,
            -2.135348,
            4.951207,
            -1.517251,
            -4.635713,
            -5.067955,
            1.140318,
            6.336659,
            8.481841,
            4.410458,
            1.908584,
            -6.944374,
            -3.590527,
            4.676589,
            -2.621149,
            0.757115,
            0.732677,
            -1.202058,
            2.546975,
            -0.513077,
            -0.919864,
            -2.430908,
            1.987585
        ]
    },
    "image_size": [
        870,
        1918
    ],
    "process_time_in_milliseconds": 740
}
