{
    "props": {
        "face_rect": [
            128,
            797,
            591,
            591
        ],
        "kp_eye_left_inner": [
            354,
            972
        ],
        "kp_eye_left_outer": [
            238,
            958
        ],
        "kp_eye_right_inner": [
            497,
            963
        ],
        "kp_eye_right_outer": [
            598,
            944
        ],
        "kp_mouth_left": [
            552,
            1217
        ],
        "kp_mouth_right": [
            331,
            1226
        ],
        "kp_nose_tip": [
            432,
            1143
        ],
        "kp_under_lip_bottom": [
            446,
            1309
        ],
        "kp_upper_lip_top": [
            441,
            1226
        ],
        "features": [
            -1.991658,
            2.072534,
            6.092395,
            -3.413572,
            4.079459,
            2.623451,
            -2.59714,
            4.01114,
            -0.41778,
            3.153156,
            -9.525142,
            -4.929214,
            -2.092093,
            1.460666,
            1.305494,
            -9.224278,
            -8.048574,
            2.512135,
            -0.470506,
            -2.252349,
            2.1074,
            -0.566877,
            -6.996251,
            -6.440546,
            4.093037,
            0.40191,
            2.73287,
            -1.557875,
            4.06672,
            1.928192,
            0.657171,
            4.192286,
            -2.586574,
            -1.999288,
            0.586125,
            2.454142,
            0.960629,
            0.404147,
            4.90498,
            5.969868,
            -0.536923,
            -11.012665,
            -6.23667,
            3.668481,
            6.961349,
            4.526238,
            1.333581,
            3.610591,
            -4.801508,
            -6.121792,
            3.839167,
            -1.415751,
            3.196968,
            2.199086,
            -3.126675,
            4.465578,
            -5.853125,
            1.866197,
            -0.704871,
            -0.313014
        ]
    },
    "image_size": [
        870,
        1918
    ],
    "process_time_in_milliseconds": 789
}
