{
    "props": {
        "face_rect": [
            157,
            652,
            560,
            560
        ],
        "kp_eye_left_inner": [
            370,
            793
        ],
        "kp_eye_left_outer": [
            272,
            798
        ],
        "kp_eye_right_inner": [
            506,
            788
        ],
        "kp_eye_right_outer": [
            604,
            784
        ],
        "kp_mouth_left": [
            543,
            1041
        ],
        "kp_mouth_right": [
            342,
            1045
        ],
        "kp_nose_tip": [
            436,
            896
        ],
        "kp_under_lip_bottom": [
            441,
            1078
        ],
        "kp_upper_lip_top": [
            441,
            999
        ],
        "features": [
            2.46818,
            4.191056,
            6.097942,
            -5.159274,
            4.005662,
            1.319857,
            -5.726302,
            2.361714,
            -1.232555,
            5.161138,
            -7.038966,
            -8.47964,
            -3.98936,
            8.325521,
            4.956999,
            -10.880276,
            -5.247512,
            4.173444,
            2.737515,
            -0.11247,
            -1.830694,
            2.92189,
            -10.594497,
            -7.808313,
            5.622021,
            2.079616,
            -1.831141,
            -0.231366,
            6.970904,
            1.53848,
            0.454915,
            3.012862,
            -2.680307,
            -3.410307,
            -2.297449,
            3.082516,
            2.949843,
            3.517447,
            -0.050945,
            2.50903,
            -2.896299,
            -5.912349,
            -9.764063,
            3.808292,
            5.248579,
            7.529932,
            4.904337,
            4.050994,
            -7.266178,
            -3.74454,
            6.348266,
            -0.78225,
            1.928612,
            -1.147028,
            0.507968,
            3.387764,
            -3.745523,
            1.061398,
            -1.561235,
            1.775069
        ]
    },
    "image_size": [
        870,
        1918
    ],
    "process_time_in_milliseconds": 824
}
