{
    "props": {
        "face_rect": [
            126,
            702,
            598,
            598
        ],
        "kp_eye_left_inner": [
            359,
            858
        ],
        "kp_eye_left_outer": [
            252,
            858
        ],
        "kp_eye_right_inner": [
            495,
            854
        ],
        "kp_eye_right_outer": [
            597,
            835
        ],
        "kp_mouth_left": [
            532,
            1106
        ],
        "kp_mouth_right": [
            331,
            1115
        ],
        "kp_nose_tip": [
            429,
            994
        ],
        "kp_under_lip_bottom": [
            434,
            1153
        ],
        "kp_upper_lip_top": [
            434,
            1092
        ],
        "features": [
            1.593826,
            2.672567,
            5.85114,
            -5.69929,
            3.890655,
            0.983436,
            -5.242047,
            2.824869,
            -1.82299,
            6.31403,
            -6.1581,
            -7.58388,
            -1.784883,
            6.567557,
            4.154882,
            -10.868966,
            -5.968014,
            4.572863,
            2.533208,
            2.446511,
            -0.435002,
            0.972695,
            -12.060442,
            -8.237944,
            5.158279,
            1.13353,
            -1.556164,
            -1.889136,
            6.652213,
            1.949913,
            -0.193019,
            2.305039,
            -3.235747,
            -2.864037,
            -0.295066,
            2.390384,
            3.245394,
            2.232486,
            1.47079,
            3.808073,
            -3.412162,
            -6.96525,
            -8.144353,
            3.613015,
            6.637414,
            4.986639,
            4.811387,
            3.641147,
            -7.222901,
            -4.634765,
            4.693049,
            -1.606296,
            1.58643,
            -2.542811,
            -0.473653,
            4.638282,
            -4.334678,
            1.160635,
            -2.557845,
            1.734562
        ]
    },
    "image_size": [
        870,
        1918
    ],
    "process_time_in_milliseconds": 800
}
