{
    "props": {
        "face_rect": [
            130,
            798,
            595,
            595
        ],
        "kp_eye_left_inner": [
            353,
            970
        ],
        "kp_eye_left_outer": [
            246,
            961
        ],
        "kp_eye_right_inner": [
            497,
            965
        ],
        "kp_eye_right_outer": [
            599,
            942
        ],
        "kp_mouth_left": [
            553,
            1217
        ],
        "kp_mouth_right": [
            329,
            1226
        ],
        "kp_nose_tip": [
            432,
            1142
        ],
        "kp_under_lip_bottom": [
            446,
            1305
        ],
        "kp_upper_lip_top": [
            436,
            1221
        ],
        "features": [
            -1.461007,
            2.040383,
            6.618114,
            -4.073131,
            4.267847,
            3.788041,
            -2.457503,
            3.874056,
            -0.238351,
            3.270266,
            -9.154373,
            -6.041792,
            -2.133495,
            0.82521,
            2.817891,
            -8.701629,
            -7.150038,
            1.731613,
            -0.332262,
            -1.757312,
            1.256754,
            0.062093,
            -7.533883,
            -5.281536,
            4.083073,
            0.542334,
            1.113532,
            -1.395649,
            4.023296,
            1.797691,
            0.068752,
            3.776471,
            -2.210695,
            -1.448172,
            0.008554,
            2.428131,
            1.168475,
            1.360306,
            4.901515,
            5.917997,
            -1.335789,
            -10.788015,
            -5.306458,
            3.950135,
            6.071205,
            5.960756,
            0.611683,
            3.989855,
            -4.320448,
            -5.926933,
            2.950516,
            -0.738466,
            2.654738,
            1.136752,
            -2.229897,
            4.9004,
            -6.620756,
            1.464297,
            -0.217585,
            0.207734
        ]
    },
    "image_size": [
        870,
        1918
    ],
    "process_time_in_milliseconds": 785
}
