{
    "props": {
        "face_rect": [
            144,
            631,
            548,
            548
        ],
        "kp_eye_left_inner": [
            356,
            771
        ],
        "kp_eye_left_outer": [
            255,
            776
        ],
        "kp_eye_right_inner": [
            485,
            762
        ],
        "kp_eye_right_outer": [
            581,
            762
        ],
        "kp_mouth_left": [
            522,
            1010
        ],
        "kp_mouth_right": [
            324,
            1019
        ],
        "kp_nose_tip": [
            416,
            858
        ],
        "kp_under_lip_bottom": [
            421,
            1047
        ],
        "kp_upper_lip_top": [
            421,
            978
        ],
        "features": [
            2.732521,
            4.202669,
            7.074673,
            -5.350716,
            4.298325,
            1.606563,
            -5.207236,
            2.068188,
            0.109023,
            5.932691,
            -8.473545,
            -8.539025,
            -3.814322,
            6.886248,
            5.120568,
            -11.726127,
            -5.990474,
            4.677932,
            4.636908,
            -0.48088,
            -2.489039,
            2.947204,
            -9.86725,
            -7.798807,
            6.733008,
            2.657358,
            -0.986639,
            -0.258293,
            6.789185,
            1.605118,
            -0.488175,
            3.322278,
            -2.130163,
            -3.200553,
            -2.256802,
            3.955134,
            2.467902,
            4.414038,
            -0.947469,
            4.083696,
            -2.515389,
            -6.379844,
            -9.109516,
            2.389728,
            5.265451,
            8.673946,
            4.655118,
            4.299241,
            -7.358319,
            -3.392359,
            5.897758,
            -0.987624,
            1.53999,
            -0.149964,
            0.952179,
            2.830804,
            -4.39959,
            1.144487,
            -1.99812,
            2.459861
        ]
    },
    "image_size": [
        870,
        1918
    ],
    "process_time_in_milliseconds": 778
}
