{
    "props": {
        "face_rect": [
            267,
            628,
            551,
            551
        ],
        "kp_eye_left_inner": [
            476,
            771
        ],
        "kp_eye_left_outer": [
            356,
            761
        ],
        "kp_eye_right_inner": [
            605,
            776
        ],
        "kp_eye_right_outer": [
            677,
            776
        ],
        "kp_mouth_left": [
            634,
            1016
        ],
        "kp_mouth_right": [
            442,
            1016
        ],
        "kp_nose_tip": [
            572,
            857
        ],
        "kp_under_lip_bottom": [
            553,
            1044
        ],
        "kp_upper_lip_top": [
            567,
            968
        ],
        "features": [
            2.739711,
            6.297344,
            7.225315,
            -6.209919,
            4.842941,
            0.254271,
            -7.21201,
            1.476526,
            1.207764,
            4.964665,
            -7.616234,
            -7.261988,
            -4.026505,
            7.759019,
            4.591922,
            -10.822137,
            -6.578056,
            3.384794,
            4.494393,
            -0.388023,
            -2.071682,
            2.587688,
            -11.057908,
            -8.724573,
            7.304151,
            3.412817,
            -1.293848,
            -0.009595,
            7.082625,
            2.604509,
            -0.371504,
            2.90722,
            -1.472263,
            -2.832353,
            -1.569406,
            3.663047,
            3.810931,
            3.50693,
            0.039643,
            4.155698,
            -1.376897,
            -5.768318,
            -10.109217,
            2.887987,
            5.033957,
            9.363085,
            4.124109,
            3.915237,
            -6.995591,
            -3.589031,
            5.86464,
            -1.851406,
            1.485931,
            -0.06825,
            -0.730621,
            2.62598,
            -3.240303,
            -1.29242,
            -1.293388,
            1.607203
        ]
    },
    "image_size": [
        870,
        1918
    ],
    "process_time_in_milliseconds": 743
}
