{
    "props": {
        "face_rect": [
            -2,
            600,
            592,
            592
        ],
        "kp_eye_left_inner": [
            253,
            764
        ],
        "kp_eye_left_outer": [
            196,
            769
        ],
        "kp_eye_right_inner": [
            381,
            759
        ],
        "kp_eye_right_outer": [
            494,
            754
        ],
        "kp_mouth_left": [
            381,
            1016
        ],
        "kp_mouth_right": [
            191,
            1011
        ],
        "kp_nose_tip": [
            258,
            846
        ],
        "kp_under_lip_bottom": [
            273,
            1042
        ],
        "kp_upper_lip_top": [
            268,
            970
        ],
        "features": [
            1.941512,
            5.105414,
            5.94149,
            -4.823834,
            4.848831,
            0.774443,
            -6.067863,
            1.077711,
            1.014858,
            6.112288,
            -9.26122,
            -6.233237,
            -2.722883,
            6.874081,
            5.052855,
            -11.429665,
            -6.226143,
            3.289659,
            4.770448,
            -0.230847,
            -1.675196,
            3.663449,
            -10.664407,
            -6.32459,
            8.107626,
            2.37301,
            0.387186,
            -1.446681,
            6.158848,
            1.178187,
            -0.115864,
            3.984722,
            -1.525114,
            -2.004871,
            -2.539253,
            3.62573,
            2.548315,
            1.593974,
            -0.134362,
            2.347289,
            -1.710327,
            -3.883402,
            -7.545519,
            4.413462,
            3.138198,
            8.054462,
            3.59638,
            3.132242,
            -7.89623,
            -3.98027,
            5.061853,
            -1.255163,
            1.400752,
            -1.115378,
            0.339772,
            2.41529,
            -4.620198,
            1.4383,
            -1.077191,
            1.740889
        ]
    },
    "image_size": [
        870,
        1918
    ],
    "process_time_in_milliseconds": 778
}
