{
    "props": {
        "face_rect": [
            168,
            632,
            554,
            554
        ],
        "kp_eye_left_inner": [
            384,
            770
        ],
        "kp_eye_left_outer": [
            284,
            770
        ],
        "kp_eye_right_inner": [
            512,
            765
        ],
        "kp_eye_right_outer": [
            616,
            761
        ],
        "kp_mouth_left": [
            550,
            1017
        ],
        "kp_mouth_right": [
            346,
            1017
        ],
        "kp_nose_tip": [
            445,
            865
        ],
        "kp_under_lip_bottom": [
            445,
            1055
        ],
        "kp_upper_lip_top": [
            445,
            983
        ],
        "features": [
            3.041208,
            5.33857,
            5.916977,
            -5.699838,
            3.731164,
            0.406524,
            -6.35796,
            2.797336,
            -0.047985,
            5.725342,
            -7.755599,
            -7.433989,
            -4.833949,
            8.040634,
            3.505652,
            -10.535337,
            -4.199415,
            4.274224,
            2.557773,
            -0.856553,
            -1.917101,
            2.506499,
            -9.8829,
            -7.003286,
            7.871744,
            2.971191,
            -2.707,
            0.696215,
            6.325826,
            1.017505,
            -0.742461,
            3.624017,
            -1.907706,
            -3.804787,
            -1.937167,
            4.29139,
            2.610124,
            3.28741,
            -0.417684,
            2.866414,
            -3.167554,
            -6.833224,
            -10.698974,
            3.459245,
            3.980621,
            7.934788,
            4.927808,
            4.343668,
            -8.282708,
            -1.925571,
            4.855389,
            -0.450965,
            2.444985,
            -0.763643,
            1.76531,
            2.532223,
            -4.70006,
            0.977403,
            -2.650049,
            1.175558
        ]
    },
    "image_size": [
        870,
        1918
    ],
    "process_time_in_milliseconds": 1419
}
