{
    "props": {
        "face_rect": [
            126,
            858,
            565,
            565
        ],
        "kp_eye_left_inner": [
            351,
            1017
        ],
        "kp_eye_left_outer": [
            240,
            1004
        ],
        "kp_eye_right_inner": [
            487,
            1012
        ],
        "kp_eye_right_outer": [
            589,
            999
        ],
        "kp_mouth_left": [
            518,
            1251
        ],
        "kp_mouth_right": [
            337,
            1255
        ],
        "kp_nose_tip": [
            421,
            1198
        ],
        "kp_under_lip_bottom": [
            430,
            1295
        ],
        "kp_upper_lip_top": [
            430,
            1260
        ],
        "features": [
            2.762215,
            5.591441,
            -1.062656,
            5.138309,
            -1.40117,
            5.191971,
            -3.552773,
            0.064145,
            7.824933,
            -6.050028,
            -2.14551,
            -1.810649,
            1.37474,
            -6.727024,
            8.670018,
            -3.452821,
            -3.107026,
            -2.306754,
            2.563665,
            -0.269541,
            3.762037,
            1.920346,
            1.338166,
            8.325212,
            -1.241241,
            -0.054889,
            -3.673055,
            -0.548781,
            5.667972,
            -8.56872,
            3.160982,
            -2.215153,
            -2.549594,
            5.13762,
            -5.015114,
            1.735059,
            -0.351804,
            3.68531,
            2.417473,
            0.334866,
            -0.06139,
            -4.239925,
            7.922567,
            1.344554,
            6.971525,
            -8.374998,
            -2.72142,
            0.106002,
            3.933061,
            2.856256,
            1.180957,
            6.199135,
            -5.368694,
            2.506535,
            -1.07305,
            -3.937288,
            -2.553342,
            3.263981,
            -0.342733,
            2.452103
        ]
    },
    "image_size": [
        870,
        1918
    ],
    "process_time_in_milliseconds": 771
}
