{
    "props": {
        "face_rect": [
            29,
            755,
            560,
            560
        ],
        "kp_eye_left_inner": [
            252,
            899
        ],
        "kp_eye_left_outer": [
            177,
            904
        ],
        "kp_eye_right_inner": [
            382,
            889
        ],
        "kp_eye_right_outer": [
            497,
            884
        ],
        "kp_mouth_left": [
            427,
            1139
        ],
        "kp_mouth_right": [
            237,
            1139
        ],
        "kp_nose_tip": [
            277,
            994
        ],
        "kp_under_lip_bottom": [
            312,
            1174
        ],
        "kp_upper_lip_top": [
            297,
            1114
        ],
        "features": [
            7.609841,
            9.892329,
            -1.171782,
            4.542058,
            1.089041,
            6.788389,
            1.009756,
            0.794121,
            2.0709,
            -5.8633,
            -3.448094,
            -1.564406,
            2.465958,
            -0.810015,
            6.90073,
            -2.423157,
            1.477854,
            -0.24086,
            5.263229,
            1.234845,
            4.300236,
            1.629585,
            -0.355016,
            6.286599,
            -4.648604,
            -0.416606,
            -4.715137,
            -1.77222,
            5.654571,
            -6.798521,
            -1.843885,
            -1.940492,
            0.943617,
            5.387292,
            -2.756289,
            0.15951,
            -0.274509,
            2.164361,
            -0.173172,
            -1.402107,
            3.462351,
            -1.866451,
            7.310459,
            -0.84996,
            3.757424,
            -3.999504,
            -5.486239,
            -0.511706,
            4.406295,
            0.21403,
            -1.077676,
            5.611271,
            -3.592646,
            3.408574,
            1.620795,
            -6.042483,
            -1.759778,
            3.600424,
            -2.99759,
            5.465405
        ]
    },
    "image_size": [
        870,
        1918
    ],
    "process_time_in_milliseconds": 1308
}
