{
    "props": {
        "face_rect": [
            118,
            749,
            631,
            631
        ],
        "kp_eye_left_inner": [
            378,
            920
        ],
        "kp_eye_left_outer": [
            264,
            910
        ],
        "kp_eye_right_inner": [
            512,
            915
        ],
        "kp_eye_right_outer": [
            616,
            895
        ],
        "kp_mouth_left": [
            556,
            1177
        ],
        "kp_mouth_right": [
            343,
            1187
        ],
        "kp_nose_tip": [
            452,
            1088
        ],
        "kp_under_lip_bottom": [
            457,
            1252
        ],
        "kp_upper_lip_top": [
            452,
            1172
        ],
        "features": [
            -1.547396,
            0.965321,
            5.947511,
            -2.9024,
            4.70423,
            2.062364,
            -2.538578,
            3.558662,
            -0.496917,
            3.477673,
            -6.434311,
            -5.071905,
            -3.391995,
            2.292624,
            3.218959,
            -11.478391,
            -7.663201,
            2.826182,
            0.430107,
            -0.022423,
            0.99413,
            0.869236,
            -10.869348,
            -7.392327,
            3.65485,
            1.418438,
            2.065615,
            -3.361696,
            5.011133,
            2.987036,
            0.495829,
            2.295977,
            -3.270164,
            -1.273283,
            0.927506,
            1.595636,
            2.700669,
            1.515775,
            5.104327,
            4.881748,
            -2.051654,
            -9.528213,
            -6.692207,
            4.120573,
            5.953836,
            3.92254,
            0.944692,
            5.020382,
            -3.945449,
            -5.911351,
            4.269176,
            -2.516139,
            3.102707,
            0.950145,
            -2.806702,
            5.794237,
            -5.950981,
            1.275151,
            0.160413,
            -0.001634
        ]
    },
    "image_size": [
        870,
        1918
    ],
    "process_time_in_milliseconds": 765
}
