{
    "props": {
        "face_rect": [
            130,
            888,
            547,
            547
        ],
        "kp_eye_left_inner": [
            351,
            1038
        ],
        "kp_eye_left_outer": [
            248,
            1025
        ],
        "kp_eye_right_inner": [
            493,
            1038
        ],
        "kp_eye_right_outer": [
            596,
            1025
        ],
        "kp_mouth_left": [
            527,
            1266
        ],
        "kp_mouth_right": [
            334,
            1275
        ],
        "kp_nose_tip": [
            424,
            1223
        ],
        "kp_under_lip_bottom": [
            433,
            1313
        ],
        "kp_upper_lip_top": [
            433,
            1279
        ],
        "features": [
            3.238666,
            4.675636,
            -1.056438,
            4.912723,
            -0.868495,
            4.929433,
            -3.212362,
            0.554813,
            5.50133,
            -6.372663,
            -2.611356,
            -2.340134,
            1.810925,
            -5.756255,
            8.336319,
            -2.451168,
            -3.283632,
            -3.25602,
            2.606635,
            0.707282,
            5.786318,
            0.367303,
            1.329819,
            7.771942,
            -1.698445,
            -1.065546,
            -3.324888,
            -2.028374,
            5.832422,
            -6.15344,
            3.469238,
            -3.694001,
            -3.426493,
            5.146845,
            -3.70961,
            1.54236,
            -0.662047,
            2.164307,
            3.115618,
            1.85403,
            0.015429,
            -5.465008,
            8.180455,
            1.968671,
            9.174125,
            -7.89828,
            -3.80859,
            1.115239,
            3.162387,
            3.670675,
            0.933196,
            6.872694,
            -5.270057,
            1.238368,
            -1.61423,
            -3.623381,
            -3.907622,
            2.869373,
            -0.669735,
            3.240196
        ]
    },
    "image_size": [
        870,
        1918
    ],
    "process_time_in_milliseconds": 767
}
