{
    "props": {
        "face_rect": [
            190,
            651,
            462,
            462
        ],
        "kp_eye_left_inner": [
            351,
            766
        ],
        "kp_eye_left_outer": [
            256,
            787
        ],
        "kp_eye_right_inner": [
            492,
            766
        ],
        "kp_eye_right_outer": [
            581,
            782
        ],
        "kp_mouth_left": [
            529,
            976
        ],
        "kp_mouth_right": [
            319,
            976
        ],
        "kp_nose_tip": [
            424,
            766
        ],
        "kp_under_lip_bottom": [
            429,
            981
        ],
        "kp_upper_lip_top": [
            424,
            913
        ],
        "features": [
            4.459795,
            6.692636,
            -1.346088,
            0.87832,
            -2.118601,
            4.816996,
            -3.342269,
            -0.841218,
            -0.209299,
            -7.144104,
            -2.933474,
            0.986568,
            3.290391,
            -1.154024,
            5.441553,
            0.33802,
            -3.052297,
            -1.287019,
            1.2192,
            -1.11783,
            4.045564,
            3.001496,
            -2.558539,
            2.594612,
            -1.160205,
            2.439388,
            -0.447703,
            -4.375247,
            5.888225,
            -2.383225,
            2.835979,
            -6.473734,
            0.177369,
            2.953875,
            -2.460975,
            0.847067,
            -0.575851,
            2.35901,
            2.887437,
            2.965421,
            1.835433,
            0.14846,
            2.411626,
            -1.278574,
            4.259998,
            -0.096514,
            -1.801909,
            5.280171,
            7.158198,
            0.094566,
            -1.210221,
            7.49019,
            0.115519,
            -0.13028,
            -4.032054,
            -2.127657,
            -1.375084,
            1.790499,
            -0.334673,
            7.610383
        ]
    },
    "image_size": [
        870,
        1918
    ],
    "process_time_in_milliseconds": 777
}
