{
    "props": {
        "face_rect": [
            108,
            758,
            581,
            581
        ],
        "kp_eye_left_inner": [
            332,
            908
        ],
        "kp_eye_left_outer": [
            226,
            908
        ],
        "kp_eye_right_inner": [
            469,
            899
        ],
        "kp_eye_right_outer": [
            566,
            894
        ],
        "kp_mouth_left": [
            512,
            1142
        ],
        "kp_mouth_right": [
            313,
            1151
        ],
        "kp_nose_tip": [
            381,
            1020
        ],
        "kp_under_lip_bottom": [
            415,
            1185
        ],
        "kp_upper_lip_top": [
            401,
            1127
        ],
        "features": [
            5.183218,
            6.591116,
            -2.816745,
            4.121191,
            -0.284681,
            7.634985,
            0.850518,
            0.344631,
            3.761813,
            -7.319338,
            -0.036292,
            -2.545702,
            1.703074,
            -4.128748,
            8.453218,
            -3.882802,
            0.702783,
            -0.854902,
            2.780602,
            1.394657,
            4.417519,
            3.454113,
            1.153105,
            6.0432,
            -4.675395,
            0.252701,
            -5.700535,
            -1.529429,
            6.533705,
            -7.806459,
            0.518881,
            -5.083927,
            -1.51879,
            4.596109,
            -2.53558,
            0.20765,
            -0.080377,
            2.574626,
            0.154616,
            -1.719269,
            -1.458983,
            -1.966655,
            8.613389,
            0.092828,
            5.468221,
            -7.059741,
            -5.078712,
            0.603489,
            6.63925,
            0.38147,
            -1.266772,
            6.607423,
            -4.323623,
            2.762295,
            1.313956,
            -4.635223,
            -2.504975,
            3.396833,
            -1.161011,
            4.659554
        ]
    },
    "image_size": [
        870,
        1918
    ],
    "process_time_in_milliseconds": 842
}
