{
    "props": {
        "face_rect": [
            191,
            629,
            547,
            547
        ],
        "kp_eye_left_inner": [
            406,
            760
        ],
        "kp_eye_left_outer": [
            310,
            760
        ],
        "kp_eye_right_inner": [
            538,
            765
        ],
        "kp_eye_right_outer": [
            629,
            765
        ],
        "kp_mouth_left": [
            561,
            1011
        ],
        "kp_mouth_right": [
            360,
            1006
        ],
        "kp_nose_tip": [
            470,
            851
        ],
        "kp_under_lip_bottom": [
            461,
            1038
        ],
        "kp_upper_lip_top": [
            465,
            970
        ],
        "features": [
            2.910026,
            4.414646,
            7.060043,
            -5.319888,
            4.345945,
            1.803659,
            -5.734275,
            1.462707,
            -0.175226,
            6.363872,
            -8.227158,
            -8.05687,
            -4.411646,
            7.453617,
            4.802532,
            -10.794305,
            -5.739623,
            3.615854,
            5.224013,
            -0.297447,
            -2.587647,
            3.298192,
            -10.349377,
            -6.472956,
            6.985438,
            3.157879,
            -1.090474,
            -0.250474,
            7.046886,
            1.618476,
            -0.556819,
            3.345029,
            -1.846815,
            -2.507084,
            -2.147987,
            3.656084,
            3.034506,
            4.407523,
            -0.584227,
            3.476634,
            -2.310974,
            -5.963686,
            -8.637085,
            3.346124,
            5.09333,
            8.685024,
            4.949274,
            4.3386,
            -7.478223,
            -3.232209,
            5.403587,
            -1.673003,
            1.108173,
            -0.206525,
            0.295503,
            2.665197,
            -3.990366,
            0.961797,
            -1.895404,
            2.501362
        ]
    },
    "image_size": [
        870,
        1918
    ],
    "process_time_in_milliseconds": 761
}
