{
    "props": {
        "face_rect": [
            259,
            763,
            559,
            559
        ],
        "kp_eye_left_inner": [
            470,
            892
        ],
        "kp_eye_left_outer": [
            353,
            887
        ],
        "kp_eye_right_inner": [
            607,
            911
        ],
        "kp_eye_right_outer": [
            685,
            906
        ],
        "kp_mouth_left": [
            636,
            1141
        ],
        "kp_mouth_right": [
            436,
            1141
        ],
        "kp_nose_tip": [
            568,
            1009
        ],
        "kp_under_lip_bottom": [
            548,
            1180
        ],
        "kp_upper_lip_top": [
            548,
            1116
        ],
        "features": [
            5.762416,
            6.739605,
            -2.480231,
            5.631842,
            -0.877309,
            8.813611,
            1.128783,
            0.419065,
            5.413334,
            -6.920524,
            -1.967038,
            -3.687463,
            1.678825,
            -5.350103,
            6.468171,
            -1.784555,
            -0.497373,
            -1.286404,
            1.739883,
            0.448065,
            3.104646,
            1.833827,
            2.171558,
            6.515621,
            -4.933486,
            0.646005,
            -6.090039,
            -0.416173,
            5.798323,
            -8.640607,
            0.369383,
            -3.50475,
            -0.835718,
            3.469002,
            -2.444617,
            -0.145224,
            -0.614637,
            2.478035,
            0.213177,
            -0.405363,
            0.774414,
            -3.392247,
            7.134448,
            0.894429,
            5.9658,
            -5.79214,
            -4.012186,
            -1.095899,
            4.910165,
            0.094891,
            -1.606178,
            4.954443,
            -4.806418,
            2.165824,
            0.511323,
            -4.422384,
            -2.451241,
            3.474825,
            -2.448919,
            5.043947
        ]
    },
    "image_size": [
        870,
        1918
    ],
    "process_time_in_milliseconds": 796
}
