{
    "props": {
        "face_rect": [
            26,
            594,
            600,
            600
        ],
        "kp_eye_left_inner": [
            285,
            759
        ],
        "kp_eye_left_outer": [
            214,
            764
        ],
        "kp_eye_right_inner": [
            408,
            759
        ],
        "kp_eye_right_outer": [
            526,
            753
        ],
        "kp_mouth_left": [
            413,
            1014
        ],
        "kp_mouth_right": [
            219,
            1004
        ],
        "kp_nose_tip": [
            285,
            846
        ],
        "kp_under_lip_bottom": [
            301,
            1040
        ],
        "kp_upper_lip_top": [
            301,
            968
        ],
        "features": [
            1.470049,
            5.30699,
            5.982994,
            -5.093688,
            3.932348,
            1.218899,
            -4.594016,
            1.403802,
            0.590415,
            4.862244,
            -9.002925,
            -6.877926,
            -3.876835,
            7.994055,
            5.028402,
            -9.710801,
            -6.033823,
            2.982465,
            4.693848,
            -0.089719,
            -1.664758,
            4.049116,
            -10.318839,
            -5.475732,
            8.292911,
            1.756991,
            -0.514356,
            -0.998287,
            6.432199,
            1.206574,
            -0.021657,
            3.160336,
            -1.499196,
            -1.678442,
            -2.590793,
            3.730831,
            3.201456,
            1.892593,
            -0.397553,
            1.775736,
            -1.492717,
            -3.859058,
            -7.393038,
            5.0971,
            4.549103,
            8.457116,
            3.7793,
            3.345819,
            -8.272707,
            -4.090928,
            4.493709,
            -1.360307,
            1.99553,
            -0.163805,
            0.735252,
            1.63877,
            -4.085892,
            1.346985,
            -1.0216,
            0.717675
        ]
    },
    "image_size": [
        870,
        1918
    ],
    "process_time_in_milliseconds": 1229
}
