{
  "filename": "runlist_item_0000_clip_0027.dir_snapshot_0000",
  "head_pose": {
    "yaw": 10.475240441174336,
    "pitch": 2.342173603879605,
    "roll": 3.8014407045032783
  }
}