{
  "filename": "runlist_item_0000_clip_0047.dir_snapshot_0000",
  "head_pose": {
    "yaw": -0.24947162340029874,
    "pitch": -22.53422026567489,
    "roll": 0.47646119572294765
  }
}