{
  "filename": "runlist_item_0000_clip_0082.dir_snapshot_0000",
  "head_pose": {
    "yaw": 3.7919855590694747,
    "pitch": 35.62463204722753,
    "roll": -2.5077017270662623
  }
}