{
  "filename": "runlist_item_0000_clip_0052.dir_snapshot_0000",
  "head_pose": {
    "yaw": -0.16593939465099816,
    "pitch": -1.6507880574005362,
    "roll": -1.1885386092088197
  }
}