{
  "filename": "runlist_item_0000_clip_0049.dir_snapshot_0000",
  "source_json": "../res_Nastya_upd_dataset\\runlist_item_0000\\clip_0049.dir\\snapshot_0000.json",
  "pnp_result": {
    "yaw": 1.226786101470579,
    "pitch": -14.223945684999588,
    "roll": -1.0544045035218517,
    "sin_b": 0.9997441656945735,
    "cos_minor": 0.02261864628268579,
    "method": "geom",
    "nose_length": 165.79241538743563,
    "nose_to_mouth": NaN,
    "ratio": 0.0
  },
  "coeffs_result": {
    "sin_b": 0.9997441656945735,
    "cos_minor": 0.02261864628268579
  },
  "geometric_result": {
    "error": "missing landmarks"
  },
  "ground_truth": {
    "yaw": 0.0,
    "pitch": 0.0,
    "roll": -1.0
  },
  "gt_source": "IMG_0001_53.json",
  "errors": {
    "yaw_error": 1.226786101470579,
    "pitch_error": 14.223945684999588,
    "roll_error": 0.054404503521851666,
    "mae": 5.168378763330673
  }
}