{
  "filename": "runlist_item_0000_clip_0102.dir_snapshot_0000",
  "head_pose": {
    "yaw": 17.730870883368908,
    "pitch": 18.402999375144642,
    "roll": -23.57470620191262
  }
}