{
  "filename": "runlist_item_0000_clip_0093.dir_snapshot_0000",
  "head_pose": {
    "yaw": -26.357765036594444,
    "pitch": 9.757932747486375,
    "roll": 2.7830207538566185
  }
}