{
  "filename": "runlist_item_0000_clip_0007.dir_snapshot_0000",
  "source_json": "../res_Nastya_upd_dataset\\runlist_item_0000\\clip_0007.dir\\snapshot_0000.json",
  "pnp_result": {
    "yaw": -18.73134365023273,
    "pitch": 2.8941001976342084,
    "roll": -2.55615007857827,
    "sin_b": 0.8927038626609443,
    "cos_minor": 0.4506437768240342,
    "method": "geom",
    "nose_length": 116.5,
    "nose_to_mouth": NaN,
    "ratio": 0.0
  },
  "coeffs_result": {
    "sin_b": 0.8927038626609443,
    "cos_minor": 0.4506437768240342
  },
  "geometric_result": {
    "error": "missing landmarks"
  },
  "ground_truth": {
    "yaw": 0.0,
    "pitch": 0.0,
    "roll": 0.0
  },
  "gt_source": "IMG_0001_15.json",
  "errors": {
    "yaw_error": 18.73134365023273,
    "pitch_error": 2.8941001976342084,
    "roll_error": 2.55615007857827,
    "mae": 8.06053130881507
  }
}