{
  "filename": "runlist_item_0000_clip_0095.dir_snapshot_0000",
  "head_pose": {
    "yaw": -23.914622459230582,
    "pitch": 4.831437559955027,
    "roll": 2.8221552998118113
  }
}