{
  "filename": "runlist_item_0000_clip_0039.dir_snapshot_0000",
  "head_pose": {
    "yaw": 1.231096271508675,
    "pitch": -3.580808011407095,
    "roll": -2.2342258264495456
  }
}