{
  "filename": "runlist_item_0000_clip_0006.dir_snapshot_0000",
  "head_pose": {
    "yaw": -16.0596613819243,
    "pitch": 1.2988488009365229,
    "roll": -3.395986957911191
  }
}