{
  "filename": "runlist_item_0000_clip_0036.dir_snapshot_0000",
  "head_pose": {
    "yaw": 1.0294363082952038,
    "pitch": 25.416318965817943,
    "roll": -1.9664645682957484
  }
}