{
  "filename": "runlist_item_0000_clip_0050.dir_snapshot_0000",
  "head_pose": {
    "yaw": 0.8129476811329233,
    "pitch": -6.1754282883500355,
    "roll": -0.6986943829834615
  }
}