{
  "filename": "runlist_item_0000_clip_0071.dir_snapshot_0000",
  "head_pose": {
    "yaw": 23.012736411491247,
    "pitch": 1.46704600866582,
    "roll": -4.60448715698152
  }
}