{
  "filename": "runlist_item_0000_clip_0018.dir_snapshot_0000",
  "source_json": "../res_Nastya_upd_dataset\\runlist_item_0000\\clip_0018.dir\\snapshot_0000.json",
  "pnp_result": {
    "yaw": 14.127752779410647,
    "pitch": 1.1703481891044776,
    "roll": 5.970015980857028,
    "sin_b": 0.9397321641213265,
    "cos_minor": 0.34191147935664307,
    "method": "geom",
    "nose_length": 119.18289516537178,
    "nose_to_mouth": NaN,
    "ratio": 0.0
  },
  "coeffs_result": {
    "sin_b": 0.9397321641213265,
    "cos_minor": 0.34191147935664307
  },
  "geometric_result": {
    "error": "missing landmarks"
  },
  "ground_truth": {
    "yaw": 0.0,
    "pitch": 0.0,
    "roll": 0.0
  },
  "gt_source": "IMG_0001_25.json",
  "errors": {
    "yaw_error": 14.127752779410647,
    "pitch_error": 1.1703481891044776,
    "roll_error": 5.970015980857028,
    "mae": 7.089372316457385
  }
}