{
  "filename": "runlist_item_0000_clip_0039.dir_snapshot_0000",
  "head_pose": {
    "yaw": -3.018159118239192,
    "pitch": -16.64852498848944,
    "roll": 3.3274042417265832
  }
}