{
  "filename": "runlist_item_0000_clip_0019.dir_snapshot_0000",
  "source_json": "../res_Nastya_upd_dataset\\runlist_item_0000\\clip_0019.dir\\snapshot_0000.json",
  "pnp_result": {
    "yaw": 16.975063243493484,
    "pitch": 0.9138287367765363,
    "roll": 9.646816030348532,
    "sin_b": 0.9172323676211662,
    "cos_minor": 0.39835258727422596,
    "method": "geom",
    "nose_length": 122.37902189509443,
    "nose_to_mouth": NaN,
    "ratio": 0.0
  },
  "coeffs_result": {
    "sin_b": 0.9172323676211662,
    "cos_minor": 0.39835258727422596
  },
  "geometric_result": {
    "error": "missing landmarks"
  },
  "ground_truth": {
    "yaw": -7.0,
    "pitch": 0.0,
    "roll": -4.0
  },
  "gt_source": "IMG_0001_26.json",
  "errors": {
    "yaw_error": 23.975063243493484,
    "pitch_error": 0.9138287367765363,
    "roll_error": 13.646816030348532,
    "mae": 12.845236003539517
  }
}