{
  "filename": "runlist_item_0000_clip_0014.dir_snapshot_0000",
  "head_pose": {
    "yaw": -5.144951403374119,
    "pitch": -0.4127634426321958,
    "roll": -0.5943332414715314
  }
}