{
  "filename": "runlist_item_0000_clip_0058.dir_snapshot_0000",
  "head_pose": {
    "yaw": -36.08455164958878,
    "pitch": 11.765904243642362,
    "roll": 21.618239459754506
  }
}