{
  "filename": "runlist_item_0000_clip_0002.dir_snapshot_0000",
  "source_json": "../res_Nastya_upd_dataset\\runlist_item_0000\\clip_0002.dir\\snapshot_0000.json",
  "pnp_result": {
    "yaw": 2.332827132365595,
    "pitch": -3.1573019487635,
    "roll": -1.1934894239820437,
    "sin_b": 0.9985422732775083,
    "cos_minor": 0.05397525801500086,
    "method": "geom",
    "nose_length": 129.68905119554233,
    "nose_to_mouth": NaN,
    "ratio": 0.0
  },
  "coeffs_result": {
    "sin_b": 0.9985422732775083,
    "cos_minor": 0.05397525801500086
  },
  "geometric_result": {
    "error": "missing landmarks"
  },
  "ground_truth": {
    "yaw": -17.0,
    "pitch": 3.0,
    "roll": -3.0
  },
  "gt_source": "IMG_0001_10.json",
  "errors": {
    "yaw_error": 19.332827132365594,
    "pitch_error": 6.1573019487635,
    "roll_error": 1.8065105760179563,
    "mae": 9.098879885715684
  }
}