{
  "filename": "runlist_item_0000_clip_0027.dir_snapshot_0000",
  "head_pose": {
    "yaw": -5.342797544572907,
    "pitch": -0.2829973598750968,
    "roll": -3.0383260714748985
  }
}