{
  "filename": "runlist_item_0000_clip_0018.dir_snapshot_0000",
  "head_pose": {
    "yaw": 14.127752779410647,
    "pitch": 1.1703481891044776,
    "roll": 5.970015980857028
  }
}