{
  "filename": "runlist_item_0000_clip_0081.dir_snapshot_0000",
  "head_pose": {
    "yaw": 11.490225395358546,
    "pitch": 34.32761024786097,
    "roll": -0.6250200740174989
  }
}