{
  "filename": "runlist_item_0000_clip_0043.dir_snapshot_0000",
  "head_pose": {
    "yaw": -19.26863184848433,
    "pitch": -7.810292774051746,
    "roll": 15.542578612396142
  }
}