{
  "filename": "runlist_item_0000_clip_0005.dir_snapshot_0000",
  "head_pose": {
    "yaw": -13.610091690243886,
    "pitch": 0.44567102522870883,
    "roll": -1.8279682443049978
  }
}