{
  "filename": "runlist_item_0000_clip_0107.dir_snapshot_0000",
  "head_pose": {
    "yaw": 1.9160302655836705,
    "pitch": -26.82155551223051,
    "roll": -0.6861441978352332
  }
}