{
  "filename": "runlist_item_0000_clip_0005.dir_snapshot_0000",
  "source_json": "../res_Nastya_upd_dataset\\runlist_item_0000\\clip_0005.dir\\snapshot_0000.json",
  "pnp_result": {
    "yaw": -13.610091690243886,
    "pitch": 0.44567102522870883,
    "roll": -1.8279682443049978,
    "sin_b": 0.9455888763979724,
    "cos_minor": 0.3253639144595173,
    "method": "geom",
    "nose_length": 122.93926345964498,
    "nose_to_mouth": NaN,
    "ratio": 0.0
  },
  "coeffs_result": {
    "sin_b": 0.9455888763979724,
    "cos_minor": 0.3253639144595173
  },
  "geometric_result": {
    "error": "missing landmarks"
  },
  "ground_truth": {
    "yaw": -10.0,
    "pitch": 0.0,
    "roll": -3.0
  },
  "gt_source": "IMG_0001_13.json",
  "errors": {
    "yaw_error": 3.6100916902438858,
    "pitch_error": 0.44567102522870883,
    "roll_error": 1.1720317556950022,
    "mae": 1.7425981570558655
  }
}