{
  "filename": "runlist_item_0000_clip_0044.dir_snapshot_0000",
  "source_json": "../res_Nastya_upd_dataset\\runlist_item_0000\\clip_0044.dir\\snapshot_0000.json",
  "pnp_result": {
    "yaw": 0.9876522302427118,
    "pitch": -22.139786152770622,
    "roll": -0.11789238406214508,
    "sin_b": 0.9998737136768314,
    "cos_minor": 0.01589203253525986,
    "method": "geom",
    "nose_length": 188.7738395541077,
    "nose_to_mouth": NaN,
    "ratio": 0.0
  },
  "coeffs_result": {
    "sin_b": 0.9998737136768314,
    "cos_minor": 0.01589203253525986
  },
  "geometric_result": {
    "error": "missing landmarks"
  },
  "ground_truth": {
    "yaw": 1.0,
    "pitch": -15.0,
    "roll": -1.0
  },
  "gt_source": "IMG_0001_49.json",
  "errors": {
    "yaw_error": 0.01234776975728824,
    "pitch_error": 7.139786152770622,
    "roll_error": 0.8821076159378549,
    "mae": 2.6780805128219214
  }
}