{
  "filename": "runlist_item_0000_clip_0034.dir_snapshot_0000",
  "head_pose": {
    "yaw": -1.6452490498745558,
    "pitch": 38.09497478435578,
    "roll": 6.463467198913236
  }
}