{
  "filename": "runlist_item_0000_clip_0023.dir_snapshot_0000",
  "head_pose": {
    "yaw": 17.098799461654504,
    "pitch": -0.5660293350476753,
    "roll": 9.667756177136766
  }
}