{
  "filename": "runlist_item_0000_clip_0059.dir_snapshot_0000",
  "head_pose": {
    "yaw": -32.66598143939228,
    "pitch": 11.052097748831224,
    "roll": 22.64912734565607
  }
}