{
  "filename": "runlist_item_0000_clip_0011.dir_snapshot_0000",
  "head_pose": {
    "yaw": -22.442369130052526,
    "pitch": 4.420634306014288,
    "roll": -2.6144295965954427
  }
}