{
  "filename": "runlist_item_0000_clip_0080.dir_snapshot_0000",
  "head_pose": {
    "yaw": 12.862190812720849,
    "pitch": 33.21554770318021,
    "roll": 0.0
  }
}