{
  "filename": "runlist_item_0000_clip_0010.dir_snapshot_0000",
  "head_pose": {
    "yaw": -20.45472466635099,
    "pitch": 4.915406035861545,
    "roll": -2.5232662335029374
  }
}