{
  "filename": "runlist_item_0000_clip_0012.dir_snapshot_0000",
  "head_pose": {
    "yaw": -17.314157625328097,
    "pitch": 2.0288523365329336,
    "roll": -3.0708640712532542
  }
}