{
  "filename": "runlist_item_0000_clip_0087.dir_snapshot_0000",
  "head_pose": {
    "yaw": -19.920820085156755,
    "pitch": 29.385256450974868,
    "roll": -1.4581231558972263
  }
}