{
  "filename": "runlist_item_0000_clip_0068.dir_snapshot_0000",
  "head_pose": {
    "yaw": 20.147047985677847,
    "pitch": 1.374130931916988,
    "roll": -3.8629828715050394
  }
}