{
  "filename": "runlist_item_0000_clip_0025.dir_snapshot_0000",
  "head_pose": {
    "yaw": 23.6379108545229,
    "pitch": 1.783018378915071,
    "roll": 6.093904253594189
  }
}