{
  "filename": "runlist_item_0000_clip_0079.dir_snapshot_0000",
  "head_pose": {
    "yaw": 17.689179094472443,
    "pitch": 34.79730026633163,
    "roll": -1.4906318352623202
  }
}