{
  "filename": "runlist_item_0000_clip_0049.dir_snapshot_0000",
  "head_pose": {
    "yaw": 1.226786101470579,
    "pitch": -14.223945684999588,
    "roll": -1.0544045035218517
  }
}