{
  "filename": "runlist_item_0000_clip_0092.dir_snapshot_0000",
  "head_pose": {
    "yaw": -24.28432045528035,
    "pitch": 13.001549611482432,
    "roll": 0.6138598631093259
  }
}