{
  "filename": "runlist_item_0000_clip_0076.dir_snapshot_0000",
  "head_pose": {
    "yaw": 21.537276699602252,
    "pitch": 29.5110665424015,
    "roll": -0.6009826388479382
  }
}