{
  "filename": "runlist_item_0000_clip_0031.dir_snapshot_0000",
  "head_pose": {
    "yaw": -0.7475946291125786,
    "pitch": 36.3450929243385,
    "roll": 7.8776996718668215
  }
}