{
  "filename": "runlist_item_0000_clip_0036.dir_snapshot_0000",
  "head_pose": {
    "yaw": -2.819580860807837,
    "pitch": -18.03637271829465,
    "roll": 3.0304768458605906
  }
}