{
  "filename": "runlist_item_0000_clip_0103.dir_snapshot_0000",
  "head_pose": {
    "yaw": 15.297849480286224,
    "pitch": 16.986713390525942,
    "roll": -22.89835336909678
  }
}