{
  "filename": "runlist_item_0000_clip_0019.dir_snapshot_0000",
  "head_pose": {
    "yaw": 25.571116058017623,
    "pitch": 1.9888815353792078,
    "roll": 2.9711632619506076
  }
}