{
  "filename": "runlist_item_0000_clip_0030.dir_snapshot_0000",
  "head_pose": {
    "yaw": -0.8230017136225176,
    "pitch": 35.80269126052516,
    "roll": 0.5894419564222915
  }
}