{
  "filename": "runlist_item_0000_clip_0001.dir_snapshot_0000",
  "source_json": "../res_Nastya_upd_dataset\\runlist_item_0000\\clip_0001.dir\\snapshot_0000.json",
  "pnp_result": {
    "yaw": 1.4934545518589832,
    "pitch": -1.8167274520515342,
    "roll": -1.1885386092088197,
    "sin_b": 0.9993628543475496,
    "cos_minor": 0.03569153051241248,
    "method": "geom",
    "nose_length": 126.0803315350971,
    "nose_to_mouth": NaN,
    "ratio": 0.0
  },
  "coeffs_result": {
    "sin_b": 0.9993628543475496,
    "cos_minor": 0.03569153051241248
  },
  "geometric_result": {
    "error": "missing landmarks"
  },
  "ground_truth": {
    "yaw": 2.0,
    "pitch": -2.0,
    "roll": -1.0
  },
  "gt_source": "IMG_0001_1.json",
  "errors": {
    "yaw_error": 0.5065454481410168,
    "pitch_error": 0.1832725479484658,
    "roll_error": 0.1885386092088197,
    "mae": 0.2927855350994341
  }
}