{
  "filename": "runlist_item_0000_clip_0028.dir_snapshot_0000",
  "head_pose": {
    "yaw": 4.6711656912840684,
    "pitch": 5.874539533119161,
    "roll": 2.4168938069939827
  }
}