{
  "filename": "runlist_item_0000_clip_0019.dir_snapshot_0000",
  "head_pose": {
    "yaw": 16.975063243493484,
    "pitch": 0.9138287367765363,
    "roll": 9.646816030348532
  }
}