{
  "filename": "runlist_item_0000_clip_0028.dir_snapshot_0000",
  "head_pose": {
    "yaw": -2.052414767844994,
    "pitch": 9.377971663752689,
    "roll": -1.7641993171588126
  }
}