{
  "filename": "runlist_item_0000_clip_0062.dir_snapshot_0000",
  "head_pose": {
    "yaw": -28.983453636291955,
    "pitch": 7.143181592037693,
    "roll": 17.890443552009515
  }
}