{
  "filename": "runlist_item_0000_clip_0053.dir_snapshot_0000",
  "head_pose": {
    "yaw": -19.979718392536586,
    "pitch": 0.7898026546469472,
    "roll": 15.945395900922847
  }
}