{
  "filename": "runlist_item_0000_clip_0031.dir_snapshot_0000",
  "source_json": "../res_Nastya_upd_dataset\\runlist_item_0000\\clip_0031.dir\\snapshot_0000.json",
  "pnp_result": {
    "yaw": -0.7475946291125786,
    "pitch": 36.3450929243385,
    "roll": 7.8776996718668215,
    "sin_b": 0.9797149322825655,
    "cos_minor": 0.2003962361487065,
    "method": "geom",
    "nose_length": 11.22775578644281,
    "nose_to_mouth": NaN,
    "ratio": 0.0
  },
  "coeffs_result": {
    "sin_b": 0.9797149322825655,
    "cos_minor": 0.2003962361487065
  },
  "geometric_result": {
    "error": "missing landmarks"
  },
  "ground_truth": {
    "yaw": 0.0,
    "pitch": 15.0,
    "roll": -2.0
  },
  "gt_source": "IMG_0001_37.json",
  "errors": {
    "yaw_error": 0.7475946291125786,
    "pitch_error": 21.345092924338502,
    "roll_error": 9.877699671866822,
    "mae": 10.656795741772635
  }
}