{
  "filename": "runlist_item_0000_clip_0041.dir_snapshot_0000",
  "head_pose": {
    "yaw": -7.61294735146728,
    "pitch": -15.312820600504455,
    "roll": 6.660066337724004
  }
}