{
  "filename": "runlist_item_0000_clip_0104.dir_snapshot_0000",
  "head_pose": {
    "yaw": 15.099006647929926,
    "pitch": 17.483937454841335,
    "roll": -22.999301649459397
  }
}