{
  "filename": "runlist_item_0000_clip_0038.dir_snapshot_0000",
  "source_json": "../res_Nastya_upd_dataset\\runlist_item_0000\\clip_0038.dir\\snapshot_0000.json",
  "pnp_result": {
    "yaw": 2.138108008985328,
    "pitch": 1.0206462977290176,
    "roll": -2.3565213457893606,
    "sin_b": 0.9984989977461791,
    "cos_minor": 0.05476998721814482,
    "method": "geom",
    "nose_length": 118.67813614984017,
    "nose_to_mouth": NaN,
    "ratio": 0.0
  },
  "coeffs_result": {
    "sin_b": 0.9984989977461791,
    "cos_minor": 0.05476998721814482
  },
  "geometric_result": {
    "error": "missing landmarks"
  },
  "ground_truth": {
    "yaw": 0.0,
    "pitch": -20.0,
    "roll": 0.0
  },
  "gt_source": "IMG_0001_43.json",
  "errors": {
    "yaw_error": 2.138108008985328,
    "pitch_error": 21.020646297729016,
    "roll_error": 2.3565213457893606,
    "mae": 8.505091884167902
  }
}