{
  "filename": "runlist_item_0000_clip_0038.dir_snapshot_0000",
  "head_pose": {
    "yaw": -2.1026670775484764,
    "pitch": -17.356085282016778,
    "roll": 2.8456936094023035
  }
}