{
  "filename": "runlist_item_0000_clip_0026.dir_snapshot_0000",
  "head_pose": {
    "yaw": -8.501809217852943,
    "pitch": 1.097782063763808,
    "roll": -3.32312044513543
  }
}