{
  "filename": "runlist_item_0000_clip_0020.dir_snapshot_0000",
  "source_json": "../res_Nastya_upd_dataset\\runlist_item_0000\\clip_0020.dir\\snapshot_0000.json",
  "pnp_result": {
    "yaw": 15.913593901841256,
    "pitch": 0.304424100407088,
    "roll": 11.08641301165963,
    "sin_b": 0.9281912805299936,
    "cos_minor": 0.3721034086757213,
    "method": "geom",
    "nose_length": 120.93412462989923,
    "nose_to_mouth": NaN,
    "ratio": 0.0
  },
  "coeffs_result": {
    "sin_b": 0.9281912805299936,
    "cos_minor": 0.3721034086757213
  },
  "geometric_result": {
    "error": "missing landmarks"
  },
  "ground_truth": {
    "yaw": -5.0,
    "pitch": 0.0,
    "roll": -3.0
  },
  "gt_source": "IMG_0001_27.json",
  "errors": {
    "yaw_error": 20.913593901841256,
    "pitch_error": 0.304424100407088,
    "roll_error": 14.08641301165963,
    "mae": 11.768143671302658
  }
}