{
  "filename": "runlist_item_0000_clip_0064.dir_snapshot_0000",
  "head_pose": {
    "yaw": -11.803755683469287,
    "pitch": 1.0349140341390184,
    "roll": 9.312881285784385
  }
}