{
  "filename": "runlist_item_0000_clip_0001.dir_snapshot_0000",
  "head_pose": {
    "yaw": -0.25954334589839656,
    "pitch": 3.6639315742244793,
    "roll": -2.231174608031239
  }
}