{
  "filename": "runlist_item_0000_clip_0098.dir_snapshot_0000",
  "head_pose": {
    "yaw": -5.134329741848031,
    "pitch": 6.5610319377076864,
    "roll": -10.237380171406755
  }
}