{
  "filename": "runlist_item_0000_clip_0015.dir_snapshot_0000",
  "head_pose": {
    "yaw": -0.6639004149377593,
    "pitch": -0.8298755186721962,
    "roll": 0.0
  }
}