{
  "filename": "runlist_item_0000_clip_0032.dir_snapshot_0000",
  "head_pose": {
    "yaw": -0.980263165145665,
    "pitch": -3.7442437446253063,
    "roll": 2.9851128422654654
  }
}