{
  "filename": "runlist_item_0000_clip_0020.dir_snapshot_0000",
  "head_pose": {
    "yaw": 15.913593901841256,
    "pitch": 0.304424100407088,
    "roll": 11.08641301165963
  }
}