{
  "filename": "runlist_item_0000_clip_0002.dir_snapshot_0000",
  "head_pose": {
    "yaw": -4.35558177533907,
    "pitch": 4.363421838134878,
    "roll": -1.134421630977016
  }
}