{
  "filename": "runlist_item_0000_clip_0048.dir_snapshot_0000",
  "head_pose": {
    "yaw": -20.3003003003003,
    "pitch": -6.366366366366369,
    "roll": 18.924644416051223
  }
}