{
  "filename": "runlist_item_0000_clip_0096.dir_snapshot_0000",
  "head_pose": {
    "yaw": -22.062539197391423,
    "pitch": 5.665173374059598,
    "roll": 1.3827330710976753
  }
}