{
  "filename": "runlist_item_0000_clip_0003.dir_snapshot_0000",
  "head_pose": {
    "yaw": -10.032094310319282,
    "pitch": 5.995108896190491,
    "roll": -0.5598757901616693
  }
}