{
  "filename": "runlist_item_0000_clip_0006.dir_snapshot_0000",
  "head_pose": {
    "yaw": -26.362930045950822,
    "pitch": 6.125052252783618,
    "roll": -2.2338092601429196
  }
}