{
  "filename": "runlist_item_0000_clip_0011.dir_snapshot_0000",
  "head_pose": {
    "yaw": -9.859949228049711,
    "pitch": 7.306484138572014,
    "roll": -2.602562202499797
  }
}