{
  "filename": "runlist_item_0000_clip_0078.dir_snapshot_0000",
  "head_pose": {
    "yaw": 20.431654676258994,
    "pitch": 35.68345323741007,
    "roll": 0.0
  }
}