{
  "filename": "runlist_item_0000_clip_0017.dir_snapshot_0000",
  "head_pose": {
    "yaw": 6.426912145409939,
    "pitch": -0.31426709393507224,
    "roll": 1.7936449352637283
  }
}