{
  "filename": "runlist_item_0000_clip_0001.dir_snapshot_0000",
  "head_pose": {
    "yaw": 1.4934545518589832,
    "pitch": -1.8167274520515342,
    "roll": -1.1885386092088197
  }
}