{
  "filename": "runlist_item_0000_clip_0028.dir_snapshot_0000",
  "source_json": "../res_Nastya_upd_dataset\\runlist_item_0000\\clip_0028.dir\\snapshot_0000.json",
  "pnp_result": {
    "yaw": -2.052414767844994,
    "pitch": 9.377971663752689,
    "roll": -1.7641993171588126,
    "sin_b": 0.9977614224302254,
    "cos_minor": 0.06687408997521672,
    "method": "geom",
    "nose_length": 93.45921570396362,
    "nose_to_mouth": NaN,
    "ratio": 0.0
  },
  "coeffs_result": {
    "sin_b": 0.9977614224302254,
    "cos_minor": 0.06687408997521672
  },
  "geometric_result": {
    "error": "missing landmarks"
  },
  "ground_truth": {
    "yaw": 0.0,
    "pitch": 38.0,
    "roll": 1.0
  },
  "gt_source": "IMG_0001_34.json",
  "errors": {
    "yaw_error": 2.052414767844994,
    "pitch_error": 28.62202833624731,
    "roll_error": 2.7641993171588126,
    "mae": 11.146214140417039
  }
}