{
  "filename": "runlist_item_0000_clip_0032.dir_snapshot_0000",
  "head_pose": {
    "yaw": -0.690907859695252,
    "pitch": 38.272730350761876,
    "roll": 6.695382776904864
  }
}