{
  "filename": "runlist_item_0000_clip_0021.dir_snapshot_0000",
  "head_pose": {
    "yaw": 25.159220065515456,
    "pitch": 1.4966632146531422,
    "roll": 4.184916125118406
  }
}