{
  "filename": "runlist_item_0000_clip_0029.dir_snapshot_0000",
  "head_pose": {
    "yaw": -1.2320328542094456,
    "pitch": 27.186858316221766,
    "roll": 0.0
  }
}