{
  "filename": "runlist_item_0000_clip_0033.dir_snapshot_0000",
  "source_json": "../res_Nastya_upd_dataset\\runlist_item_0000\\clip_0033.dir\\snapshot_0000.json",
  "pnp_result": {
    "yaw": -2.5798399258987432,
    "pitch": 37.24817074570801,
    "roll": 6.6666598909013715,
    "sin_b": 0.7295372041400852,
    "cos_minor": 0.6839411288813297,
    "method": "geom",
    "nose_length": 10.965856099730654,
    "nose_to_mouth": NaN,
    "ratio": 0.0
  },
  "coeffs_result": {
    "sin_b": 0.7295372041400852,
    "cos_minor": 0.6839411288813297
  },
  "geometric_result": {
    "error": "missing landmarks"
  },
  "ground_truth": {
    "yaw": 0.0,
    "pitch": -3.0,
    "roll": -2.0
  },
  "gt_source": "IMG_0001_39.json",
  "errors": {
    "yaw_error": 2.5798399258987432,
    "pitch_error": 40.24817074570801,
    "roll_error": 8.666659890901371,
    "mae": 17.16489018750271
  }
}