{
  "filename": "runlist_item_0000_clip_0037.dir_snapshot_0000",
  "source_json": "../res_Nastya_upd_dataset\\runlist_item_0000\\clip_0037.dir\\snapshot_0000.json",
  "pnp_result": {
    "yaw": 0.4155705657993817,
    "pitch": 13.735940241479078,
    "roll": -1.905186229242986,
    "sin_b": 0.9998748432406694,
    "cos_minor": 0.015820804481654717,
    "method": "geom",
    "nose_length": 79.00988862161495,
    "nose_to_mouth": NaN,
    "ratio": 0.0
  },
  "coeffs_result": {
    "sin_b": 0.9998748432406694,
    "cos_minor": 0.015820804481654717
  },
  "geometric_result": {
    "error": "missing landmarks"
  },
  "ground_truth": {
    "yaw": 0.0,
    "pitch": -22.0,
    "roll": -1.0
  },
  "gt_source": "IMG_0001_42.json",
  "errors": {
    "yaw_error": 0.4155705657993817,
    "pitch_error": 35.73594024147908,
    "roll_error": 0.905186229242986,
    "mae": 12.352232345507149
  }
}