{
  "filename": "runlist_item_0000_clip_0069.dir_snapshot_0000",
  "head_pose": {
    "yaw": 22.690952255981415,
    "pitch": 1.3462266802177059,
    "roll": -5.108887347653564
  }
}