{
  "filename": "runlist_item_0000_clip_0037.dir_snapshot_0000",
  "head_pose": {
    "yaw": -2.22564044904611,
    "pitch": -18.335207559208566,
    "roll": 3.021606309641328
  }
}