{
  "filename": "runlist_item_0000_clip_0004.dir_snapshot_0000",
  "head_pose": {
    "yaw": 0.0,
    "pitch": 0.42749502165325914,
    "roll": -1.5385663069276632
  }
}