{
  "filename": "runlist_item_0000_clip_0083.dir_snapshot_0000",
  "head_pose": {
    "yaw": -7.993607669774317,
    "pitch": 34.04112882798642,
    "roll": -2.2906100426385194
  }
}