{
  "filename": "runlist_item_0000_clip_0007.dir_snapshot_0000",
  "head_pose": {
    "yaw": -26.26226023804893,
    "pitch": 5.635553092765759,
    "roll": -2.8024515198667928
  }
}