{
  "filename": "runlist_item_0000_clip_0074.dir_snapshot_0000",
  "head_pose": {
    "yaw": 19.51298105498087,
    "pitch": 16.3933865558623,
    "roll": -1.7593854222619711
  }
}