{
  "filename": "runlist_item_0000_clip_0044.dir_snapshot_0000",
  "head_pose": {
    "yaw": -17.799770244240595,
    "pitch": -6.680192163703804,
    "roll": 17.847594212478327
  }
}