{
  "filename": "runlist_item_0000_clip_0042.dir_snapshot_0000",
  "head_pose": {
    "yaw": 1.802972091836602,
    "pitch": -21.8747240607561,
    "roll": -1.0565646791945937
  }
}