{
  "filename": "runlist_item_0000_clip_0024.dir_snapshot_0000",
  "head_pose": {
    "yaw": 22.975699697832752,
    "pitch": -1.581787796691172,
    "roll": 4.243852273898028
  }
}