{
  "filename": "runlist_item_0000_clip_0072.dir_snapshot_0000",
  "head_pose": {
    "yaw": 23.39841619058319,
    "pitch": 4.158495430609559,
    "roll": -4.071813894307638
  }
}