{
  "filename": "runlist_item_0000_clip_0051.dir_snapshot_0000",
  "head_pose": {
    "yaw": -19.40311751096637,
    "pitch": -2.8081280085695504,
    "roll": 17.83070125937411
  }
}