{
  "filename": "runlist_item_0000_clip_0003.dir_snapshot_0000",
  "source_json": "../res_Nastya_upd_dataset\\runlist_item_0000\\clip_0003.dir\\snapshot_0000.json",
  "pnp_result": {
    "yaw": 1.4312618053735306,
    "pitch": -3.611389128440523,
    "roll": -1.2060487792199694,
    "sin_b": 0.9994619065804256,
    "cos_minor": 0.03280087338197953,
    "method": "geom",
    "nose_length": 129.56972061403852,
    "nose_to_mouth": NaN,
    "ratio": 0.0
  },
  "coeffs_result": {
    "sin_b": 0.9994619065804256,
    "cos_minor": 0.03280087338197953
  },
  "geometric_result": {
    "error": "missing landmarks"
  },
  "ground_truth": {
    "yaw": -16.0,
    "pitch": 4.0,
    "roll": -3.0
  },
  "gt_source": "IMG_0001_11.json",
  "errors": {
    "yaw_error": 17.43126180537353,
    "pitch_error": 7.611389128440523,
    "roll_error": 1.7939512207800306,
    "mae": 8.94553405153136
  }
}