{
  "filename": "runlist_item_0000_clip_0032.dir_snapshot_0000",
  "source_json": "../res_Nastya_upd_dataset\\runlist_item_0000\\clip_0032.dir\\snapshot_0000.json",
  "pnp_result": {
    "yaw": -0.690907859695252,
    "pitch": 38.272730350761876,
    "roll": 6.695382776904864,
    "sin_b": 0.9284766908852594,
    "cos_minor": 0.3713906763541035,
    "method": "geom",
    "nose_length": 5.385164807134504,
    "nose_to_mouth": NaN,
    "ratio": 0.0
  },
  "coeffs_result": {
    "sin_b": 0.9284766908852594,
    "cos_minor": 0.3713906763541035
  },
  "geometric_result": {
    "error": "missing landmarks"
  },
  "ground_truth": {
    "yaw": 0.0,
    "pitch": 0.0,
    "roll": -2.0
  },
  "gt_source": "IMG_0001_38.json",
  "errors": {
    "yaw_error": 0.690907859695252,
    "pitch_error": 38.272730350761876,
    "roll_error": 8.695382776904864,
    "mae": 15.886340329120664
  }
}