{
  "filename": "runlist_item_0000_clip_0024.dir_snapshot_0000",
  "head_pose": {
    "yaw": 9.67127413761581,
    "pitch": 1.6512955934538276,
    "roll": 6.034226943876121
  }
}