{
  "filename": "runlist_item_0000_clip_0067.dir_snapshot_0000",
  "head_pose": {
    "yaw": 11.619375372232385,
    "pitch": -2.2638818484496603,
    "roll": -2.378329973355477
  }
}