{
  "filename": "runlist_item_0000_clip_0040.dir_snapshot_0000",
  "head_pose": {
    "yaw": -3.5434632795863523,
    "pitch": -17.285989686646026,
    "roll": 3.555227070918818
  }
}