{
  "filename": "runlist_item_0000_clip_0105.dir_snapshot_0000",
  "head_pose": {
    "yaw": 15.487425414223686,
    "pitch": 16.970871775371737,
    "roll": -23.198590513648185
  }
}