{
  "filename": "runlist_item_0000_clip_0040.dir_snapshot_0000",
  "head_pose": {
    "yaw": 2.5093841716171394,
    "pitch": -7.511006982617845,
    "roll": -1.6776394661534653
  }
}