{
  "filename": "runlist_item_0000_clip_0035.dir_snapshot_0000",
  "head_pose": {
    "yaw": -0.3442875019834482,
    "pitch": 36.72926873115724,
    "roll": 3.2071854672786912
  }
}