{
  "filename": "runlist_item_0000_clip_0048.dir_snapshot_0000",
  "source_json": "../res_Nastya_upd_dataset\\runlist_item_0000\\clip_0048.dir\\snapshot_0000.json",
  "pnp_result": {
    "yaw": 2.2175422650182846,
    "pitch": -21.680527445508577,
    "roll": 0.588231688464333,
    "sin_b": 0.999354350384004,
    "cos_minor": 0.03592885147851707,
    "method": "geom",
    "nose_length": 187.87129903207673,
    "nose_to_mouth": NaN,
    "ratio": 0.0
  },
  "coeffs_result": {
    "sin_b": 0.999354350384004,
    "cos_minor": 0.03592885147851707
  },
  "geometric_result": {
    "error": "missing landmarks"
  },
  "ground_truth": {
    "yaw": 0.0,
    "pitch": -1.0,
    "roll": -1.0
  },
  "gt_source": "IMG_0001_52.json",
  "errors": {
    "yaw_error": 2.2175422650182846,
    "pitch_error": 20.680527445508577,
    "roll_error": 1.588231688464333,
    "mae": 8.162100466330399
  }
}