{
  "filename": "runlist_item_0000_clip_0000.dir_snapshot_0000",
  "head_pose": {
    "yaw": -0.38326141572356376,
    "pitch": 3.206904090537872,
    "roll": -1.4641101061676522
  }
}