{
  "filename": "runlist_item_0000_clip_0055.dir_snapshot_0000",
  "head_pose": {
    "yaw": -26.290659333518086,
    "pitch": 6.515379157310299,
    "roll": 19.08668242367989
  }
}