{
  "filename": "runlist_item_0000_clip_0004.dir_snapshot_0000",
  "head_pose": {
    "yaw": -17.59521084437207,
    "pitch": 6.0092517779175925,
    "roll": -1.336658978329126
  }
}