{
  "filename": "runlist_item_0000_clip_0027.dir_snapshot_0000",
  "source_json": "../res_Nastya_upd_dataset\\runlist_item_0000\\clip_0027.dir\\snapshot_0000.json",
  "pnp_result": {
    "yaw": -5.342797544572907,
    "pitch": -0.2829973598750968,
    "roll": -3.0383260714748985,
    "sin_b": 0.9913187998228952,
    "cos_minor": 0.13148017766072095,
    "method": "geom",
    "nose_length": 119.78992027712515,
    "nose_to_mouth": NaN,
    "ratio": 0.0
  },
  "coeffs_result": {
    "sin_b": 0.9913187998228952,
    "cos_minor": 0.13148017766072095
  },
  "geometric_result": {
    "error": "missing landmarks"
  },
  "ground_truth": {
    "yaw": 0.0,
    "pitch": 37.0,
    "roll": 1.0
  },
  "gt_source": "IMG_0001_33.json",
  "errors": {
    "yaw_error": 5.342797544572907,
    "pitch_error": 37.2829973598751,
    "roll_error": 4.0383260714748985,
    "mae": 15.5547069919743
  }
}