{
  "filename": "runlist_item_0000_clip_0030.dir_snapshot_0000",
  "head_pose": {
    "yaw": -1.1263151688468875,
    "pitch": 2.2058687786933273,
    "roll": 3.5875162209742655
  }
}