{
  "filename": "runlist_item_0000_clip_0030.dir_snapshot_0000",
  "source_json": "../res_Nastya_upd_dataset\\runlist_item_0000\\clip_0030.dir\\snapshot_0000.json",
  "pnp_result": {
    "yaw": -0.8230017136225176,
    "pitch": 35.80269126052516,
    "roll": 0.5894419564222915,
    "sin_b": 0.9813137496771572,
    "cos_minor": 0.19241446072101132,
    "method": "geom",
    "nose_length": 12.992786460186283,
    "nose_to_mouth": NaN,
    "ratio": 0.0
  },
  "coeffs_result": {
    "sin_b": 0.9813137496771572,
    "cos_minor": 0.19241446072101132
  },
  "geometric_result": {
    "error": "missing landmarks"
  },
  "ground_truth": {
    "yaw": 1.0,
    "pitch": 25.0,
    "roll": -2.0
  },
  "gt_source": "IMG_0001_36.json",
  "errors": {
    "yaw_error": 1.8230017136225176,
    "pitch_error": 10.802691260525158,
    "roll_error": 2.5894419564222915,
    "mae": 5.071711643523322
  }
}