{
  "filename": "runlist_item_0000_clip_0008.dir_snapshot_0000",
  "head_pose": {
    "yaw": -18.06671815574933,
    "pitch": 8.138497045525806,
    "roll": -2.550464619805865
  }
}