{
  "filename": "runlist_item_0000_clip_0054.dir_snapshot_0000",
  "head_pose": {
    "yaw": -20.99332541821695,
    "pitch": 3.0719817944617445,
    "roll": 17.289185984746894
  }
}