{
  "filename": "runlist_item_0000_clip_0077.dir_snapshot_0000",
  "head_pose": {
    "yaw": 19.993570629420123,
    "pitch": 32.03154793754995,
    "roll": -1.452842369376583
  }
}