{
  "filename": "runlist_item_0000_clip_0051.dir_snapshot_0000",
  "head_pose": {
    "yaw": 0.8296969732549907,
    "pitch": -3.4761213985615136,
    "roll": -1.1885386092088197
  }
}