{
  "filename": "runlist_item_0000_clip_0003.dir_snapshot_0000",
  "head_pose": {
    "yaw": 1.4312618053735306,
    "pitch": -3.611389128440523,
    "roll": -1.2060487792199694
  }
}