{
  "filename": "runlist_item_0000_clip_0052.dir_snapshot_0000",
  "source_json": "../res_Nastya_upd_dataset\\runlist_item_0000\\clip_0052.dir\\snapshot_0000.json",
  "pnp_result": {
    "yaw": -0.16593939465099816,
    "pitch": -1.6507880574005362,
    "roll": -1.1885386092088197,
    "sin_b": 0.9999920637125158,
    "cos_minor": 0.003984032126346505,
    "method": "geom",
    "nose_length": 125.5009960119839,
    "nose_to_mouth": NaN,
    "ratio": 0.0
  },
  "coeffs_result": {
    "sin_b": 0.9999920637125158,
    "cos_minor": 0.003984032126346505
  },
  "geometric_result": {
    "error": "missing landmarks"
  },
  "ground_truth": {
    "yaw": 0.0,
    "pitch": 4.0,
    "roll": -1.0
  },
  "gt_source": "IMG_0001_56.json",
  "errors": {
    "yaw_error": 0.16593939465099816,
    "pitch_error": 5.650788057400536,
    "roll_error": 0.1885386092088197,
    "mae": 2.001755353753451
  }
}