{
  "filename": "runlist_item_0000_clip_0106.dir_snapshot_0000",
  "head_pose": {
    "yaw": 15.41392947274404,
    "pitch": 19.05286507550169,
    "roll": -22.25696265944964
  }
}