{
  "filename": "runlist_item_0000_clip_0016.dir_snapshot_0000",
  "head_pose": {
    "yaw": 6.044516143035221,
    "pitch": 5.533397312054484,
    "roll": 0.7368825782116346
  }
}