{
  "filename": "runlist_item_0000_clip_0013.dir_snapshot_0000",
  "head_pose": {
    "yaw": -2.749342277054244,
    "pitch": 7.382802985856465,
    "roll": -1.253145319143016
  }
}