{
  "filename": "runlist_item_0000_clip_0015.dir_snapshot_0000",
  "source_json": "../res_Nastya_upd_dataset\\runlist_item_0000\\clip_0015.dir\\snapshot_0000.json",
  "pnp_result": {
    "yaw": -0.6639004149377593,
    "pitch": -0.8298755186721962,
    "roll": 0.0,
    "sin_b": 0.9998678297641598,
    "cos_minor": 0.016258013492096043,
    "method": "geom",
    "nose_length": 123.01625908797584,
    "nose_to_mouth": NaN,
    "ratio": 0.0
  },
  "coeffs_result": {
    "sin_b": 0.9998678297641598,
    "cos_minor": 0.016258013492096043
  },
  "geometric_result": {
    "error": "missing landmarks"
  },
  "ground_truth": {
    "yaw": 17.0,
    "pitch": 0.0,
    "roll": 10.0
  },
  "gt_source": "IMG_0001_22.json",
  "errors": {
    "yaw_error": 17.66390041493776,
    "pitch_error": 0.8298755186721962,
    "roll_error": 10.0,
    "mae": 9.49792531120332
  }
}