{
  "filename": "runlist_item_0000_clip_0041.dir_snapshot_0000",
  "head_pose": {
    "yaw": 1.8883369293567172,
    "pitch": -18.78474962693084,
    "roll": -1.646653091605998
  }
}