{
  "filename": "runlist_item_0000_clip_0056.dir_snapshot_0000",
  "source_json": "../res_Nastya_upd_dataset\\runlist_item_0000\\clip_0056.dir\\snapshot_0000.json",
  "pnp_result": {
    "yaw": 0.5893430963302774,
    "pitch": 3.9658792529487563,
    "roll": -1.2060487792199694,
    "sin_b": 0.9998662815204636,
    "cos_minor": 0.016352953202433098,
    "method": "geom",
    "nose_length": 107.01430979079386,
    "nose_to_mouth": NaN,
    "ratio": 0.0
  },
  "coeffs_result": {
    "sin_b": 0.9998662815204636,
    "cos_minor": 0.016352953202433098
  },
  "geometric_result": {
    "error": "missing landmarks"
  },
  "ground_truth": {
    "yaw": -18.0,
    "pitch": 3.0,
    "roll": -3.0
  },
  "gt_source": "IMG_0001_9.json",
  "errors": {
    "yaw_error": 18.58934309633028,
    "pitch_error": 0.9658792529487563,
    "roll_error": 1.7939512207800306,
    "mae": 7.116391190019688
  }
}