{
  "filename": "runlist_item_0000_clip_0026.dir_snapshot_0000",
  "head_pose": {
    "yaw": 19.93989493610647,
    "pitch": 2.1411454253654183,
    "roll": 4.443109205196151
  }
}