{
  "filename": "runlist_item_0000_clip_0084.dir_snapshot_0000",
  "head_pose": {
    "yaw": -14.496165128019321,
    "pitch": 36.00615858717835,
    "roll": -3.1798301198642207
  }
}