{
  "filename": "runlist_item_0000_clip_0017.dir_snapshot_0000",
  "head_pose": {
    "yaw": 12.732398286190277,
    "pitch": 5.8771725930100605,
    "roll": 1.824089832376103
  }
}