{
  "filename": "runlist_item_0000_clip_0089.dir_snapshot_0000",
  "head_pose": {
    "yaw": -20.13434331737486,
    "pitch": 29.340641773154488,
    "roll": -2.121096396661443
  }
}