{
  "filename": "runlist_item_0000_clip_0053.dir_snapshot_0000",
  "head_pose": {
    "yaw": 1.0944943217562295,
    "pitch": -0.5804817758848113,
    "roll": -1.2060487792199694
  }
}