{
  "filename": "runlist_item_0000_clip_0010.dir_snapshot_0000",
  "source_json": "../res_Nastya_upd_dataset\\runlist_item_0000\\clip_0010.dir\\snapshot_0000.json",
  "pnp_result": {
    "yaw": -16.87223317587375,
    "pitch": 8.919570465495728,
    "roll": -2.544804379813087,
    "sin_b": 0.8788534316656944,
    "cos_minor": 0.4770918629042342,
    "method": "geom",
    "nose_length": 99.56153875869938,
    "nose_to_mouth": NaN,
    "ratio": 0.0
  },
  "coeffs_result": {
    "sin_b": 0.8788534316656944,
    "cos_minor": 0.4770918629042342
  },
  "geometric_result": {
    "error": "missing landmarks"
  },
  "ground_truth": {
    "yaw": 15.0,
    "pitch": 0.0,
    "roll": 5.0
  },
  "gt_source": "IMG_0001_18.json",
  "errors": {
    "yaw_error": 31.87223317587375,
    "pitch_error": 8.919570465495728,
    "roll_error": 7.544804379813087,
    "mae": 16.11220267372752
  }
}