{
  "filename": "runlist_item_0000_clip_0075.dir_snapshot_0000",
  "head_pose": {
    "yaw": 20.41513753536583,
    "pitch": 20.01017782995429,
    "roll": -1.8279682443049978
  }
}