{
  "filename": "runlist_item_0000_clip_0029.dir_snapshot_0000",
  "head_pose": {
    "yaw": 1.7911954324136048,
    "pitch": 3.6643212281811577,
    "roll": 3.6677880555314175
  }
}