{
  "filename": "runlist_item_0000_clip_0034.dir_snapshot_0000",
  "source_json": "../res_Nastya_upd_dataset\\runlist_item_0000\\clip_0034.dir\\snapshot_0000.json",
  "pnp_result": {
    "yaw": -1.6452490498745558,
    "pitch": 38.09497478435578,
    "roll": 6.463467198913236,
    "sin_b": 0.7568230077691596,
    "cos_minor": 0.6536198703460924,
    "method": "geom",
    "nose_length": 7.267220926874317,
    "nose_to_mouth": NaN,
    "ratio": 0.0
  },
  "coeffs_result": {
    "sin_b": 0.7568230077691596,
    "cos_minor": 0.6536198703460924
  },
  "geometric_result": {
    "error": "missing landmarks"
  },
  "ground_truth": {
    "yaw": 0.0,
    "pitch": 0.0,
    "roll": -2.0
  },
  "gt_source": "IMG_0001_4.json",
  "errors": {
    "yaw_error": 1.6452490498745558,
    "pitch_error": 38.09497478435578,
    "roll_error": 8.463467198913236,
    "mae": 16.067897011047858
  }
}