{
  "filename": "runlist_item_0000_clip_0050.dir_snapshot_0000",
  "head_pose": {
    "yaw": -20.521210787155717,
    "pitch": -2.602513622457776,
    "roll": 18.0000745968959
  }
}