{
  "filename": "runlist_item_0000_clip_0035.dir_snapshot_0000",
  "head_pose": {
    "yaw": -0.9568452194206774,
    "pitch": -17.769530122523403,
    "roll": 2.9137378504358082
  }
}