{
  "filename": "runlist_item_0000_clip_0013.dir_snapshot_0000",
  "head_pose": {
    "yaw": -8.152661179505753,
    "pitch": 0.45959327939709915,
    "roll": -2.920721521000388
  }
}