{
  "filename": "runlist_item_0000_clip_0014.dir_snapshot_0000",
  "source_json": "../res_Nastya_upd_dataset\\runlist_item_0000\\clip_0014.dir\\snapshot_0000.json",
  "pnp_result": {
    "yaw": -5.144951403374119,
    "pitch": -0.4127634426321958,
    "roll": -0.5943332414715314,
    "sin_b": 0.9919932725927869,
    "cos_minor": 0.12629072464220312,
    "method": "geom",
    "nose_length": 122.73268717012596,
    "nose_to_mouth": NaN,
    "ratio": 0.0
  },
  "coeffs_result": {
    "sin_b": 0.9919932725927869,
    "cos_minor": 0.12629072464220312
  },
  "geometric_result": {
    "error": "missing landmarks"
  },
  "ground_truth": {
    "yaw": 17.0,
    "pitch": 0.0,
    "roll": 10.0
  },
  "gt_source": "IMG_0001_21.json",
  "errors": {
    "yaw_error": 22.14495140337412,
    "pitch_error": 0.4127634426321958,
    "roll_error": 10.594333241471531,
    "mae": 11.050682695825948
  }
}