{
  "filename": "runlist_item_0000_clip_0014.dir_snapshot_0000",
  "head_pose": {
    "yaw": 0.509295931447611,
    "pitch": 7.150412421629091,
    "roll": -1.824089832376103
  }
}