{
  "filename": "runlist_item_0000_clip_0000.dir_snapshot_0000",
  "source_json": "../res_Nastya_upd_dataset\\runlist_item_0000\\clip_0000.dir\\snapshot_0000.json",
  "pnp_result": {
    "yaw": 1.926284476850283,
    "pitch": -1.7082464987583013,
    "roll": -2.8803775528476194,
    "sin_b": 0.998935188098208,
    "cos_minor": 0.046135560896100415,
    "method": "geom",
    "nose_length": 124.63271039337947,
    "nose_to_mouth": NaN,
    "ratio": 0.0
  },
  "coeffs_result": {
    "sin_b": 0.998935188098208,
    "cos_minor": 0.046135560896100415
  },
  "geometric_result": {
    "error": "missing landmarks"
  },
  "ground_truth": {
    "yaw": 2.0,
    "pitch": -2.0,
    "roll": -3.0
  },
  "gt_source": "IMG_0001_0.json",
  "errors": {
    "yaw_error": 0.07371552314971708,
    "pitch_error": 0.29175350124169874,
    "roll_error": 0.11962244715238057,
    "mae": 0.16169715718126546
  }
}