{
  "filename": "runlist_item_0000_clip_0005.dir_snapshot_0000",
  "head_pose": {
    "yaw": -22.703992335966134,
    "pitch": 6.849385423558654,
    "roll": -1.9955613157077323
  }
}