{
  "filename": "runlist_item_0000_clip_0047.dir_snapshot_0000",
  "source_json": "../res_Nastya_upd_dataset\\runlist_item_0000\\clip_0047.dir\\snapshot_0000.json",
  "pnp_result": {
    "yaw": -0.24947162340029874,
    "pitch": -22.53422026567489,
    "roll": 0.47646119572294765,
    "sin_b": 0.9999920425915864,
    "cos_minor": 0.0039893299571393285,
    "method": "geom",
    "nose_length": 188.0014960046861,
    "nose_to_mouth": NaN,
    "ratio": 0.0
  },
  "coeffs_result": {
    "sin_b": 0.9999920425915864,
    "cos_minor": 0.0039893299571393285
  },
  "geometric_result": {
    "error": "missing landmarks"
  },
  "ground_truth": {
    "yaw": 0.0,
    "pitch": -3.0,
    "roll": -1.0
  },
  "gt_source": "IMG_0001_51.json",
  "errors": {
    "yaw_error": 0.24947162340029874,
    "pitch_error": 19.53422026567489,
    "roll_error": 1.4764611957229477,
    "mae": 7.086717694932712
  }
}