{
  "filename": "runlist_item_0000_clip_0045.dir_snapshot_0000",
  "head_pose": {
    "yaw": -20.962410014440252,
    "pitch": -6.9272133277810255,
    "roll": 18.758650347842234
  }
}