{
  "filename": "runlist_item_0000_clip_0099.dir_snapshot_0000",
  "head_pose": {
    "yaw": 4.543491283264121,
    "pitch": 9.753329457127426,
    "roll": -16.788295731315998
  }
}