{
  "filename": "runlist_item_0000_clip_0051.dir_snapshot_0000",
  "source_json": "../res_Nastya_upd_dataset\\runlist_item_0000\\clip_0051.dir\\snapshot_0000.json",
  "pnp_result": {
    "yaw": 0.8296969732549907,
    "pitch": -3.4761213985615136,
    "roll": -1.1885386092088197,
    "sin_b": 0.9998179507796646,
    "cos_minor": 0.01908049524388985,
    "method": "geom",
    "nose_length": 131.0238527902458,
    "nose_to_mouth": NaN,
    "ratio": 0.0
  },
  "coeffs_result": {
    "sin_b": 0.9998179507796646,
    "cos_minor": 0.01908049524388985
  },
  "geometric_result": {
    "error": "missing landmarks"
  },
  "ground_truth": {
    "yaw": 0.0,
    "pitch": 5.0,
    "roll": 0.0
  },
  "gt_source": "IMG_0001_55.json",
  "errors": {
    "yaw_error": 0.8296969732549907,
    "pitch_error": 8.476121398561514,
    "roll_error": 1.1885386092088197,
    "mae": 3.4981189936751083
  }
}