{
  "filename": "runlist_item_0000_clip_0045.dir_snapshot_0000",
  "source_json": "../res_Nastya_upd_dataset\\runlist_item_0000\\clip_0045.dir\\snapshot_0000.json",
  "pnp_result": {
    "yaw": -0.33612258609376616,
    "pitch": -23.695230064768687,
    "roll": 0.4814658058383543,
    "sin_b": 0.999986076689593,
    "cos_minor": 0.005276971380944043,
    "method": "geom",
    "nose_length": 189.50263850405884,
    "nose_to_mouth": NaN,
    "ratio": 0.0
  },
  "coeffs_result": {
    "sin_b": 0.999986076689593,
    "cos_minor": 0.005276971380944043
  },
  "geometric_result": {
    "error": "missing landmarks"
  },
  "ground_truth": {
    "yaw": -12.0,
    "pitch": 0.0,
    "roll": -2.0
  },
  "gt_source": "IMG_0001_5.json",
  "errors": {
    "yaw_error": 11.663877413906233,
    "pitch_error": 23.695230064768687,
    "roll_error": 2.4814658058383543,
    "mae": 12.613524428171091
  }
}