{
  "filename": "runlist_item_0000_clip_0029.dir_snapshot_0000",
  "source_json": "../res_Nastya_upd_dataset\\runlist_item_0000\\clip_0029.dir\\snapshot_0000.json",
  "pnp_result": {
    "yaw": -1.2320328542094456,
    "pitch": 27.186858316221766,
    "roll": 0.0,
    "sin_b": 0.9954090291002811,
    "cos_minor": 0.09571240664425812,
    "method": "geom",
    "nose_length": 39.17987365982693,
    "nose_to_mouth": NaN,
    "ratio": 0.0
  },
  "coeffs_result": {
    "sin_b": 0.9954090291002811,
    "cos_minor": 0.09571240664425812
  },
  "geometric_result": {
    "error": "missing landmarks"
  },
  "ground_truth": {
    "yaw": 0.0,
    "pitch": 36.0,
    "roll": 1.0
  },
  "gt_source": "IMG_0001_35.json",
  "errors": {
    "yaw_error": 1.2320328542094456,
    "pitch_error": 8.813141683778234,
    "roll_error": 1.0,
    "mae": 3.6817248459958933
  }
}