{
  "filename": "runlist_item_0000_clip_0015.dir_snapshot_0000",
  "head_pose": {
    "yaw": 2.158730158730159,
    "pitch": 6.476190476190475,
    "roll": 0.0
  }
}