{
  "filename": "runlist_item_0000_clip_0009.dir_snapshot_0000",
  "head_pose": {
    "yaw": -18.673278763855315,
    "pitch": 7.388771536807699,
    "roll": -3.2011270261488676
  }
}