{
  "filename": "runlist_item_0000_clip_0086.dir_snapshot_0000",
  "head_pose": {
    "yaw": -16.773258128619894,
    "pitch": 26.73387766190972,
    "roll": -2.8405907289693175
  }
}