{
  "filename": "runlist_item_0000_clip_0023.dir_snapshot_0000",
  "head_pose": {
    "yaw": 22.680839029369086,
    "pitch": 2.063596623495756,
    "roll": 2.5147526474728465
  }
}