{
  "filename": "runlist_item_0000_clip_0040.dir_snapshot_0000",
  "source_json": "../res_Nastya_upd_dataset\\runlist_item_0000\\clip_0040.dir\\snapshot_0000.json",
  "pnp_result": {
    "yaw": 2.5093841716171394,
    "pitch": -7.511006982617845,
    "roll": -1.6776394661534653,
    "sin_b": 0.9986080989483171,
    "cos_minor": 0.052743385507834036,
    "method": "geom",
    "nose_length": 142.1979254419698,
    "nose_to_mouth": NaN,
    "ratio": 0.0
  },
  "coeffs_result": {
    "sin_b": 0.9986080989483171,
    "cos_minor": 0.052743385507834036
  },
  "geometric_result": {
    "error": "missing landmarks"
  },
  "ground_truth": {
    "yaw": 0.0,
    "pitch": -23.0,
    "roll": 0.0
  },
  "gt_source": "IMG_0001_45.json",
  "errors": {
    "yaw_error": 2.5093841716171394,
    "pitch_error": 15.488993017382155,
    "roll_error": 1.6776394661534653,
    "mae": 6.558672218384253
  }
}