{
  "filename": "runlist_item_0000_clip_0012.dir_snapshot_0000",
  "head_pose": {
    "yaw": -5.028439048959399,
    "pitch": 7.189435205539922,
    "roll": -1.9811395539653915
  }
}