{
  "filename": "runlist_item_0000_clip_0100.dir_snapshot_0000",
  "head_pose": {
    "yaw": 12.274104133327494,
    "pitch": 16.226998310186747,
    "roll": -18.844615443895975
  }
}