{
  "filename": "runlist_item_0000_clip_0009.dir_snapshot_0000",
  "head_pose": {
    "yaw": -24.302262616900528,
    "pitch": 6.898642297669966,
    "roll": -3.0022725878922927
  }
}