{
  "filename": "runlist_item_0000_clip_0048.dir_snapshot_0000",
  "head_pose": {
    "yaw": 2.2175422650182846,
    "pitch": -21.680527445508577,
    "roll": 0.588231688464333
  }
}