{
  "filename": "runlist_item_0000_clip_0044.dir_snapshot_0000",
  "head_pose": {
    "yaw": 0.9876522302427118,
    "pitch": -22.139786152770622,
    "roll": -0.11789238406214508
  }
}