{
  "filename": "snapshot_0000",
  "head_pose": {
    "yaw": 0.5893430963302774,
    "pitch": 3.9658792529487563,
    "roll": -1.2060487792199694
  }
}