{
    "props": {
        "face_rect": [
            191,
            616,
            501,
            501
        ],
        "kp_eye_left_inner": [
            377,
            749
        ],
        "kp_eye_left_outer": [
            284,
            758
        ],
        "kp_eye_right_inner": [
            502,
            740
        ],
        "kp_eye_right_outer": [
            595,
            745
        ],
        "kp_mouth_left": [
            546,
            971
        ],
        "kp_mouth_right": [
            346,
            975
        ],
        "kp_nose_tip": [
            444,
            807
        ],
        "kp_under_lip_bottom": [
            444,
            993
        ],
        "kp_upper_lip_top": [
            448,
            926
        ],
        "features": [
            3.195115,
            5.315341,
            6.837887,
            -6.429207,
            4.265812,
            2.121082,
            -5.668774,
            0.639089,
            1.41704,
            5.757909,
            -8.435506,
            -7.308566,
            -4.734676,
            7.28264,
            6.436306,
            -10.095726,
            -5.538571,
            3.143764,
            6.644593,
            -0.371303,
            -3.078604,
            4.197037,
            -9.103396,
            -6.488394,
            7.711717,
            3.137492,
            -0.953911,
            0.233883,
            7.603435,
            1.945994,
            -0.02636,
            2.013085,
            -2.178856,
            -2.045372,
            -2.977693,
            3.39444,
            3.014452,
            5.091534,
            -1.274893,
            4.025964,
            -1.846138,
            -5.334967,
            -7.480015,
            2.844697,
            4.999725,
            9.38943,
            4.939378,
            3.865521,
            -7.388852,
            -3.416167,
            5.150389,
            -1.928498,
            -0.166118,
            0.45181,
            0.183642,
            2.37159,
            -2.902206,
            0.046256,
            -2.146567,
            2.574055
        ]
    },
    "image_size": [
        870,
        1918
    ],
    "process_time_in_milliseconds": 798
}
