{
    "props": {
        "face_rect": [
            117,
            775,
            600,
            600
        ],
        "kp_eye_left_inner": [
            345,
            927
        ],
        "kp_eye_left_outer": [
            234,
            927
        ],
        "kp_eye_right_inner": [
            481,
            927
        ],
        "kp_eye_right_outer": [
            587,
            917
        ],
        "kp_mouth_left": [
            521,
            1168
        ],
        "kp_mouth_right": [
            330,
            1173
        ],
        "kp_nose_tip": [
            416,
            1052
        ],
        "kp_under_lip_bottom": [
            431,
            1213
        ],
        "kp_upper_lip_top": [
            426,
            1153
        ],
        "features": [
            5.597062,
            7.479844,
            -0.908291,
            4.326554,
            -0.430478,
            7.259652,
            0.150262,
            0.951231,
            4.886562,
            -6.71771,
            -0.004648,
            -2.058751,
            2.389364,
            -4.390098,
            8.676896,
            -4.193548,
            1.079516,
            -0.537032,
            2.943101,
            1.771938,
            3.683758,
            3.256619,
            0.59777,
            6.05001,
            -5.297961,
            0.463801,
            -6.400578,
            -0.879807,
            6.73236,
            -8.945952,
            0.087444,
            -4.187864,
            -1.110978,
            4.811093,
            -3.324482,
            -0.477205,
            0.02613,
            3.903544,
            -0.148528,
            -1.00618,
            -1.267939,
            -2.590012,
            8.12095,
            -0.73095,
            4.889883,
            -7.819609,
            -4.729029,
            -1.303341,
            6.416354,
            0.811867,
            -0.357234,
            6.426476,
            -4.919918,
            2.480801,
            1.681505,
            -5.163055,
            -1.946972,
            4.091797,
            -1.631322,
            3.333927
        ]
    },
    "image_size": [
        870,
        1918
    ],
    "process_time_in_milliseconds": 753
}
