{
    "props": {
        "face_rect": [
            -23,
            595,
            624,
            624
        ],
        "kp_eye_left_inner": [
            235,
            763
        ],
        "kp_eye_left_outer": [
            190,
            768
        ],
        "kp_eye_right_inner": [
            368,
            758
        ],
        "kp_eye_right_outer": [
            477,
            753
        ],
        "kp_mouth_left": [
            363,
            1015
        ],
        "kp_mouth_right": [
            175,
            1000
        ],
        "kp_nose_tip": [
            240,
            847
        ],
        "kp_under_lip_bottom": [
            250,
            1040
        ],
        "kp_upper_lip_top": [
            250,
            956
        ],
        "features": [
            3.656881,
            3.96434,
            4.642717,
            -4.321591,
            3.643174,
            0.485555,
            -7.057088,
            0.590717,
            1.433491,
            3.749285,
            -7.79038,
            -5.924401,
            -4.586554,
            5.514197,
            5.716426,
            -10.991671,
            -6.646071,
            5.396473,
            3.514487,
            -0.265283,
            -1.743116,
            3.955546,
            -9.296725,
            -4.803518,
            7.234617,
            1.084371,
            -1.936074,
            -1.488772,
            3.616901,
            1.633448,
            -0.175171,
            1.160557,
            -2.532024,
            -0.731048,
            -2.889016,
            5.537247,
            4.818099,
            2.433648,
            -0.081229,
            2.585204,
            -1.108101,
            -3.925769,
            -8.743058,
            3.175068,
            2.107523,
            8.139978,
            5.694179,
            6.83007,
            -5.576485,
            -5.192149,
            5.174554,
            -0.454721,
            0.497016,
            -0.298808,
            2.414904,
            3.653064,
            -3.965401,
            1.521896,
            -1.955178,
            2.721527
        ]
    },
    "image_size": [
        870,
        1918
    ],
    "process_time_in_milliseconds": 994
}
