{
    "props": {
        "face_rect": [
            185,
            625,
            527,
            527
        ],
        "kp_eye_left_inner": [
            386,
            764
        ],
        "kp_eye_left_outer": [
            284,
            773
        ],
        "kp_eye_right_inner": [
            510,
            759
        ],
        "kp_eye_right_outer": [
            607,
            754
        ],
        "kp_mouth_left": [
            547,
            994
        ],
        "kp_mouth_right": [
            344,
            1004
        ],
        "kp_nose_tip": [
            450,
            833
        ],
        "kp_under_lip_bottom": [
            455,
            1022
        ],
        "kp_upper_lip_top": [
            450,
            953
        ],
        "features": [
            2.843918,
            4.754009,
            7.388157,
            -4.669581,
            5.477746,
            1.334504,
            -6.170836,
            1.932506,
            1.379188,
            6.749636,
            -9.180119,
            -8.264527,
            -3.90651,
            6.900403,
            5.411054,
            -12.306504,
            -5.538101,
            3.754832,
            6.131796,
            -1.847833,
            -3.089926,
            3.380458,
            -9.961906,
            -7.30618,
            6.511224,
            3.959529,
            -0.366468,
            -0.184354,
            6.944479,
            1.587705,
            -0.114764,
            3.891761,
            -1.897057,
            -3.244787,
            -2.56998,
            3.410323,
            3.157365,
            4.692965,
            -1.195601,
            4.374861,
            -1.770294,
            -5.461751,
            -7.596462,
            2.149165,
            5.061766,
            8.330561,
            4.060596,
            3.327698,
            -6.503862,
            -2.245109,
            6.135109,
            -2.174978,
            0.758086,
            -0.412728,
            -0.470271,
            2.384909,
            -2.930893,
            0.527121,
            -1.900775,
            3.34391
        ]
    },
    "image_size": [
        870,
        1918
    ],
    "process_time_in_milliseconds": 626
}
