{
    "props": {
        "face_rect": [
            163,
            629,
            537,
            537
        ],
        "kp_eye_left_inner": [
            374,
            761
        ],
        "kp_eye_left_outer": [
            279,
            765
        ],
        "kp_eye_right_inner": [
            502,
            761
        ],
        "kp_eye_right_outer": [
            598,
            761
        ],
        "kp_mouth_left": [
            534,
            1007
        ],
        "kp_mouth_right": [
            329,
            1012
        ],
        "kp_nose_tip": [
            429,
            857
        ],
        "kp_under_lip_bottom": [
            429,
            1039
        ],
        "kp_upper_lip_top": [
            434,
            962
        ],
        "features": [
            2.503075,
            4.12499,
            6.924677,
            -5.573491,
            4.902013,
            1.761969,
            -5.373054,
            1.964025,
            0.151265,
            6.247972,
            -8.091866,
            -8.277399,
            -4.275017,
            6.59205,
            5.40296,
            -11.84013,
            -5.586658,
            4.254201,
            5.090334,
            -0.587309,
            -2.364283,
            3.367071,
            -9.881758,
            -6.91497,
            7.231253,
            3.19962,
            -1.236394,
            -0.107735,
            6.636463,
            1.35669,
            -0.530018,
            3.408697,
            -2.181806,
            -2.503648,
            -2.585696,
            3.818716,
            2.938135,
            4.51281,
            -0.902121,
            3.459759,
            -2.976681,
            -6.039276,
            -8.250413,
            2.664021,
            4.992098,
            8.130783,
            4.827735,
            4.490961,
            -7.234635,
            -3.424564,
            5.1369,
            -1.517652,
            1.228092,
            -0.178689,
            0.744354,
            2.880567,
            -4.172856,
            1.159676,
            -2.400791,
            2.820689
        ]
    },
    "image_size": [
        870,
        1918
    ],
    "process_time_in_milliseconds": 755
}
