{
    "props": {
        "face_rect": [
            318,
            767,
            584,
            584
        ],
        "kp_eye_left_inner": [
            569,
            902
        ],
        "kp_eye_left_outer": [
            437,
            886
        ],
        "kp_eye_right_inner": [
            700,
            935
        ],
        "kp_eye_right_outer": [
            750,
            935
        ],
        "kp_mouth_left": [
            684,
            1154
        ],
        "kp_mouth_right": [
            509,
            1149
        ],
        "kp_nose_tip": [
            662,
            1028
        ],
        "kp_under_lip_bottom": [
            607,
            1203
        ],
        "kp_upper_lip_top": [
            618,
            1138
        ],
        "features": [
            7.240594,
            9.046,
            -2.595511,
            2.569378,
            0.395075,
            8.142225,
            0.482102,
            -0.976808,
            5.070363,
            -5.962922,
            -2.275667,
            -0.412892,
            2.476386,
            -4.058874,
            7.539207,
            -0.867402,
            -1.859655,
            -1.5078,
            3.35995,
            2.358459,
            5.053855,
            -1.677855,
            -1.061023,
            8.18675,
            -3.013526,
            -1.16213,
            -3.960544,
            -1.962015,
            5.351894,
            -6.695546,
            0.79804,
            -3.57245,
            -1.389745,
            3.894587,
            -1.47068,
            1.277957,
            0.063133,
            2.280594,
            1.48061,
            0.232624,
            2.504981,
            -3.845279,
            6.895626,
            -0.021745,
            3.453092,
            -4.344632,
            -3.690313,
            0.078437,
            3.959112,
            0.315925,
            -0.265419,
            6.934819,
            -3.679454,
            2.286122,
            -1.239467,
            -4.136395,
            -4.488915,
            3.315439,
            -3.48467,
            6.531304
        ]
    },
    "image_size": [
        870,
        1918
    ],
    "process_time_in_milliseconds": 742
}
