{
    "props": {
        "face_rect": [
            63,
            751,
            569,
            569
        ],
        "kp_eye_left_inner": [
            291,
            898
        ],
        "kp_eye_left_outer": [
            201,
            898
        ],
        "kp_eye_right_inner": [
            426,
            888
        ],
        "kp_eye_right_outer": [
            536,
            878
        ],
        "kp_mouth_left": [
            466,
            1133
        ],
        "kp_mouth_right": [
            271,
            1138
        ],
        "kp_nose_tip": [
            316,
            1003
        ],
        "kp_under_lip_bottom": [
            351,
            1173
        ],
        "kp_upper_lip_top": [
            341,
            1113
        ],
        "features": [
            6.126231,
            8.156225,
            -1.563917,
            4.150796,
            0.466898,
            8.077895,
            2.067522,
            0.72937,
            3.326405,
            -7.359962,
            -2.362021,
            -3.562901,
            1.518122,
            -2.803572,
            8.060342,
            -2.966223,
            1.347024,
            -0.435488,
            3.587509,
            1.787989,
            2.759096,
            4.000456,
            -0.449166,
            6.408208,
            -4.957311,
            -0.418048,
            -6.284536,
            -0.609228,
            6.717224,
            -8.357969,
            -0.162368,
            -3.520086,
            0.576539,
            5.154399,
            -2.923926,
            -0.744512,
            0.928411,
            3.598166,
            -0.947211,
            -2.324056,
            1.380385,
            -1.188031,
            8.033458,
            -0.106828,
            4.197716,
            -5.106789,
            -5.697283,
            0.521327,
            6.343015,
            -0.381918,
            -1.187519,
            6.247393,
            -3.46593,
            2.962793,
            1.873197,
            -5.04526,
            -1.947542,
            2.709815,
            -1.778165,
            4.486145
        ]
    },
    "image_size": [
        870,
        1918
    ],
    "process_time_in_milliseconds": 754
}
