{
    "props": {
        "face_rect": [
            301,
            768,
            576,
            576
        ],
        "kp_eye_left_inner": [
            535,
            899
        ],
        "kp_eye_left_outer": [
            417,
            883
        ],
        "kp_eye_right_inner": [
            678,
            929
        ],
        "kp_eye_right_outer": [
            729,
            924
        ],
        "kp_mouth_left": [
            668,
            1149
        ],
        "kp_mouth_right": [
            494,
            1149
        ],
        "kp_nose_tip": [
            637,
            1027
        ],
        "kp_under_lip_bottom": [
            591,
            1201
        ],
        "kp_upper_lip_top": [
            601,
            1134
        ],
        "features": [
            6.961728,
            7.793203,
            -2.577891,
            3.833443,
            -0.472784,
            8.514408,
            2.284072,
            -0.971892,
            6.170135,
            -7.085277,
            -0.48507,
            -1.516332,
            1.530431,
            -4.670152,
            6.089667,
            -1.50252,
            -0.848707,
            -1.913742,
            1.975256,
            2.670307,
            3.195553,
            0.113778,
            -1.507575,
            6.523622,
            -4.253203,
            -0.817479,
            -4.976645,
            -0.287786,
            5.624731,
            -7.921769,
            1.239912,
            -4.496374,
            -0.903718,
            2.802543,
            -0.875014,
            0.660452,
            0.790483,
            2.710569,
            0.145971,
            -0.854099,
            0.970874,
            -2.699475,
            6.004395,
            -0.166846,
            2.903075,
            -5.405019,
            -3.734452,
            -1.138627,
            5.772534,
            -0.341415,
            -0.465347,
            5.471015,
            -3.063491,
            2.08751,
            -0.285366,
            -3.644092,
            -2.997799,
            2.456493,
            -3.020339,
            5.23387
        ]
    },
    "image_size": [
        870,
        1918
    ],
    "process_time_in_milliseconds": 747
}
