{
    "props": {
        "face_rect": [
            175,
            638,
            480,
            480
        ],
        "kp_eye_left_inner": [
            343,
            710
        ],
        "kp_eye_left_outer": [
            251,
            791
        ],
        "kp_eye_right_inner": [
            495,
            769
        ],
        "kp_eye_right_outer": [
            576,
            785
        ],
        "kp_mouth_left": [
            533,
            980
        ],
        "kp_mouth_right": [
            311,
            986
        ],
        "kp_nose_tip": [
            414,
            769
        ],
        "kp_under_lip_bottom": [
            424,
            980
        ],
        "kp_upper_lip_top": [
            419,
            921
        ],
        "features": [
            3.127604,
            6.080843,
            -2.096074,
            3.441113,
            -0.962721,
            3.747877,
            -2.991871,
            1.500712,
            2.103452,
            -9.153418,
            -1.779861,
            -1.404146,
            2.95474,
            -1.21962,
            5.338476,
            -0.625331,
            -3.135942,
            -2.393286,
            -0.52022,
            -2.267735,
            4.038114,
            4.013824,
            -3.077471,
            3.66083,
            -0.573105,
            1.301352,
            -1.603145,
            -3.308784,
            5.107522,
            -3.207414,
            2.408097,
            -6.319169,
            -1.440933,
            4.328867,
            -1.267651,
            2.767995,
            0.024059,
            -0.884923,
            5.347799,
            0.603877,
            0.700594,
            0.8537,
            3.692985,
            0.952675,
            5.756211,
            -1.84734,
            -3.026291,
            4.405772,
            7.37466,
            0.518226,
            -1.459814,
            8.460686,
            1.792967,
            -0.640099,
            -4.272359,
            -1.512221,
            -1.152948,
            -0.223703,
            0.573754,
            7.317116
        ]
    },
    "image_size": [
        870,
        1918
    ],
    "process_time_in_milliseconds": 785
}
