{
    "props": {
        "face_rect": [
            141,
            756,
            588,
            588
        ],
        "kp_eye_left_inner": [
            362,
            904
        ],
        "kp_eye_left_outer": [
            258,
            909
        ],
        "kp_eye_right_inner": [
            500,
            900
        ],
        "kp_eye_right_outer": [
            604,
            900
        ],
        "kp_mouth_left": [
            545,
            1142
        ],
        "kp_mouth_right": [
            347,
            1152
        ],
        "kp_nose_tip": [
            431,
            1023
        ],
        "kp_under_lip_bottom": [
            451,
            1186
        ],
        "kp_upper_lip_top": [
            441,
            1127
        ],
        "features": [
            5.795577,
            6.505984,
            -2.601867,
            4.337296,
            -0.355092,
            7.003999,
            0.737587,
            -0.341697,
            4.61069,
            -6.987624,
            0.508828,
            -2.445576,
            2.133912,
            -4.300586,
            8.633658,
            -4.386788,
            0.652979,
            -0.381106,
            3.138254,
            2.51391,
            4.073603,
            3.20194,
            1.142044,
            5.94701,
            -4.653981,
            0.538506,
            -6.146708,
            -1.967891,
            6.42612,
            -7.612751,
            0.409856,
            -5.224601,
            -1.418955,
            4.384727,
            -2.869325,
            0.215486,
            0.193395,
            2.913239,
            0.13196,
            -1.387185,
            -1.546811,
            -2.274591,
            8.603445,
            0.059888,
            5.963003,
            -7.141686,
            -4.748656,
            0.351267,
            6.620551,
            0.8516,
            -1.099775,
            6.878538,
            -4.722906,
            2.860837,
            1.903397,
            -4.567108,
            -2.361463,
            3.585562,
            -1.177294,
            4.342234
        ]
    },
    "image_size": [
        870,
        1918
    ],
    "process_time_in_milliseconds": 764
}
