{
    "props": {
        "face_rect": [
            161,
            682,
            519,
            519
        ],
        "kp_eye_left_inner": [
            348,
            818
        ],
        "kp_eye_left_outer": [
            251,
            839
        ],
        "kp_eye_right_inner": [
            484,
            812
        ],
        "kp_eye_right_outer": [
            581,
            829
        ],
        "kp_mouth_left": [
            533,
            1045
        ],
        "kp_mouth_right": [
            327,
            1056
        ],
        "kp_nose_tip": [
            419,
            867
        ],
        "kp_under_lip_bottom": [
            435,
            1072
        ],
        "kp_upper_lip_top": [
            424,
            996
        ],
        "features": [
            4.925804,
            7.696145,
            -3.45069,
            4.204072,
            -0.381943,
            6.913608,
            -1.080424,
            2.307599,
            3.144729,
            -7.943078,
            -3.115896,
            -1.169742,
            1.6148,
            -3.237474,
            6.063705,
            -1.908002,
            -1.674784,
            0.668718,
            -0.248407,
            -1.980541,
            5.348747,
            1.665653,
            -1.474255,
            4.530717,
            -2.844305,
            2.249826,
            -3.31921,
            -2.566284,
            5.887003,
            -7.37484,
            1.824682,
            -4.473316,
            0.343556,
            2.629151,
            -2.150597,
            0.371426,
            -0.356379,
            2.429098,
            3.265116,
            0.872031,
            1.850986,
            -1.345343,
            4.306689,
            0.310855,
            5.304867,
            -5.598124,
            -3.390387,
            1.958727,
            7.228176,
            0.008956,
            -2.027797,
            6.310853,
            0.322992,
            1.283546,
            -2.360814,
            -2.99259,
            -0.899202,
            1.804542,
            -2.511746,
            6.137945
        ]
    },
    "image_size": [
        870,
        1918
    ],
    "process_time_in_milliseconds": 748
}
