{
    "props": {
        "face_rect": [
            127,
            735,
            561,
            561
        ],
        "kp_eye_left_inner": [
            341,
            878
        ],
        "kp_eye_left_outer": [
            234,
            883
        ],
        "kp_eye_right_inner": [
            475,
            873
        ],
        "kp_eye_right_outer": [
            587,
            873
        ],
        "kp_mouth_left": [
            521,
            1108
        ],
        "kp_mouth_right": [
            321,
            1118
        ],
        "kp_nose_tip": [
            403,
            970
        ],
        "kp_under_lip_bottom": [
            418,
            1149
        ],
        "kp_upper_lip_top": [
            408,
            1088
        ],
        "features": [
            4.984935,
            7.170092,
            -3.339901,
            4.495686,
            -0.078437,
            8.105242,
            1.714457,
            -0.071844,
            3.396789,
            -8.781442,
            -0.271169,
            -4.026246,
            1.023739,
            -4.014101,
            8.848179,
            -2.968169,
            1.126915,
            -1.01833,
            2.247423,
            1.078957,
            3.040321,
            4.031078,
            0.981017,
            5.085365,
            -4.485879,
            -0.214912,
            -6.213768,
            -0.960755,
            7.359028,
            -7.994614,
            0.962551,
            -4.352301,
            -0.896971,
            4.102344,
            -3.965227,
            -0.222952,
            -0.431448,
            3.016558,
            -0.626227,
            -3.921095,
            -0.408654,
            -0.882408,
            6.852184,
            1.031665,
            4.117172,
            -4.879528,
            -5.347606,
            1.096624,
            5.681293,
            -0.640701,
            -1.46678,
            6.663296,
            -3.495688,
            2.702953,
            1.837947,
            -4.360683,
            -1.856436,
            2.402779,
            -1.27683,
            4.8926
        ]
    },
    "image_size": [
        870,
        1918
    ],
    "process_time_in_milliseconds": 810
}
