{
    "props": {
        "face_rect": [
            6,
            752,
            561,
            561
        ],
        "kp_eye_left_inner": [
            225,
            900
        ],
        "kp_eye_left_outer": [
            160,
            900
        ],
        "kp_eye_right_inner": [
            360,
            890
        ],
        "kp_eye_right_outer": [
            475,
            880
        ],
        "kp_mouth_left": [
            400,
            1140
        ],
        "kp_mouth_right": [
            210,
            1135
        ],
        "kp_nose_tip": [
            260,
            990
        ],
        "kp_under_lip_bottom": [
            285,
            1170
        ],
        "kp_upper_lip_top": [
            275,
            1115
        ],
        "features": [
            7.596892,
            9.308402,
            -0.887943,
            4.126481,
            2.473941,
            6.347823,
            0.370882,
            1.600245,
            1.082189,
            -4.071724,
            -4.990287,
            -0.852569,
            2.721545,
            0.057837,
            6.255516,
            -3.439621,
            0.182388,
            -0.66268,
            3.750556,
            0.625476,
            5.107081,
            0.572797,
            -1.784957,
            6.742892,
            -3.974983,
            -0.030863,
            -3.072093,
            -1.849851,
            4.395868,
            -6.23273,
            -1.633377,
            -0.468668,
            0.867401,
            4.696461,
            -1.539635,
            0.074303,
            -1.013053,
            1.271979,
            1.122691,
            0.54848,
            3.378063,
            -3.767805,
            6.424305,
            -1.209214,
            2.547354,
            -3.938371,
            -5.338256,
            -0.793114,
            3.224524,
            0.999166,
            -0.279732,
            6.026006,
            -2.740196,
            2.716737,
            0.701153,
            -4.833488,
            -4.103019,
            4.352553,
            -3.071532,
            5.975452
        ]
    },
    "image_size": [
        870,
        1918
    ],
    "process_time_in_milliseconds": 850
}
