{
    "props": {
        "face_rect": [
            184,
            638,
            475,
            475
        ],
        "kp_eye_left_inner": [
            359,
            715
        ],
        "kp_eye_left_outer": [
            255,
            782
        ],
        "kp_eye_right_inner": [
            495,
            767
        ],
        "kp_eye_right_outer": [
            578,
            782
        ],
        "kp_mouth_left": [
            531,
            975
        ],
        "kp_mouth_right": [
            318,
            975
        ],
        "kp_nose_tip": [
            417,
            767
        ],
        "kp_under_lip_bottom": [
            432,
            980
        ],
        "kp_upper_lip_top": [
            427,
            918
        ],
        "features": [
            3.717419,
            6.74997,
            -1.450985,
            2.337411,
            -1.318386,
            4.238396,
            -3.066285,
            0.046877,
            1.338894,
            -7.009316,
            -2.769127,
            -0.502802,
            2.844098,
            -1.051376,
            4.833767,
            -0.382082,
            -2.660276,
            -1.800744,
            1.665905,
            -1.926072,
            3.769131,
            3.420259,
            -3.371935,
            3.379524,
            -0.394458,
            1.43858,
            -0.217764,
            -3.062014,
            4.778485,
            -2.482363,
            2.11948,
            -4.742462,
            0.000763,
            4.163382,
            -2.122339,
            2.411107,
            -0.630892,
            0.707124,
            6.286046,
            1.544483,
            1.976506,
            -0.918477,
            3.984355,
            0.011794,
            5.134003,
            -0.954788,
            -3.27704,
            5.008727,
            7.773554,
            0.782307,
            -1.105247,
            7.919725,
            1.299498,
            1.034638,
            -3.710186,
            -1.343335,
            -1.162081,
            -0.197946,
            0.718368,
            6.552543
        ]
    },
    "image_size": [
        870,
        1918
    ],
    "process_time_in_milliseconds": 774
}
