{
    "props": {
        "face_rect": [
            150,
            756,
            590,
            590
        ],
        "kp_eye_left_inner": [
            372,
            903
        ],
        "kp_eye_left_outer": [
            266,
            908
        ],
        "kp_eye_right_inner": [
            507,
            903
        ],
        "kp_eye_right_outer": [
            613,
            898
        ],
        "kp_mouth_left": [
            555,
            1140
        ],
        "kp_mouth_right": [
            357,
            1150
        ],
        "kp_nose_tip": [
            444,
            1029
        ],
        "kp_under_lip_bottom": [
            459,
            1183
        ],
        "kp_upper_lip_top": [
            454,
            1130
        ],
        "features": [
            5.78181,
            6.619387,
            -2.363054,
            4.742594,
            -1.116765,
            7.223846,
            0.689883,
            -0.429858,
            4.655268,
            -7.062164,
            0.493158,
            -2.364054,
            1.473049,
            -4.128383,
            8.20757,
            -3.516454,
            0.364673,
            -0.723897,
            3.708789,
            2.134936,
            4.071105,
            3.009072,
            0.958919,
            6.233857,
            -4.612793,
            0.185496,
            -6.038996,
            -1.956368,
            6.572233,
            -7.628471,
            0.764999,
            -5.663978,
            -2.00473,
            4.365411,
            -2.647073,
            0.788371,
            0.222754,
            2.834492,
            -0.122176,
            -1.300867,
            -1.313267,
            -2.329134,
            8.032622,
            -0.053018,
            6.012491,
            -7.031826,
            -4.195156,
            0.320173,
            5.92153,
            1.286457,
            -0.701662,
            6.426909,
            -4.788147,
            2.806081,
            1.610791,
            -5.059873,
            -2.494142,
            4.15799,
            -1.203036,
            4.276057
        ]
    },
    "image_size": [
        870,
        1918
    ],
    "process_time_in_milliseconds": 1720
}
