{
    "props": {
        "face_rect": [
            127,
            854,
            564,
            564
        ],
        "kp_eye_left_inner": [
            354,
            1009
        ],
        "kp_eye_left_outer": [
            248,
            996
        ],
        "kp_eye_right_inner": [
            492,
            1005
        ],
        "kp_eye_right_outer": [
            598,
            996
        ],
        "kp_mouth_left": [
            531,
            1243
        ],
        "kp_mouth_right": [
            337,
            1252
        ],
        "kp_nose_tip": [
            430,
            1190
        ],
        "kp_under_lip_bottom": [
            430,
            1292
        ],
        "kp_upper_lip_top": [
            430,
            1252
        ],
        "features": [
            3.437079,
            5.359462,
            -1.279079,
            4.485038,
            -0.893298,
            5.648447,
            -3.432501,
            0.57849,
            7.062533,
            -6.247309,
            -1.376459,
            -1.804802,
            3.011078,
            -7.957254,
            8.188568,
            -3.820578,
            -0.789067,
            -2.838475,
            1.796837,
            -0.678111,
            3.151485,
            0.601881,
            3.162796,
            8.718833,
            -2.739398,
            -1.005639,
            -5.704121,
            -0.280663,
            5.37424,
            -8.04238,
            -0.153011,
            -1.738553,
            -1.586402,
            3.639184,
            -4.297759,
            1.070808,
            -0.106305,
            3.75163,
            1.456491,
            0.482989,
            -0.679201,
            -5.225459,
            10.24809,
            1.045325,
            6.724545,
            -7.463758,
            -4.133019,
            0.478236,
            5.304165,
            2.945141,
            -1.304382,
            7.053117,
            -6.359954,
            2.329042,
            0.273947,
            -4.000093,
            -2.344904,
            1.947581,
            -1.440125,
            3.197098
        ]
    },
    "image_size": [
        870,
        1918
    ],
    "process_time_in_milliseconds": 766
}
