{
    "props": {
        "face_rect": [
            -9,
            748,
            573,
            573
        ],
        "kp_eye_left_inner": [
            208,
            901
        ],
        "kp_eye_left_outer": [
            149,
            901
        ],
        "kp_eye_right_inner": [
            347,
            891
        ],
        "kp_eye_right_outer": [
            462,
            886
        ],
        "kp_mouth_left": [
            377,
            1140
        ],
        "kp_mouth_right": [
            203,
            1140
        ],
        "kp_nose_tip": [
            238,
            991
        ],
        "kp_under_lip_bottom": [
            263,
            1170
        ],
        "kp_upper_lip_top": [
            253,
            1120
        ],
        "features": [
            7.952115,
            10.37088,
            -1.382064,
            4.286047,
            2.866867,
            6.164171,
            -0.136172,
            -0.283831,
            2.657184,
            -4.21138,
            -4.416947,
            -0.770722,
            3.391391,
            0.219074,
            5.61259,
            -3.163078,
            -0.397473,
            -1.26743,
            4.046089,
            1.825901,
            4.019268,
            1.023935,
            -2.315121,
            6.318789,
            -3.887133,
            -0.03942,
            -2.922063,
            -0.750768,
            4.643201,
            -5.99875,
            -1.72385,
            -0.007434,
            2.14906,
            4.362412,
            -1.111802,
            -0.683121,
            -0.609206,
            0.779123,
            1.380613,
            0.35675,
            4.548091,
            -3.659328,
            6.582836,
            -0.972931,
            2.491023,
            -3.192145,
            -5.548194,
            -1.434059,
            3.562118,
            1.042953,
            -0.489797,
            6.249466,
            -3.921422,
            3.131938,
            0.699892,
            -4.604353,
            -3.921171,
            2.585215,
            -2.532764,
            5.519875
        ]
    },
    "image_size": [
        870,
        1918
    ],
    "process_time_in_milliseconds": 837
}
