{
    "props": {
        "face_rect": [
            133,
            914,
            526,
            526
        ],
        "kp_eye_left_inner": [
            353,
            1062
        ],
        "kp_eye_left_outer": [
            246,
            1046
        ],
        "kp_eye_right_inner": [
            489,
            1062
        ],
        "kp_eye_right_outer": [
            588,
            1046
        ],
        "kp_mouth_left": [
            522,
            1285
        ],
        "kp_mouth_right": [
            333,
            1289
        ],
        "kp_nose_tip": [
            415,
            1244
        ],
        "kp_under_lip_bottom": [
            428,
            1330
        ],
        "kp_upper_lip_top": [
            428,
            1297
        ],
        "features": [
            3.455498,
            3.569514,
            -0.661729,
            5.584486,
            -1.293734,
            4.049687,
            -4.580408,
            2.973076,
            4.883382,
            -4.799347,
            -4.301047,
            -2.958309,
            1.075145,
            -6.705235,
            7.880206,
            -2.210616,
            -3.448214,
            -3.482041,
            2.193687,
            -1.255023,
            5.257862,
            -1.826514,
            0.605248,
            7.039256,
            -1.687945,
            -1.341158,
            -2.458513,
            -2.431134,
            5.53754,
            -6.15974,
            3.807586,
            -2.458273,
            -3.79182,
            4.731004,
            -3.789339,
            2.134413,
            -1.252714,
            3.488606,
            4.245985,
            3.859222,
            0.80112,
            -6.619548,
            7.520501,
            1.631768,
            8.719007,
            -7.954479,
            -4.263415,
            0.677404,
            2.943045,
            4.800504,
            1.689201,
            5.216812,
            -5.303606,
            0.589247,
            -3.017634,
            -3.406652,
            -1.880148,
            1.103138,
            -1.810469,
            4.255938
        ]
    },
    "image_size": [
        870,
        1918
    ],
    "process_time_in_milliseconds": 771
}
