{
    "props": {
        "face_rect": [
            129,
            862,
            554,
            554
        ],
        "kp_eye_left_inner": [
            350,
            1008
        ],
        "kp_eye_left_outer": [
            241,
            999
        ],
        "kp_eye_right_inner": [
            488,
            1008
        ],
        "kp_eye_right_outer": [
            592,
            995
        ],
        "kp_mouth_left": [
            527,
            1246
        ],
        "kp_mouth_right": [
            332,
            1251
        ],
        "kp_nose_tip": [
            419,
            1186
        ],
        "kp_under_lip_bottom": [
            432,
            1290
        ],
        "kp_upper_lip_top": [
            432,
            1255
        ],
        "features": [
            3.070247,
            5.857171,
            -1.823821,
            3.139817,
            -1.025295,
            5.627438,
            -3.52851,
            -1.379115,
            7.797974,
            -5.945429,
            -2.168458,
            -2.529453,
            2.119611,
            -7.092555,
            9.543342,
            -3.897345,
            -2.031307,
            -1.579598,
            3.363189,
            1.58852,
            3.13397,
            2.397611,
            2.203894,
            8.154911,
            -1.14463,
            -1.567142,
            -4.359078,
            -0.062884,
            6.364036,
            -7.640275,
            2.102383,
            -2.276658,
            -2.205046,
            5.358167,
            -4.544394,
            1.854015,
            -0.038161,
            3.682323,
            1.572311,
            -0.843747,
            -0.143492,
            -4.198409,
            9.149237,
            1.606153,
            6.637314,
            -6.875186,
            -3.813438,
            2.215962,
            4.608368,
            1.903829,
            0.835393,
            8.009162,
            -6.671599,
            2.815886,
            0.580755,
            -3.371832,
            -3.829025,
            1.957499,
            0.223048,
            2.521108
        ]
    },
    "image_size": [
        870,
        1918
    ],
    "process_time_in_milliseconds": 843
}
