{
    "props": {
        "face_rect": [
            118,
            818,
            596,
            596
        ],
        "kp_eye_left_inner": [
            355,
            981
        ],
        "kp_eye_left_outer": [
            243,
            972
        ],
        "kp_eye_right_inner": [
            490,
            977
        ],
        "kp_eye_right_outer": [
            597,
            967
        ],
        "kp_mouth_left": [
            527,
            1224
        ],
        "kp_mouth_right": [
            336,
            1228
        ],
        "kp_nose_tip": [
            425,
            1140
        ],
        "kp_under_lip_bottom": [
            434,
            1270
        ],
        "kp_upper_lip_top": [
            429,
            1224
        ],
        "features": [
            5.357469,
            7.262877,
            -0.671036,
            5.00257,
            1.931955,
            6.857847,
            -1.1893,
            -1.000943,
            6.088087,
            -6.424916,
            -0.604006,
            -1.639009,
            4.209523,
            -6.824617,
            7.043242,
            -3.962256,
            -0.210369,
            -1.36918,
            2.623102,
            2.654446,
            4.321924,
            0.681664,
            2.45595,
            7.304273,
            -4.494995,
            -1.949658,
            -5.417406,
            1.186466,
            4.691767,
            -8.07082,
            -1.237265,
            -0.947349,
            0.954262,
            4.534205,
            -3.943692,
            -0.876885,
            -0.313794,
            2.859735,
            0.5204,
            -0.374934,
            1.321055,
            -4.029833,
            9.609219,
            0.215861,
            6.164701,
            -6.524318,
            -5.005212,
            -0.829877,
            5.618245,
            1.185529,
            -1.163198,
            7.886659,
            -6.093484,
            2.995221,
            1.975457,
            -3.502159,
            -3.971299,
            1.657311,
            -1.437289,
            2.481444
        ]
    },
    "image_size": [
        870,
        1918
    ],
    "process_time_in_milliseconds": 790
}
