{
    "props": {
        "face_rect": [
            149,
            753,
            597,
            597
        ],
        "kp_eye_left_inner": [
            374,
            907
        ],
        "kp_eye_left_outer": [
            268,
            912
        ],
        "kp_eye_right_inner": [
            509,
            902
        ],
        "kp_eye_right_outer": [
            610,
            893
        ],
        "kp_mouth_left": [
            553,
            1139
        ],
        "kp_mouth_right": [
            359,
            1154
        ],
        "kp_nose_tip": [
            446,
            1028
        ],
        "kp_under_lip_bottom": [
            461,
            1187
        ],
        "kp_upper_lip_top": [
            456,
            1129
        ],
        "features": [
            6.068654,
            6.545428,
            -2.280574,
            4.716484,
            -0.537084,
            7.341177,
            0.889506,
            -0.689092,
            4.771305,
            -6.97587,
            0.531726,
            -2.235614,
            1.320338,
            -4.353045,
            7.922753,
            -3.980414,
            0.010815,
            -0.422013,
            3.209156,
            2.463866,
            4.066681,
            3.016624,
            1.034608,
            6.482774,
            -4.615464,
            0.851247,
            -6.243511,
            -2.021805,
            6.416411,
            -7.871213,
            0.553953,
            -5.607862,
            -1.680281,
            4.225382,
            -2.461052,
            0.408875,
            0.6549,
            2.973494,
            -0.226219,
            -1.214174,
            -1.503767,
            -2.494702,
            7.669529,
            0.210235,
            5.85967,
            -7.003681,
            -4.01337,
            0.272045,
            6.085185,
            0.963217,
            -0.694861,
            6.428057,
            -4.472363,
            3.137319,
            1.618483,
            -4.870071,
            -2.837551,
            4.41784,
            -1.382696,
            4.172054
        ]
    },
    "image_size": [
        870,
        1918
    ],
    "process_time_in_milliseconds": 1957
}
