{
    "props": {
        "face_rect": [
            124,
            750,
            584,
            584
        ],
        "kp_eye_left_inner": [
            346,
            899
        ],
        "kp_eye_left_outer": [
            237,
            904
        ],
        "kp_eye_right_inner": [
            480,
            899
        ],
        "kp_eye_right_outer": [
            584,
            889
        ],
        "kp_mouth_left": [
            525,
            1138
        ],
        "kp_mouth_right": [
            331,
            1148
        ],
        "kp_nose_tip": [
            416,
            1009
        ],
        "kp_under_lip_bottom": [
            430,
            1178
        ],
        "kp_upper_lip_top": [
            420,
            1118
        ],
        "features": [
            5.146925,
            7.406988,
            -1.544274,
            5.246793,
            -0.435199,
            7.22298,
            0.137418,
            1.153256,
            4.286613,
            -8.142881,
            0.082909,
            -3.506106,
            2.226121,
            -3.962221,
            8.798785,
            -4.10604,
            0.086805,
            -0.144931,
            2.090611,
            1.147716,
            4.042493,
            2.707484,
            0.557213,
            4.679414,
            -5.892005,
            0.510621,
            -5.783729,
            -1.000457,
            7.186916,
            -8.382208,
            0.649267,
            -3.667775,
            -1.320997,
            4.645452,
            -3.174589,
            0.49679,
            -0.77533,
            3.709086,
            -0.089037,
            -1.86649,
            -0.334963,
            -2.240177,
            6.033842,
            -0.899908,
            5.550826,
            -6.920665,
            -4.405556,
            -0.368893,
            6.077207,
            -0.226983,
            0.247725,
            6.465258,
            -4.331029,
            2.509543,
            1.031453,
            -4.768344,
            -1.719161,
            3.760028,
            -1.143041,
            4.693485
        ]
    },
    "image_size": [
        870,
        1918
    ],
    "process_time_in_milliseconds": 747
}
