{
    "props": {
        "face_rect": [
            173,
            633,
            490,
            490
        ],
        "kp_eye_left_inner": [
            360,
            711
        ],
        "kp_eye_left_outer": [
            252,
            786
        ],
        "kp_eye_right_inner": [
            494,
            770
        ],
        "kp_eye_right_outer": [
            580,
            781
        ],
        "kp_mouth_left": [
            532,
            980
        ],
        "kp_mouth_right": [
            311,
            985
        ],
        "kp_nose_tip": [
            414,
            770
        ],
        "kp_under_lip_bottom": [
            424,
            985
        ],
        "kp_upper_lip_top": [
            419,
            921
        ],
        "features": [
            3.217896,
            6.529066,
            -2.048549,
            2.855414,
            -0.328365,
            4.616289,
            -1.381776,
            0.044682,
            2.339784,
            -8.190459,
            -1.790583,
            -1.186643,
            2.825744,
            -0.993987,
            4.869199,
            -0.915392,
            -2.063354,
            -1.669796,
            0.482319,
            -1.580255,
            4.240439,
            3.873971,
            -2.315277,
            3.70126,
            -0.854997,
            2.041136,
            -1.143755,
            -2.003621,
            4.55356,
            -3.57549,
            2.828693,
            -4.825728,
            0.489537,
            3.345495,
            -2.129565,
            1.849236,
            -0.324349,
            0.341485,
            4.172768,
            0.135737,
            1.277961,
            1.152571,
            4.568921,
            0.335,
            5.853984,
            -1.941537,
            -3.505409,
            4.156502,
            8.219765,
            0.905787,
            -1.40616,
            8.314105,
            2.206053,
            0.719556,
            -3.470355,
            -1.675478,
            -1.661179,
            -0.006834,
            1.575824,
            6.10902
        ]
    },
    "image_size": [
        870,
        1918
    ],
    "process_time_in_milliseconds": 731
}
