{
    "props": {
        "face_rect": [
            160,
            678,
            516,
            516
        ],
        "kp_eye_left_inner": [
            346,
            812
        ],
        "kp_eye_left_outer": [
            246,
            824
        ],
        "kp_eye_right_inner": [
            492,
            812
        ],
        "kp_eye_right_outer": [
            587,
            824
        ],
        "kp_mouth_left": [
            531,
            1036
        ],
        "kp_mouth_right": [
            324,
            1047
        ],
        "kp_nose_tip": [
            414,
            857
        ],
        "kp_under_lip_bottom": [
            430,
            1064
        ],
        "kp_upper_lip_top": [
            425,
            997
        ],
        "features": [
            3.528801,
            6.268085,
            -3.810937,
            4.745823,
            -2.209392,
            6.925188,
            0.87695,
            -0.124071,
            4.278846,
            -7.689641,
            -1.265335,
            -1.885092,
            1.079039,
            -3.042317,
            3.145251,
            -0.108243,
            -1.918154,
            0.812323,
            -1.232935,
            0.422213,
            3.551064,
            2.809743,
            -1.437186,
            5.354023,
            -3.485271,
            2.577838,
            -3.469532,
            -1.177024,
            5.243535,
            -7.818371,
            1.614881,
            -4.480684,
            1.793386,
            2.276379,
            -0.23355,
            0.746073,
            0.995878,
            1.940709,
            2.138139,
            -1.158548,
            1.460528,
            0.485508,
            3.428494,
            1.339105,
            5.119044,
            -5.336596,
            -2.62307,
            0.859745,
            8.111784,
            -1.130703,
            -2.342038,
            4.797349,
            0.108589,
            2.174177,
            -1.154504,
            -3.010082,
            -0.276272,
            2.044353,
            -0.281358,
            3.461532
        ]
    },
    "image_size": [
        870,
        1918
    ],
    "process_time_in_milliseconds": 797
}
