{
    "props": {
        "face_rect": [
            113,
            756,
            602,
            602
        ],
        "kp_eye_left_inner": [
            339,
            917
        ],
        "kp_eye_left_outer": [
            232,
            917
        ],
        "kp_eye_right_inner": [
            478,
            912
        ],
        "kp_eye_right_outer": [
            584,
            907
        ],
        "kp_mouth_left": [
            522,
            1158
        ],
        "kp_mouth_right": [
            324,
            1167
        ],
        "kp_nose_tip": [
            411,
            1037
        ],
        "kp_under_lip_bottom": [
            430,
            1201
        ],
        "kp_upper_lip_top": [
            420,
            1143
        ],
        "features": [
            5.011332,
            6.846255,
            -2.380795,
            5.00255,
            -0.639454,
            7.590232,
            0.921945,
            -0.251615,
            4.970958,
            -8.650953,
            0.421516,
            -3.669712,
            1.925729,
            -4.346321,
            8.451508,
            -3.592705,
            -0.576143,
            -0.710695,
            2.481528,
            1.992851,
            4.401125,
            3.529605,
            0.90471,
            6.253533,
            -4.766123,
            0.676378,
            -6.925542,
            -1.729985,
            6.536581,
            -8.017306,
            0.790402,
            -5.451674,
            -1.623871,
            4.52533,
            -2.394145,
            0.751292,
            0.273038,
            1.948847,
            -0.059035,
            -2.069068,
            -1.221906,
            -2.140532,
            7.293211,
            0.399155,
            6.291384,
            -6.808208,
            -4.594409,
            0.771424,
            5.793293,
            0.435609,
            -1.056886,
            7.145644,
            -4.0235,
            2.387562,
            1.68536,
            -4.977907,
            -3.698242,
            4.314876,
            -0.507846,
            4.113754
        ]
    },
    "image_size": [
        870,
        1918
    ],
    "process_time_in_milliseconds": 755
}
