{
    "props": {
        "face_rect": [
            305,
            771,
            570,
            570
        ],
        "kp_eye_left_inner": [
            534,
            899
        ],
        "kp_eye_left_outer": [
            416,
            884
        ],
        "kp_eye_right_inner": [
            678,
            935
        ],
        "kp_eye_right_outer": [
            724,
            925
        ],
        "kp_mouth_left": [
            668,
            1150
        ],
        "kp_mouth_right": [
            493,
            1150
        ],
        "kp_nose_tip": [
            637,
            1027
        ],
        "kp_under_lip_bottom": [
            591,
            1201
        ],
        "kp_upper_lip_top": [
            601,
            1135
        ],
        "features": [
            6.683064,
            7.417278,
            -2.407619,
            4.789016,
            -0.538095,
            9.215717,
            2.691662,
            -0.98874,
            5.754238,
            -7.452663,
            -0.758837,
            -2.061887,
            1.383947,
            -4.318042,
            5.767655,
            -1.108889,
            -1.7453,
            -2.075473,
            1.95143,
            2.518302,
            3.520828,
            0.519404,
            -1.340691,
            6.685181,
            -4.528779,
            -0.765204,
            -4.678874,
            -0.214612,
            5.779229,
            -8.136675,
            1.29814,
            -4.534049,
            -0.7569,
            2.83826,
            -0.682923,
            0.333138,
            0.278071,
            2.244635,
            -0.028965,
            -0.701677,
            1.239397,
            -2.78601,
            5.585755,
            0.265143,
            3.672201,
            -5.393711,
            -3.331763,
            -1.455518,
            4.859877,
            -0.541901,
            -0.622515,
            5.227282,
            -3.232267,
            2.016429,
            -0.169465,
            -3.920081,
            -3.617876,
            3.164845,
            -2.938011,
            4.990855
        ]
    },
    "image_size": [
        870,
        1918
    ],
    "process_time_in_milliseconds": 761
}
