{
    "props": {
        "face_rect": [
            -8,
            750,
            571,
            571
        ],
        "kp_eye_left_inner": [
            211,
            899
        ],
        "kp_eye_left_outer": [
            150,
            904
        ],
        "kp_eye_right_inner": [
            344,
            894
        ],
        "kp_eye_right_outer": [
            466,
            889
        ],
        "kp_mouth_left": [
            385,
            1143
        ],
        "kp_mouth_right": [
            206,
            1138
        ],
        "kp_nose_tip": [
            242,
            986
        ],
        "kp_under_lip_bottom": [
            267,
            1174
        ],
        "kp_upper_lip_top": [
            257,
            1118
        ],
        "features": [
            7.928099,
            10.193024,
            -1.134588,
            4.591571,
            2.922392,
            5.364684,
            -0.293785,
            0.366568,
            2.336076,
            -3.986722,
            -4.806035,
            -0.65778,
            3.648607,
            0.632292,
            5.448987,
            -3.061782,
            0.030908,
            -1.241806,
            3.83731,
            1.270819,
            4.078475,
            0.975465,
            -2.355272,
            5.540363,
            -3.61235,
            0.238852,
            -2.337314,
            -1.291201,
            4.332196,
            -5.50842,
            -1.420464,
            0.058165,
            1.953562,
            4.358631,
            -1.795796,
            -0.608857,
            -0.973142,
            0.423096,
            2.069589,
            0.578087,
            4.524798,
            -3.217542,
            6.214759,
            -0.727171,
            2.560843,
            -2.985266,
            -5.665686,
            -2.002881,
            3.576707,
            1.217369,
            -0.348521,
            5.982907,
            -3.202386,
            2.507593,
            0.441042,
            -4.353663,
            -2.832634,
            2.50004,
            -2.812534,
            5.701933
        ]
    },
    "image_size": [
        870,
        1918
    ],
    "process_time_in_milliseconds": 789
}
