{
    "props": {
        "face_rect": [
            198,
            760,
            566,
            566
        ],
        "kp_eye_left_inner": [
            415,
            893
        ],
        "kp_eye_left_outer": [
            306,
            888
        ],
        "kp_eye_right_inner": [
            548,
            903
        ],
        "kp_eye_right_outer": [
            652,
            903
        ],
        "kp_mouth_left": [
            578,
            1140
        ],
        "kp_mouth_right": [
            385,
            1140
        ],
        "kp_nose_tip": [
            489,
            1011
        ],
        "kp_under_lip_bottom": [
            489,
            1180
        ],
        "kp_upper_lip_top": [
            489,
            1120
        ],
        "features": [
            5.237121,
            6.320697,
            -2.575578,
            4.651597,
            -0.649431,
            7.767574,
            1.056941,
            0.243462,
            5.324205,
            -7.112859,
            -0.605492,
            -3.146335,
            1.999557,
            -5.40957,
            7.350718,
            -3.270493,
            -0.275479,
            -0.334412,
            1.703692,
            1.158152,
            3.847411,
            2.692297,
            2.703356,
            6.697589,
            -4.517252,
            1.817482,
            -6.296987,
            -1.114748,
            6.15955,
            -8.903115,
            0.444193,
            -4.568462,
            -1.385206,
            3.923372,
            -2.502187,
            0.256039,
            -0.133804,
            2.879689,
            -0.088041,
            -0.992548,
            -1.38472,
            -2.646896,
            7.650413,
            0.322488,
            6.38103,
            -7.264238,
            -3.94442,
            -0.677168,
            6.106863,
            0.410704,
            -1.346182,
            6.079025,
            -4.076268,
            2.877944,
            0.830412,
            -4.758194,
            -2.297706,
            4.302908,
            -1.96613,
            4.658634
        ]
    },
    "image_size": [
        870,
        1918
    ],
    "process_time_in_milliseconds": 712
}
