{
    "props": {
        "face_rect": [
            48,
            751,
            569,
            569
        ],
        "kp_eye_left_inner": [
            276,
            898
        ],
        "kp_eye_left_outer": [
            192,
            903
        ],
        "kp_eye_right_inner": [
            411,
            888
        ],
        "kp_eye_right_outer": [
            525,
            883
        ],
        "kp_mouth_left": [
            451,
            1137
        ],
        "kp_mouth_right": [
            257,
            1137
        ],
        "kp_nose_tip": [
            301,
            1002
        ],
        "kp_under_lip_bottom": [
            331,
            1171
        ],
        "kp_upper_lip_top": [
            326,
            1112
        ],
        "features": [
            7.342758,
            8.452595,
            -1.82101,
            4.560189,
            0.165635,
            7.915936,
            1.912249,
            -0.024366,
            2.132106,
            -7.638329,
            -1.318723,
            -2.981792,
            1.548105,
            -2.404236,
            7.089989,
            -1.702814,
            1.376287,
            -0.489959,
            4.273656,
            2.28822,
            3.198654,
            3.050582,
            -0.042498,
            6.360558,
            -4.962274,
            -1.21748,
            -6.506302,
            -1.027269,
            6.119865,
            -7.500321,
            -0.253839,
            -3.998072,
            0.569868,
            5.283515,
            -3.281542,
            -0.593683,
            0.716866,
            2.967599,
            -1.340288,
            -2.692555,
            2.192634,
            -0.482051,
            7.609862,
            0.11091,
            4.255261,
            -3.966686,
            -5.292728,
            1.639621,
            5.773795,
            0.196168,
            -1.165376,
            7.013212,
            -3.61033,
            2.964837,
            1.879905,
            -5.857234,
            -2.423029,
            2.301358,
            -2.041048,
            5.266549
        ]
    },
    "image_size": [
        870,
        1918
    ],
    "process_time_in_milliseconds": 969
}
