{
    "props": {
        "face_rect": [
            129,
            753,
            570,
            570
        ],
        "kp_eye_left_inner": [
            344,
            896
        ],
        "kp_eye_left_outer": [
            241,
            901
        ],
        "kp_eye_right_inner": [
            481,
            896
        ],
        "kp_eye_right_outer": [
            579,
            891
        ],
        "kp_mouth_left": [
            525,
            1135
        ],
        "kp_mouth_right": [
            325,
            1140
        ],
        "kp_nose_tip": [
            413,
            1003
        ],
        "kp_under_lip_bottom": [
            427,
            1175
        ],
        "kp_upper_lip_top": [
            418,
            1111
        ],
        "features": [
            4.76619,
            6.816272,
            -1.684204,
            4.946477,
            0.152048,
            7.343734,
            -0.000911,
            1.405506,
            4.149002,
            -7.688084,
            0.6585,
            -3.129971,
            1.972855,
            -4.707105,
            8.945268,
            -4.833387,
            -0.0517,
            -0.145636,
            1.794226,
            0.867745,
            3.944486,
            2.758202,
            1.175665,
            5.107766,
            -5.662878,
            0.843015,
            -5.752582,
            -1.036486,
            7.090553,
            -8.46885,
            -0.160383,
            -3.437942,
            -1.447207,
            4.781989,
            -3.030469,
            0.070351,
            -0.760723,
            3.947465,
            0.27563,
            -1.786582,
            -1.170312,
            -2.894629,
            6.782888,
            -0.510831,
            5.29363,
            -7.162255,
            -4.553697,
            -0.236932,
            6.187557,
            -0.391716,
            -0.316554,
            6.421386,
            -4.867335,
            3.321561,
            1.035877,
            -4.753114,
            -1.75887,
            3.369761,
            -1.493673,
            4.601512
        ]
    },
    "image_size": [
        870,
        1918
    ],
    "process_time_in_milliseconds": 725
}
