{
    "props": {
        "face_rect": [
            295,
            769,
            557,
            557
        ],
        "kp_eye_left_inner": [
            515,
            892
        ],
        "kp_eye_left_outer": [
            403,
            882
        ],
        "kp_eye_right_inner": [
            662,
            921
        ],
        "kp_eye_right_outer": [
            720,
            926
        ],
        "kp_mouth_left": [
            667,
            1145
        ],
        "kp_mouth_right": [
            481,
            1145
        ],
        "kp_nose_tip": [
            623,
            1018
        ],
        "kp_under_lip_bottom": [
            589,
            1184
        ],
        "kp_upper_lip_top": [
            593,
            1126
        ],
        "features": [
            6.98719,
            7.585817,
            -1.867993,
            4.835628,
            -0.307022,
            7.573102,
            1.640621,
            0.095798,
            5.864684,
            -6.897947,
            -1.030493,
            -1.823625,
            2.172118,
            -4.544628,
            6.473049,
            -1.778273,
            0.460993,
            -1.939433,
            2.707506,
            2.068288,
            2.109024,
            0.741288,
            -0.566339,
            6.499066,
            -4.815975,
            -1.627702,
            -5.645302,
            -0.455713,
            6.21497,
            -7.852174,
            0.178539,
            -4.220577,
            -1.170358,
            2.986299,
            -1.953028,
            -0.369214,
            0.916335,
            3.035063,
            0.078186,
            -0.533397,
            1.319275,
            -3.255112,
            7.409302,
            0.00789,
            3.939469,
            -5.733368,
            -4.046961,
            -1.840588,
            5.331145,
            0.754713,
            -0.897483,
            5.578834,
            -4.156204,
            1.930105,
            0.404805,
            -4.016891,
            -1.241321,
            2.147683,
            -4.107081,
            4.899352
        ]
    },
    "image_size": [
        870,
        1918
    ],
    "process_time_in_milliseconds": 723
}
