{
    "props": {
        "face_rect": [
            78,
            753,
            569,
            569
        ],
        "kp_eye_left_inner": [
            306,
            899
        ],
        "kp_eye_left_outer": [
            211,
            894
        ],
        "kp_eye_right_inner": [
            441,
            894
        ],
        "kp_eye_right_outer": [
            546,
            884
        ],
        "kp_mouth_left": [
            476,
            1134
        ],
        "kp_mouth_right": [
            281,
            1139
        ],
        "kp_nose_tip": [
            336,
            1009
        ],
        "kp_under_lip_bottom": [
            366,
            1174
        ],
        "kp_upper_lip_top": [
            361,
            1114
        ],
        "features": [
            5.73678,
            7.169185,
            -1.289325,
            4.581537,
            0.66032,
            8.019215,
            2.407218,
            1.400197,
            3.786285,
            -7.632537,
            -2.559398,
            -4.29841,
            1.833938,
            -3.001858,
            8.215135,
            -3.630959,
            0.674081,
            -0.58224,
            2.981377,
            1.443815,
            2.806382,
            4.247725,
            -0.324046,
            6.426442,
            -4.894523,
            0.14418,
            -6.513849,
            -0.804387,
            6.486128,
            -8.196527,
            -0.392211,
            -3.812847,
            0.417102,
            4.67536,
            -2.395686,
            -0.870871,
            0.557498,
            3.172691,
            -0.318163,
            -1.239328,
            0.683342,
            -2.346421,
            8.272123,
            0.021689,
            5.075948,
            -5.555499,
            -5.951553,
            0.318381,
            6.148656,
            0.150719,
            -1.69879,
            6.552791,
            -3.192544,
            2.70408,
            2.18522,
            -4.75607,
            -2.6071,
            2.816141,
            -1.761327,
            4.115057
        ]
    },
    "image_size": [
        870,
        1918
    ],
    "process_time_in_milliseconds": 785
}
