{
    "props": {
        "face_rect": [
            315,
            767,
            586,
            586
        ],
        "kp_eye_left_inner": [
            567,
            902
        ],
        "kp_eye_left_outer": [
            441,
            886
        ],
        "kp_eye_right_inner": [
            704,
            940
        ],
        "kp_eye_right_outer": [
            748,
            935
        ],
        "kp_mouth_left": [
            682,
            1154
        ],
        "kp_mouth_right": [
            512,
            1149
        ],
        "kp_nose_tip": [
            660,
            1028
        ],
        "kp_under_lip_bottom": [
            605,
            1203
        ],
        "kp_upper_lip_top": [
            616,
            1138
        ],
        "features": [
            7.148075,
            9.018795,
            -2.694577,
            2.056807,
            0.330417,
            8.362666,
            0.776447,
            -0.830092,
            4.922709,
            -5.689856,
            -2.750157,
            -0.533098,
            2.029075,
            -3.589321,
            7.608086,
            -1.153904,
            -1.374065,
            -1.66982,
            3.173899,
            1.935131,
            4.651271,
            -0.765883,
            -0.987404,
            7.954875,
            -3.008702,
            -0.863664,
            -4.110085,
            -1.708732,
            5.324489,
            -6.70145,
            0.853723,
            -3.84882,
            -1.387254,
            3.683402,
            -1.283915,
            1.104807,
            0.364864,
            2.259077,
            1.158494,
            0.410388,
            2.04017,
            -3.685566,
            7.176251,
            -0.142298,
            3.185241,
            -4.106041,
            -3.882863,
            -0.063273,
            4.340211,
            0.068606,
            -0.363897,
            6.429082,
            -3.610116,
            2.339853,
            -1.098645,
            -3.94749,
            -4.292081,
            3.400715,
            -3.169815,
            6.478181
        ]
    },
    "image_size": [
        870,
        1918
    ],
    "process_time_in_milliseconds": 857
}
