{
    "props": {
        "face_rect": [
            209,
            758,
            570,
            570
        ],
        "kp_eye_left_inner": [
            425,
            895
        ],
        "kp_eye_left_outer": [
            313,
            890
        ],
        "kp_eye_right_inner": [
            562,
            900
        ],
        "kp_eye_right_outer": [
            655,
            900
        ],
        "kp_mouth_left": [
            596,
            1139
        ],
        "kp_mouth_right": [
            396,
            1144
        ],
        "kp_nose_tip": [
            508,
            1017
        ],
        "kp_under_lip_bottom": [
            503,
            1178
        ],
        "kp_upper_lip_top": [
            503,
            1119
        ],
        "features": [
            5.627067,
            6.967501,
            -2.038274,
            5.075431,
            -0.435181,
            7.672151,
            0.97822,
            0.392909,
            5.569958,
            -6.58039,
            -1.720697,
            -4.496736,
            2.000718,
            -5.082546,
            7.248121,
            -3.486569,
            -0.77844,
            -0.424535,
            2.047017,
            0.723968,
            2.92285,
            2.723028,
            2.00825,
            6.32272,
            -4.596157,
            2.117346,
            -6.664515,
            -0.830852,
            5.773971,
            -9.262415,
            0.322948,
            -3.367779,
            -1.212875,
            4.103949,
            -2.752544,
            0.654531,
            0.071374,
            2.688601,
            -0.157573,
            -1.048009,
            -0.64563,
            -2.914611,
            6.860476,
            -0.028067,
            5.770604,
            -6.376634,
            -4.042953,
            -1.565273,
            5.356848,
            0.061655,
            -0.614386,
            5.141364,
            -4.154594,
            2.800337,
            0.875626,
            -4.99254,
            -2.048655,
            4.527558,
            -2.1387,
            5.255988
        ]
    },
    "image_size": [
        870,
        1918
    ],
    "process_time_in_milliseconds": 784
}
