{
    "props": {
        "face_rect": [
            131,
            896,
            537,
            537
        ],
        "kp_eye_left_inner": [
            352,
            1042
        ],
        "kp_eye_left_outer": [
            247,
            1029
        ],
        "kp_eye_right_inner": [
            495,
            1042
        ],
        "kp_eye_right_outer": [
            592,
            1029
        ],
        "kp_mouth_left": [
            529,
            1273
        ],
        "kp_mouth_right": [
            335,
            1277
        ],
        "kp_nose_tip": [
            424,
            1222
        ],
        "kp_under_lip_bottom": [
            428,
            1315
        ],
        "kp_upper_lip_top": [
            432,
            1285
        ],
        "features": [
            3.110492,
            4.120533,
            -1.069105,
            4.911646,
            -1.074467,
            5.056892,
            -3.265049,
            0.965498,
            5.060322,
            -5.850441,
            -2.814546,
            -2.713138,
            1.343035,
            -5.889601,
            8.702679,
            -2.378461,
            -3.47065,
            -3.612542,
            2.63023,
            0.624823,
            5.546034,
            -0.041421,
            -0.114291,
            7.500294,
            -1.539673,
            -1.400071,
            -3.034683,
            -2.508736,
            5.861502,
            -6.027788,
            4.015498,
            -3.54704,
            -3.465865,
            5.013358,
            -3.772559,
            1.727119,
            -0.669056,
            2.622679,
            3.46822,
            2.054108,
            0.025222,
            -5.369238,
            7.980925,
            2.157199,
            8.478084,
            -7.623914,
            -3.997865,
            1.318193,
            3.014649,
            3.647368,
            0.970873,
            6.203874,
            -5.21247,
            0.587745,
            -1.921038,
            -3.295454,
            -3.627126,
            2.315882,
            -0.60149,
            3.592655
        ]
    },
    "image_size": [
        870,
        1918
    ],
    "process_time_in_milliseconds": 771
}
