{
    "props": {
        "face_rect": [
            174,
            660,
            506,
            506
        ],
        "kp_eye_left_inner": [
            362,
            783
        ],
        "kp_eye_left_outer": [
            246,
            799
        ],
        "kp_eye_right_inner": [
            500,
            788
        ],
        "kp_eye_right_outer": [
            594,
            799
        ],
        "kp_mouth_left": [
            539,
            1009
        ],
        "kp_mouth_right": [
            323,
            1015
        ],
        "kp_nose_tip": [
            423,
            805
        ],
        "kp_under_lip_bottom": [
            439,
            1026
        ],
        "kp_upper_lip_top": [
            428,
            954
        ],
        "features": [
            2.286156,
            5.727083,
            -4.107598,
            4.686514,
            -3.396105,
            4.630652,
            -0.773709,
            -1.804638,
            2.709184,
            -9.171225,
            0.563442,
            0.229108,
            2.405724,
            -3.148408,
            1.753624,
            0.917324,
            -3.15805,
            -1.207134,
            -0.36057,
            -0.240098,
            4.233141,
            2.375739,
            -0.166263,
            4.860533,
            -2.484938,
            1.333107,
            -2.202808,
            -1.54576,
            4.356036,
            -5.501853,
            2.756329,
            -5.359825,
            1.021588,
            2.45036,
            -0.376959,
            1.799026,
            0.760546,
            0.4511,
            -0.169934,
            -0.946818,
            2.290539,
            2.62511,
            4.170829,
            -0.906781,
            6.633564,
            -4.208357,
            -1.519897,
            4.390066,
            7.690592,
            1.065977,
            -2.479254,
            6.36164,
            -0.192987,
            1.940337,
            -3.534897,
            -4.074084,
            -1.839053,
            1.671837,
            1.809917,
            5.561481
        ]
    },
    "image_size": [
        870,
        1918
    ],
    "process_time_in_milliseconds": 858
}
