{
    "props": {
        "face_rect": [
            131,
            754,
            568,
            568
        ],
        "kp_eye_left_inner": [
            347,
            897
        ],
        "kp_eye_left_outer": [
            239,
            902
        ],
        "kp_eye_right_inner": [
            479,
            897
        ],
        "kp_eye_right_outer": [
            587,
            892
        ],
        "kp_mouth_left": [
            523,
            1136
        ],
        "kp_mouth_right": [
            327,
            1146
        ],
        "kp_nose_tip": [
            416,
            999
        ],
        "kp_under_lip_bottom": [
            425,
            1171
        ],
        "kp_upper_lip_top": [
            420,
            1112
        ],
        "features": [
            5.107252,
            7.161523,
            -1.610328,
            5.197727,
            -0.364188,
            7.246521,
            -0.081721,
            1.176156,
            3.997351,
            -7.82886,
            0.526,
            -3.36118,
            2.480435,
            -4.458417,
            8.732065,
            -4.127757,
            0.044676,
            -0.098342,
            2.009762,
            1.255023,
            3.879825,
            2.579585,
            0.961847,
            4.643425,
            -6.020988,
            0.557863,
            -5.853638,
            -1.051758,
            7.025725,
            -8.324413,
            0.137295,
            -3.359606,
            -1.120229,
            4.908318,
            -3.301858,
            0.011464,
            -1.035297,
            3.827057,
            0.368639,
            -1.746821,
            -0.354792,
            -2.576249,
            6.528464,
            -0.691526,
            5.574067,
            -6.868317,
            -4.641562,
            -0.240009,
            6.202542,
            -0.343629,
            -0.102668,
            6.523218,
            -4.883482,
            2.909887,
            0.985875,
            -4.790059,
            -1.616012,
            3.180259,
            -1.135401,
            4.649245
        ]
    },
    "image_size": [
        870,
        1918
    ],
    "process_time_in_milliseconds": 791
}
