{
    "props": {
        "face_rect": [
            312,
            764,
            590,
            590
        ],
        "kp_eye_left_inner": [
            563,
            898
        ],
        "kp_eye_left_outer": [
            444,
            882
        ],
        "kp_eye_right_inner": [
            703,
            936
        ],
        "kp_eye_right_outer": [
            752,
            936
        ],
        "kp_mouth_left": [
            682,
            1158
        ],
        "kp_mouth_right": [
            509,
            1152
        ],
        "kp_nose_tip": [
            665,
            1028
        ],
        "kp_under_lip_bottom": [
            611,
            1206
        ],
        "kp_upper_lip_top": [
            622,
            1141
        ],
        "features": [
            7.379272,
            8.743011,
            -2.987765,
            2.629356,
            -0.139385,
            7.90227,
            0.62135,
            -1.62841,
            4.781014,
            -6.638947,
            -1.69562,
            -0.037512,
            2.390422,
            -3.93284,
            6.911241,
            -0.234019,
            -0.724172,
            -2.114643,
            3.196568,
            2.747864,
            5.07712,
            -1.389031,
            0.143368,
            7.686985,
            -3.876131,
            -1.321522,
            -3.709279,
            -1.568066,
            6.00211,
            -6.118072,
            1.406312,
            -4.675456,
            -1.496453,
            3.588058,
            -1.044473,
            1.092925,
            0.139551,
            2.447932,
            0.192456,
            0.075625,
            2.255441,
            -2.980434,
            7.046016,
            -0.449512,
            4.020481,
            -4.481289,
            -3.956773,
            0.282443,
            5.096849,
            0.801015,
            -0.097892,
            7.049106,
            -4.251154,
            2.074016,
            -1.392606,
            -4.254673,
            -3.84107,
            2.996884,
            -3.018343,
            6.721544
        ]
    },
    "image_size": [
        870,
        1918
    ],
    "process_time_in_milliseconds": 773
}
