{
    "props": {
        "face_rect": [
            136,
            914,
            527,
            527
        ],
        "kp_eye_left_inner": [
            357,
            1060
        ],
        "kp_eye_left_outer": [
            248,
            1044
        ],
        "kp_eye_right_inner": [
            495,
            1060
        ],
        "kp_eye_right_outer": [
            591,
            1044
        ],
        "kp_mouth_left": [
            524,
            1282
        ],
        "kp_mouth_right": [
            340,
            1291
        ],
        "kp_nose_tip": [
            420,
            1241
        ],
        "kp_under_lip_bottom": [
            432,
            1328
        ],
        "kp_upper_lip_top": [
            428,
            1295
        ],
        "features": [
            3.254521,
            3.95002,
            -0.470094,
            5.718256,
            -1.473254,
            3.987441,
            -4.540074,
            3.092456,
            4.652773,
            -5.150092,
            -3.280513,
            -1.820666,
            1.579243,
            -6.607282,
            8.09657,
            -3.023145,
            -3.066835,
            -3.300308,
            2.04771,
            -1.493548,
            5.657799,
            -1.803798,
            0.431874,
            6.995652,
            -2.121285,
            -1.418467,
            -2.567595,
            -3.065495,
            5.102265,
            -6.001449,
            3.303682,
            -2.214029,
            -3.781962,
            4.697364,
            -4.186114,
            1.994765,
            -1.410703,
            3.210547,
            4.500991,
            3.373236,
            0.457169,
            -6.81236,
            7.878711,
            1.42889,
            8.150912,
            -8.31211,
            -4.483745,
            1.116805,
            3.375911,
            4.660639,
            1.559123,
            5.862685,
            -5.199251,
            0.928726,
            -2.611907,
            -3.882182,
            -2.513823,
            2.043011,
            -1.386928,
            3.892804
        ]
    },
    "image_size": [
        870,
        1918
    ],
    "process_time_in_milliseconds": 790
}
