{
    "props": {
        "face_rect": [
            16,
            755,
            563,
            563
        ],
        "kp_eye_left_inner": [
            240,
            900
        ],
        "kp_eye_left_outer": [
            162,
            905
        ],
        "kp_eye_right_inner": [
            372,
            890
        ],
        "kp_eye_right_outer": [
            489,
            885
        ],
        "kp_mouth_left": [
            411,
            1139
        ],
        "kp_mouth_right": [
            220,
            1139
        ],
        "kp_nose_tip": [
            264,
            998
        ],
        "kp_under_lip_bottom": [
            303,
            1173
        ],
        "kp_upper_lip_top": [
            284,
            1115
        ],
        "features": [
            8.174603,
            10.204092,
            -1.419311,
            4.517613,
            1.732283,
            6.046669,
            0.713789,
            0.76843,
            1.578349,
            -5.186584,
            -4.140374,
            -1.451367,
            3.243649,
            0.03943,
            5.956997,
            -2.259588,
            1.022935,
            -0.116099,
            4.741699,
            1.245812,
            4.11201,
            1.008572,
            -0.433688,
            6.133595,
            -4.794011,
            -0.329605,
            -4.25478,
            -1.473943,
            4.830083,
            -6.346334,
            -1.968055,
            -1.071913,
            1.165576,
            5.094839,
            -2.17847,
            -0.258165,
            -0.420579,
            1.308032,
            0.17365,
            -0.75238,
            4.491809,
            -2.37678,
            6.856959,
            -1.39455,
            3.369032,
            -3.606374,
            -5.402905,
            -0.942798,
            3.914476,
            0.6192,
            -0.548127,
            5.892876,
            -3.491367,
            3.328185,
            1.079871,
            -5.786066,
            -2.06353,
            3.379847,
            -3.41947,
            6.173051
        ]
    },
    "image_size": [
        870,
        1918
    ],
    "process_time_in_milliseconds": 1085
}
