{
    "props": {
        "face_rect": [
            102,
            770,
            574,
            574
        ],
        "kp_eye_left_inner": [
            318,
            916
        ],
        "kp_eye_left_outer": [
            223,
            926
        ],
        "kp_eye_right_inner": [
            453,
            906
        ],
        "kp_eye_right_outer": [
            558,
            906
        ],
        "kp_mouth_left": [
            503,
            1146
        ],
        "kp_mouth_right": [
            303,
            1161
        ],
        "kp_nose_tip": [
            373,
            1031
        ],
        "kp_under_lip_bottom": [
            403,
            1191
        ],
        "kp_upper_lip_top": [
            393,
            1131
        ],
        "features": [
            4.709795,
            6.948461,
            -1.844526,
            4.289115,
            1.032354,
            7.039302,
            2.082148,
            0.995344,
            4.690639,
            -8.064956,
            -1.271578,
            -3.377858,
            1.917158,
            -3.350909,
            7.714683,
            -4.285564,
            -0.546318,
            -1.674358,
            1.685153,
            1.483776,
            4.122418,
            3.545164,
            -1.292367,
            6.51336,
            -3.959775,
            1.948478,
            -6.119611,
            -1.290627,
            6.54804,
            -8.432596,
            0.769644,
            -4.544192,
            -1.155742,
            4.253991,
            -1.062152,
            0.270374,
            0.971951,
            1.819235,
            -0.001645,
            -1.634565,
            -1.251449,
            -2.408972,
            6.825732,
            -0.476351,
            4.910743,
            -7.536938,
            -4.590483,
            -0.654085,
            5.552667,
            0.101788,
            -1.688041,
            5.663569,
            -1.720731,
            1.79169,
            0.207355,
            -3.981734,
            -3.209998,
            4.463171,
            -2.076361,
            4.953153
        ]
    },
    "image_size": [
        870,
        1918
    ],
    "process_time_in_milliseconds": 773
}
