{
    "props": {
        "face_rect": [
            122,
            778,
            596,
            596
        ],
        "kp_eye_left_inner": [
            349,
            929
        ],
        "kp_eye_left_outer": [
            243,
            924
        ],
        "kp_eye_right_inner": [
            484,
            929
        ],
        "kp_eye_right_outer": [
            590,
            914
        ],
        "kp_mouth_left": [
            524,
            1170
        ],
        "kp_mouth_right": [
            329,
            1181
        ],
        "kp_nose_tip": [
            419,
            1055
        ],
        "kp_under_lip_bottom": [
            434,
            1216
        ],
        "kp_upper_lip_top": [
            424,
            1155
        ],
        "features": [
            5.116917,
            6.863453,
            -0.641529,
            5.00944,
            -0.114464,
            7.470083,
            0.415138,
            0.193925,
            4.793557,
            -7.277156,
            0.41398,
            -1.99657,
            2.025271,
            -5.036171,
            8.021064,
            -3.546575,
            0.236153,
            -0.629337,
            3.450687,
            2.141308,
            4.046447,
            3.203129,
            1.087676,
            6.282844,
            -5.093159,
            0.209218,
            -6.042011,
            -1.316696,
            6.826124,
            -8.162161,
            0.297958,
            -4.912827,
            -1.362622,
            5.023106,
            -3.135905,
            -0.636175,
            0.302826,
            3.485254,
            -0.205561,
            -0.904128,
            -0.818245,
            -2.541482,
            8.026705,
            -0.061105,
            6.223237,
            -7.247476,
            -4.343234,
            -0.15492,
            5.918028,
            1.037553,
            -0.687692,
            6.697413,
            -4.84934,
            2.701226,
            1.17562,
            -5.027967,
            -2.840452,
            4.150321,
            -1.306494,
            3.188972
        ]
    },
    "image_size": [
        870,
        1918
    ],
    "process_time_in_milliseconds": 816
}
