{
    "props": {
        "face_rect": [
            65,
            761,
            561,
            561
        ],
        "kp_eye_left_inner": [
            282,
            903
        ],
        "kp_eye_left_outer": [
            196,
            908
        ],
        "kp_eye_right_inner": [
            418,
            887
        ],
        "kp_eye_right_outer": [
            530,
            882
        ],
        "kp_mouth_left": [
            469,
            1140
        ],
        "kp_mouth_right": [
            267,
            1145
        ],
        "kp_nose_tip": [
            317,
            1009
        ],
        "kp_under_lip_bottom": [
            353,
            1181
        ],
        "kp_upper_lip_top": [
            338,
            1120
        ],
        "features": [
            6.674782,
            8.139007,
            -1.208223,
            4.3758,
            0.771966,
            8.070993,
            2.611989,
            0.496797,
            3.480065,
            -7.285314,
            -1.42532,
            -3.144115,
            1.805423,
            -3.390776,
            7.169571,
            -3.189322,
            0.62175,
            -0.414032,
            3.148331,
            2.825372,
            3.208337,
            2.949987,
            -1.426412,
            6.666718,
            -5.000972,
            0.291497,
            -6.79522,
            -0.69799,
            6.013495,
            -8.846301,
            -0.40769,
            -3.218767,
            1.110311,
            5.149215,
            -2.287607,
            -0.800347,
            1.080928,
            3.534895,
            -0.975718,
            -2.162775,
            1.253624,
            -1.622637,
            7.2526,
            -0.571464,
            3.654896,
            -5.736563,
            -5.349636,
            0.311378,
            6.162983,
            -0.429225,
            -1.468161,
            6.074811,
            -2.804506,
            2.952799,
            1.689283,
            -5.123446,
            -3.059608,
            3.146343,
            -2.12751,
            4.510554
        ]
    },
    "image_size": [
        870,
        1918
    ],
    "process_time_in_milliseconds": 766
}
