{
    "props": {
        "face_rect": [
            132,
            722,
            562,
            562
        ],
        "kp_eye_left_inner": [
            339,
            868
        ],
        "kp_eye_left_outer": [
            238,
            878
        ],
        "kp_eye_right_inner": [
            476,
            862
        ],
        "kp_eye_right_outer": [
            582,
            868
        ],
        "kp_mouth_left": [
            526,
            1105
        ],
        "kp_mouth_right": [
            324,
            1115
        ],
        "kp_nose_tip": [
            410,
            948
        ],
        "kp_under_lip_bottom": [
            425,
            1140
        ],
        "kp_upper_lip_top": [
            420,
            1070
        ],
        "features": [
            4.849041,
            6.635714,
            -3.661267,
            4.682334,
            0.720529,
            7.070009,
            0.832439,
            1.486689,
            3.324404,
            -9.213737,
            -0.734279,
            -2.788145,
            1.534889,
            -3.658513,
            8.465657,
            -4.482951,
            -1.774321,
            -0.739069,
            -0.006805,
            -0.483369,
            4.747423,
            2.234486,
            -0.076395,
            5.39946,
            -4.192926,
            0.875841,
            -4.920316,
            -2.682889,
            6.124027,
            -7.233362,
            1.052737,
            -4.720387,
            -2.292481,
            3.496622,
            -2.181211,
            0.626171,
            0.130772,
            1.616588,
            1.497635,
            -1.716686,
            -0.640618,
            -2.678179,
            5.726638,
            0.523846,
            4.689898,
            -6.181633,
            -4.214986,
            1.304753,
            5.830044,
            -0.963321,
            -0.796242,
            6.812046,
            -1.797922,
            2.568328,
            -0.514677,
            -3.621187,
            -2.547294,
            3.496852,
            -2.55767,
            6.636539
        ]
    },
    "image_size": [
        870,
        1918
    ],
    "process_time_in_milliseconds": 795
}
