{
    "props": {
        "face_rect": [
            312,
            763,
            586,
            586
        ],
        "kp_eye_left_inner": [
            555,
            894
        ],
        "kp_eye_left_outer": [
            436,
            883
        ],
        "kp_eye_right_inner": [
            697,
            932
        ],
        "kp_eye_right_outer": [
            746,
            932
        ],
        "kp_mouth_left": [
            686,
            1149
        ],
        "kp_mouth_right": [
            512,
            1144
        ],
        "kp_nose_tip": [
            670,
            1024
        ],
        "kp_under_lip_bottom": [
            604,
            1198
        ],
        "kp_upper_lip_top": [
            610,
            1139
        ],
        "features": [
            7.196347,
            8.701878,
            -2.522265,
            2.471729,
            0.454592,
            8.29455,
            0.677673,
            -1.001253,
            5.196016,
            -5.744022,
            -2.195732,
            -0.450043,
            1.772101,
            -4.104482,
            7.443546,
            -1.404861,
            -1.064894,
            -1.564097,
            3.309003,
            2.267962,
            4.677554,
            -0.852683,
            -0.743362,
            7.746359,
            -3.313483,
            -0.791716,
            -3.863735,
            -1.603382,
            5.722363,
            -6.661978,
            0.80123,
            -3.942533,
            -1.230214,
            3.714485,
            -1.236478,
            1.034669,
            0.269977,
            2.797984,
            1.175349,
            0.304582,
            1.820573,
            -3.724021,
            7.076906,
            0.020457,
            3.35689,
            -4.398843,
            -4.192813,
            0.018849,
            4.911906,
            0.344313,
            -0.179195,
            6.530518,
            -3.855254,
            2.617552,
            -0.905256,
            -3.898885,
            -4.035581,
            2.934589,
            -2.980477,
            6.022958
        ]
    },
    "image_size": [
        870,
        1918
    ],
    "process_time_in_milliseconds": 787
}
