{
    "props": {
        "face_rect": [
            173,
            665,
            503,
            503
        ],
        "kp_eye_left_inner": [
            356,
            796
        ],
        "kp_eye_left_outer": [
            256,
            817
        ],
        "kp_eye_right_inner": [
            487,
            796
        ],
        "kp_eye_right_outer": [
            582,
            812
        ],
        "kp_mouth_left": [
            540,
            1027
        ],
        "kp_mouth_right": [
            329,
            1027
        ],
        "kp_nose_tip": [
            424,
            833
        ],
        "kp_under_lip_bottom": [
            440,
            1043
        ],
        "kp_upper_lip_top": [
            429,
            975
        ],
        "features": [
            4.82126,
            7.077755,
            -3.016277,
            4.354918,
            -0.81907,
            6.143194,
            -1.492822,
            1.741688,
            1.8944,
            -7.663196,
            -3.662354,
            -1.233988,
            2.389653,
            -2.891796,
            4.273987,
            0.022579,
            -2.940445,
            0.186068,
            0.357508,
            -1.358159,
            5.689476,
            0.54395,
            -3.109627,
            4.126982,
            -2.423944,
            1.890162,
            -1.792536,
            -2.940771,
            5.585498,
            -6.133006,
            2.835767,
            -4.660203,
            1.567396,
            2.336022,
            -1.208586,
            0.528716,
            -0.509295,
            2.209116,
            3.360018,
            2.272358,
            3.49503,
            -0.309768,
            3.694655,
            -0.356716,
            5.984649,
            -4.562166,
            -3.540471,
            3.145753,
            7.462106,
            1.537234,
            -2.03108,
            6.788033,
            1.160651,
            0.153287,
            -3.750948,
            -3.157115,
            -1.262734,
            0.302634,
            -1.803549,
            6.668651
        ]
    },
    "image_size": [
        870,
        1918
    ],
    "process_time_in_milliseconds": 757
}
