{
    "props": {
        "face_rect": [
            131,
            900,
            549,
            549
        ],
        "kp_eye_left_inner": [
            353,
            1052
        ],
        "kp_eye_left_outer": [
            248,
            1035
        ],
        "kp_eye_right_inner": [
            488,
            1048
        ],
        "kp_eye_right_outer": [
            592,
            1039
        ],
        "kp_mouth_left": [
            523,
            1279
        ],
        "kp_mouth_right": [
            331,
            1279
        ],
        "kp_nose_tip": [
            427,
            1235
        ],
        "kp_under_lip_bottom": [
            431,
            1322
        ],
        "kp_upper_lip_top": [
            431,
            1292
        ],
        "features": [
            3.626019,
            4.317733,
            -1.425531,
            4.978418,
            -1.375639,
            4.169796,
            -4.361013,
            1.615437,
            5.64337,
            -5.457511,
            -3.76164,
            -2.058331,
            0.889692,
            -6.912251,
            8.290267,
            -1.438383,
            -2.986244,
            -3.902505,
            2.099982,
            0.475646,
            5.44861,
            -1.069142,
            -0.284224,
            7.756325,
            -1.000779,
            -1.745885,
            -2.748544,
            -3.010881,
            5.883565,
            -6.062795,
            3.796641,
            -3.828935,
            -3.740672,
            5.709035,
            -3.259214,
            2.765804,
            -0.351496,
            2.64343,
            4.201248,
            2.486029,
            0.47831,
            -5.077406,
            7.344672,
            2.478561,
            7.249895,
            -7.320035,
            -4.442656,
            0.787338,
            3.269714,
            3.588714,
            0.843803,
            5.376605,
            -5.368729,
            -0.006,
            -2.424265,
            -2.890055,
            -2.184057,
            1.290156,
            -1.41312,
            4.085378
        ]
    },
    "image_size": [
        870,
        1918
    ],
    "process_time_in_milliseconds": 776
}
