{
    "props": {
        "face_rect": [
            183,
            617,
            519,
            519
        ],
        "kp_eye_left_inner": [
            382,
            750
        ],
        "kp_eye_left_outer": [
            286,
            754
        ],
        "kp_eye_right_inner": [
            510,
            745
        ],
        "kp_eye_right_outer": [
            606,
            741
        ],
        "kp_mouth_left": [
            542,
            983
        ],
        "kp_mouth_right": [
            341,
            992
        ],
        "kp_nose_tip": [
            441,
            823
        ],
        "kp_under_lip_bottom": [
            441,
            1015
        ],
        "kp_upper_lip_top": [
            446,
            942
        ],
        "features": [
            3.452527,
            4.514319,
            7.239883,
            -5.343665,
            4.845143,
            1.449286,
            -5.670485,
            1.477674,
            0.806864,
            6.510786,
            -8.775891,
            -8.210041,
            -4.715818,
            6.787429,
            5.090412,
            -11.776318,
            -5.1077,
            4.47647,
            5.275441,
            -0.344458,
            -3.122177,
            3.356077,
            -9.633508,
            -7.398418,
            6.815517,
            3.490672,
            -1.069766,
            0.378286,
            6.921264,
            1.523067,
            -0.566869,
            3.475969,
            -1.496633,
            -2.835823,
            -2.548019,
            3.861804,
            3.186832,
            5.552402,
            -1.606496,
            4.15103,
            -2.123639,
            -5.958837,
            -9.102038,
            2.096146,
            4.74826,
            8.917825,
            4.881643,
            4.049366,
            -6.717588,
            -3.239649,
            5.744197,
            -2.066583,
            0.778425,
            0.121453,
            1.034759,
            3.136319,
            -3.211325,
            0.667704,
            -2.331372,
            2.74435
        ]
    },
    "image_size": [
        870,
        1918
    ],
    "process_time_in_milliseconds": 754
}
