{
    "props": {
        "face_rect": [
            87,
            622,
            558,
            558
        ],
        "kp_eye_left_inner": [
            318,
            769
        ],
        "kp_eye_left_outer": [
            227,
            778
        ],
        "kp_eye_right_inner": [
            443,
            759
        ],
        "kp_eye_right_outer": [
            553,
            745
        ],
        "kp_mouth_left": [
            467,
            1013
        ],
        "kp_mouth_right": [
            270,
            1018
        ],
        "kp_nose_tip": [
            338,
            855
        ],
        "kp_under_lip_bottom": [
            357,
            1042
        ],
        "kp_upper_lip_top": [
            357,
            975
        ],
        "features": [
            1.881777,
            4.937678,
            6.449224,
            -6.3462,
            3.745685,
            2.256758,
            -5.762948,
            1.300595,
            0.866523,
            5.931946,
            -8.555126,
            -7.391735,
            -5.179672,
            7.461466,
            5.078276,
            -10.537457,
            -6.040279,
            3.189802,
            5.254056,
            -1.263978,
            -2.493259,
            4.382227,
            -10.255033,
            -7.128984,
            7.846229,
            2.630454,
            -0.966893,
            0.232312,
            6.741879,
            1.287322,
            0.336286,
            2.417077,
            -2.257069,
            -2.796843,
            -2.161567,
            3.737896,
            3.585864,
            3.23492,
            -1.355658,
            3.061274,
            -2.641869,
            -4.359998,
            -8.318542,
            3.805722,
            4.00625,
            8.730927,
            4.786157,
            3.782298,
            -7.597792,
            -4.388077,
            5.381566,
            -2.970413,
            0.980641,
            -0.483448,
            0.17508,
            2.296577,
            -3.799495,
            0.659742,
            -1.192983,
            1.373395
        ]
    },
    "image_size": [
        870,
        1918
    ],
    "process_time_in_milliseconds": 763
}
