{
    "props": {
        "face_rect": [
            115,
            721,
            622,
            622
        ],
        "kp_eye_left_inner": [
            356,
            879
        ],
        "kp_eye_left_outer": [
            249,
            874
        ],
        "kp_eye_right_inner": [
            488,
            874
        ],
        "kp_eye_right_outer": [
            605,
            853
        ],
        "kp_mouth_left": [
            529,
            1128
        ],
        "kp_mouth_right": [
            331,
            1138
        ],
        "kp_nose_tip": [
            422,
            1021
        ],
        "kp_under_lip_bottom": [
            437,
            1179
        ],
        "kp_upper_lip_top": [
            427,
            1113
        ],
        "features": [
            0.601809,
            1.050991,
            5.574715,
            -4.622226,
            3.940893,
            1.179521,
            -4.371144,
            3.417267,
            -1.831857,
            5.901449,
            -5.541962,
            -8.284741,
            -1.952977,
            7.033816,
            4.503928,
            -11.164319,
            -6.740281,
            4.593402,
            1.613334,
            1.867091,
            -0.667545,
            1.01236,
            -11.723189,
            -8.133424,
            3.975823,
            1.30841,
            -0.544404,
            -1.900531,
            6.367919,
            2.478628,
            0.070343,
            2.598763,
            -3.07021,
            -3.400008,
            0.051662,
            1.822375,
            2.885904,
            2.701548,
            2.120658,
            4.246891,
            -3.236318,
            -7.319599,
            -7.482189,
            3.974644,
            7.756736,
            4.541589,
            4.613071,
            3.285716,
            -6.421396,
            -4.714859,
            4.821752,
            -1.853413,
            1.124426,
            -1.789269,
            -0.694694,
            4.806249,
            -3.331434,
            0.552981,
            -1.857356,
            1.430697
        ]
    },
    "image_size": [
        870,
        1918
    ],
    "process_time_in_milliseconds": 761
}
