{
    "props": {
        "face_rect": [
            124,
            715,
            629,
            629
        ],
        "kp_eye_left_inner": [
            369,
            877
        ],
        "kp_eye_left_outer": [
            256,
            872
        ],
        "kp_eye_right_inner": [
            507,
            872
        ],
        "kp_eye_right_outer": [
            615,
            852
        ],
        "kp_mouth_left": [
            546,
            1132
        ],
        "kp_mouth_right": [
            345,
            1142
        ],
        "kp_nose_tip": [
            443,
            1024
        ],
        "kp_under_lip_bottom": [
            453,
            1186
        ],
        "kp_upper_lip_top": [
            443,
            1117
        ],
        "features": [
            -0.461867,
            -0.455258,
            6.492213,
            -4.761613,
            5.212042,
            1.26513,
            -4.445229,
            4.845606,
            -3.478469,
            7.696593,
            -6.437318,
            -6.111027,
            -4.041053,
            5.522585,
            2.871085,
            -11.58443,
            -6.025632,
            4.078255,
            0.995363,
            -0.775798,
            -0.112376,
            1.424358,
            -10.080338,
            -8.518241,
            4.287313,
            2.489927,
            1.529117,
            -2.203475,
            5.298448,
            3.056392,
            0.155753,
            2.503926,
            -3.74255,
            -3.149847,
            0.165003,
            0.479776,
            2.428358,
            2.750471,
            2.83163,
            5.978563,
            -4.38919,
            -8.028605,
            -7.337063,
            4.249109,
            6.010314,
            4.608994,
            3.409571,
            3.327166,
            -5.90758,
            -4.137215,
            4.993082,
            -3.541789,
            1.752426,
            -0.818605,
            -2.137329,
            5.200917,
            -3.545629,
            0.670373,
            -1.76075,
            0.621359
        ]
    },
    "image_size": [
        870,
        1918
    ],
    "process_time_in_milliseconds": 749
}
