{
    "props": {
        "face_rect": [
            319,
            767,
            584,
            584
        ],
        "kp_eye_left_inner": [
            559,
            900
        ],
        "kp_eye_left_outer": [
            445,
            884
        ],
        "kp_eye_right_inner": [
            702,
            939
        ],
        "kp_eye_right_outer": [
            751,
            933
        ],
        "kp_mouth_left": [
            685,
            1157
        ],
        "kp_mouth_right": [
            516,
            1152
        ],
        "kp_nose_tip": [
            663,
            1026
        ],
        "kp_under_lip_bottom": [
            609,
            1201
        ],
        "kp_upper_lip_top": [
            620,
            1141
        ],
        "features": [
            6.724287,
            8.63059,
            -2.737304,
            2.601785,
            0.332309,
            7.778741,
            0.565024,
            -0.842017,
            4.579884,
            -6.193074,
            -2.509403,
            -0.482108,
            2.365859,
            -4.07229,
            7.250616,
            -0.656715,
            -1.426903,
            -1.261811,
            3.312646,
            2.464868,
            5.059191,
            -1.112008,
            -0.391028,
            8.226423,
            -3.328693,
            -1.265467,
            -3.759188,
            -1.810092,
            5.777672,
            -6.614285,
            0.719169,
            -3.931006,
            -1.522308,
            4.344725,
            -0.978611,
            1.181476,
            0.208667,
            2.327551,
            1.043993,
            0.027287,
            2.528673,
            -3.594643,
            6.988952,
            -0.353177,
            3.807546,
            -4.767469,
            -3.827828,
            0.452838,
            4.265485,
            0.335211,
            -0.388856,
            6.909552,
            -3.804205,
            2.498741,
            -1.204582,
            -4.043549,
            -4.126284,
            3.386669,
            -3.396984,
            6.390727
        ]
    },
    "image_size": [
        870,
        1918
    ],
    "process_time_in_milliseconds": 746
}
