{
    "props": {
        "face_rect": [
            175,
            765,
            563,
            563
        ],
        "kp_eye_left_inner": [
            389,
            897
        ],
        "kp_eye_left_outer": [
            283,
            897
        ],
        "kp_eye_right_inner": [
            525,
            902
        ],
        "kp_eye_right_outer": [
            630,
            907
        ],
        "kp_mouth_left": [
            560,
            1139
        ],
        "kp_mouth_right": [
            363,
            1144
        ],
        "kp_nose_tip": [
            459,
            1018
        ],
        "kp_under_lip_bottom": [
            469,
            1184
        ],
        "kp_upper_lip_top": [
            459,
            1119
        ],
        "features": [
            5.334198,
            6.02324,
            -2.790389,
            4.669107,
            0.236785,
            7.365196,
            0.864124,
            0.962382,
            5.023736,
            -6.833214,
            -0.221961,
            -2.563329,
            1.197964,
            -4.796162,
            8.946674,
            -4.628244,
            0.318675,
            -0.211027,
            1.772612,
            1.218883,
            4.122231,
            2.84539,
            1.886728,
            6.503414,
            -4.277275,
            0.964378,
            -5.585526,
            -1.419462,
            6.767165,
            -8.651653,
            0.482361,
            -4.745244,
            -2.164886,
            3.987894,
            -2.753092,
            0.397616,
            -0.518082,
            3.50198,
            0.099791,
            -1.114352,
            -2.145063,
            -2.88667,
            7.641726,
            0.315091,
            5.354915,
            -7.625103,
            -4.091712,
            -0.873708,
            5.601038,
            0.726027,
            -0.874068,
            6.471822,
            -4.382973,
            3.020735,
            1.502811,
            -4.215924,
            -2.056426,
            4.062572,
            -2.314597,
            4.551036
        ]
    },
    "image_size": [
        870,
        1918
    ],
    "process_time_in_milliseconds": 760
}
