{
    "props": {
        "face_rect": [
            113,
            757,
            600,
            600
        ],
        "kp_eye_left_inner": [
            336,
            914
        ],
        "kp_eye_left_outer": [
            235,
            919
        ],
        "kp_eye_right_inner": [
            475,
            909
        ],
        "kp_eye_right_outer": [
            581,
            905
        ],
        "kp_mouth_left": [
            519,
            1155
        ],
        "kp_mouth_right": [
            326,
            1164
        ],
        "kp_nose_tip": [
            413,
            1039
        ],
        "kp_under_lip_bottom": [
            427,
            1198
        ],
        "kp_upper_lip_top": [
            422,
            1140
        ],
        "features": [
            4.980258,
            6.768731,
            -2.260549,
            5.045622,
            -0.672172,
            7.702899,
            1.123117,
            -0.202767,
            5.003612,
            -8.431368,
            0.578593,
            -3.813723,
            1.910544,
            -4.295255,
            8.216949,
            -3.858789,
            -1.096384,
            -0.614329,
            2.354966,
            1.976742,
            4.403082,
            3.335032,
            0.577178,
            6.458946,
            -4.935881,
            1.017242,
            -6.996132,
            -1.847741,
            6.330764,
            -8.310749,
            0.556522,
            -5.302245,
            -1.677752,
            4.469313,
            -1.934694,
            1.000691,
            0.576002,
            1.863402,
            -0.078187,
            -2.073323,
            -1.476194,
            -2.212358,
            7.115395,
            0.277982,
            6.212419,
            -7.014517,
            -4.336516,
            0.377049,
            5.805367,
            0.08839,
            -0.872071,
            6.709546,
            -3.840656,
            2.620155,
            1.497875,
            -5.170243,
            -3.72671,
            4.761281,
            -0.527926,
            4.21682
        ]
    },
    "image_size": [
        870,
        1918
    ],
    "process_time_in_milliseconds": 809
}
