{
    "props": {
        "face_rect": [
            185,
            653,
            475,
            475
        ],
        "kp_eye_left_inner": [
            351,
            766
        ],
        "kp_eye_left_outer": [
            253,
            790
        ],
        "kp_eye_right_inner": [
            499,
            776
        ],
        "kp_eye_right_outer": [
            578,
            785
        ],
        "kp_mouth_left": [
            534,
            983
        ],
        "kp_mouth_right": [
            317,
            988
        ],
        "kp_nose_tip": [
            420,
            776
        ],
        "kp_under_lip_bottom": [
            435,
            993
        ],
        "kp_upper_lip_top": [
            425,
            924
        ],
        "features": [
            4.181345,
            6.864669,
            -1.853069,
            2.0341,
            -2.382388,
            4.768012,
            -3.801508,
            0.645967,
            1.018182,
            -7.583163,
            -4.006596,
            1.177301,
            2.615184,
            -1.50006,
            5.373111,
            2.138028,
            -3.839904,
            -1.470265,
            1.058631,
            -1.540204,
            5.209071,
            1.511451,
            -2.857836,
            4.778444,
            -0.175538,
            1.655529,
            -0.06235,
            -4.309841,
            5.964588,
            -3.293306,
            3.532251,
            -6.336228,
            0.057265,
            3.801546,
            -2.078997,
            1.487039,
            -0.701538,
            2.248633,
            3.858575,
            3.383063,
            3.406678,
            0.296059,
            2.963498,
            -0.055354,
            5.543643,
            -1.606251,
            -1.620552,
            4.99008,
            6.19225,
            1.332324,
            -1.656226,
            7.565094,
            0.215834,
            -0.678951,
            -5.155907,
            -2.840517,
            -1.10577,
            0.930621,
            -1.219525,
            7.399633
        ]
    },
    "image_size": [
        870,
        1918
    ],
    "process_time_in_milliseconds": 834
}
