{
    "props": {
        "face_rect": [
            145,
            666,
            579,
            579
        ],
        "kp_eye_left_inner": [
            367,
            811
        ],
        "kp_eye_left_outer": [
            267,
            811
        ],
        "kp_eye_right_inner": [
            501,
            806
        ],
        "kp_eye_right_outer": [
            610,
            797
        ],
        "kp_mouth_left": [
            539,
            1059
        ],
        "kp_mouth_right": [
            339,
            1064
        ],
        "kp_nose_tip": [
            434,
            925
        ],
        "kp_under_lip_bottom": [
            439,
            1102
        ],
        "kp_upper_lip_top": [
            434,
            1030
        ],
        "features": [
            2.024742,
            3.634753,
            6.022573,
            -5.02224,
            4.048258,
            1.519022,
            -5.464095,
            1.852442,
            -0.917128,
            4.804823,
            -6.361369,
            -8.102629,
            -3.428699,
            7.185808,
            5.052086,
            -11.352095,
            -6.315155,
            4.347559,
            3.302522,
            1.012244,
            -1.147445,
            2.64724,
            -11.409486,
            -7.99066,
            5.584295,
            1.260955,
            -1.116403,
            -0.816819,
            7.279016,
            1.844396,
            0.706366,
            2.103324,
            -3.299598,
            -3.054624,
            -1.40714,
            3.123133,
            2.929695,
            3.078402,
            0.615485,
            2.948686,
            -3.120411,
            -6.680679,
            -9.332479,
            3.392672,
            5.760659,
            6.467103,
            4.751381,
            4.831242,
            -7.056866,
            -3.744093,
            6.34856,
            -0.096061,
            1.783213,
            -1.188079,
            0.300173,
            3.856686,
            -5.092684,
            1.200715,
            -1.574359,
            1.632506
        ]
    },
    "image_size": [
        870,
        1918
    ],
    "process_time_in_milliseconds": 801
}
