{
    "props": {
        "face_rect": [
            -11,
            745,
            580,
            580
        ],
        "kp_eye_left_inner": [
            212,
            898
        ],
        "kp_eye_left_outer": [
            148,
            903
        ],
        "kp_eye_right_inner": [
            345,
            893
        ],
        "kp_eye_right_outer": [
            464,
            888
        ],
        "kp_mouth_left": [
            380,
            1140
        ],
        "kp_mouth_right": [
            197,
            1140
        ],
        "kp_nose_tip": [
            237,
            987
        ],
        "kp_under_lip_bottom": [
            261,
            1175
        ],
        "kp_upper_lip_top": [
            251,
            1120
        ],
        "features": [
            7.817359,
            10.468981,
            -0.940161,
            4.438158,
            3.059057,
            5.938681,
            0.070627,
            -0.110337,
            2.936377,
            -3.7991,
            -4.38326,
            -0.432674,
            3.326116,
            0.834127,
            5.754152,
            -3.579607,
            -0.434389,
            -0.955854,
            4.698643,
            1.675157,
            4.090961,
            1.1994,
            -2.448651,
            6.383459,
            -3.588182,
            -0.02796,
            -2.458789,
            -0.923472,
            4.374063,
            -5.838499,
            -1.91731,
            0.299269,
            2.275387,
            4.467382,
            -1.341229,
            -0.515043,
            -0.675733,
            0.714018,
            1.467398,
            0.377568,
            4.639184,
            -3.28738,
            7.005072,
            -0.809637,
            2.724322,
            -3.089572,
            -5.54843,
            -1.762034,
            3.398092,
            1.223988,
            -0.264674,
            6.227688,
            -3.745244,
            3.619218,
            0.856091,
            -5.027956,
            -3.772505,
            2.695812,
            -2.111563,
            4.976714
        ]
    },
    "image_size": [
        870,
        1918
    ],
    "process_time_in_milliseconds": 823
}
