{
    "props": {
        "face_rect": [
            260,
            591,
            383,
            383
        ],
        "kp_eye_left_inner": [
            387,
            673
        ],
        "kp_eye_left_outer": [
            309,
            687
        ],
        "kp_eye_right_inner": [
            516,
            664
        ],
        "kp_eye_right_outer": [
            594,
            673
        ],
        "kp_mouth_left": [
            557,
            839
        ],
        "kp_mouth_right": [
            355,
            839
        ],
        "kp_nose_tip": [
            460,
            659
        ],
        "kp_under_lip_bottom": [
            451,
            834
        ],
        "kp_upper_lip_top": [
            456,
            774
        ],
        "features": [
            2.721913,
            5.562995,
            6.153278,
            -1.735877,
            3.635308,
            0.960654,
            -3.574464,
            1.412938,
            2.39322,
            5.860002,
            -11.25593,
            -6.42126,
            -1.867155,
            3.906208,
            3.279547,
            -9.592347,
            -5.416745,
            2.336384,
            3.822227,
            0.409654,
            -4.151292,
            4.887989,
            -8.323113,
            -7.966695,
            5.006359,
            5.80251,
            1.040046,
            -0.542492,
            6.961316,
            -1.132477,
            1.370095,
            3.991454,
            1.590747,
            -0.016418,
            -2.327877,
            1.235491,
            2.038617,
            5.157829,
            -3.325828,
            5.903567,
            1.971192,
            -1.171963,
            -5.934292,
            0.042291,
            6.259265,
            8.025794,
            2.397043,
            0.271072,
            -4.14707,
            -3.564204,
            3.75878,
            -4.653614,
            -0.096228,
            0.060602,
            -3.61793,
            2.108882,
            -0.911067,
            0.431184,
            0.905751,
            5.231847
        ]
    },
    "image_size": [
        870,
        1918
    ],
    "process_time_in_milliseconds": 758
}
