{
    "props": {
        "face_rect": [
            166,
            665,
            514,
            514
        ],
        "kp_eye_left_inner": [
            355,
            805
        ],
        "kp_eye_left_outer": [
            248,
            810
        ],
        "kp_eye_right_inner": [
            490,
            799
        ],
        "kp_eye_right_outer": [
            591,
            810
        ],
        "kp_mouth_left": [
            541,
            1029
        ],
        "kp_mouth_right": [
            327,
            1029
        ],
        "kp_nose_tip": [
            423,
            838
        ],
        "kp_under_lip_bottom": [
            434,
            1052
        ],
        "kp_upper_lip_top": [
            428,
            979
        ],
        "features": [
            1.237796,
            5.62607,
            -3.612111,
            5.459019,
            -2.504581,
            6.263709,
            1.743629,
            -0.774282,
            3.025823,
            -8.12695,
            -1.14732,
            -1.315339,
            1.842242,
            -2.042451,
            1.857129,
            -0.328675,
            -1.891706,
            0.394929,
            -1.199886,
            -0.245158,
            2.846576,
            4.462334,
            -3.204091,
            4.294056,
            -4.004159,
            2.295475,
            -1.532543,
            -0.869142,
            5.30346,
            -7.035184,
            1.553292,
            -4.11577,
            3.444708,
            0.84284,
            0.81135,
            0.295826,
            0.734509,
            1.649125,
            1.074533,
            -0.942887,
            1.947812,
            1.313387,
            3.224658,
            -0.984083,
            4.240167,
            -4.862747,
            -2.99346,
            1.31045,
            8.814419,
            -0.071254,
            -3.531842,
            4.909946,
            0.9324,
            2.192989,
            -0.610695,
            -2.799654,
            -0.578447,
            2.63539,
            1.373449,
            2.657805
        ]
    },
    "image_size": [
        870,
        1918
    ],
    "process_time_in_milliseconds": 746
}
