{
    "props": {
        "face_rect": [
            147,
            636,
            540,
            540
        ],
        "kp_eye_left_inner": [
            356,
            773
        ],
        "kp_eye_left_outer": [
            254,
            777
        ],
        "kp_eye_right_inner": [
            486,
            768
        ],
        "kp_eye_right_outer": [
            587,
            763
        ],
        "kp_mouth_left": [
            518,
            1013
        ],
        "kp_mouth_right": [
            319,
            1022
        ],
        "kp_nose_tip": [
            412,
            860
        ],
        "kp_under_lip_bottom": [
            416,
            1045
        ],
        "kp_upper_lip_top": [
            421,
            976
        ],
        "features": [
            2.068523,
            4.190013,
            6.533812,
            -5.994314,
            4.709776,
            1.057546,
            -5.025198,
            2.251546,
            -0.165543,
            6.270592,
            -8.240893,
            -8.517665,
            -3.934557,
            7.182268,
            4.991572,
            -12.031347,
            -5.708694,
            4.585888,
            4.311798,
            -0.274795,
            -2.527145,
            2.950076,
            -10.446246,
            -7.815121,
            6.888937,
            2.854539,
            -1.385315,
            -0.239866,
            6.696805,
            1.514586,
            -0.405521,
            3.605478,
            -2.192235,
            -3.384492,
            -1.805895,
            3.500959,
            3.233884,
            4.00793,
            -1.086508,
            3.456629,
            -2.839349,
            -6.350929,
            -8.784826,
            2.41318,
            4.763836,
            7.939643,
            4.34834,
            4.126277,
            -7.516954,
            -3.432356,
            5.502088,
            -1.64141,
            1.677796,
            -0.158072,
            0.755538,
            2.847978,
            -4.149284,
            0.972694,
            -2.191702,
            2.201205
        ]
    },
    "image_size": [
        870,
        1918
    ],
    "process_time_in_milliseconds": 743
}
