{
    "props": {
        "face_rect": [
            181,
            640,
            489,
            489
        ],
        "kp_eye_left_inner": [
            359,
            716
        ],
        "kp_eye_left_outer": [
            256,
            792
        ],
        "kp_eye_right_inner": [
            501,
            770
        ],
        "kp_eye_right_outer": [
            588,
            786
        ],
        "kp_mouth_left": [
            539,
            988
        ],
        "kp_mouth_right": [
            321,
            988
        ],
        "kp_nose_tip": [
            424,
            776
        ],
        "kp_under_lip_bottom": [
            435,
            993
        ],
        "kp_upper_lip_top": [
            430,
            928
        ],
        "features": [
            2.365336,
            7.030102,
            -0.976765,
            3.105095,
            -1.835975,
            4.413634,
            -3.123286,
            0.416176,
            3.542538,
            -6.539268,
            -3.446897,
            -0.291534,
            2.154314,
            -1.160612,
            3.713836,
            -0.154483,
            -2.98953,
            -1.943893,
            1.492785,
            -1.531843,
            3.623637,
            3.936313,
            -4.142369,
            4.287718,
            -0.771011,
            1.678132,
            -0.310501,
            -2.162613,
            5.890225,
            -4.197098,
            1.972767,
            -4.762758,
            0.109365,
            4.190436,
            0.16516,
            2.57238,
            0.606342,
            0.416107,
            5.203735,
            1.592935,
            2.118893,
            -0.266453,
            3.890332,
            0.290896,
            5.944633,
            -2.951922,
            -2.715333,
            2.767116,
            7.271502,
            0.563558,
            -1.141792,
            5.734839,
            0.857715,
            0.736098,
            -4.451159,
            -1.6206,
            -0.849777,
            0.696573,
            1.537787,
            4.5345
        ]
    },
    "image_size": [
        870,
        1918
    ],
    "process_time_in_milliseconds": 756
}
