{
    "props": {
        "face_rect": [
            320,
            634,
            525,
            525
        ],
        "kp_eye_left_inner": [
            514,
            761
        ],
        "kp_eye_left_outer": [
            404,
            751
        ],
        "kp_eye_right_inner": [
            645,
            771
        ],
        "kp_eye_right_outer": [
            711,
            781
        ],
        "kp_mouth_left": [
            670,
            1012
        ],
        "kp_mouth_right": [
            479,
            1007
        ],
        "kp_nose_tip": [
            620,
            851
        ],
        "kp_under_lip_bottom": [
            590,
            1032
        ],
        "kp_upper_lip_top": [
            600,
            967
        ],
        "features": [
            3.262815,
            5.901883,
            7.587708,
            -5.629884,
            5.472592,
            -0.375355,
            -6.597116,
            0.56141,
            1.408433,
            5.187789,
            -8.59452,
            -7.710896,
            -2.472961,
            7.291183,
            4.503361,
            -10.296005,
            -6.655324,
            3.297273,
            5.109252,
            1.374001,
            -2.791903,
            2.484115,
            -10.366122,
            -8.968266,
            7.249007,
            2.936928,
            0.115304,
            -0.053481,
            7.056172,
            3.527221,
            -1.022934,
            3.652609,
            -0.697391,
            -1.383735,
            -1.648937,
            3.823532,
            2.968452,
            3.434277,
            -0.075792,
            4.249538,
            0.098554,
            -5.097099,
            -9.88396,
            2.580975,
            5.285099,
            10.818993,
            3.692295,
            3.366823,
            -7.064181,
            -4.487964,
            5.693949,
            -1.668934,
            0.617475,
            -0.209231,
            -0.474351,
            3.451941,
            -2.679412,
            -1.971653,
            -1.47742,
            2.764582
        ]
    },
    "image_size": [
        870,
        1918
    ],
    "process_time_in_milliseconds": 736
}
