{
    "props": {
        "face_rect": [
            259,
            576,
            386,
            386
        ],
        "kp_eye_left_inner": [
            389,
            675
        ],
        "kp_eye_left_outer": [
            311,
            685
        ],
        "kp_eye_right_inner": [
            513,
            666
        ],
        "kp_eye_right_outer": [
            591,
            675
        ],
        "kp_mouth_left": [
            554,
            836
        ],
        "kp_mouth_right": [
            357,
            841
        ],
        "kp_nose_tip": [
            453,
            666
        ],
        "kp_under_lip_bottom": [
            453,
            841
        ],
        "kp_upper_lip_top": [
            458,
            776
        ],
        "features": [
            3.214464,
            5.69718,
            6.422125,
            -2.236519,
            4.05378,
            0.886857,
            -3.782621,
            1.354014,
            2.02012,
            6.04506,
            -11.064498,
            -6.633394,
            -1.672594,
            3.875838,
            3.681731,
            -9.630324,
            -5.142944,
            2.821371,
            3.801216,
            0.63283,
            -3.901078,
            4.177624,
            -8.013441,
            -8.102365,
            4.730775,
            5.70298,
            0.540899,
            -0.404991,
            6.397735,
            -1.00878,
            1.752548,
            4.481631,
            1.700898,
            -0.082229,
            -3.261338,
            1.002957,
            2.092979,
            5.662907,
            -3.581841,
            5.749539,
            2.234618,
            -1.006001,
            -6.047963,
            -0.07048,
            6.076391,
            8.293895,
            2.382826,
            0.64831,
            -4.008851,
            -3.569657,
            4.46859,
            -4.190228,
            0.001773,
            -0.092608,
            -3.557163,
            2.135732,
            -1.029393,
            0.237354,
            0.965705,
            5.341138
        ]
    },
    "image_size": [
        870,
        1918
    ],
    "process_time_in_milliseconds": 779
}
