{
    "props": {
        "face_rect": [
            -9,
            749,
            571,
            571
        ],
        "kp_eye_left_inner": [
            208,
            902
        ],
        "kp_eye_left_outer": [
            149,
            902
        ],
        "kp_eye_right_inner": [
            342,
            892
        ],
        "kp_eye_right_outer": [
            462,
            887
        ],
        "kp_mouth_left": [
            377,
            1141
        ],
        "kp_mouth_right": [
            193,
            1141
        ],
        "kp_nose_tip": [
            238,
            987
        ],
        "kp_under_lip_bottom": [
            263,
            1171
        ],
        "kp_upper_lip_top": [
            253,
            1121
        ],
        "features": [
            7.716703,
            10.383976,
            -1.114083,
            4.194839,
            2.752636,
            6.002454,
            -0.05968,
            -0.007268,
            2.658395,
            -3.540897,
            -4.82402,
            -0.819755,
            3.343857,
            0.497844,
            5.233202,
            -3.036671,
            -0.396264,
            -1.065299,
            4.417896,
            1.658418,
            4.103511,
            1.084251,
            -2.30885,
            6.014401,
            -3.494043,
            0.202806,
            -2.683272,
            -0.948944,
            4.260582,
            -5.824829,
            -1.791814,
            0.293858,
            2.357165,
            4.587244,
            -1.178445,
            -0.553316,
            -0.653776,
            0.393231,
            1.713134,
            0.555833,
            4.695455,
            -3.295824,
            6.860921,
            -0.570216,
            2.964456,
            -2.939818,
            -5.740612,
            -1.692534,
            3.432012,
            0.927837,
            -0.581217,
            5.654199,
            -3.714253,
            3.218098,
            0.523778,
            -4.830761,
            -3.653685,
            2.41554,
            -2.100736,
            5.152111
        ]
    },
    "image_size": [
        870,
        1918
    ],
    "process_time_in_milliseconds": 782
}
