{
    "props": {
        "face_rect": [
            343,
            641,
            508,
            508
        ],
        "kp_eye_left_inner": [
            536,
            759
        ],
        "kp_eye_left_outer": [
            426,
            743
        ],
        "kp_eye_right_inner": [
            658,
            774
        ],
        "kp_eye_right_outer": [
            726,
            785
        ],
        "kp_mouth_left": [
            668,
            1006
        ],
        "kp_mouth_right": [
            489,
            1006
        ],
        "kp_nose_tip": [
            642,
            853
        ],
        "kp_under_lip_bottom": [
            600,
            1032
        ],
        "kp_upper_lip_top": [
            610,
            959
        ],
        "features": [
            2.575233,
            5.243671,
            7.519656,
            -5.764405,
            5.732069,
            0.20278,
            -6.413533,
            0.989396,
            1.72194,
            5.682118,
            -9.651628,
            -8.161451,
            -2.954541,
            6.662568,
            5.050175,
            -10.976949,
            -7.143757,
            3.599767,
            4.710131,
            1.324993,
            -2.467957,
            2.990069,
            -9.960279,
            -8.345372,
            7.494487,
            2.755791,
            -0.024824,
            0.278339,
            6.739186,
            2.711383,
            -0.80828,
            4.038465,
            -1.031832,
            -0.832741,
            -1.494729,
            3.860638,
            2.985589,
            3.278755,
            -0.330569,
            4.401782,
            -0.175421,
            -5.379257,
            -9.427346,
            2.892749,
            5.469668,
            10.072207,
            3.882493,
            3.337455,
            -7.739599,
            -5.297925,
            5.741688,
            -2.294603,
            0.342974,
            -0.227893,
            -0.305535,
            4.066369,
            -3.722295,
            -1.161269,
            -1.012454,
            2.278098
        ]
    },
    "image_size": [
        870,
        1918
    ],
    "process_time_in_milliseconds": 753
}
