{
    "props": {
        "face_rect": [
            167,
            628,
            543,
            543
        ],
        "kp_eye_left_inner": [
            382,
            765
        ],
        "kp_eye_left_outer": [
            279,
            765
        ],
        "kp_eye_right_inner": [
            508,
            760
        ],
        "kp_eye_right_outer": [
            606,
            760
        ],
        "kp_mouth_left": [
            541,
            1012
        ],
        "kp_mouth_right": [
            335,
            1012
        ],
        "kp_nose_tip": [
            438,
            853
        ],
        "kp_under_lip_bottom": [
            433,
            1040
        ],
        "kp_upper_lip_top": [
            443,
            970
        ],
        "features": [
            2.650106,
            4.047422,
            7.197481,
            -5.525524,
            4.823287,
            1.620415,
            -5.388906,
            1.542515,
            0.247328,
            5.87465,
            -8.208175,
            -8.127137,
            -3.857713,
            7.054854,
            5.666869,
            -11.521989,
            -5.818709,
            3.979237,
            5.141787,
            -0.115005,
            -2.44577,
            3.573537,
            -9.969773,
            -6.728587,
            7.189502,
            2.796568,
            -0.855158,
            -0.369643,
            6.779418,
            2.033225,
            -0.717142,
            2.99964,
            -1.999066,
            -2.421058,
            -2.483978,
            3.846222,
            2.886771,
            4.381028,
            -0.613676,
            3.802569,
            -2.683748,
            -6.015581,
            -8.184849,
            2.932764,
            5.254557,
            8.824259,
            4.754381,
            4.47317,
            -7.151417,
            -3.484451,
            5.179333,
            -0.930334,
            1.083023,
            -0.271669,
            1.029365,
            3.112467,
            -4.184982,
            1.007927,
            -2.062848,
            2.548665
        ]
    },
    "image_size": [
        870,
        1918
    ],
    "process_time_in_milliseconds": 764
}
