{
    "props": {
        "face_rect": [
            160,
            520,
            467,
            467
        ],
        "kp_eye_left_inner": [
            360,
            640
        ],
        "kp_eye_left_outer": [
            294,
            611
        ],
        "kp_eye_right_inner": [
            451,
            669
        ],
        "kp_eye_right_outer": [
            521,
            691
        ],
        "kp_mouth_left": [
            411,
            852
        ],
        "kp_mouth_right": [
            284,
            808
        ],
        "kp_nose_tip": [
            364,
            746
        ],
        "kp_under_lip_bottom": [
            335,
            855
        ],
        "kp_upper_lip_top": [
            346,
            815
        ],
        "features": [
            -0.842217,
            7.822366,
            -2.360895,
            -2.130023,
            2.245836,
            -5.05103,
            0.416083,
            2.927233,
            9.647179,
            -8.123813,
            4.983643,
            -3.465183,
            7.00058,
            -4.804141,
            3.937813,
            -3.416423,
            -0.569575,
            7.932774,
            -7.485426,
            4.210398,
            5.385496,
            -7.567529,
            7.160055,
            0.786309,
            0.445799,
            1.918728,
            -8.344792,
            1.974717,
            -0.425812,
            -5.001684,
            -0.413382,
            3.037113,
            -2.149586,
            0.562313,
            -3.12596,
            5.550019,
            0.356897,
            -0.264861,
            -1.233022,
            -5.875268,
            -1.068849,
            -1.077986,
            -1.825197,
            -1.557966,
            6.288753,
            -4.72964,
            -2.258536,
            -1.33594,
            1.777262,
            0.022901,
            1.773466,
            10.826166,
            2.980518,
            4.150045,
            1.445541,
            -3.99041,
            -1.561895,
            0.724813,
            -1.365367,
            -0.059047
        ]
    },
    "image_size": [
        720,
        1280
    ],
    "process_time_in_milliseconds": 1379
}
