{
    "props": {
        "face_rect": [
            121,
            772,
            592,
            592
        ],
        "kp_eye_left_inner": [
            343,
            919
        ],
        "kp_eye_left_outer": [
            237,
            919
        ],
        "kp_eye_right_inner": [
            480,
            919
        ],
        "kp_eye_right_outer": [
            586,
            915
        ],
        "kp_mouth_left": [
            523,
            1162
        ],
        "kp_mouth_right": [
            329,
            1172
        ],
        "kp_nose_tip": [
            416,
            1046
        ],
        "kp_under_lip_bottom": [
            431,
            1201
        ],
        "kp_upper_lip_top": [
            426,
            1148
        ],
        "features": [
            5.31314,
            7.344295,
            -0.880613,
            4.456263,
            -0.288889,
            7.635057,
            0.323727,
            0.627243,
            4.651698,
            -6.85604,
            0.006459,
            -2.759017,
            2.004811,
            -4.518713,
            8.799081,
            -3.97166,
            0.680017,
            -0.07334,
            3.370643,
            1.836154,
            3.392503,
            3.591312,
            0.885418,
            5.77828,
            -5.258045,
            0.240888,
            -6.298128,
            -0.878923,
            7.262433,
            -8.735963,
            0.11001,
            -4.417244,
            -1.416837,
            4.843041,
            -3.432546,
            -0.479885,
            0.019936,
            4.108603,
            -0.256013,
            -1.19871,
            -1.115676,
            -2.743006,
            7.69262,
            -0.541599,
            5.46181,
            -7.104338,
            -4.377392,
            -0.783635,
            5.907901,
            0.62467,
            -0.250024,
            6.633809,
            -5.090899,
            2.877544,
            1.777572,
            -5.05213,
            -2.067526,
            4.118798,
            -1.699339,
            3.448051
        ]
    },
    "image_size": [
        870,
        1918
    ],
    "process_time_in_milliseconds": 747
}
