{
    "props": {
        "face_rect": [
            158,
            685,
            525,
            525
        ],
        "kp_eye_left_inner": [
            348,
            820
        ],
        "kp_eye_left_outer": [
            253,
            842
        ],
        "kp_eye_right_inner": [
            486,
            820
        ],
        "kp_eye_right_outer": [
            581,
            831
        ],
        "kp_mouth_left": [
            533,
            1054
        ],
        "kp_mouth_right": [
            327,
            1064
        ],
        "kp_nose_tip": [
            417,
            873
        ],
        "kp_under_lip_bottom": [
            438,
            1080
        ],
        "kp_upper_lip_top": [
            422,
            1011
        ],
        "features": [
            4.838042,
            7.364818,
            -3.455532,
            4.434075,
            -0.288899,
            7.050371,
            -1.043153,
            2.713395,
            3.251146,
            -8.404612,
            -3.071914,
            -1.984031,
            1.60917,
            -3.499142,
            6.299701,
            -2.014829,
            -2.421678,
            0.072604,
            -0.727968,
            -1.950466,
            5.098022,
            1.610631,
            -1.89064,
            5.059045,
            -3.233662,
            2.063788,
            -3.935622,
            -2.600801,
            5.946576,
            -7.612353,
            1.589813,
            -4.614344,
            -0.45055,
            3.22862,
            -1.322045,
            0.688955,
            0.138986,
            1.953776,
            3.567005,
            0.642694,
            1.658687,
            -1.882352,
            4.258813,
            0.426305,
            5.266877,
            -5.948565,
            -3.276923,
            1.821966,
            6.917022,
            -0.71563,
            -1.881863,
            5.903167,
            0.139004,
            1.077724,
            -2.884665,
            -2.731144,
            -1.07403,
            1.88545,
            -2.798467,
            6.799635
        ]
    },
    "image_size": [
        870,
        1918
    ],
    "process_time_in_milliseconds": 762
}
