{
    "props": {
        "face_rect": [
            91,
            752,
            582,
            582
        ],
        "kp_eye_left_inner": [
            315,
            896
        ],
        "kp_eye_left_outer": [
            215,
            906
        ],
        "kp_eye_right_inner": [
            455,
            891
        ],
        "kp_eye_right_outer": [
            565,
            881
        ],
        "kp_mouth_left": [
            495,
            1136
        ],
        "kp_mouth_right": [
            295,
            1146
        ],
        "kp_nose_tip": [
            365,
            1016
        ],
        "kp_under_lip_bottom": [
            390,
            1181
        ],
        "kp_upper_lip_top": [
            380,
            1121
        ],
        "features": [
            5.896079,
            7.405756,
            -1.875715,
            3.639041,
            0.056882,
            7.320562,
            2.04185,
            0.214229,
            3.516932,
            -7.09167,
            0.388949,
            -2.235035,
            2.058333,
            -4.290266,
            7.923454,
            -3.934439,
            1.600081,
            -0.856023,
            3.391078,
            2.751404,
            4.501958,
            2.680596,
            -0.177689,
            6.115256,
            -5.033296,
            0.354161,
            -6.335382,
            -1.306712,
            6.177214,
            -8.056002,
            -0.092889,
            -4.638648,
            -0.811616,
            5.011281,
            -2.144035,
            0.264677,
            0.227799,
            3.140863,
            0.090425,
            -1.847581,
            -1.442436,
            -2.929336,
            8.249301,
            -1.466128,
            4.101239,
            -7.468085,
            -5.913402,
            0.115241,
            6.999866,
            0.752845,
            -1.356313,
            6.615156,
            -3.429223,
            3.221373,
            2.066665,
            -4.840955,
            -3.053326,
            3.893058,
            -1.71811,
            4.189205
        ]
    },
    "image_size": [
        870,
        1918
    ],
    "process_time_in_milliseconds": 785
}
