{
    "props": {
        "face_rect": [
            170,
            664,
            516,
            516
        ],
        "kp_eye_left_inner": [
            357,
            793
        ],
        "kp_eye_left_outer": [
            252,
            804
        ],
        "kp_eye_right_inner": [
            495,
            793
        ],
        "kp_eye_right_outer": [
            594,
            804
        ],
        "kp_mouth_left": [
            539,
            1020
        ],
        "kp_mouth_right": [
            329,
            1025
        ],
        "kp_nose_tip": [
            429,
            821
        ],
        "kp_under_lip_bottom": [
            440,
            1036
        ],
        "kp_upper_lip_top": [
            434,
            970
        ],
        "features": [
            2.056725,
            5.231301,
            -4.502446,
            5.700061,
            -2.857391,
            4.633671,
            0.176134,
            -1.56154,
            2.441044,
            -9.12318,
            0.292963,
            -0.371425,
            2.509044,
            -3.213007,
            0.961004,
            0.372601,
            -1.948623,
            -0.761139,
            -1.327116,
            -0.543792,
            3.453401,
            2.860668,
            -0.430357,
            4.697538,
            -3.431531,
            1.513073,
            -1.686563,
            -0.589116,
            4.354445,
            -6.282279,
            2.664782,
            -4.288495,
            2.645182,
            1.313624,
            -0.221387,
            1.155538,
            0.458792,
            1.279855,
            -0.797101,
            -1.431334,
            2.444938,
            3.222636,
            4.169734,
            -1.557785,
            5.604299,
            -4.524552,
            -2.544281,
            3.885244,
            9.194675,
            1.898955,
            -2.742096,
            6.831538,
            0.532084,
            2.046206,
            -2.574081,
            -3.798534,
            -1.20467,
            1.114111,
            2.108069,
            5.203794
        ]
    },
    "image_size": [
        870,
        1918
    ],
    "process_time_in_milliseconds": 790
}
