{
    "props": {
        "face_rect": [
            347,
            644,
            513,
            513
        ],
        "kp_eye_left_inner": [
            548,
            764
        ],
        "kp_eye_left_outer": [
            436,
            748
        ],
        "kp_eye_right_inner": [
            665,
            780
        ],
        "kp_eye_right_outer": [
            734,
            791
        ],
        "kp_mouth_left": [
            681,
            1014
        ],
        "kp_mouth_right": [
            500,
            1009
        ],
        "kp_nose_tip": [
            649,
            860
        ],
        "kp_under_lip_bottom": [
            606,
            1036
        ],
        "kp_upper_lip_top": [
            612,
            967
        ],
        "features": [
            2.367021,
            4.526489,
            7.291355,
            -5.371819,
            6.02907,
            0.520001,
            -5.516448,
            0.757059,
            1.064833,
            6.093582,
            -10.509202,
            -8.529175,
            -3.073946,
            6.841583,
            4.509371,
            -10.984047,
            -7.501831,
            3.305877,
            4.95103,
            0.870041,
            -2.131219,
            2.883924,
            -9.62717,
            -7.675125,
            7.522835,
            3.637125,
            0.728581,
            0.086275,
            6.495075,
            2.562933,
            -0.437586,
            4.48894,
            -0.36155,
            -1.488013,
            -1.339168,
            3.511109,
            2.66994,
            3.330828,
            -0.819048,
            4.71192,
            -0.149372,
            -5.445261,
            -8.946578,
            2.844761,
            5.698988,
            9.772686,
            3.516712,
            3.140546,
            -7.764416,
            -4.553453,
            5.439096,
            -2.653693,
            0.780718,
            0.051366,
            -0.382715,
            3.529198,
            -4.007503,
            -0.551301,
            -1.085179,
            2.483064
        ]
    },
    "image_size": [
        870,
        1918
    ],
    "process_time_in_milliseconds": 757
}
