{
    "props": {
        "face_rect": [
            -28,
            595,
            624,
            624
        ],
        "kp_eye_left_inner": [
            236,
            763
        ],
        "kp_eye_left_outer": [
            191,
            763
        ],
        "kp_eye_right_inner": [
            369,
            758
        ],
        "kp_eye_right_outer": [
            481,
            752
        ],
        "kp_mouth_left": [
            369,
            1017
        ],
        "kp_mouth_right": [
            180,
            997
        ],
        "kp_nose_tip": [
            241,
            844
        ],
        "kp_under_lip_bottom": [
            257,
            1038
        ],
        "kp_upper_lip_top": [
            252,
            961
        ],
        "features": [
            3.68316,
            4.038256,
            5.097688,
            -4.742208,
            3.534446,
            0.509951,
            -7.535207,
            0.408435,
            1.172981,
            4.257722,
            -7.48513,
            -4.953826,
            -4.641249,
            5.817997,
            5.631367,
            -10.862095,
            -6.713188,
            5.603662,
            4.440837,
            -0.226294,
            -1.408536,
            3.830641,
            -8.967815,
            -4.657125,
            7.454195,
            0.964844,
            -1.14114,
            -1.498399,
            3.96763,
            2.197397,
            -0.462031,
            0.922836,
            -2.981122,
            -0.375458,
            -2.771859,
            5.581431,
            4.527133,
            2.798769,
            0.323747,
            3.143136,
            -1.115401,
            -4.548376,
            -8.525514,
            2.902236,
            2.793308,
            7.998473,
            6.377161,
            7.258191,
            -5.741681,
            -4.916857,
            5.422107,
            -0.19717,
            0.103724,
            0.28162,
            1.998475,
            3.622646,
            -4.06745,
            1.74297,
            -2.206549,
            2.647803
        ]
    },
    "image_size": [
        870,
        1918
    ],
    "process_time_in_milliseconds": 1022
}
