{
    "props": {
        "face_rect": [
            -1,
            748,
            570,
            570
        ],
        "kp_eye_left_inner": [
            226,
            898
        ],
        "kp_eye_left_outer": [
            161,
            898
        ],
        "kp_eye_right_inner": [
            357,
            888
        ],
        "kp_eye_right_outer": [
            472,
            883
        ],
        "kp_mouth_left": [
            392,
            1139
        ],
        "kp_mouth_right": [
            206,
            1139
        ],
        "kp_nose_tip": [
            251,
            993
        ],
        "kp_under_lip_bottom": [
            281,
            1174
        ],
        "kp_upper_lip_top": [
            266,
            1114
        ],
        "features": [
            7.848689,
            10.04815,
            -0.729823,
            4.594168,
            2.564178,
            5.479137,
            -0.22626,
            0.974137,
            1.797352,
            -3.798614,
            -5.024486,
            -0.40123,
            3.17344,
            0.212391,
            5.151441,
            -3.199092,
            0.66696,
            -0.820168,
            4.055402,
            1.195126,
            4.762943,
            0.487732,
            -1.846121,
            6.18246,
            -4.042188,
            0.155963,
            -3.132801,
            -1.631095,
            4.383278,
            -5.971128,
            -1.761909,
            0.017937,
            1.743618,
            4.644867,
            -1.347886,
            -0.179247,
            -0.631529,
            0.807099,
            0.79636,
            0.474916,
            4.413159,
            -2.978968,
            6.394495,
            -1.108271,
            2.959641,
            -3.599552,
            -5.668192,
            -1.095699,
            3.443663,
            1.503039,
            -0.345519,
            5.71937,
            -2.95089,
            2.539528,
            0.350447,
            -4.94045,
            -3.72799,
            3.581574,
            -2.284702,
            5.556119
        ]
    },
    "image_size": [
        870,
        1918
    ],
    "process_time_in_milliseconds": 796
}
