{
    "props": {
        "face_rect": [
            136,
            915,
            531,
            531
        ],
        "kp_eye_left_inner": [
            356,
            1060
        ],
        "kp_eye_left_outer": [
            250,
            1048
        ],
        "kp_eye_right_inner": [
            496,
            1060
        ],
        "kp_eye_right_outer": [
            593,
            1048
        ],
        "kp_mouth_left": [
            526,
            1285
        ],
        "kp_mouth_right": [
            339,
            1294
        ],
        "kp_nose_tip": [
            419,
            1243
        ],
        "kp_under_lip_bottom": [
            436,
            1328
        ],
        "kp_upper_lip_top": [
            428,
            1298
        ],
        "features": [
            3.484824,
            3.888991,
            -0.734275,
            6.006238,
            -1.551372,
            4.215242,
            -4.822476,
            3.194717,
            4.636933,
            -5.184035,
            -3.154822,
            -1.737785,
            1.294313,
            -6.72127,
            8.369136,
            -2.891023,
            -3.319394,
            -3.457308,
            1.869082,
            -1.815634,
            5.755352,
            -2.043805,
            0.434198,
            7.213947,
            -2.146004,
            -1.505294,
            -2.547482,
            -3.300137,
            5.124394,
            -6.228578,
            3.40238,
            -2.424245,
            -3.962263,
            4.57762,
            -4.241068,
            2.220703,
            -1.525115,
            3.270553,
            4.214524,
            3.385612,
            0.388955,
            -6.266558,
            7.717229,
            1.650792,
            7.768431,
            -8.067831,
            -4.299997,
            0.921476,
            3.153361,
            4.661054,
            1.668552,
            5.746194,
            -5.447575,
            0.698024,
            -2.787787,
            -4.117872,
            -2.405632,
            1.997874,
            -1.379125,
            4.317096
        ]
    },
    "image_size": [
        870,
        1918
    ],
    "process_time_in_milliseconds": 777
}
