{
    "props": {
        "face_rect": [
            149,
            635,
            541,
            541
        ],
        "kp_eye_left_inner": [
            363,
            773
        ],
        "kp_eye_left_outer": [
            263,
            778
        ],
        "kp_eye_right_inner": [
            492,
            763
        ],
        "kp_eye_right_outer": [
            592,
            759
        ],
        "kp_mouth_left": [
            525,
            1016
        ],
        "kp_mouth_right": [
            320,
            1026
        ],
        "kp_nose_tip": [
            406,
            859
        ],
        "kp_under_lip_bottom": [
            420,
            1049
        ],
        "kp_upper_lip_top": [
            416,
            973
        ],
        "features": [
            2.423877,
            4.538594,
            6.568775,
            -5.529069,
            4.611161,
            1.997687,
            -5.252966,
            2.188493,
            0.783888,
            6.07998,
            -8.558432,
            -8.540918,
            -4.676044,
            6.689489,
            5.341798,
            -11.782132,
            -6.256378,
            4.534449,
            4.517607,
            -0.878883,
            -2.324615,
            2.800139,
            -10.611958,
            -7.44701,
            7.132699,
            2.968507,
            -1.326625,
            0.09386,
            6.474583,
            0.78314,
            0.251054,
            3.768875,
            -1.856091,
            -3.395584,
            -2.590765,
            3.57102,
            3.137282,
            4.471264,
            -0.830628,
            3.539453,
            -2.336204,
            -6.067014,
            -8.958834,
            3.035174,
            4.524714,
            7.870948,
            4.590327,
            3.874793,
            -7.438121,
            -3.719042,
            5.777228,
            -2.110847,
            1.606273,
            -0.197365,
            0.632932,
            2.675864,
            -4.034421,
            0.725249,
            -2.235791,
            1.943247
        ]
    },
    "image_size": [
        870,
        1918
    ],
    "process_time_in_milliseconds": 763
}
