{
    "props": {
        "face_rect": [
            198,
            594,
            494,
            494
        ],
        "kp_eye_left_inner": [
            388,
            726
        ],
        "kp_eye_left_outer": [
            287,
            731
        ],
        "kp_eye_right_inner": [
            503,
            721
        ],
        "kp_eye_right_outer": [
            604,
            717
        ],
        "kp_mouth_left": [
            546,
            942
        ],
        "kp_mouth_right": [
            345,
            952
        ],
        "kp_nose_tip": [
            450,
            779
        ],
        "kp_under_lip_bottom": [
            446,
            971
        ],
        "kp_upper_lip_top": [
            446,
            899
        ],
        "features": [
            2.760632,
            5.855822,
            7.263063,
            -6.544127,
            4.743021,
            2.059865,
            -5.852142,
            1.17607,
            1.731552,
            5.853244,
            -9.127246,
            -7.845389,
            -4.696002,
            6.729313,
            6.612264,
            -11.136107,
            -5.55587,
            3.247537,
            6.600816,
            -1.184766,
            -3.327554,
            4.158538,
            -10.055582,
            -6.973146,
            7.794241,
            3.494668,
            -1.210763,
            0.259678,
            7.588223,
            1.613976,
            -0.066183,
            2.92102,
            -2.033233,
            -2.420624,
            -3.127447,
            3.409965,
            3.210765,
            5.237661,
            -0.727104,
            4.096318,
            -1.908312,
            -6.468524,
            -7.781306,
            2.304523,
            4.234425,
            9.197899,
            4.114662,
            4.027803,
            -7.205216,
            -3.165659,
            5.335213,
            -1.946209,
            0.495986,
            0.460577,
            0.251979,
            2.488666,
            -3.410892,
            0.218039,
            -2.263287,
            2.420074
        ]
    },
    "image_size": [
        870,
        1918
    ],
    "process_time_in_milliseconds": 767
}
