{
    "props": {
        "face_rect": [
            133,
            798,
            587,
            587
        ],
        "kp_eye_left_inner": [
            353,
            971
        ],
        "kp_eye_left_outer": [
            243,
            957
        ],
        "kp_eye_right_inner": [
            495,
            962
        ],
        "kp_eye_right_outer": [
            596,
            944
        ],
        "kp_mouth_left": [
            551,
            1219
        ],
        "kp_mouth_right": [
            330,
            1224
        ],
        "kp_nose_tip": [
            431,
            1141
        ],
        "kp_under_lip_bottom": [
            449,
            1306
        ],
        "kp_upper_lip_top": [
            440,
            1224
        ],
        "features": [
            -1.718503,
            2.263527,
            6.40738,
            -3.576704,
            4.529536,
            3.758866,
            -2.48454,
            3.867107,
            0.094412,
            2.681461,
            -9.586233,
            -6.01337,
            -1.948148,
            1.069551,
            3.061409,
            -8.920166,
            -7.746468,
            1.794067,
            -0.440217,
            -1.889779,
            1.616136,
            -0.166702,
            -7.689148,
            -5.200574,
            3.558828,
            0.118531,
            1.69937,
            -1.229855,
            4.207117,
            1.718894,
            0.465854,
            4.134427,
            -2.242565,
            -1.540181,
            0.166868,
            2.166095,
            1.151623,
            1.21506,
            5.170438,
            5.918436,
            -0.450359,
            -11.271247,
            -5.367639,
            3.787956,
            6.338479,
            5.202133,
            0.535666,
            3.723947,
            -4.367223,
            -6.097121,
            3.538671,
            -0.687975,
            2.573721,
            1.407215,
            -2.493856,
            5.028627,
            -6.576415,
            1.592315,
            -0.282798,
            -0.070988
        ]
    },
    "image_size": [
        870,
        1918
    ],
    "process_time_in_milliseconds": 772
}
