{
    "props": {
        "face_rect": [
            41,
            753,
            577,
            577
        ],
        "kp_eye_left_inner": [
            268,
            901
        ],
        "kp_eye_left_outer": [
            182,
            906
        ],
        "kp_eye_right_inner": [
            405,
            891
        ],
        "kp_eye_right_outer": [
            521,
            886
        ],
        "kp_mouth_left": [
            446,
            1139
        ],
        "kp_mouth_right": [
            248,
            1144
        ],
        "kp_nose_tip": [
            304,
            1007
        ],
        "kp_under_lip_bottom": [
            329,
            1184
        ],
        "kp_upper_lip_top": [
            319,
            1119
        ],
        "features": [
            7.759826,
            8.783025,
            -1.691842,
            4.411421,
            0.804206,
            7.454731,
            2.53063,
            0.511293,
            2.460116,
            -7.131239,
            -1.441234,
            -2.083228,
            1.546228,
            -2.243093,
            7.16606,
            -2.526354,
            1.466916,
            0.198182,
            4.255388,
            3.17275,
            4.334829,
            2.231007,
            -0.357102,
            7.037464,
            -4.660376,
            -0.916254,
            -5.901898,
            -1.127873,
            5.744515,
            -7.907712,
            -0.994334,
            -3.608648,
            0.691641,
            6.146931,
            -2.377371,
            0.401001,
            0.500235,
            3.11784,
            -1.417136,
            -2.458079,
            1.908312,
            -0.834179,
            7.365085,
            -0.880844,
            3.710328,
            -4.997209,
            -5.282532,
            0.782427,
            5.677973,
            -0.013823,
            -1.176344,
            6.901805,
            -3.305208,
            3.622809,
            2.412889,
            -5.990942,
            -2.843983,
            3.275554,
            -2.720704,
            5.342127
        ]
    },
    "image_size": [
        870,
        1918
    ],
    "process_time_in_milliseconds": 768
}
