{
    "props": {
        "face_rect": [
            262,
            588,
            378,
            378
        ],
        "kp_eye_left_inner": [
            392,
            670
        ],
        "kp_eye_left_outer": [
            309,
            684
        ],
        "kp_eye_right_inner": [
            520,
            665
        ],
        "kp_eye_right_outer": [
            589,
            674
        ],
        "kp_mouth_left": [
            557,
            840
        ],
        "kp_mouth_right": [
            359,
            840
        ],
        "kp_nose_tip": [
            460,
            661
        ],
        "kp_under_lip_bottom": [
            451,
            835
        ],
        "kp_upper_lip_top": [
            456,
            775
        ],
        "features": [
            2.973338,
            5.71187,
            6.00682,
            -1.861678,
            3.967882,
            0.848184,
            -3.455375,
            0.915971,
            2.387559,
            5.656437,
            -11.203843,
            -6.302596,
            -2.117919,
            4.195052,
            3.408546,
            -9.31809,
            -5.333896,
            2.3178,
            4.109848,
            0.199509,
            -3.985802,
            4.841975,
            -8.024168,
            -7.817739,
            5.051793,
            6.176763,
            1.210079,
            -0.667407,
            6.660242,
            -0.748971,
            1.782681,
            3.763255,
            1.635037,
            -0.228205,
            -2.77408,
            1.139894,
            2.207536,
            5.153227,
            -3.262331,
            5.705865,
            2.14551,
            -0.926734,
            -6.0694,
            0.130489,
            5.822556,
            8.332387,
            2.21918,
            0.27357,
            -3.890446,
            -3.341508,
            4.037082,
            -4.587249,
            0.164226,
            0.282856,
            -3.550255,
            1.960589,
            -0.550364,
            0.391798,
            0.796795,
            5.205617
        ]
    },
    "image_size": [
        870,
        1918
    ],
    "process_time_in_milliseconds": 772
}
