{
    "props": {
        "face_rect": [
            119,
            747,
            571,
            571
        ],
        "kp_eye_left_inner": [
            338,
            894
        ],
        "kp_eye_left_outer": [
            230,
            894
        ],
        "kp_eye_right_inner": [
            474,
            885
        ],
        "kp_eye_right_outer": [
            582,
            885
        ],
        "kp_mouth_left": [
            518,
            1129
        ],
        "kp_mouth_right": [
            318,
            1138
        ],
        "kp_nose_tip": [
            396,
            997
        ],
        "kp_under_lip_bottom": [
            416,
            1168
        ],
        "kp_upper_lip_top": [
            406,
            1104
        ],
        "features": [
            5.097276,
            7.063784,
            -2.967884,
            3.974312,
            0.010817,
            8.204423,
            1.144086,
            0.113135,
            3.378012,
            -7.585705,
            0.2938,
            -2.79561,
            1.457329,
            -4.013575,
            8.935535,
            -3.516428,
            0.642071,
            -0.878439,
            2.812608,
            1.488094,
            3.944411,
            3.512739,
            0.748777,
            5.611747,
            -4.708161,
            -0.211564,
            -5.403027,
            -0.919142,
            7.283532,
            -8.264651,
            0.602135,
            -4.586291,
            -1.289807,
            4.476426,
            -3.115954,
            -0.264568,
            -0.545919,
            3.256309,
            -0.225462,
            -2.648564,
            -1.155672,
            -1.584232,
            7.835003,
            0.141611,
            4.397019,
            -6.431305,
            -4.87952,
            0.114113,
            5.982572,
            -0.314654,
            -1.087545,
            6.553986,
            -4.447753,
            3.045028,
            1.40916,
            -4.644777,
            -2.027653,
            2.891659,
            -1.65244,
            4.717702
        ]
    },
    "image_size": [
        870,
        1918
    ],
    "process_time_in_milliseconds": 768
}
