{
    "props": {
        "face_rect": [
            299,
            769,
            573,
            573
        ],
        "kp_eye_left_inner": [
            531,
            899
        ],
        "kp_eye_left_outer": [
            413,
            883
        ],
        "kp_eye_right_inner": [
            669,
            929
        ],
        "kp_eye_right_outer": [
            725,
            924
        ],
        "kp_mouth_left": [
            654,
            1149
        ],
        "kp_mouth_right": [
            490,
            1149
        ],
        "kp_nose_tip": [
            633,
            1027
        ],
        "kp_under_lip_bottom": [
            587,
            1201
        ],
        "kp_upper_lip_top": [
            597,
            1134
        ],
        "features": [
            6.465427,
            7.437215,
            -1.979794,
            4.690715,
            -0.14243,
            8.737711,
            2.635887,
            -0.396709,
            5.84752,
            -7.531195,
            -0.377968,
            -1.821889,
            1.404365,
            -4.380747,
            6.057279,
            -1.32985,
            -1.213718,
            -2.323685,
            1.776547,
            2.545077,
            3.239115,
            0.779289,
            -1.429762,
            6.686548,
            -4.661984,
            -1.175243,
            -5.039402,
            -0.242896,
            5.714106,
            -7.978253,
            1.202836,
            -4.787132,
            -1.320546,
            3.403778,
            -0.718968,
            0.200229,
            0.880304,
            2.158788,
            -0.168615,
            -0.83729,
            1.011475,
            -2.320995,
            6.151186,
            0.212622,
            3.687893,
            -5.403907,
            -3.52964,
            -1.548533,
            5.07276,
            -0.51677,
            -0.467532,
            5.29789,
            -3.23048,
            1.797071,
            -0.612021,
            -3.760802,
            -3.325279,
            2.894173,
            -2.7337,
            5.091211
        ]
    },
    "image_size": [
        870,
        1918
    ],
    "process_time_in_milliseconds": 768
}
