{
    "props": {
        "face_rect": [
            127,
            876,
            571,
            571
        ],
        "kp_eye_left_inner": [
            349,
            1037
        ],
        "kp_eye_left_outer": [
            247,
            1023
        ],
        "kp_eye_right_inner": [
            494,
            1037
        ],
        "kp_eye_right_outer": [
            591,
            1023
        ],
        "kp_mouth_left": [
            531,
            1265
        ],
        "kp_mouth_right": [
            340,
            1275
        ],
        "kp_nose_tip": [
            428,
            1223
        ],
        "kp_under_lip_bottom": [
            438,
            1312
        ],
        "kp_upper_lip_top": [
            433,
            1279
        ],
        "features": [
            3.019428,
            4.332993,
            -1.301748,
            4.473071,
            -1.232601,
            5.481564,
            -3.49477,
            0.871843,
            5.504056,
            -5.449225,
            -2.83585,
            -2.266634,
            1.362656,
            -6.211248,
            8.287444,
            -2.446053,
            -3.256309,
            -3.329291,
            2.207203,
            -0.102932,
            5.430929,
            0.529805,
            1.218981,
            8.011883,
            -1.436508,
            -0.480051,
            -3.269338,
            -2.05424,
            5.656053,
            -6.598829,
            3.301349,
            -3.598845,
            -3.37861,
            4.707074,
            -3.560288,
            1.474578,
            -0.846184,
            2.436095,
            3.759696,
            2.317835,
            -0.769031,
            -5.860393,
            8.369155,
            2.300822,
            8.270682,
            -7.886065,
            -3.942469,
            0.752537,
            3.444016,
            3.661875,
            0.599555,
            6.319834,
            -5.413289,
            1.239976,
            -1.635393,
            -3.549878,
            -3.693397,
            2.766007,
            -0.704864,
            3.062239
        ]
    },
    "image_size": [
        870,
        1918
    ],
    "process_time_in_milliseconds": 846
}
