{
    "props": {
        "face_rect": [
            221,
            507,
            381,
            381
        ],
        "kp_eye_left_inner": [
            381,
            608
        ],
        "kp_eye_left_outer": [
            306,
            614
        ],
        "kp_eye_right_inner": [
            464,
            602
        ],
        "kp_eye_right_outer": [
            521,
            596
        ],
        "kp_mouth_left": [
            500,
            763
        ],
        "kp_mouth_right": [
            390,
            784
        ],
        "kp_nose_tip": [
            461,
            677
        ],
        "kp_under_lip_bottom": [
            461,
            793
        ],
        "kp_upper_lip_top": [
            458,
            751
        ],
        "features": [
            2.196138,
            7.705028,
            -1.4605,
            -3.35339,
            4.030423,
            -2.465335,
            -0.967983,
            3.985661,
            4.658319,
            -8.091464,
            4.046889,
            -3.76273,
            6.416762,
            -2.7462,
            5.430671,
            -3.680234,
            -1.167827,
            7.377319,
            -6.351251,
            3.309757,
            6.069753,
            -6.330747,
            6.972528,
            1.919373,
            -1.009897,
            -2.033486,
            -9.286329,
            2.508713,
            -0.442214,
            -4.86315,
            -0.329106,
            1.074352,
            -3.658176,
            1.669982,
            -4.066651,
            2.895049,
            1.711077,
            -0.41318,
            -1.846408,
            -4.829089,
            -0.903566,
            -0.580093,
            0.625352,
            -0.47487,
            6.358468,
            -3.788707,
            -1.858737,
            1.060808,
            1.920912,
            -0.601625,
            4.411836,
            13.360921,
            2.178806,
            3.405663,
            0.694678,
            -4.197359,
            -3.261678,
            -0.661299,
            -2.685125,
            1.694598
        ]
    },
    "image_size": [
        720,
        1280
    ],
    "process_time_in_milliseconds": 1302
}
