{
    "props": {
        "face_rect": [
            164,
            625,
            564,
            564
        ],
        "kp_eye_left_inner": [
            381,
            771
        ],
        "kp_eye_left_outer": [
            279,
            771
        ],
        "kp_eye_right_inner": [
            516,
            761
        ],
        "kp_eye_right_outer": [
            613,
            757
        ],
        "kp_mouth_left": [
            558,
            1012
        ],
        "kp_mouth_right": [
            344,
            1017
        ],
        "kp_nose_tip": [
            446,
            859
        ],
        "kp_under_lip_bottom": [
            451,
            1054
        ],
        "kp_upper_lip_top": [
            446,
            979
        ],
        "features": [
            3.295461,
            4.754138,
            5.856204,
            -5.644748,
            3.947574,
            1.313914,
            -4.672564,
            2.042411,
            -0.26928,
            5.302357,
            -7.378739,
            -7.914548,
            -5.327228,
            7.87861,
            4.99528,
            -11.554994,
            -5.358814,
            4.504395,
            4.263889,
            -0.098809,
            -2.629947,
            3.749848,
            -10.815236,
            -7.189366,
            8.147475,
            2.68676,
            -1.968727,
            0.103029,
            6.906389,
            1.15419,
            -0.171683,
            2.722057,
            -2.073658,
            -3.178873,
            -2.509955,
            3.82106,
            2.61444,
            4.412203,
            -0.354848,
            2.94795,
            -3.195358,
            -7.059019,
            -9.632832,
            2.952828,
            4.23549,
            8.125263,
            4.865793,
            5.41186,
            -7.910476,
            -2.360401,
            5.014327,
            -0.057265,
            2.386839,
            0.753438,
            1.978842,
            2.459096,
            -4.893798,
            0.68632,
            -2.795009,
            1.852646
        ]
    },
    "image_size": [
        870,
        1918
    ],
    "process_time_in_milliseconds": 992
}
