{
    "props": {
        "face_rect": [
            115,
            612,
            569,
            569
        ],
        "kp_eye_left_inner": [
            349,
            760
        ],
        "kp_eye_left_outer": [
            255,
            765
        ],
        "kp_eye_right_inner": [
            477,
            756
        ],
        "kp_eye_right_outer": [
            585,
            751
        ],
        "kp_mouth_left": [
            500,
            1010
        ],
        "kp_mouth_right": [
            298,
            1010
        ],
        "kp_nose_tip": [
            387,
            845
        ],
        "kp_under_lip_bottom": [
            392,
            1043
        ],
        "kp_upper_lip_top": [
            392,
            968
        ],
        "features": [
            1.916111,
            5.654418,
            6.454763,
            -5.582263,
            4.596735,
            1.68608,
            -5.467654,
            2.047463,
            1.270675,
            4.909167,
            -8.360721,
            -8.0138,
            -5.083125,
            7.694098,
            4.938107,
            -11.113585,
            -6.076272,
            3.815685,
            4.229281,
            -1.267072,
            -2.226701,
            3.902206,
            -10.599277,
            -6.426619,
            8.027695,
            3.155016,
            -1.272405,
            0.725996,
            6.903489,
            0.831537,
            -0.543971,
            3.534151,
            -1.603256,
            -2.573728,
            -1.774184,
            4.574704,
            3.379134,
            3.619153,
            -0.626532,
            2.481701,
            -2.36724,
            -5.500016,
            -9.34164,
            3.324669,
            4.368541,
            8.504016,
            4.660431,
            4.1321,
            -7.461092,
            -3.762316,
            5.021757,
            -1.395973,
            2.169261,
            0.405567,
            0.729051,
            2.289712,
            -4.251029,
            0.7136,
            -1.753864,
            1.664073
        ]
    },
    "image_size": [
        870,
        1918
    ],
    "process_time_in_milliseconds": 1216
}
