{
    "props": {
        "face_rect": [
            189,
            640,
            550,
            550
        ],
        "kp_eye_left_inner": [
            400,
            777
        ],
        "kp_eye_left_outer": [
            300,
            777
        ],
        "kp_eye_right_inner": [
            533,
            772
        ],
        "kp_eye_right_outer": [
            633,
            772
        ],
        "kp_mouth_left": [
            562,
            1030
        ],
        "kp_mouth_right": [
            357,
            1030
        ],
        "kp_nose_tip": [
            467,
            872
        ],
        "kp_under_lip_bottom": [
            462,
            1058
        ],
        "kp_upper_lip_top": [
            467,
            987
        ],
        "features": [
            2.849468,
            4.154448,
            6.730437,
            -5.894088,
            4.695201,
            1.535233,
            -5.224368,
            1.470408,
            0.333493,
            6.023798,
            -7.95399,
            -8.409288,
            -4.479037,
            6.983284,
            5.273609,
            -11.438743,
            -5.94766,
            4.55807,
            4.713544,
            0.334054,
            -2.516082,
            3.123972,
            -10.16532,
            -7.314715,
            7.344885,
            2.512176,
            -1.180353,
            0.164944,
            6.688439,
            1.605248,
            0.068139,
            3.020754,
            -2.006692,
            -2.895141,
            -2.461053,
            3.772081,
            3.223726,
            4.637304,
            -1.198421,
            3.502079,
            -2.63157,
            -5.681503,
            -8.969698,
            2.963398,
            4.97575,
            8.670617,
            4.889931,
            4.60759,
            -7.264717,
            -3.428402,
            5.892346,
            -1.00722,
            1.344663,
            -0.152861,
            1.009434,
            3.012945,
            -4.279315,
            0.405821,
            -2.060748,
            2.218114
        ]
    },
    "image_size": [
        870,
        1918
    ],
    "process_time_in_milliseconds": 775
}
