{
    "props": {
        "face_rect": [
            217,
            488,
            387,
            387
        ],
        "kp_eye_left_inner": [
            358,
            586
        ],
        "kp_eye_left_outer": [
            287,
            583
        ],
        "kp_eye_right_inner": [
            449,
            586
        ],
        "kp_eye_right_outer": [
            510,
            593
        ],
        "kp_mouth_left": [
            472,
            751
        ],
        "kp_mouth_right": [
            355,
            758
        ],
        "kp_nose_tip": [
            426,
            654
        ],
        "kp_under_lip_bottom": [
            420,
            777
        ],
        "kp_upper_lip_top": [
            423,
            729
        ],
        "features": [
            2.10708,
            8.552564,
            -3.215412,
            -2.454116,
            4.276107,
            -3.109523,
            -0.532946,
            1.296381,
            8.013023,
            -7.450174,
            4.27553,
            -3.615003,
            5.79198,
            -3.544421,
            4.353312,
            -2.742775,
            -0.849081,
            8.595255,
            -7.018135,
            5.432295,
            5.942161,
            -7.764945,
            7.669447,
            2.522988,
            -1.000848,
            0.815704,
            -8.834909,
            3.036889,
            -0.422452,
            -5.482717,
            0.325591,
            2.782861,
            -1.132512,
            1.065328,
            -3.575502,
            3.845928,
            2.22985,
            0.967427,
            -2.473039,
            -5.953133,
            1.153503,
            0.928679,
            -0.852927,
            -0.285236,
            7.129408,
            -3.703845,
            -1.093046,
            -0.359597,
            2.824688,
            -1.073974,
            3.522389,
            11.262039,
            1.948461,
            4.584568,
            0.313565,
            -3.14757,
            -1.312791,
            -0.864148,
            -1.219688,
            1.418593
        ]
    },
    "image_size": [
        720,
        1280
    ],
    "process_time_in_milliseconds": 1400
}
