{
    "props": {
        "face_rect": [
            103,
            460,
            469,
            469
        ],
        "kp_eye_left_inner": [
            310,
            579
        ],
        "kp_eye_left_outer": [
            258,
            556
        ],
        "kp_eye_right_inner": [
            388,
            609
        ],
        "kp_eye_right_outer": [
            455,
            635
        ],
        "kp_mouth_left": [
            336,
            776
        ],
        "kp_mouth_right": [
            224,
            732
        ],
        "kp_nose_tip": [
            291,
            653
        ],
        "kp_under_lip_bottom": [
            265,
            773
        ],
        "kp_upper_lip_top": [
            276,
            728
        ],
        "features": [
            3.184639,
            7.519038,
            -1.327143,
            -3.896739,
            5.379182,
            -3.108129,
            1.820378,
            1.805648,
            5.694762,
            -5.498938,
            3.309958,
            -3.627537,
            6.30946,
            -2.364417,
            2.132764,
            -3.000266,
            -0.978966,
            8.169627,
            -7.645104,
            5.786178,
            6.446642,
            -6.448516,
            7.954842,
            1.664799,
            0.197176,
            3.002042,
            -8.240164,
            3.370117,
            -3.733289,
            -4.870166,
            0.204536,
            3.138083,
            -0.333884,
            2.44265,
            -3.828675,
            2.958448,
            1.324383,
            -1.03821,
            -1.0577,
            -4.593111,
            -0.661766,
            0.71266,
            -1.04107,
            -0.186632,
            6.016012,
            -2.684887,
            -1.942308,
            -1.57102,
            3.141347,
            -2.152957,
            3.70855,
            10.703612,
            4.597564,
            4.681853,
            0.658005,
            -2.786168,
            -2.94836,
            -0.028382,
            -1.171023,
            1.04594
        ]
    },
    "image_size": [
        720,
        1280
    ],
    "process_time_in_milliseconds": 1569
}
