{
    "props": {
        "face_rect": [
            231,
            760,
            566,
            566
        ],
        "kp_eye_left_inner": [
            441,
            889
        ],
        "kp_eye_left_outer": [
            332,
            889
        ],
        "kp_eye_right_inner": [
            580,
            904
        ],
        "kp_eye_right_outer": [
            671,
            908
        ],
        "kp_mouth_left": [
            609,
            1137
        ],
        "kp_mouth_right": [
            413,
            1142
        ],
        "kp_nose_tip": [
            537,
            1013
        ],
        "kp_under_lip_bottom": [
            523,
            1180
        ],
        "kp_upper_lip_top": [
            527,
            1118
        ],
        "features": [
            5.750538,
            7.401638,
            -1.940898,
            5.379934,
            -0.807066,
            8.431108,
            0.894813,
            0.907762,
            4.760709,
            -6.542991,
            -2.199629,
            -4.251899,
            1.455346,
            -4.576189,
            6.590796,
            -2.46586,
            -0.486603,
            -0.962979,
            2.004159,
            -0.045885,
            3.507018,
            2.783723,
            1.587388,
            6.433692,
            -4.789095,
            2.030635,
            -6.536664,
            -0.721343,
            5.486006,
            -9.107334,
            0.154897,
            -3.440672,
            -0.795796,
            4.328079,
            -2.274511,
            0.725642,
            -0.44094,
            2.182885,
            0.34791,
            -0.529293,
            -0.144569,
            -3.093403,
            6.610373,
            0.010154,
            5.483471,
            -5.866022,
            -4.430928,
            -1.344261,
            5.235351,
            0.246536,
            -1.188853,
            4.801721,
            -4.094643,
            2.461142,
            0.78473,
            -5.215693,
            -2.692268,
            4.592417,
            -1.764194,
            5.237074
        ]
    },
    "image_size": [
        870,
        1918
    ],
    "process_time_in_milliseconds": 775
}
