{
    "props": {
        "face_rect": [
            152,
            598,
            536,
            536
        ],
        "kp_eye_left_inner": [
            345,
            701
        ],
        "kp_eye_left_outer": [
            249,
            791
        ],
        "kp_eye_right_inner": [
            499,
            770
        ],
        "kp_eye_right_outer": [
            579,
            780
        ],
        "kp_mouth_left": [
            536,
            983
        ],
        "kp_mouth_right": [
            313,
            983
        ],
        "kp_nose_tip": [
            419,
            770
        ],
        "kp_under_lip_bottom": [
            430,
            988
        ],
        "kp_upper_lip_top": [
            424,
            919
        ],
        "features": [
            3.317953,
            4.628422,
            -0.911576,
            2.201964,
            1.044294,
            5.577791,
            -0.360609,
            0.368747,
            2.803217,
            -7.748482,
            -1.857782,
            -1.47948,
            3.350148,
            -1.28268,
            4.993121,
            -0.157369,
            -3.538343,
            -2.272107,
            -1.379321,
            -0.817503,
            1.889298,
            6.487765,
            -2.084102,
            6.063725,
            -0.345616,
            1.637728,
            -2.970342,
            0.530651,
            2.977304,
            -5.184978,
            3.184597,
            -6.045037,
            0.143716,
            3.588487,
            -2.157023,
            -1.165872,
            0.900385,
            0.415366,
            2.984631,
            2.285723,
            0.631355,
            1.276057,
            6.033544,
            -0.027091,
            5.614124,
            -2.125755,
            -0.665877,
            2.679669,
            6.842583,
            0.966423,
            -2.265258,
            9.133422,
            1.784277,
            -0.581848,
            -3.84535,
            0.072617,
            -2.905148,
            0.096485,
            0.279594,
            5.917089
        ]
    },
    "image_size": [
        870,
        1918
    ],
    "process_time_in_milliseconds": 737
}
