{
    "props": {
        "face_rect": [
            134,
            756,
            562,
            562
        ],
        "kp_eye_left_inner": [
            345,
            895
        ],
        "kp_eye_left_outer": [
            243,
            900
        ],
        "kp_eye_right_inner": [
            481,
            895
        ],
        "kp_eye_right_outer": [
            583,
            895
        ],
        "kp_mouth_left": [
            524,
            1133
        ],
        "kp_mouth_right": [
            330,
            1143
        ],
        "kp_nose_tip": [
            413,
            1002
        ],
        "kp_under_lip_bottom": [
            427,
            1172
        ],
        "kp_upper_lip_top": [
            418,
            1109
        ],
        "features": [
            4.964293,
            6.667031,
            -1.885235,
            5.418018,
            -0.049198,
            7.445448,
            0.09556,
            1.159516,
            3.619995,
            -7.941847,
            1.020611,
            -3.152633,
            1.980193,
            -4.937974,
            8.348278,
            -4.153344,
            -0.402928,
            -0.215677,
            1.653377,
            0.996417,
            4.195287,
            2.66327,
            1.512004,
            4.774321,
            -5.690218,
            0.649117,
            -5.703636,
            -1.029223,
            6.59042,
            -8.315194,
            0.13357,
            -3.655774,
            -1.279728,
            4.994367,
            -3.263693,
            -0.136966,
            -1.181384,
            3.46648,
            0.353689,
            -1.689656,
            -0.816277,
            -2.555062,
            6.517384,
            -0.37383,
            5.483512,
            -6.763466,
            -4.600511,
            0.101839,
            6.007792,
            -0.244465,
            -0.393657,
            6.636649,
            -4.888503,
            3.275182,
            0.960241,
            -4.925536,
            -2.197202,
            3.054884,
            -1.22064,
            4.721918
        ]
    },
    "image_size": [
        870,
        1918
    ],
    "process_time_in_milliseconds": 794
}
