{
    "props": {
        "face_rect": [
            155,
            619,
            557,
            557
        ],
        "kp_eye_left_inner": [
            377,
            762
        ],
        "kp_eye_left_outer": [
            276,
            762
        ],
        "kp_eye_right_inner": [
            506,
            757
        ],
        "kp_eye_right_outer": [
            611,
            757
        ],
        "kp_mouth_left": [
            539,
            1011
        ],
        "kp_mouth_right": [
            333,
            1011
        ],
        "kp_nose_tip": [
            429,
            848
        ],
        "kp_under_lip_bottom": [
            429,
            1040
        ],
        "kp_upper_lip_top": [
            434,
            968
        ],
        "features": [
            2.79884,
            4.796583,
            6.198812,
            -5.352855,
            4.921119,
            1.035473,
            -4.685721,
            2.025349,
            0.477831,
            5.511606,
            -8.289103,
            -8.549137,
            -4.784968,
            6.98116,
            4.907053,
            -11.621702,
            -5.238598,
            4.545703,
            4.313054,
            -0.188605,
            -2.553626,
            3.363927,
            -10.350249,
            -6.761518,
            8.181271,
            2.824491,
            -1.583962,
            0.347025,
            6.335266,
            1.140639,
            -0.738733,
            3.727132,
            -1.437853,
            -2.574856,
            -2.374888,
            4.70055,
            2.919374,
            4.222228,
            -0.842265,
            2.719918,
            -2.604438,
            -6.076235,
            -9.267125,
            2.607872,
            4.16758,
            8.806355,
            4.297833,
            4.877291,
            -7.461166,
            -2.851493,
            4.666176,
            -0.521175,
            2.321673,
            0.420611,
            1.970127,
            2.781535,
            -4.572953,
            0.589942,
            -2.494312,
            2.487595
        ]
    },
    "image_size": [
        870,
        1918
    ],
    "process_time_in_milliseconds": 945
}
