{
    "props": {
        "face_rect": [
            0,
            604,
            588,
            588
        ],
        "kp_eye_left_inner": [
            251,
            767
        ],
        "kp_eye_left_outer": [
            193,
            773
        ],
        "kp_eye_right_inner": [
            381,
            762
        ],
        "kp_eye_right_outer": [
            495,
            752
        ],
        "kp_mouth_left": [
            386,
            1017
        ],
        "kp_mouth_right": [
            188,
            1012
        ],
        "kp_nose_tip": [
            261,
            851
        ],
        "kp_under_lip_bottom": [
            271,
            1043
        ],
        "kp_upper_lip_top": [
            271,
            970
        ],
        "features": [
            1.842521,
            5.300854,
            5.198111,
            -4.960905,
            4.467155,
            1.166022,
            -5.738947,
            0.613512,
            0.984817,
            5.682055,
            -8.921065,
            -6.355575,
            -3.237709,
            6.119388,
            4.92129,
            -11.019322,
            -6.474128,
            4.224066,
            4.809422,
            0.200556,
            -1.578819,
            3.563191,
            -10.890407,
            -6.613863,
            8.314482,
            2.500328,
            -0.183539,
            -2.031428,
            6.364748,
            0.856092,
            -0.019046,
            3.387943,
            -1.2072,
            -2.093302,
            -2.562568,
            3.716723,
            3.100741,
            1.801184,
            -0.370217,
            1.715273,
            -1.449388,
            -3.216249,
            -8.112177,
            4.712853,
            3.003841,
            8.307232,
            3.732718,
            4.084799,
            -7.693441,
            -4.677972,
            4.403109,
            -1.535042,
            1.775417,
            -0.828037,
            0.513848,
            2.311035,
            -4.531199,
            1.306836,
            -1.154831,
            1.719369
        ]
    },
    "image_size": [
        870,
        1918
    ],
    "process_time_in_milliseconds": 777
}
