{
    "props": {
        "face_rect": [
            170,
            628,
            552,
            552
        ],
        "kp_eye_left_inner": [
            384,
            766
        ],
        "kp_eye_left_outer": [
            282,
            771
        ],
        "kp_eye_right_inner": [
            514,
            762
        ],
        "kp_eye_right_outer": [
            617,
            757
        ],
        "kp_mouth_left": [
            556,
            1013
        ],
        "kp_mouth_right": [
            342,
            1017
        ],
        "kp_nose_tip": [
            445,
            859
        ],
        "kp_under_lip_bottom": [
            445,
            1050
        ],
        "kp_upper_lip_top": [
            449,
            975
        ],
        "features": [
            3.139968,
            4.364357,
            6.021635,
            -5.409909,
            4.083358,
            0.912181,
            -4.190262,
            1.886855,
            -0.117764,
            5.509478,
            -7.724634,
            -7.656125,
            -5.408916,
            7.594671,
            4.653017,
            -11.717649,
            -5.47207,
            4.3114,
            4.408838,
            0.032224,
            -3.052876,
            3.457969,
            -10.603401,
            -6.890296,
            8.173388,
            2.602453,
            -1.594066,
            -0.005074,
            6.709369,
            1.312596,
            -0.501674,
            3.183106,
            -1.605326,
            -3.244106,
            -2.362453,
            3.714822,
            2.914749,
            4.794672,
            -0.771656,
            3.185925,
            -2.685695,
            -7.106149,
            -9.178339,
            2.842255,
            4.294438,
            8.34291,
            4.620657,
            5.291692,
            -7.848747,
            -2.28334,
            4.84106,
            -0.590592,
            2.358367,
            1.477076,
            1.888848,
            2.386476,
            -4.496518,
            0.415685,
            -2.668678,
            1.650162
        ]
    },
    "image_size": [
        870,
        1918
    ],
    "process_time_in_milliseconds": 974
}
