{
    "props": {
        "face_rect": [
            128,
            758,
            575,
            575
        ],
        "kp_eye_left_inner": [
            344,
            903
        ],
        "kp_eye_left_outer": [
            239,
            903
        ],
        "kp_eye_right_inner": [
            481,
            903
        ],
        "kp_eye_right_outer": [
            586,
            898
        ],
        "kp_mouth_left": [
            526,
            1140
        ],
        "kp_mouth_right": [
            329,
            1150
        ],
        "kp_nose_tip": [
            415,
            1014
        ],
        "kp_under_lip_bottom": [
            430,
            1180
        ],
        "kp_upper_lip_top": [
            420,
            1120
        ],
        "features": [
            5.529858,
            7.149819,
            -1.465356,
            5.053473,
            -0.169551,
            7.901048,
            -0.030215,
            1.149251,
            4.201207,
            -7.448363,
            0.264724,
            -2.936905,
            1.3189,
            -4.227879,
            9.018772,
            -4.164295,
            0.354472,
            0.004168,
            2.36926,
            1.011466,
            4.048425,
            3.315353,
            1.481257,
            5.296136,
            -5.26583,
            0.506088,
            -5.90363,
            -0.892958,
            6.980839,
            -8.54138,
            0.202097,
            -4.005025,
            -1.143651,
            4.922922,
            -3.768462,
            -0.029723,
            -0.923473,
            4.058138,
            -0.076427,
            -1.522388,
            -0.941293,
            -2.13722,
            6.817973,
            0.200193,
            5.459245,
            -6.391487,
            -4.423026,
            -0.171203,
            5.923879,
            -0.023141,
            -0.147831,
            6.702477,
            -5.068309,
            3.088142,
            1.701738,
            -5.100422,
            -2.065438,
            3.375919,
            -1.118874,
            4.021152
        ]
    },
    "image_size": [
        870,
        1918
    ],
    "process_time_in_milliseconds": 784
}
