{
    "props": {
        "face_rect": [
            347,
            645,
            503,
            503
        ],
        "kp_eye_left_inner": [
            540,
            762
        ],
        "kp_eye_left_outer": [
            428,
            746
        ],
        "kp_eye_right_inner": [
            657,
            778
        ],
        "kp_eye_right_outer": [
            726,
            783
        ],
        "kp_mouth_left": [
            678,
            1012
        ],
        "kp_mouth_right": [
            482,
            1012
        ],
        "kp_nose_tip": [
            641,
            852
        ],
        "kp_under_lip_bottom": [
            604,
            1033
        ],
        "kp_upper_lip_top": [
            609,
            964
        ],
        "features": [
            2.131817,
            4.76935,
            7.642811,
            -5.670987,
            5.53709,
            0.281662,
            -6.051172,
            1.139251,
            1.515425,
            5.948447,
            -10.03906,
            -8.590069,
            -2.691018,
            6.584594,
            4.598781,
            -10.783619,
            -7.484812,
            3.248615,
            4.742626,
            0.683142,
            -2.526848,
            2.425191,
            -9.955894,
            -8.147948,
            7.374909,
            3.296346,
            0.28072,
            0.254337,
            6.625138,
            2.541895,
            -0.800818,
            4.624575,
            -0.729279,
            -1.63423,
            -1.30013,
            3.790694,
            2.703537,
            3.372513,
            -0.47502,
            4.626974,
            -0.271816,
            -5.786712,
            -9.394322,
            2.692984,
            5.337218,
            9.764692,
            3.715844,
            2.724214,
            -7.917461,
            -4.92275,
            5.542755,
            -2.890954,
            0.593357,
            -0.283236,
            -0.470557,
            3.565034,
            -3.438346,
            -0.889659,
            -1.380685,
            2.229947
        ]
    },
    "image_size": [
        870,
        1918
    ],
    "process_time_in_milliseconds": 739
}
