{
    "props": {
        "face_rect": [
            131,
            754,
            566,
            566
        ],
        "kp_eye_left_inner": [
            344,
            896
        ],
        "kp_eye_left_outer": [
            241,
            901
        ],
        "kp_eye_right_inner": [
            481,
            896
        ],
        "kp_eye_right_outer": [
            579,
            891
        ],
        "kp_mouth_left": [
            525,
            1135
        ],
        "kp_mouth_right": [
            325,
            1140
        ],
        "kp_nose_tip": [
            413,
            1003
        ],
        "kp_under_lip_bottom": [
            427,
            1170
        ],
        "kp_upper_lip_top": [
            418,
            1111
        ],
        "features": [
            4.721595,
            6.973991,
            -1.781131,
            4.848674,
            -0.162504,
            7.533384,
            -0.076251,
            0.877097,
            4.316548,
            -7.651758,
            0.358535,
            -3.263958,
            2.036475,
            -4.493444,
            9.018552,
            -4.58214,
            -0.013505,
            -0.232489,
            2.237805,
            0.789826,
            3.723119,
            3.058372,
            1.195346,
            5.103344,
            -5.58671,
            0.759019,
            -5.492672,
            -0.767186,
            7.254655,
            -8.450663,
            0.140265,
            -3.357872,
            -1.137799,
            4.511277,
            -3.306394,
            0.070131,
            -0.88846,
            4.122816,
            0.187365,
            -1.824436,
            -0.89885,
            -2.734511,
            6.95798,
            -0.567634,
            5.378799,
            -6.962636,
            -4.552577,
            -0.199488,
            6.348038,
            -0.212374,
            -0.202223,
            6.495715,
            -4.990362,
            3.352344,
            1.200121,
            -4.781503,
            -1.615845,
            3.280847,
            -1.186468,
            4.402697
        ]
    },
    "image_size": [
        870,
        1918
    ],
    "process_time_in_milliseconds": 727
}
