{
    "props": {
        "face_rect": [
            236,
            581,
            430,
            430
        ],
        "kp_eye_left_inner": [
            391,
            698
        ],
        "kp_eye_left_outer": [
            297,
            707
        ],
        "kp_eye_right_inner": [
            509,
            689
        ],
        "kp_eye_right_outer": [
            593,
            698
        ],
        "kp_mouth_left": [
            560,
            882
        ],
        "kp_mouth_right": [
            358,
            882
        ],
        "kp_nose_tip": [
            457,
            707
        ],
        "kp_under_lip_bottom": [
            457,
            891
        ],
        "kp_upper_lip_top": [
            457,
            820
        ],
        "features": [
            1.97986,
            4.186903,
            7.632818,
            -3.651023,
            3.10291,
            -0.01441,
            -3.917155,
            1.080345,
            3.494007,
            5.683562,
            -9.514348,
            -5.292367,
            -0.961684,
            5.122507,
            5.057607,
            -10.285068,
            -7.100246,
            2.600864,
            5.583083,
            1.043874,
            -4.542188,
            3.762421,
            -9.148381,
            -7.480444,
            7.70034,
            3.754155,
            0.929296,
            -1.437755,
            7.018099,
            0.97729,
            0.186198,
            3.198045,
            -0.305625,
            -1.55385,
            -3.188051,
            2.148573,
            2.087518,
            5.014641,
            -3.070892,
            6.12088,
            0.708426,
            -2.564568,
            -5.812432,
            1.299956,
            7.184196,
            8.640312,
            5.440648,
            1.325446,
            -7.576264,
            -3.634937,
            3.369613,
            -3.433128,
            0.191726,
            -0.33926,
            -2.428067,
            2.338475,
            -1.570197,
            0.637501,
            -0.930107,
            3.524042
        ]
    },
    "image_size": [
        870,
        1918
    ],
    "process_time_in_milliseconds": 826
}
