{
    "props": {
        "face_rect": [
            241,
            444,
            319,
            319
        ],
        "kp_eye_left_inner": [
            346,
            535
        ],
        "kp_eye_left_outer": [
            283,
            541
        ],
        "kp_eye_right_inner": [
            428,
            532
        ],
        "kp_eye_right_outer": [
            476,
            541
        ],
        "kp_mouth_left": [
            473,
            661
        ],
        "kp_mouth_right": [
            359,
            661
        ],
        "kp_nose_tip": [
            403,
            547
        ],
        "kp_under_lip_bottom": [
            425,
            667
        ],
        "kp_upper_lip_top": [
            419,
            623
        ],
        "features": [
            3.223408,
            9.979177,
            1.613024,
            -2.101122,
            5.825566,
            -6.205879,
            -1.241325,
            1.177486,
            9.521753,
            -4.439584,
            -0.803274,
            -2.540806,
            8.666698,
            -0.806387,
            2.841717,
            -2.259323,
            -2.658512,
            4.732711,
            -3.315365,
            6.300713,
            3.308472,
            -6.689994,
            3.909686,
            3.957096,
            -0.017885,
            -0.427777,
            -6.759506,
            2.662428,
            -2.934385,
            -2.378269,
            -0.290257,
            4.831718,
            -1.049082,
            4.701121,
            -2.54109,
            2.845477,
            4.338691,
            -2.045701,
            1.66699,
            -1.426419,
            5.924624,
            -2.037262,
            2.674542,
            -1.154404,
            8.41769,
            -1.849279,
            -2.455379,
            -2.742348,
            1.631225,
            0.293419,
            5.448016,
            9.857637,
            1.925891,
            4.317067,
            -3.048917,
            -1.748704,
            -1.548444,
            -1.585404,
            -0.104824,
            1.192429
        ]
    },
    "image_size": [
        720,
        1280
    ],
    "process_time_in_milliseconds": 686
}
