{
    "props": {
        "face_rect": [
            111,
            755,
            580,
            580
        ],
        "kp_eye_left_inner": [
            339,
            903
        ],
        "kp_eye_left_outer": [
            232,
            903
        ],
        "kp_eye_right_inner": [
            473,
            893
        ],
        "kp_eye_right_outer": [
            575,
            884
        ],
        "kp_mouth_left": [
            512,
            1139
        ],
        "kp_mouth_right": [
            314,
            1144
        ],
        "kp_nose_tip": [
            387,
            1019
        ],
        "kp_under_lip_bottom": [
            411,
            1183
        ],
        "kp_upper_lip_top": [
            401,
            1125
        ],
        "features": [
            5.831087,
            7.31902,
            -2.392445,
            4.453889,
            -0.328144,
            7.571031,
            0.960357,
            0.056921,
            3.505603,
            -7.459096,
            0.588127,
            -2.345949,
            2.135792,
            -4.225988,
            8.185334,
            -3.369066,
            1.478444,
            -0.699882,
            3.187607,
            1.925857,
            4.452841,
            2.712059,
            0.604281,
            5.547822,
            -5.089264,
            -0.094543,
            -6.225995,
            -1.675813,
            6.149202,
            -7.513434,
            0.04658,
            -4.640159,
            -0.542075,
            4.491784,
            -3.117153,
            0.227514,
            -0.348368,
            2.839184,
            0.006934,
            -1.958733,
            -0.656869,
            -1.598665,
            8.221403,
            -0.300056,
            4.881502,
            -6.098526,
            -5.563338,
            0.808534,
            6.774827,
            0.681297,
            -1.66228,
            6.955179,
            -4.171335,
            2.551502,
            1.970822,
            -4.891568,
            -2.62767,
            3.032665,
            -0.855663,
            4.538365
        ]
    },
    "image_size": [
        870,
        1918
    ],
    "process_time_in_milliseconds": 766
}
