{
    "props": {
        "face_rect": [
            195,
            639,
            544,
            544
        ],
        "kp_eye_left_inner": [
            406,
            775
        ],
        "kp_eye_left_outer": [
            304,
            775
        ],
        "kp_eye_right_inner": [
            536,
            770
        ],
        "kp_eye_right_outer": [
            637,
            770
        ],
        "kp_mouth_left": [
            565,
            1021
        ],
        "kp_mouth_right": [
            362,
            1025
        ],
        "kp_nose_tip": [
            468,
            871
        ],
        "kp_under_lip_bottom": [
            468,
            1054
        ],
        "kp_upper_lip_top": [
            468,
            977
        ],
        "features": [
            2.846592,
            4.552905,
            6.91994,
            -5.99113,
            4.744189,
            1.624694,
            -5.523998,
            1.850066,
            0.030687,
            6.298239,
            -8.289994,
            -8.554628,
            -4.245036,
            7.271571,
            5.317131,
            -10.939145,
            -5.946263,
            4.448975,
            4.712608,
            0.08842,
            -2.527371,
            3.190198,
            -10.470876,
            -6.661736,
            7.175741,
            2.799021,
            -1.501051,
            0.334219,
            6.70201,
            1.006907,
            0.123543,
            3.416577,
            -1.806891,
            -2.492013,
            -2.567888,
            3.41773,
            3.353653,
            4.777608,
            -0.772869,
            3.508371,
            -2.290751,
            -5.605563,
            -8.586064,
            2.949563,
            5.028472,
            8.273356,
            4.923389,
            4.178227,
            -7.234519,
            -3.265934,
            5.945233,
            -1.027743,
            1.530617,
            -0.230475,
            0.38622,
            2.796441,
            -3.926067,
            0.411249,
            -2.056466,
            2.271994
        ]
    },
    "image_size": [
        870,
        1918
    ],
    "process_time_in_milliseconds": 749
}
