{
    "props": {
        "face_rect": [
            144,
            515,
            479,
            479
        ],
        "kp_eye_left_inner": [
            353,
            649
        ],
        "kp_eye_left_outer": [
            282,
            616
        ],
        "kp_eye_right_inner": [
            443,
            675
        ],
        "kp_eye_right_outer": [
            510,
            698
        ],
        "kp_mouth_left": [
            402,
            863
        ],
        "kp_mouth_right": [
            267,
            810
        ],
        "kp_nose_tip": [
            353,
            758
        ],
        "kp_under_lip_bottom": [
            323,
            863
        ],
        "kp_upper_lip_top": [
            331,
            821
        ],
        "features": [
            -1.199188,
            7.704015,
            -1.924855,
            -2.26722,
            2.557396,
            -4.419239,
            1.751402,
            3.233614,
            8.569094,
            -7.766371,
            5.427158,
            -3.668359,
            6.178264,
            -4.467146,
            4.96326,
            -3.951323,
            -0.249135,
            9.543458,
            -6.437786,
            4.378512,
            5.664873,
            -6.849216,
            7.146645,
            -0.280032,
            0.648258,
            1.332908,
            -7.450981,
            1.749373,
            -0.237672,
            -4.868795,
            0.327968,
            2.835121,
            -2.287015,
            0.661902,
            -4.816383,
            4.887191,
            -0.400296,
            0.934582,
            -1.18049,
            -5.950925,
            -1.481432,
            -1.080515,
            -1.774831,
            -1.728764,
            6.595375,
            -4.388659,
            -2.569954,
            -0.814508,
            1.65971,
            0.421281,
            2.543549,
            11.820526,
            3.384715,
            5.279894,
            2.599918,
            -4.442867,
            -1.84764,
            1.125744,
            -1.308556,
            -0.946993
        ]
    },
    "image_size": [
        720,
        1280
    ],
    "process_time_in_milliseconds": 1396
}
