{
    "props": {
        "face_rect": [
            171,
            670,
            504,
            504
        ],
        "kp_eye_left_inner": [
            353,
            800
        ],
        "kp_eye_left_outer": [
            254,
            821
        ],
        "kp_eye_right_inner": [
            487,
            800
        ],
        "kp_eye_right_outer": [
            585,
            816
        ],
        "kp_mouth_left": [
            523,
            1023
        ],
        "kp_mouth_right": [
            327,
            1033
        ],
        "kp_nose_tip": [
            420,
            842
        ],
        "kp_under_lip_bottom": [
            435,
            1049
        ],
        "kp_upper_lip_top": [
            430,
            976
        ],
        "features": [
            4.7992,
            7.675683,
            -2.78935,
            3.886362,
            -0.734267,
            6.104077,
            -2.667423,
            2.146261,
            2.172179,
            -7.602904,
            -3.659115,
            -0.956992,
            2.320997,
            -3.359008,
            5.11809,
            0.137201,
            -3.318407,
            -0.329453,
            0.267565,
            -1.338336,
            5.605202,
            0.799738,
            -3.945122,
            4.839436,
            -1.808224,
            1.579596,
            -2.425332,
            -3.526318,
            5.757076,
            -6.219973,
            2.231987,
            -4.994748,
            0.558529,
            3.829432,
            -1.032775,
            1.170684,
            0.038714,
            1.667059,
            4.691806,
            2.084882,
            3.153449,
            -0.767146,
            3.701113,
            0.22644,
            5.27263,
            -4.247901,
            -3.294924,
            3.292227,
            6.919696,
            0.624774,
            -2.257736,
            6.73828,
            0.703265,
            -0.228052,
            -4.267819,
            -2.692325,
            -1.441857,
            0.404048,
            -2.108747,
            7.201207
        ]
    },
    "image_size": [
        870,
        1918
    ],
    "process_time_in_milliseconds": 814
}
