{
    "props": {
        "face_rect": [
            219,
            570,
            450,
            450
        ],
        "kp_eye_left_inner": [
            384,
            693
        ],
        "kp_eye_left_outer": [
            292,
            703
        ],
        "kp_eye_right_inner": [
            500,
            688
        ],
        "kp_eye_right_outer": [
            597,
            693
        ],
        "kp_mouth_left": [
            544,
            897
        ],
        "kp_mouth_right": [
            340,
            902
        ],
        "kp_nose_tip": [
            447,
            722
        ],
        "kp_under_lip_bottom": [
            447,
            912
        ],
        "kp_upper_lip_top": [
            447,
            839
        ],
        "features": [
            2.833642,
            5.860473,
            7.100319,
            -6.529758,
            3.801875,
            -0.130383,
            -5.108122,
            0.763259,
            3.868089,
            5.437032,
            -9.059759,
            -5.840285,
            -2.891347,
            5.922125,
            6.07161,
            -11.249957,
            -5.782228,
            2.449355,
            6.576491,
            0.547737,
            -4.511652,
            4.035498,
            -9.925998,
            -7.729221,
            9.015146,
            3.650821,
            -0.036603,
            0.252509,
            8.054818,
            1.321064,
            0.244206,
            2.693119,
            -1.615709,
            -1.736968,
            -2.90492,
            3.458663,
            2.995018,
            5.580159,
            -1.960056,
            4.704972,
            -1.160343,
            -4.990824,
            -6.971874,
            0.849796,
            4.847457,
            8.203809,
            4.763793,
            2.609638,
            -6.929804,
            -3.275179,
            4.559165,
            -2.58877,
            0.507111,
            0.642731,
            -1.146651,
            2.536186,
            -1.539435,
            -0.746776,
            -2.797566,
            3.170263
        ]
    },
    "image_size": [
        870,
        1918
    ],
    "process_time_in_milliseconds": 743
}
