{
    "props": {
        "face_rect": [
            188,
            636,
            547,
            547
        ],
        "kp_eye_left_inner": [
            401,
            773
        ],
        "kp_eye_left_outer": [
            294,
            773
        ],
        "kp_eye_right_inner": [
            531,
            768
        ],
        "kp_eye_right_outer": [
            628,
            768
        ],
        "kp_mouth_left": [
            559,
            1019
        ],
        "kp_mouth_right": [
            359,
            1024
        ],
        "kp_nose_tip": [
            466,
            866
        ],
        "kp_under_lip_bottom": [
            461,
            1052
        ],
        "kp_upper_lip_top": [
            466,
            982
        ],
        "features": [
            2.889339,
            4.243644,
            6.913843,
            -5.878187,
            4.912629,
            1.864637,
            -5.475359,
            1.491649,
            0.223478,
            6.247541,
            -8.324902,
            -8.470024,
            -4.401087,
            7.368962,
            5.117386,
            -11.489915,
            -5.982186,
            4.18018,
            4.595804,
            -0.120109,
            -2.537349,
            3.63939,
            -10.008379,
            -7.177101,
            7.111812,
            3.457351,
            -0.98092,
            0.36233,
            6.915816,
            1.467461,
            -0.166625,
            3.220242,
            -1.719516,
            -2.821761,
            -2.125607,
            3.4951,
            2.98511,
            4.553908,
            -0.965021,
            3.727905,
            -2.766863,
            -5.747864,
            -8.980078,
            3.049315,
            5.0085,
            8.665275,
            4.905768,
            4.115849,
            -7.053923,
            -3.682759,
            5.762256,
            -1.401944,
            1.279754,
            -0.179542,
            0.59625,
            3.090129,
            -4.109801,
            0.572935,
            -1.885575,
            2.401981
        ]
    },
    "image_size": [
        870,
        1918
    ],
    "process_time_in_milliseconds": 761
}
