{
    "props": {
        "face_rect": [
            187,
            605,
            516,
            516
        ],
        "kp_eye_left_inner": [
            386,
            738
        ],
        "kp_eye_left_outer": [
            283,
            747
        ],
        "kp_eye_right_inner": [
            506,
            733
        ],
        "kp_eye_right_outer": [
            604,
            733
        ],
        "kp_mouth_left": [
            544,
            975
        ],
        "kp_mouth_right": [
            348,
            975
        ],
        "kp_nose_tip": [
            446,
            807
        ],
        "kp_under_lip_bottom": [
            446,
            998
        ],
        "kp_upper_lip_top": [
            451,
            923
        ],
        "features": [
            3.205721,
            5.077183,
            7.50512,
            -5.367953,
            4.940892,
            2.252013,
            -6.142447,
            1.465293,
            0.679527,
            5.956299,
            -8.969161,
            -8.617457,
            -4.676535,
            7.247777,
            6.011876,
            -11.294358,
            -5.085814,
            4.12553,
            5.921384,
            -0.875125,
            -3.155412,
            4.16217,
            -10.285658,
            -7.205466,
            6.490384,
            3.178518,
            -1.063971,
            0.502619,
            7.786768,
            1.516133,
            -0.052268,
            3.018456,
            -1.686107,
            -2.756457,
            -2.954995,
            3.378116,
            3.222401,
            5.738009,
            -1.216188,
            4.018041,
            -1.852082,
            -5.851699,
            -8.754712,
            2.254261,
            4.908961,
            9.015665,
            4.799666,
            4.291371,
            -6.563079,
            -3.041937,
            5.916164,
            -1.462311,
            0.555966,
            -0.484412,
            0.746461,
            3.096274,
            -3.194554,
            0.619693,
            -2.244096,
            2.794714
        ]
    },
    "image_size": [
        870,
        1918
    ],
    "process_time_in_milliseconds": 748
}
