{
    "props": {
        "face_rect": [
            269,
            767,
            559,
            559
        ],
        "kp_eye_left_inner": [
            491,
            894
        ],
        "kp_eye_left_outer": [
            375,
            880
        ],
        "kp_eye_right_inner": [
            626,
            917
        ],
        "kp_eye_right_outer": [
            701,
            917
        ],
        "kp_mouth_left": [
            640,
            1145
        ],
        "kp_mouth_right": [
            450,
            1145
        ],
        "kp_nose_tip": [
            584,
            1019
        ],
        "kp_under_lip_bottom": [
            561,
            1182
        ],
        "kp_upper_lip_top": [
            566,
            1126
        ],
        "features": [
            5.81702,
            7.419365,
            -2.096634,
            5.33552,
            -0.322499,
            8.062791,
            2.030719,
            1.396317,
            5.860923,
            -8.234094,
            0.217159,
            -2.159052,
            0.997504,
            -5.098906,
            6.607995,
            -2.212764,
            0.026365,
            -2.526209,
            0.73432,
            0.409188,
            2.910532,
            1.297158,
            0.700302,
            6.942071,
            -4.650247,
            0.008234,
            -6.62045,
            -0.137483,
            5.830673,
            -9.116933,
            0.327736,
            -4.122543,
            -1.814149,
            3.630211,
            -2.143946,
            0.154013,
            0.609865,
            2.652347,
            -0.434628,
            -1.734714,
            -0.345765,
            -2.514472,
            6.817975,
            0.531791,
            4.129972,
            -6.413432,
            -3.852145,
            -1.943125,
            5.16509,
            0.017212,
            -1.283889,
            5.031983,
            -3.376357,
            2.461698,
            -0.400466,
            -4.9251,
            -1.802354,
            3.065906,
            -3.313411,
            5.220165
        ]
    },
    "image_size": [
        870,
        1918
    ],
    "process_time_in_milliseconds": 751
}
