{
    "props": {
        "face_rect": [
            -10,
            748,
            575,
            575
        ],
        "kp_eye_left_inner": [
            210,
            896
        ],
        "kp_eye_left_outer": [
            150,
            906
        ],
        "kp_eye_right_inner": [
            340,
            891
        ],
        "kp_eye_right_outer": [
            465,
            891
        ],
        "kp_mouth_left": [
            380,
            1141
        ],
        "kp_mouth_right": [
            195,
            1141
        ],
        "kp_nose_tip": [
            235,
            991
        ],
        "kp_under_lip_bottom": [
            265,
            1176
        ],
        "kp_upper_lip_top": [
            250,
            1116
        ],
        "features": [
            7.780031,
            10.355496,
            -0.793758,
            4.346838,
            3.095538,
            5.456713,
            0.059973,
            -0.517714,
            2.721095,
            -4.132177,
            -4.628829,
            -0.673282,
            4.381015,
            0.962286,
            5.201029,
            -2.962737,
            -0.44505,
            -1.613705,
            4.34296,
            2.2082,
            4.054295,
            1.290698,
            -2.570328,
            5.694831,
            -3.811208,
            0.375281,
            -2.234922,
            -0.86757,
            4.439016,
            -5.328376,
            -1.2708,
            0.066891,
            2.506605,
            4.401947,
            -1.279944,
            -1.13082,
            -0.754987,
            0.150793,
            1.668747,
            0.701414,
            4.874659,
            -3.142733,
            6.785246,
            -1.03264,
            3.188831,
            -3.16221,
            -5.744579,
            -2.133524,
            3.733676,
            1.285238,
            -0.358954,
            6.244112,
            -3.477432,
            2.576888,
            0.24909,
            -4.50981,
            -3.503464,
            2.471904,
            -2.204099,
            5.29281
        ]
    },
    "image_size": [
        870,
        1918
    ],
    "process_time_in_milliseconds": 747
}
