{
    "props": {
        "face_rect": [
            130,
            897,
            553,
            553
        ],
        "kp_eye_left_inner": [
            350,
            1045
        ],
        "kp_eye_left_outer": [
            249,
            1031
        ],
        "kp_eye_right_inner": [
            490,
            1045
        ],
        "kp_eye_right_outer": [
            591,
            1036
        ],
        "kp_mouth_left": [
            525,
            1277
        ],
        "kp_mouth_right": [
            337,
            1282
        ],
        "kp_nose_tip": [
            424,
            1229
        ],
        "kp_under_lip_bottom": [
            438,
            1321
        ],
        "kp_upper_lip_top": [
            429,
            1286
        ],
        "features": [
            3.23467,
            4.182666,
            -1.211357,
            5.064781,
            -0.998207,
            4.774863,
            -3.984427,
            1.867737,
            5.492213,
            -5.335918,
            -3.478199,
            -2.692937,
            1.285689,
            -6.779911,
            8.496218,
            -2.815821,
            -3.814353,
            -3.560398,
            1.811977,
            -0.173016,
            5.146997,
            -0.416861,
            -0.178642,
            7.453203,
            -1.210487,
            -1.463645,
            -3.394411,
            -2.642656,
            5.30232,
            -6.708081,
            3.651162,
            -3.039491,
            -3.558781,
            4.956556,
            -3.807405,
            1.70302,
            -0.446415,
            2.301637,
            3.923524,
            2.528506,
            -0.029209,
            -5.625829,
            7.977044,
            2.553239,
            7.579244,
            -7.672676,
            -4.408764,
            0.741009,
            2.878263,
            3.558471,
            1.040425,
            5.761915,
            -5.332561,
            0.392646,
            -2.099553,
            -3.40989,
            -3.385154,
            1.776927,
            -1.080399,
            3.630799
        ]
    },
    "image_size": [
        870,
        1918
    ],
    "process_time_in_milliseconds": 772
}
