{
    "props": {
        "face_rect": [
            117,
            814,
            601,
            601
        ],
        "kp_eye_left_inner": [
            352,
            973
        ],
        "kp_eye_left_outer": [
            246,
            963
        ],
        "kp_eye_right_inner": [
            492,
            968
        ],
        "kp_eye_right_outer": [
            598,
            958
        ],
        "kp_mouth_left": [
            526,
            1219
        ],
        "kp_mouth_right": [
            333,
            1223
        ],
        "kp_nose_tip": [
            420,
            1127
        ],
        "kp_under_lip_bottom": [
            434,
            1267
        ],
        "kp_upper_lip_top": [
            429,
            1214
        ],
        "features": [
            4.86518,
            6.591126,
            -0.876133,
            5.231923,
            1.489157,
            6.404654,
            -0.382571,
            -0.516599,
            6.069281,
            -6.861832,
            -0.127008,
            -1.748018,
            3.64911,
            -7.461312,
            7.312132,
            -4.127217,
            0.197179,
            -0.301875,
            3.15579,
            3.003346,
            4.657094,
            0.802337,
            3.076193,
            7.320987,
            -4.618777,
            -1.66498,
            -5.264065,
            0.208066,
            5.512783,
            -8.264667,
            -1.265138,
            -2.155495,
            -0.014135,
            5.05138,
            -3.434348,
            -0.205183,
            -0.283203,
            3.258972,
            -0.098463,
            -1.082031,
            0.346825,
            -3.689347,
            9.222381,
            -0.109937,
            5.982169,
            -7.589265,
            -5.430784,
            -0.554436,
            5.829446,
            1.438947,
            -1.028652,
            7.922934,
            -5.923291,
            3.487518,
            2.624669,
            -4.411828,
            -3.479341,
            2.536953,
            -2.044671,
            2.21908
        ]
    },
    "image_size": [
        870,
        1918
    ],
    "process_time_in_milliseconds": 748
}
