{
    "props": {
        "face_rect": [
            179,
            644,
            482,
            482
        ],
        "kp_eye_left_inner": [
            352,
            743
        ],
        "kp_eye_left_outer": [
            244,
            794
        ],
        "kp_eye_right_inner": [
            496,
            769
        ],
        "kp_eye_right_outer": [
            578,
            784
        ],
        "kp_mouth_left": [
            531,
            984
        ],
        "kp_mouth_right": [
            316,
            984
        ],
        "kp_nose_tip": [
            419,
            774
        ],
        "kp_under_lip_bottom": [
            434,
            984
        ],
        "kp_upper_lip_top": [
            424,
            923
        ],
        "features": [
            3.065343,
            6.228284,
            -2.203904,
            2.502951,
            -2.015078,
            4.621511,
            -2.262137,
            1.550405,
            1.112885,
            -7.66438,
            -2.982351,
            1.355962,
            1.73412,
            -1.543021,
            4.445832,
            0.671249,
            -3.561328,
            -0.810381,
            0.540649,
            -1.562613,
            5.433597,
            2.392724,
            -3.217902,
            3.422886,
            -0.089644,
            1.012251,
            0.366404,
            -3.826446,
            5.602898,
            -3.611146,
            3.112716,
            -6.722056,
            -0.653856,
            3.909565,
            -1.197913,
            1.605603,
            -0.206693,
            1.158484,
            4.135413,
            2.683676,
            2.136865,
            0.358366,
            3.078416,
            -0.061515,
            5.950671,
            -3.039259,
            -1.660216,
            4.305841,
            6.483361,
            0.269973,
            -1.989012,
            6.383769,
            1.167227,
            0.24127,
            -4.68316,
            -2.222354,
            -0.769088,
            0.970692,
            -1.388238,
            6.338956
        ]
    },
    "image_size": [
        870,
        1918
    ],
    "process_time_in_milliseconds": 761
}
