{
    "props": {
        "face_rect": [
            174,
            634,
            494,
            494
        ],
        "kp_eye_left_inner": [
            360,
            712
        ],
        "kp_eye_left_outer": [
            251,
            789
        ],
        "kp_eye_right_inner": [
            497,
            767
        ],
        "kp_eye_right_outer": [
            585,
            784
        ],
        "kp_mouth_left": [
            535,
            986
        ],
        "kp_mouth_right": [
            316,
            981
        ],
        "kp_nose_tip": [
            420,
            773
        ],
        "kp_under_lip_bottom": [
            426,
            992
        ],
        "kp_upper_lip_top": [
            426,
            921
        ],
        "features": [
            3.409845,
            7.90273,
            -1.019728,
            3.199139,
            -1.36047,
            4.632435,
            -4.266881,
            0.487497,
            3.652034,
            -7.336618,
            -3.337451,
            -0.244084,
            2.600211,
            -2.10191,
            4.265744,
            0.805236,
            -3.204209,
            -2.737579,
            0.613901,
            -1.911243,
            3.466413,
            4.06466,
            -3.636178,
            4.642055,
            -0.251165,
            2.015651,
            -1.249995,
            -1.979673,
            5.561163,
            -4.672031,
            2.596958,
            -4.877774,
            0.13881,
            5.027919,
            -1.30855,
            1.840861,
            -0.02806,
            0.237591,
            5.986622,
            1.64524,
            2.499351,
            0.062816,
            3.641235,
            0.95805,
            5.076038,
            -1.94015,
            -3.005793,
            3.152498,
            7.126713,
            0.996413,
            -1.131261,
            7.36103,
            0.806687,
            -0.125286,
            -5.201873,
            -1.665302,
            -1.515074,
            -0.315788,
            1.320094,
            5.593276
        ]
    },
    "image_size": [
        870,
        1918
    ],
    "process_time_in_milliseconds": 813
}
