{
    "props": {
        "face_rect": [
            230,
            629,
            538,
            538
        ],
        "kp_eye_left_inner": [
            441,
            762
        ],
        "kp_eye_left_outer": [
            336,
            757
        ],
        "kp_eye_right_inner": [
            565,
            767
        ],
        "kp_eye_right_outer": [
            660,
            772
        ],
        "kp_mouth_left": [
            589,
            1015
        ],
        "kp_mouth_right": [
            388,
            1006
        ],
        "kp_nose_tip": [
            517,
            848
        ],
        "kp_under_lip_bottom": [
            498,
            1039
        ],
        "kp_upper_lip_top": [
            503,
            963
        ],
        "features": [
            2.549897,
            4.93243,
            7.538632,
            -5.400446,
            5.60185,
            1.477338,
            -6.01246,
            1.870067,
            0.05287,
            6.17114,
            -8.309065,
            -8.382684,
            -4.365345,
            7.718239,
            4.946913,
            -10.98742,
            -6.480261,
            3.996193,
            4.373149,
            -0.884752,
            -2.696829,
            3.392985,
            -9.545429,
            -7.462291,
            6.618464,
            3.639458,
            -0.386094,
            0.640685,
            6.969582,
            1.793951,
            -0.304787,
            4.093002,
            -1.721215,
            -2.579643,
            -2.313919,
            2.747209,
            2.406098,
            4.444897,
            -0.172545,
            3.999362,
            -1.822786,
            -6.439671,
            -9.62302,
            3.144924,
            4.724033,
            9.422272,
            4.285948,
            3.308774,
            -7.692014,
            -3.20065,
            6.676538,
            -1.051502,
            0.947621,
            0.685345,
            -0.116107,
            2.526946,
            -3.90785,
            0.029127,
            -1.536654,
            1.859987
        ]
    },
    "image_size": [
        870,
        1918
    ],
    "process_time_in_milliseconds": 739
}
