{
    "props": {
        "face_rect": [
            191,
            603,
            508,
            508
        ],
        "kp_eye_left_inner": [
            383,
            734
        ],
        "kp_eye_left_outer": [
            288,
            744
        ],
        "kp_eye_right_inner": [
            506,
            729
        ],
        "kp_eye_right_outer": [
            610,
            729
        ],
        "kp_mouth_left": [
            549,
            966
        ],
        "kp_mouth_right": [
            345,
            971
        ],
        "kp_nose_tip": [
            445,
            800
        ],
        "kp_under_lip_bottom": [
            445,
            990
        ],
        "kp_upper_lip_top": [
            449,
            914
        ],
        "features": [
            2.92894,
            5.129423,
            7.691936,
            -5.357839,
            5.044255,
            2.061307,
            -6.235236,
            1.495123,
            1.196355,
            5.808211,
            -9.078861,
            -8.568716,
            -4.860345,
            7.043725,
            6.259314,
            -11.537492,
            -5.2026,
            4.200767,
            6.196535,
            -1.100729,
            -3.30808,
            4.579868,
            -10.201006,
            -7.164961,
            6.720873,
            3.156022,
            -1.080605,
            0.397142,
            7.663198,
            1.766741,
            -0.117855,
            2.756763,
            -1.942881,
            -2.485473,
            -2.939191,
            3.556973,
            3.485342,
            5.587216,
            -0.987236,
            4.204073,
            -1.824878,
            -6.025763,
            -8.523453,
            2.181526,
            4.975414,
            9.165015,
            4.58632,
            4.594105,
            -6.474305,
            -2.901851,
            5.944116,
            -1.364725,
            0.499678,
            -0.231105,
            0.828542,
            3.149074,
            -3.374177,
            0.604708,
            -1.958522,
            2.546763
        ]
    },
    "image_size": [
        870,
        1918
    ],
    "process_time_in_milliseconds": 785
}
