{
    "props": {
        "face_rect": [
            119,
            764,
            597,
            597
        ],
        "kp_eye_left_inner": [
            342,
            917
        ],
        "kp_eye_left_outer": [
            237,
            922
        ],
        "kp_eye_right_inner": [
            481,
            917
        ],
        "kp_eye_right_outer": [
            587,
            908
        ],
        "kp_mouth_left": [
            525,
            1162
        ],
        "kp_mouth_right": [
            328,
            1167
        ],
        "kp_nose_tip": [
            419,
            1042
        ],
        "kp_under_lip_bottom": [
            433,
            1200
        ],
        "kp_upper_lip_top": [
            424,
            1143
        ],
        "features": [
            5.173121,
            7.157469,
            -0.913432,
            4.865656,
            -0.260296,
            7.468004,
            0.644038,
            0.46137,
            4.897009,
            -7.396422,
            0.185403,
            -2.891771,
            2.136064,
            -4.372394,
            8.3236,
            -3.953469,
            0.272467,
            -0.439014,
            2.808963,
            2.037733,
            3.437717,
            3.30257,
            0.808849,
            5.658307,
            -5.711733,
            0.421272,
            -6.270157,
            -0.837327,
            7.255182,
            -8.572214,
            0.206808,
            -4.399649,
            -1.353655,
            4.538802,
            -2.832542,
            -0.554993,
            0.244513,
            3.745361,
            -0.441129,
            -1.273926,
            -0.894371,
            -2.816658,
            7.250679,
            -0.481716,
            5.788533,
            -7.292331,
            -4.336936,
            -1.07817,
            5.921093,
            0.363494,
            -0.144315,
            6.264455,
            -4.879693,
            2.81583,
            1.423555,
            -4.913594,
            -2.091504,
            4.195297,
            -1.515612,
            3.379734
        ]
    },
    "image_size": [
        870,
        1918
    ],
    "process_time_in_milliseconds": 751
}
