{
    "props": {
        "face_rect": [
            115,
            775,
            606,
            606
        ],
        "kp_eye_left_inner": [
            344,
            927
        ],
        "kp_eye_left_outer": [
            235,
            927
        ],
        "kp_eye_right_inner": [
            483,
            927
        ],
        "kp_eye_right_outer": [
            592,
            917
        ],
        "kp_mouth_left": [
            523,
            1171
        ],
        "kp_mouth_right": [
            329,
            1181
        ],
        "kp_nose_tip": [
            418,
            1057
        ],
        "kp_under_lip_bottom": [
            433,
            1216
        ],
        "kp_upper_lip_top": [
            423,
            1156
        ],
        "features": [
            5.34795,
            7.372586,
            -1.247008,
            4.528355,
            -0.221992,
            7.247684,
            0.406184,
            0.476052,
            4.904109,
            -7.174799,
            -0.213491,
            -1.619353,
            2.183161,
            -4.656233,
            8.66993,
            -3.83605,
            1.016349,
            -0.532552,
            3.196891,
            2.20899,
            4.022511,
            3.190114,
            1.207944,
            6.298905,
            -5.197421,
            -0.146153,
            -5.764073,
            -0.566581,
            7.106311,
            -8.854379,
            0.278698,
            -4.318908,
            -1.029022,
            5.030641,
            -3.304029,
            -0.670718,
            -0.155931,
            4.095485,
            -0.711245,
            -1.11177,
            -0.640396,
            -2.594383,
            8.151587,
            -0.917225,
            5.160055,
            -8.062586,
            -4.558777,
            -1.079872,
            6.022309,
            0.818444,
            -0.572026,
            6.481451,
            -5.309907,
            2.87875,
            1.825631,
            -4.986529,
            -2.045623,
            4.094936,
            -1.942264,
            3.124611
        ]
    },
    "image_size": [
        870,
        1918
    ],
    "process_time_in_milliseconds": 738
}
