{
    "props": {
        "face_rect": [
            229,
            567,
            428,
            428
        ],
        "kp_eye_left_inner": [
            387,
            684
        ],
        "kp_eye_left_outer": [
            293,
            698
        ],
        "kp_eye_right_inner": [
            500,
            679
        ],
        "kp_eye_right_outer": [
            594,
            688
        ],
        "kp_mouth_left": [
            538,
            872
        ],
        "kp_mouth_right": [
            344,
            882
        ],
        "kp_nose_tip": [
            443,
            707
        ],
        "kp_under_lip_bottom": [
            443,
            891
        ],
        "kp_upper_lip_top": [
            448,
            820
        ],
        "features": [
            2.294147,
            5.831041,
            7.374981,
            -5.768357,
            2.837944,
            -1.489264,
            -3.586385,
            0.463349,
            4.876952,
            5.265688,
            -9.399627,
            -4.276596,
            -1.52822,
            6.062698,
            5.084874,
            -10.842424,
            -5.635133,
            2.035682,
            6.878366,
            1.534766,
            -4.936514,
            3.849795,
            -9.802415,
            -8.184081,
            8.733397,
            2.204304,
            1.473781,
            -0.685692,
            7.072802,
            2.174426,
            0.289732,
            2.682495,
            -1.410694,
            -1.15287,
            -2.799685,
            3.410811,
            3.442791,
            4.22688,
            -1.945966,
            4.743698,
            0.165124,
            -3.683318,
            -5.416585,
            0.967973,
            5.343203,
            8.170857,
            3.750932,
            1.180947,
            -6.200584,
            -3.87204,
            4.870351,
            -3.305632,
            0.664338,
            1.089425,
            -1.442422,
            2.109706,
            -0.366936,
            -0.658642,
            -1.81378,
            2.112199
        ]
    },
    "image_size": [
        870,
        1918
    ],
    "process_time_in_milliseconds": 721
}
