{
    "props": {
        "face_rect": [
            262,
            592,
            379,
            379
        ],
        "kp_eye_left_inner": [
            392,
            673
        ],
        "kp_eye_left_outer": [
            310,
            682
        ],
        "kp_eye_right_inner": [
            515,
            664
        ],
        "kp_eye_right_outer": [
            593,
            677
        ],
        "kp_mouth_left": [
            552,
            837
        ],
        "kp_mouth_right": [
            355,
            837
        ],
        "kp_nose_tip": [
            460,
            659
        ],
        "kp_under_lip_bottom": [
            451,
            837
        ],
        "kp_upper_lip_top": [
            456,
            778
        ],
        "features": [
            2.897112,
            5.03123,
            6.200388,
            -1.578469,
            3.714979,
            0.873553,
            -3.142058,
            1.152823,
            2.564161,
            6.048181,
            -10.432186,
            -6.029244,
            -2.385009,
            3.619762,
            3.476582,
            -9.474524,
            -5.351848,
            2.695264,
            4.186705,
            0.769657,
            -4.104393,
            4.507476,
            -8.664582,
            -7.548939,
            5.056064,
            5.919989,
            1.228777,
            -0.873704,
            6.688653,
            -1.198524,
            2.368581,
            3.626279,
            1.247266,
            -0.099882,
            -2.914715,
            1.111658,
            2.282055,
            5.895891,
            -3.337559,
            5.585533,
            1.868322,
            -0.599489,
            -5.936785,
            0.151711,
            5.914998,
            7.52868,
            2.712551,
            0.62834,
            -3.832341,
            -2.933344,
            4.418716,
            -4.427808,
            0.489987,
            0.127008,
            -3.992316,
            2.123092,
            -0.761065,
            0.485737,
            1.010423,
            5.08691
        ]
    },
    "image_size": [
        870,
        1918
    ],
    "process_time_in_milliseconds": 760
}
