{
    "props": {
        "face_rect": [
            166,
            625,
            556,
            556
        ],
        "kp_eye_left_inner": [
            382,
            766
        ],
        "kp_eye_left_outer": [
            279,
            766
        ],
        "kp_eye_right_inner": [
            513,
            761
        ],
        "kp_eye_right_outer": [
            611,
            756
        ],
        "kp_mouth_left": [
            550,
            1009
        ],
        "kp_mouth_right": [
            340,
            1018
        ],
        "kp_nose_tip": [
            443,
            854
        ],
        "kp_under_lip_bottom": [
            447,
            1051
        ],
        "kp_upper_lip_top": [
            447,
            976
        ],
        "features": [
            3.39557,
            4.579383,
            6.260646,
            -5.445714,
            4.501354,
            1.305928,
            -4.487571,
            1.71112,
            0.044764,
            5.126804,
            -8.028656,
            -8.21683,
            -5.355272,
            7.804331,
            4.781575,
            -11.687731,
            -5.457188,
            3.890805,
            4.31269,
            -0.034244,
            -2.664989,
            3.938537,
            -10.641798,
            -6.678319,
            8.175097,
            2.86226,
            -1.568591,
            0.56711,
            6.786651,
            1.20488,
            -0.119308,
            3.077316,
            -1.458941,
            -2.859969,
            -2.448641,
            3.948379,
            2.962538,
            4.591972,
            -0.488917,
            3.01459,
            -2.891812,
            -6.776097,
            -9.224155,
            3.087873,
            4.638432,
            8.325839,
            4.524734,
            5.290294,
            -7.205543,
            -2.500548,
            5.158773,
            -0.208426,
            2.668623,
            0.931796,
            1.758201,
            2.771539,
            -4.701942,
            0.267702,
            -2.42099,
            1.90032
        ]
    },
    "image_size": [
        870,
        1918
    ],
    "process_time_in_milliseconds": 1130
}
