{
    "props": {
        "face_rect": [
            168,
            642,
            537,
            537
        ],
        "kp_eye_left_inner": [
            373,
            779
        ],
        "kp_eye_left_outer": [
            274,
            783
        ],
        "kp_eye_right_inner": [
            499,
            770
        ],
        "kp_eye_right_outer": [
            594,
            770
        ],
        "kp_mouth_left": [
            540,
            1009
        ],
        "kp_mouth_right": [
            337,
            1022
        ],
        "kp_nose_tip": [
            436,
            860
        ],
        "kp_under_lip_bottom": [
            441,
            1045
        ],
        "kp_upper_lip_top": [
            441,
            977
        ],
        "features": [
            2.881905,
            4.205093,
            6.725173,
            -5.76348,
            4.662515,
            1.586218,
            -5.286022,
            1.385487,
            0.379834,
            6.03176,
            -8.067834,
            -8.21178,
            -3.842801,
            7.112674,
            5.437994,
            -11.031908,
            -5.418635,
            4.167572,
            4.864184,
            0.374842,
            -2.509791,
            3.539382,
            -9.694146,
            -7.043935,
            7.279476,
            2.921042,
            -1.052078,
            0.002705,
            7.03106,
            1.583679,
            -0.354864,
            2.848321,
            -1.954336,
            -2.471954,
            -2.604058,
            3.698478,
            2.876004,
            4.427181,
            -0.863085,
            3.404436,
            -2.76271,
            -5.252155,
            -8.380314,
            3.187882,
            5.438848,
            8.573603,
            5.073263,
            3.828191,
            -7.12582,
            -3.790512,
            5.16896,
            -1.253828,
            1.2069,
            -0.517363,
            0.807852,
            3.313937,
            -3.417123,
            0.627092,
            -2.25903,
            2.584525
        ]
    },
    "image_size": [
        870,
        1918
    ],
    "process_time_in_milliseconds": 752
}
