{
    "props": {
        "face_rect": [
            157,
            649,
            559,
            559
        ],
        "kp_eye_left_inner": [
            373,
            793
        ],
        "kp_eye_left_outer": [
            271,
            798
        ],
        "kp_eye_right_inner": [
            499,
            784
        ],
        "kp_eye_right_outer": [
            601,
            779
        ],
        "kp_mouth_left": [
            541,
            1035
        ],
        "kp_mouth_right": [
            341,
            1045
        ],
        "kp_nose_tip": [
            434,
            891
        ],
        "kp_under_lip_bottom": [
            443,
            1073
        ],
        "kp_upper_lip_top": [
            438,
            993
        ],
        "features": [
            2.101001,
            3.178158,
            6.197529,
            -4.739596,
            5.158069,
            0.975397,
            -4.646276,
            2.425166,
            -1.008209,
            6.465383,
            -8.454594,
            -9.580556,
            -3.855694,
            6.711472,
            4.052279,
            -12.431357,
            -6.353506,
            4.744155,
            3.592346,
            -0.855971,
            -2.477653,
            2.344086,
            -10.051328,
            -9.307424,
            5.954007,
            3.275352,
            -0.462976,
            -0.5549,
            6.048223,
            1.783382,
            0.539523,
            4.331913,
            -2.190621,
            -3.933956,
            -2.227618,
            2.824216,
            2.707983,
            3.546217,
            -0.522407,
            3.54499,
            -2.463423,
            -6.359793,
            -9.452888,
            2.835921,
            5.115276,
            7.896303,
            3.691404,
            3.826292,
            -7.072178,
            -3.652438,
            6.526756,
            -2.326909,
            2.103144,
            -0.247238,
            0.017676,
            3.164887,
            -3.615795,
            0.462398,
            -2.096776,
            2.830425
        ]
    },
    "image_size": [
        870,
        1918
    ],
    "process_time_in_milliseconds": 751
}
