{
    "props": {
        "face_rect": [
            352,
            641,
            515,
            515
        ],
        "kp_eye_left_inner": [
            550,
            761
        ],
        "kp_eye_left_outer": [
            443,
            745
        ],
        "kp_eye_right_inner": [
            673,
            778
        ],
        "kp_eye_right_outer": [
            737,
            788
        ],
        "kp_mouth_left": [
            683,
            1008
        ],
        "kp_mouth_right": [
            496,
            1013
        ],
        "kp_nose_tip": [
            662,
            852
        ],
        "kp_under_lip_bottom": [
            614,
            1040
        ],
        "kp_upper_lip_top": [
            614,
            965
        ],
        "features": [
            2.972353,
            5.246368,
            6.968023,
            -5.900483,
            5.620054,
            0.5216,
            -5.54245,
            0.23478,
            1.058644,
            6.304264,
            -10.477859,
            -8.466831,
            -3.208196,
            6.569002,
            4.381926,
            -10.541273,
            -7.103507,
            3.278827,
            5.033917,
            1.363878,
            -2.200397,
            2.508284,
            -9.443995,
            -7.943387,
            7.670255,
            3.549522,
            0.057193,
            -0.066736,
            6.167933,
            2.635467,
            -0.4034,
            4.549801,
            -0.469779,
            -1.086982,
            -1.769943,
            3.757748,
            2.90165,
            3.137662,
            -0.373884,
            4.324377,
            0.049009,
            -5.684496,
            -9.090006,
            3.098041,
            5.457761,
            10.2785,
            3.309557,
            3.273917,
            -7.738075,
            -5.116733,
            5.564206,
            -3.000042,
            0.777897,
            0.34527,
            -0.37352,
            3.688563,
            -3.936455,
            -0.654201,
            -0.995693,
            2.620589
        ]
    },
    "image_size": [
        870,
        1918
    ],
    "process_time_in_milliseconds": 833
}
