{
    "props": {
        "face_rect": [
            264,
            590,
            376,
            376
        ],
        "kp_eye_left_inner": [
            389,
            673
        ],
        "kp_eye_left_outer": [
            316,
            683
        ],
        "kp_eye_right_inner": [
            517,
            664
        ],
        "kp_eye_right_outer": [
            590,
            673
        ],
        "kp_mouth_left": [
            558,
            838
        ],
        "kp_mouth_right": [
            353,
            838
        ],
        "kp_nose_tip": [
            458,
            664
        ],
        "kp_under_lip_bottom": [
            453,
            833
        ],
        "kp_upper_lip_top": [
            453,
            778
        ],
        "features": [
            3.087158,
            6.058905,
            6.210159,
            -2.421065,
            3.956828,
            0.289457,
            -3.603434,
            1.024992,
            2.558362,
            5.882354,
            -11.536905,
            -5.566149,
            -2.031606,
            4.003669,
            2.31701,
            -9.773973,
            -4.613096,
            1.915593,
            3.870157,
            -0.063408,
            -3.905174,
            4.079894,
            -7.666465,
            -8.101995,
            4.971398,
            5.93402,
            1.398683,
            -0.062014,
            7.032139,
            -0.972903,
            1.395001,
            4.117713,
            1.482758,
            -1.105191,
            -2.034528,
            1.165854,
            2.385834,
            5.065769,
            -3.567482,
            5.744608,
            1.644997,
            -1.85342,
            -6.307912,
            -0.240778,
            5.256974,
            7.485279,
            1.685757,
            -0.431163,
            -3.615754,
            -2.892891,
            4.630951,
            -4.781899,
            0.775737,
            0.643064,
            -3.668199,
            1.841558,
            -0.421344,
            0.301464,
            0.240727,
            4.362078
        ]
    },
    "image_size": [
        870,
        1918
    ],
    "process_time_in_milliseconds": 783
}
