{
    "props": {
        "face_rect": [
            173,
            637,
            502,
            502
        ],
        "kp_eye_left_inner": [
            359,
            712
        ],
        "kp_eye_left_outer": [
            252,
            791
        ],
        "kp_eye_right_inner": [
            500,
            774
        ],
        "kp_eye_right_outer": [
            591,
            791
        ],
        "kp_mouth_left": [
            540,
            994
        ],
        "kp_mouth_right": [
            325,
            994
        ],
        "kp_nose_tip": [
            427,
            780
        ],
        "kp_under_lip_bottom": [
            433,
            994
        ],
        "kp_upper_lip_top": [
            433,
            938
        ],
        "features": [
            2.018787,
            6.242423,
            -1.617304,
            4.383934,
            -1.868048,
            3.818835,
            -2.314172,
            0.544166,
            2.859956,
            -7.484427,
            -1.285375,
            -0.126671,
            2.46349,
            -1.326193,
            1.756736,
            -0.644474,
            -2.388748,
            -1.023053,
            0.555063,
            -1.60713,
            3.006547,
            4.487385,
            -3.223731,
            4.420469,
            -2.063426,
            1.847556,
            -1.517516,
            -1.452098,
            5.631279,
            -5.313639,
            0.635478,
            -5.228588,
            1.344453,
            2.989658,
            0.91925,
            1.604594,
            2.021516,
            0.648829,
            2.952908,
            0.759462,
            1.6099,
            1.556184,
            4.681308,
            -0.578761,
            6.853319,
            -4.281688,
            -2.141656,
            2.701728,
            8.923124,
            1.297459,
            -2.518078,
            5.844558,
            1.218778,
            1.621732,
            -3.838414,
            -2.752422,
            0.617048,
            0.233714,
            1.163312,
            4.23263
        ]
    },
    "image_size": [
        870,
        1918
    ],
    "process_time_in_milliseconds": 751
}
