{
    "props": {
        "face_rect": [
            128,
            890,
            546,
            546
        ],
        "kp_eye_left_inner": [
            351,
            1041
        ],
        "kp_eye_left_outer": [
            248,
            1024
        ],
        "kp_eye_right_inner": [
            493,
            1037
        ],
        "kp_eye_right_outer": [
            592,
            1024
        ],
        "kp_mouth_left": [
            532,
            1269
        ],
        "kp_mouth_right": [
            334,
            1273
        ],
        "kp_nose_tip": [
            424,
            1222
        ],
        "kp_under_lip_bottom": [
            429,
            1316
        ],
        "kp_upper_lip_top": [
            433,
            1282
        ],
        "features": [
            3.298722,
            4.487642,
            -1.172788,
            4.918014,
            -0.786983,
            4.865465,
            -3.411244,
            0.862132,
            5.293088,
            -5.898374,
            -2.731417,
            -2.567117,
            1.612511,
            -5.540522,
            8.386627,
            -2.568552,
            -2.957232,
            -3.593453,
            2.418557,
            0.348749,
            5.497892,
            0.282052,
            0.932028,
            7.59441,
            -1.697856,
            -0.887089,
            -3.267524,
            -1.905391,
            5.829357,
            -6.213119,
            3.667695,
            -3.252157,
            -3.258818,
            4.81329,
            -3.79628,
            1.411512,
            -0.889827,
            2.36796,
            3.207623,
            1.835104,
            -0.094668,
            -5.321652,
            8.198287,
            2.138386,
            8.668618,
            -7.804325,
            -4.116038,
            0.908111,
            3.178586,
            3.993919,
            1.027099,
            6.579247,
            -5.230222,
            0.921085,
            -1.80459,
            -3.522859,
            -3.601443,
            2.306899,
            -0.461942,
            3.374916
        ]
    },
    "image_size": [
        870,
        1918
    ],
    "process_time_in_milliseconds": 814
}
