{
    "props": {
        "face_rect": [
            125,
            771,
            586,
            586
        ],
        "kp_eye_left_inner": [
            344,
            917
        ],
        "kp_eye_left_outer": [
            239,
            917
        ],
        "kp_eye_right_inner": [
            483,
            917
        ],
        "kp_eye_right_outer": [
            589,
            912
        ],
        "kp_mouth_left": [
            522,
            1157
        ],
        "kp_mouth_right": [
            330,
            1167
        ],
        "kp_nose_tip": [
            416,
            1042
        ],
        "kp_under_lip_bottom": [
            431,
            1195
        ],
        "kp_upper_lip_top": [
            426,
            1143
        ],
        "features": [
            5.076965,
            7.122732,
            -0.715811,
            4.856928,
            -0.049039,
            7.489453,
            0.138185,
            1.042038,
            4.65697,
            -7.042493,
            0.015486,
            -2.6863,
            2.106017,
            -4.794587,
            8.415288,
            -3.95481,
            0.499279,
            -0.026107,
            3.00224,
            1.499234,
            3.580907,
            3.563127,
            1.076448,
            5.557772,
            -5.207701,
            0.531626,
            -6.148863,
            -1.085946,
            7.157233,
            -8.666607,
            -0.075046,
            -4.374047,
            -1.129828,
            4.900868,
            -3.393987,
            -0.718641,
            -0.080304,
            3.839082,
            0.077571,
            -1.022326,
            -1.004998,
            -2.408871,
            7.669248,
            -0.037899,
            5.824534,
            -7.047134,
            -4.633112,
            -0.747037,
            6.115352,
            0.585397,
            -0.563361,
            6.615558,
            -4.790501,
            2.757803,
            1.437159,
            -5.094841,
            -1.883259,
            3.610757,
            -1.538625,
            3.258272
        ]
    },
    "image_size": [
        870,
        1918
    ],
    "process_time_in_milliseconds": 743
}
