{
    "props": {
        "face_rect": [
            6,
            757,
            558,
            558
        ],
        "kp_eye_left_inner": [
            221,
            902
        ],
        "kp_eye_left_outer": [
            161,
            902
        ],
        "kp_eye_right_inner": [
            357,
            892
        ],
        "kp_eye_right_outer": [
            472,
            887
        ],
        "kp_mouth_left": [
            402,
            1143
        ],
        "kp_mouth_right": [
            211,
            1138
        ],
        "kp_nose_tip": [
            251,
            997
        ],
        "kp_under_lip_bottom": [
            291,
            1173
        ],
        "kp_upper_lip_top": [
            271,
            1118
        ],
        "features": [
            8.409388,
            10.370051,
            -0.931635,
            4.413234,
            2.741959,
            5.684673,
            0.164065,
            0.200433,
            1.210218,
            -3.86369,
            -5.096354,
            -0.427572,
            3.326385,
            0.624862,
            4.905252,
            -2.71546,
            0.615812,
            -0.531531,
            4.386339,
            1.717238,
            4.527775,
            0.606672,
            -1.217004,
            6.18123,
            -4.374446,
            -0.146717,
            -3.070374,
            -1.231366,
            4.16349,
            -5.781002,
            -1.600396,
            0.126683,
            2.042855,
            4.827931,
            -1.65368,
            -0.742637,
            -0.583787,
            0.864694,
            0.091301,
            0.216677,
            5.247413,
            -2.633905,
            6.381347,
            -1.408758,
            2.931179,
            -2.93458,
            -5.500706,
            -0.728465,
            3.377791,
            1.304059,
            0.091803,
            6.114573,
            -3.26477,
            3.017626,
            0.439218,
            -5.130358,
            -3.975478,
            3.57614,
            -2.346884,
            5.940102
        ]
    },
    "image_size": [
        870,
        1918
    ],
    "process_time_in_milliseconds": 783
}
