{
    "props": {
        "face_rect": [
            189,
            626,
            517,
            517
        ],
        "kp_eye_left_inner": [
            382,
            763
        ],
        "kp_eye_left_outer": [
            285,
            768
        ],
        "kp_eye_right_inner": [
            512,
            754
        ],
        "kp_eye_right_outer": [
            605,
            758
        ],
        "kp_mouth_left": [
            550,
            986
        ],
        "kp_mouth_right": [
            350,
            995
        ],
        "kp_nose_tip": [
            452,
            828
        ],
        "kp_under_lip_bottom": [
            452,
            1014
        ],
        "kp_upper_lip_top": [
            452,
            949
        ],
        "features": [
            3.606621,
            4.513106,
            6.991121,
            -4.558984,
            4.653248,
            1.794059,
            -6.25683,
            1.644046,
            1.191696,
            6.014061,
            -8.031895,
            -8.08836,
            -4.570031,
            7.073167,
            5.704414,
            -12.063132,
            -5.290256,
            4.252429,
            5.000868,
            -1.397224,
            -2.823971,
            3.554315,
            -9.320368,
            -7.496457,
            6.241404,
            3.524603,
            -0.858169,
            -0.297671,
            6.642228,
            1.792157,
            0.031829,
            3.105191,
            -2.320286,
            -3.038189,
            -3.306194,
            3.791561,
            2.860449,
            4.765716,
            -0.36159,
            3.742376,
            -2.470528,
            -5.547181,
            -8.655773,
            3.363254,
            4.977406,
            8.76529,
            4.632842,
            3.93265,
            -6.0435,
            -3.285878,
            6.690856,
            -1.432391,
            0.757324,
            -0.208354,
            0.539184,
            2.913404,
            -2.956508,
            0.662801,
            -1.602459,
            2.80817
        ]
    },
    "image_size": [
        870,
        1918
    ],
    "process_time_in_milliseconds": 783
}
