{
    "props": {
        "face_rect": [
            135,
            854,
            550,
            550
        ],
        "kp_eye_left_inner": [
            349,
            1000
        ],
        "kp_eye_left_outer": [
            242,
            987
        ],
        "kp_eye_right_inner": [
            487,
            995
        ],
        "kp_eye_right_outer": [
            594,
            982
        ],
        "kp_mouth_left": [
            526,
            1232
        ],
        "kp_mouth_right": [
            332,
            1240
        ],
        "kp_nose_tip": [
            422,
            1171
        ],
        "kp_under_lip_bottom": [
            435,
            1279
        ],
        "kp_upper_lip_top": [
            431,
            1240
        ],
        "features": [
            3.612458,
            6.501357,
            -2.106521,
            3.654052,
            -0.969092,
            6.040644,
            -2.74488,
            -1.716022,
            8.698921,
            -5.876597,
            -2.107103,
            -1.915499,
            2.804008,
            -7.307139,
            8.263808,
            -3.662731,
            -1.642369,
            -1.663003,
            2.862813,
            1.762401,
            2.756381,
            2.414562,
            2.112577,
            7.878521,
            -1.83187,
            -0.926677,
            -4.492766,
            0.298791,
            6.010031,
            -8.192774,
            1.314981,
            -2.341646,
            -1.339173,
            4.549871,
            -3.6538,
            1.074642,
            -0.006303,
            2.906841,
            1.6573,
            -0.484977,
            0.065588,
            -4.341825,
            9.07455,
            1.287235,
            5.756363,
            -7.197801,
            -4.172157,
            0.37599,
            5.176369,
            1.651613,
            -0.022361,
            7.312175,
            -6.597661,
            2.673019,
            0.930147,
            -3.35901,
            -3.530045,
            2.188748,
            -0.455596,
            2.155764
        ]
    },
    "image_size": [
        870,
        1918
    ],
    "process_time_in_milliseconds": 838
}
