{
    "props": {
        "face_rect": [
            175,
            626,
            548,
            548
        ],
        "kp_eye_left_inner": [
            383,
            762
        ],
        "kp_eye_left_outer": [
            289,
            767
        ],
        "kp_eye_right_inner": [
            515,
            757
        ],
        "kp_eye_right_outer": [
            619,
            757
        ],
        "kp_mouth_left": [
            548,
            1012
        ],
        "kp_mouth_right": [
            346,
            1016
        ],
        "kp_nose_tip": [
            449,
            856
        ],
        "kp_under_lip_bottom": [
            449,
            1044
        ],
        "kp_upper_lip_top": [
            454,
            969
        ],
        "features": [
            2.722021,
            4.283726,
            6.738126,
            -5.618468,
            5.147351,
            0.938576,
            -4.751332,
            2.041731,
            0.838243,
            5.546544,
            -8.414778,
            -8.352553,
            -5.001141,
            7.001449,
            5.375301,
            -11.407698,
            -5.336159,
            4.052824,
            4.707402,
            -0.082403,
            -2.499897,
            3.359736,
            -10.320769,
            -5.944379,
            8.438565,
            2.70706,
            -1.636338,
            0.686158,
            6.303285,
            1.070442,
            -0.202554,
            3.383633,
            -1.54318,
            -2.551833,
            -2.733966,
            4.347405,
            3.401161,
            4.84822,
            -1.351651,
            3.20246,
            -2.677107,
            -5.91381,
            -8.613336,
            2.615305,
            4.479646,
            8.204329,
            4.747785,
            4.562618,
            -7.586465,
            -2.376367,
            4.732678,
            -0.799205,
            2.089685,
            0.079565,
            1.773573,
            2.793824,
            -4.175267,
            0.469064,
            -2.85497,
            2.065087
        ]
    },
    "image_size": [
        870,
        1918
    ],
    "process_time_in_milliseconds": 1064
}
