{
    "props": {
        "face_rect": [
            116,
            769,
            596,
            596
        ],
        "kp_eye_left_inner": [
            341,
            919
        ],
        "kp_eye_left_outer": [
            237,
            919
        ],
        "kp_eye_right_inner": [
            478,
            914
        ],
        "kp_eye_right_outer": [
            582,
            909
        ],
        "kp_mouth_left": [
            523,
            1160
        ],
        "kp_mouth_right": [
            326,
            1175
        ],
        "kp_nose_tip": [
            414,
            1047
        ],
        "kp_under_lip_bottom": [
            429,
            1204
        ],
        "kp_upper_lip_top": [
            419,
            1145
        ],
        "features": [
            4.805677,
            6.902151,
            -2.31959,
            4.35624,
            -0.604026,
            7.643573,
            0.895074,
            -0.740345,
            5.282828,
            -7.890469,
            0.883972,
            -2.804255,
            1.987395,
            -5.212004,
            8.295939,
            -3.707777,
            -0.520489,
            -0.847845,
            3.234628,
            2.503769,
            4.15725,
            3.220636,
            0.191304,
            6.745241,
            -4.295904,
            0.481428,
            -6.747025,
            -1.440944,
            6.875542,
            -8.551345,
            0.650817,
            -5.485329,
            -1.819822,
            4.385728,
            -2.128153,
            0.583964,
            0.630644,
            2.580583,
            -0.155365,
            -1.934705,
            -1.71016,
            -2.816039,
            7.760591,
            -0.419744,
            5.52562,
            -7.773434,
            -4.096183,
            0.47908,
            5.657701,
            0.876529,
            -1.443528,
            6.873599,
            -4.27275,
            2.611154,
            1.52834,
            -4.832462,
            -3.754326,
            4.557367,
            -1.486571,
            3.971132
        ]
    },
    "image_size": [
        870,
        1918
    ],
    "process_time_in_milliseconds": 804
}
