{
    "props": {
        "face_rect": [
            220,
            596,
            455,
            455
        ],
        "kp_eye_left_inner": [
            386,
            720
        ],
        "kp_eye_left_outer": [
            292,
            730
        ],
        "kp_eye_right_inner": [
            501,
            715
        ],
        "kp_eye_right_outer": [
            600,
            725
        ],
        "kp_mouth_left": [
            545,
            919
        ],
        "kp_mouth_right": [
            346,
            929
        ],
        "kp_nose_tip": [
            451,
            755
        ],
        "kp_under_lip_bottom": [
            451,
            939
        ],
        "kp_upper_lip_top": [
            456,
            869
        ],
        "features": [
            1.579044,
            4.668359,
            7.396316,
            -6.92508,
            3.138637,
            0.420106,
            -4.505628,
            1.002554,
            2.903324,
            5.342335,
            -8.32291,
            -6.490427,
            -2.759507,
            6.127527,
            6.76429,
            -10.649617,
            -6.38717,
            1.888267,
            6.677373,
            0.079325,
            -4.604375,
            4.255415,
            -9.081212,
            -7.994947,
            8.618303,
            3.166018,
            0.029168,
            -0.109661,
            8.151498,
            1.898546,
            0.53479,
            2.27709,
            -2.729275,
            -1.891047,
            -3.233311,
            2.966758,
            2.333649,
            5.256975,
            -1.924819,
            4.620923,
            -1.966977,
            -5.118761,
            -6.264706,
            1.51865,
            5.64958,
            8.535872,
            4.846652,
            2.424302,
            -7.91371,
            -3.742265,
            4.774603,
            -2.872822,
            0.036976,
            0.750839,
            -1.54596,
            2.184164,
            -1.605593,
            -0.483595,
            -2.031719,
            2.655772
        ]
    },
    "image_size": [
        870,
        1918
    ],
    "process_time_in_milliseconds": 731
}
