{
    "props": {
        "face_rect": [
            176,
            656,
            503,
            503
        ],
        "kp_eye_left_inner": [
            356,
            783
        ],
        "kp_eye_left_outer": [
            251,
            794
        ],
        "kp_eye_right_inner": [
            500,
            783
        ],
        "kp_eye_right_outer": [
            594,
            794
        ],
        "kp_mouth_left": [
            544,
            1004
        ],
        "kp_mouth_right": [
            329,
            1004
        ],
        "kp_nose_tip": [
            423,
            794
        ],
        "kp_under_lip_bottom": [
            439,
            1015
        ],
        "kp_upper_lip_top": [
            434,
            949
        ],
        "features": [
            2.74004,
            5.494667,
            -3.349579,
            5.107933,
            -2.591026,
            4.27857,
            -1.090044,
            -1.883778,
            1.562582,
            -8.465054,
            -0.076952,
            0.776069,
            2.845364,
            -3.055231,
            0.9696,
            1.316458,
            -2.677435,
            -1.540461,
            -0.955221,
            0.234696,
            4.829932,
            1.775552,
            -0.626994,
            4.053254,
            -2.883564,
            1.983427,
            -1.171268,
            -2.497909,
            4.242803,
            -4.391913,
            2.808998,
            -5.19973,
            1.927493,
            2.262124,
            -0.363142,
            1.161064,
            0.210136,
            0.392201,
            0.33959,
            0.228816,
            2.661563,
            2.736035,
            3.184405,
            -0.642834,
            6.399845,
            -2.941823,
            -2.276838,
            4.081708,
            7.938255,
            1.464601,
            -2.601342,
            6.383982,
            0.219086,
            0.831179,
            -3.839712,
            -3.291967,
            -2.068626,
            1.721604,
            2.217386,
            5.728075
        ]
    },
    "image_size": [
        870,
        1918
    ],
    "process_time_in_milliseconds": 838
}
