{
    "props": {
        "face_rect": [
            112,
            455,
            322,
            322
        ],
        "kp_eye_left_inner": [
            244,
            551
        ],
        "kp_eye_left_outer": [
            202,
            557
        ],
        "kp_eye_right_inner": [
            329,
            544
        ],
        "kp_eye_right_outer": [
            387,
            547
        ],
        "kp_mouth_left": [
            322,
            687
        ],
        "kp_mouth_right": [
            208,
            684
        ],
        "kp_nose_tip": [
            270,
            570
        ],
        "kp_under_lip_bottom": [
            257,
            697
        ],
        "kp_upper_lip_top": [
            257,
            645
        ],
        "features": [
            3.173864,
            9.131392,
            0.884866,
            0.908527,
            7.033667,
            -6.332576,
            0.067091,
            0.907375,
            4.390867,
            -7.140607,
            4.962704,
            -2.801762,
            8.621314,
            -0.271928,
            1.080692,
            -1.122202,
            0.626467,
            6.322716,
            -5.140852,
            6.088045,
            6.022826,
            -6.454293,
            11.205192,
            2.687236,
            -3.473274,
            2.255188,
            -7.790331,
            3.055537,
            -2.463428,
            -1.41941,
            -2.119826,
            4.668307,
            -2.46543,
            5.972783,
            -3.831381,
            2.435624,
            0.039375,
            -2.689234,
            0.186127,
            -5.322096,
            3.688806,
            -2.085046,
            -0.783481,
            -2.14622,
            10.557321,
            -1.731071,
            -1.019315,
            -1.608752,
            0.3156,
            0.725124,
            4.386344,
            12.469755,
            1.874751,
            6.543095,
            -1.563172,
            -2.634737,
            -2.306459,
            2.118181,
            -0.245162,
            3.027368
        ]
    },
    "image_size": [
        720,
        1280
    ],
    "process_time_in_milliseconds": 750
}
