{
    "props": {
        "face_rect": [
            138,
            630,
            545,
            545
        ],
        "kp_eye_left_inner": [
            348,
            769
        ],
        "kp_eye_left_outer": [
            253,
            774
        ],
        "kp_eye_right_inner": [
            479,
            760
        ],
        "kp_eye_right_outer": [
            579,
            755
        ],
        "kp_mouth_left": [
            511,
            1009
        ],
        "kp_mouth_right": [
            316,
            1014
        ],
        "kp_nose_tip": [
            402,
            855
        ],
        "kp_under_lip_bottom": [
            412,
            1045
        ],
        "kp_upper_lip_top": [
            412,
            973
        ],
        "features": [
            2.227292,
            4.261542,
            6.966227,
            -5.427184,
            4.617587,
            1.509295,
            -4.959352,
            2.513753,
            0.195674,
            5.793183,
            -8.807684,
            -8.904072,
            -3.854172,
            7.14263,
            5.613652,
            -11.893073,
            -5.936602,
            4.312632,
            4.547008,
            -0.957422,
            -2.203908,
            2.784263,
            -10.179731,
            -6.90404,
            6.728459,
            3.171167,
            -1.478979,
            -0.301063,
            6.573773,
            1.119047,
            -0.268065,
            3.91212,
            -2.003819,
            -3.200507,
            -2.513023,
            3.828593,
            2.996408,
            4.489539,
            -0.833812,
            3.648149,
            -2.502215,
            -6.532638,
            -8.394686,
            2.474908,
            5.40229,
            7.691551,
            4.485154,
            3.876381,
            -7.365254,
            -3.330843,
            5.543921,
            -1.598491,
            1.941442,
            -0.160991,
            0.685388,
            2.609321,
            -3.914342,
            1.53527,
            -2.244382,
            2.397426
        ]
    },
    "image_size": [
        870,
        1918
    ],
    "process_time_in_milliseconds": 731
}
