{
    "props": {
        "face_rect": [
            313,
            763,
            593,
            593
        ],
        "kp_eye_left_inner": [
            567,
            904
        ],
        "kp_eye_left_outer": [
            446,
            882
        ],
        "kp_eye_right_inner": [
            705,
            937
        ],
        "kp_eye_right_outer": [
            755,
            937
        ],
        "kp_mouth_left": [
            689,
            1158
        ],
        "kp_mouth_right": [
            512,
            1152
        ],
        "kp_nose_tip": [
            672,
            1025
        ],
        "kp_under_lip_bottom": [
            606,
            1202
        ],
        "kp_upper_lip_top": [
            617,
            1141
        ],
        "features": [
            8.025652,
            8.702779,
            -2.861387,
            2.478164,
            -0.065116,
            8.316268,
            0.786137,
            -1.362812,
            4.272421,
            -5.276429,
            -2.154644,
            -0.32159,
            2.035296,
            -4.157891,
            6.105585,
            -0.504286,
            -0.962763,
            -0.932337,
            3.156483,
            2.696147,
            4.262802,
            -0.752029,
            0.342315,
            7.501894,
            -3.816113,
            -0.755877,
            -4.31684,
            -1.182547,
            5.161864,
            -7.3554,
            1.102072,
            -4.056989,
            -1.120389,
            4.132551,
            -1.430919,
            0.399805,
            0.546132,
            2.591843,
            -0.126231,
            -0.069185,
            2.410669,
            -2.121035,
            6.872248,
            -0.235048,
            3.389092,
            -4.35826,
            -3.359723,
            0.016581,
            5.030203,
            -0.188517,
            0.348009,
            6.111256,
            -3.949657,
            2.545129,
            -1.575112,
            -4.344445,
            -3.610839,
            3.029664,
            -3.150465,
            6.813973
        ]
    },
    "image_size": [
        870,
        1918
    ],
    "process_time_in_milliseconds": 810
}
