{
    "props": {
        "face_rect": [
            239,
            587,
            421,
            421
        ],
        "kp_eye_left_inner": [
            392,
            704
        ],
        "kp_eye_left_outer": [
            302,
            714
        ],
        "kp_eye_right_inner": [
            506,
            694
        ],
        "kp_eye_right_outer": [
            596,
            709
        ],
        "kp_mouth_left": [
            556,
            893
        ],
        "kp_mouth_right": [
            352,
            898
        ],
        "kp_nose_tip": [
            451,
            724
        ],
        "kp_under_lip_bottom": [
            451,
            903
        ],
        "kp_upper_lip_top": [
            456,
            839
        ],
        "features": [
            2.1457,
            5.156537,
            7.728012,
            -6.066138,
            2.494115,
            -1.654855,
            -3.367803,
            0.356935,
            3.840812,
            4.901844,
            -8.745224,
            -4.99231,
            -0.646381,
            6.22427,
            5.264839,
            -10.131898,
            -6.379683,
            1.985203,
            6.310694,
            2.166467,
            -5.277805,
            4.171153,
            -9.684554,
            -9.00626,
            8.425131,
            1.660217,
            0.98503,
            -0.48909,
            6.368447,
            2.402421,
            1.31635,
            2.283598,
            -1.637184,
            -0.897525,
            -3.778213,
            2.574368,
            3.392518,
            4.02672,
            -2.491524,
            4.962492,
            0.203299,
            -2.772572,
            -5.488503,
            0.68473,
            5.916143,
            8.663445,
            4.393356,
            1.289056,
            -6.514247,
            -4.267427,
            5.362534,
            -2.864131,
            0.495753,
            0.248942,
            -1.783751,
            2.209543,
            -0.438864,
            -0.873299,
            -1.476577,
            2.475521
        ]
    },
    "image_size": [
        870,
        1918
    ],
    "process_time_in_milliseconds": 844
}
