{
    "props": {
        "face_rect": [
            15,
            757,
            558,
            558
        ],
        "kp_eye_left_inner": [
            234,
            900
        ],
        "kp_eye_left_outer": [
            161,
            905
        ],
        "kp_eye_right_inner": [
            366,
            890
        ],
        "kp_eye_right_outer": [
            483,
            885
        ],
        "kp_mouth_left": [
            410,
            1139
        ],
        "kp_mouth_right": [
            220,
            1139
        ],
        "kp_nose_tip": [
            264,
            998
        ],
        "kp_under_lip_bottom": [
            298,
            1173
        ],
        "kp_upper_lip_top": [
            283,
            1115
        ],
        "features": [
            8.339913,
            9.942868,
            -1.483855,
            4.698536,
            1.829316,
            6.254564,
            1.256575,
            0.84857,
            1.585318,
            -5.038303,
            -4.19816,
            -1.913087,
            2.969029,
            0.332641,
            5.922796,
            -2.878912,
            0.742429,
            -0.044015,
            4.751237,
            1.136586,
            4.427044,
            0.793041,
            -0.452156,
            5.943033,
            -4.782925,
            -0.331376,
            -4.142579,
            -1.644906,
            4.292834,
            -6.037581,
            -1.943595,
            -0.891857,
            1.077262,
            4.808684,
            -2.023609,
            0.137617,
            -0.590641,
            0.869818,
            0.406346,
            -0.640774,
            4.190425,
            -2.845839,
            6.906665,
            -1.121141,
            3.619231,
            -3.450946,
            -5.802914,
            -0.834054,
            3.872036,
            0.629221,
            -0.219575,
            5.901388,
            -3.274251,
            3.625835,
            1.52744,
            -5.916732,
            -2.75891,
            3.55794,
            -3.072553,
            6.082207
        ]
    },
    "image_size": [
        870,
        1918
    ],
    "process_time_in_milliseconds": 952
}
