{
    "props": {
        "face_rect": [
            208,
            480,
            404,
            404
        ],
        "kp_eye_left_inner": [
            365,
            590
        ],
        "kp_eye_left_outer": [
            293,
            597
        ],
        "kp_eye_right_inner": [
            451,
            587
        ],
        "kp_eye_right_outer": [
            508,
            587
        ],
        "kp_mouth_left": [
            486,
            748
        ],
        "kp_mouth_right": [
            375,
            758
        ],
        "kp_nose_tip": [
            441,
            654
        ],
        "kp_under_lip_bottom": [
            441,
            774
        ],
        "kp_upper_lip_top": [
            438,
            726
        ],
        "features": [
            1.934077,
            8.893237,
            -1.189209,
            -2.828087,
            4.330028,
            -3.411966,
            -0.914463,
            3.077519,
            6.199578,
            -8.251601,
            3.603145,
            -3.829144,
            6.931233,
            -1.998402,
            4.485986,
            -3.148635,
            -1.348738,
            7.829646,
            -7.059106,
            3.991617,
            6.145406,
            -7.250655,
            7.73205,
            1.455621,
            -1.638518,
            -0.857589,
            -8.743785,
            3.695399,
            -0.889119,
            -4.790857,
            0.31488,
            3.060478,
            -2.382824,
            1.70987,
            -4.074508,
            3.304367,
            1.702299,
            -0.120008,
            -2.643266,
            -5.145368,
            1.34813,
            0.245177,
            -0.784461,
            -1.285823,
            7.753998,
            -3.389028,
            -1.172024,
            -0.055163,
            1.965833,
            -1.151056,
            5.371266,
            12.44906,
            2.504997,
            3.99426,
            -0.434408,
            -3.721967,
            -2.573793,
            -0.394257,
            -1.112815,
            1.553866
        ]
    },
    "image_size": [
        720,
        1280
    ],
    "process_time_in_milliseconds": 701
}
