{
    "props": {
        "face_rect": [
            138,
            695,
            603,
            603
        ],
        "kp_eye_left_inner": [
            375,
            845
        ],
        "kp_eye_left_outer": [
            265,
            845
        ],
        "kp_eye_right_inner": [
            505,
            840
        ],
        "kp_eye_right_outer": [
            610,
            825
        ],
        "kp_mouth_left": [
            545,
            1100
        ],
        "kp_mouth_right": [
            340,
            1110
        ],
        "kp_nose_tip": [
            440,
            980
        ],
        "kp_under_lip_bottom": [
            445,
            1145
        ],
        "kp_upper_lip_top": [
            440,
            1075
        ],
        "features": [
            1.250688,
            2.026114,
            5.666413,
            -4.74493,
            5.022621,
            0.955723,
            -4.897425,
            3.802451,
            -2.645716,
            7.268996,
            -8.329509,
            -7.287527,
            -4.668618,
            6.974072,
            4.005561,
            -11.457222,
            -5.626731,
            4.779118,
            2.748095,
            -0.097482,
            -0.077751,
            1.432935,
            -10.508968,
            -8.684907,
            5.556832,
            2.108531,
            0.705323,
            -1.938975,
            5.925931,
            2.635967,
            0.952358,
            3.444983,
            -3.058952,
            -2.603388,
            -1.573288,
            1.797812,
            2.553582,
            3.036193,
            2.120654,
            4.49689,
            -2.288664,
            -7.334041,
            -8.350591,
            4.494812,
            6.446483,
            5.633922,
            3.631124,
            4.06875,
            -7.169752,
            -4.195468,
            5.762389,
            -3.370925,
            1.982503,
            -0.591219,
            -1.07206,
            4.735047,
            -3.321384,
            0.600175,
            -2.00305,
            1.336433
        ]
    },
    "image_size": [
        870,
        1918
    ],
    "process_time_in_milliseconds": 749
}
