{
    "props": {
        "face_rect": [
            156,
            651,
            562,
            562
        ],
        "kp_eye_left_inner": [
            371,
            792
        ],
        "kp_eye_left_outer": [
            269,
            797
        ],
        "kp_eye_right_inner": [
            505,
            787
        ],
        "kp_eye_right_outer": [
            607,
            783
        ],
        "kp_mouth_left": [
            543,
            1038
        ],
        "kp_mouth_right": [
            338,
            1047
        ],
        "kp_nose_tip": [
            436,
            894
        ],
        "kp_under_lip_bottom": [
            440,
            1075
        ],
        "kp_upper_lip_top": [
            440,
            1001
        ],
        "features": [
            2.389572,
            4.343721,
            6.476521,
            -5.208829,
            4.458277,
            0.93062,
            -5.349246,
            2.363042,
            -0.719799,
            5.372777,
            -7.365539,
            -8.280729,
            -3.554053,
            7.94992,
            5.333994,
            -11.370348,
            -5.322654,
            4.246497,
            3.649055,
            0.426684,
            -1.688078,
            2.594013,
            -11.079643,
            -7.914774,
            5.749117,
            1.96305,
            -1.343018,
            -0.625786,
            7.173934,
            1.684902,
            0.280023,
            3.015034,
            -2.583479,
            -3.121921,
            -1.999019,
            3.302549,
            3.070503,
            3.734854,
            -0.301626,
            2.958455,
            -2.639968,
            -5.928131,
            -9.185071,
            3.008433,
            5.288723,
            7.281742,
            4.370502,
            3.652982,
            -7.190347,
            -3.498986,
            6.252131,
            -0.94351,
            1.85681,
            -0.991125,
            0.478572,
            3.245904,
            -3.663337,
            1.046949,
            -1.733064,
            1.883343
        ]
    },
    "image_size": [
        870,
        1918
    ],
    "process_time_in_milliseconds": 760
}
