{
    "props": {
        "face_rect": [
            183,
            655,
            478,
            478
        ],
        "kp_eye_left_inner": [
            350,
            756
        ],
        "kp_eye_left_outer": [
            256,
            797
        ],
        "kp_eye_right_inner": [
            495,
            776
        ],
        "kp_eye_right_outer": [
            578,
            792
        ],
        "kp_mouth_left": [
            531,
            984
        ],
        "kp_mouth_right": [
            319,
            989
        ],
        "kp_nose_tip": [
            417,
            787
        ],
        "kp_under_lip_bottom": [
            433,
            999
        ],
        "kp_upper_lip_top": [
            427,
            932
        ],
        "features": [
            3.512933,
            6.272498,
            -2.521928,
            2.978207,
            -1.612983,
            5.352066,
            -2.7288,
            0.64106,
            1.493927,
            -7.789097,
            -3.404463,
            0.118948,
            2.53744,
            -2.195162,
            5.055975,
            1.196009,
            -4.200078,
            -0.883659,
            0.471749,
            -1.285809,
            5.445345,
            1.694504,
            -2.331578,
            4.788819,
            -0.808078,
            1.496674,
            -0.273475,
            -3.856054,
            5.726657,
            -4.304392,
            3.634349,
            -5.849477,
            -0.128993,
            3.572924,
            -1.799188,
            1.074566,
            -0.503464,
            1.388217,
            3.624506,
            2.056283,
            2.837775,
            0.689232,
            3.43785,
            0.826559,
            5.964375,
            -2.856994,
            -2.03482,
            4.242022,
            6.264523,
            0.682694,
            -1.366983,
            7.388366,
            0.390143,
            -0.313234,
            -4.821234,
            -2.864135,
            -1.556574,
            1.128264,
            -0.970973,
            6.798421
        ]
    },
    "image_size": [
        870,
        1918
    ],
    "process_time_in_milliseconds": 778
}
