{
    "props": {
        "face_rect": [
            132,
            753,
            566,
            566
        ],
        "kp_eye_left_inner": [
            345,
            895
        ],
        "kp_eye_left_outer": [
            243,
            900
        ],
        "kp_eye_right_inner": [
            481,
            895
        ],
        "kp_eye_right_outer": [
            583,
            890
        ],
        "kp_mouth_left": [
            520,
            1133
        ],
        "kp_mouth_right": [
            330,
            1143
        ],
        "kp_nose_tip": [
            413,
            1002
        ],
        "kp_under_lip_bottom": [
            427,
            1172
        ],
        "kp_upper_lip_top": [
            418,
            1109
        ],
        "features": [
            4.77472,
            7.113644,
            -1.620422,
            4.908137,
            -0.321699,
            7.301204,
            -0.083501,
            1.062106,
            4.35101,
            -7.765557,
            0.410237,
            -3.457708,
            2.511107,
            -4.629919,
            8.938213,
            -4.210723,
            -0.049224,
            -0.027728,
            2.090291,
            1.271585,
            3.715931,
            2.748736,
            1.0115,
            4.878241,
            -5.875419,
            0.70671,
            -5.75347,
            -0.802031,
            7.291803,
            -8.612559,
            0.208339,
            -3.266787,
            -1.086254,
            4.855793,
            -3.267418,
            -0.019581,
            -0.909847,
            4.130674,
            0.25735,
            -1.868165,
            -0.512166,
            -2.556084,
            6.70856,
            -0.753056,
            5.547104,
            -7.173861,
            -4.550047,
            -0.436862,
            6.313462,
            -0.424168,
            -0.091759,
            6.459132,
            -4.926936,
            3.036963,
            0.94167,
            -4.752253,
            -1.391588,
            3.173597,
            -1.216325,
            4.442376
        ]
    },
    "image_size": [
        870,
        1918
    ],
    "process_time_in_milliseconds": 802
}
