{
    "props": {
        "face_rect": [
            23,
            755,
            565,
            565
        ],
        "kp_eye_left_inner": [
            248,
            897
        ],
        "kp_eye_left_outer": [
            168,
            907
        ],
        "kp_eye_right_inner": [
            378,
            892
        ],
        "kp_eye_right_outer": [
            493,
            882
        ],
        "kp_mouth_left": [
            418,
            1142
        ],
        "kp_mouth_right": [
            228,
            1137
        ],
        "kp_nose_tip": [
            278,
            997
        ],
        "kp_under_lip_bottom": [
            308,
            1177
        ],
        "kp_upper_lip_top": [
            293,
            1122
        ],
        "features": [
            7.663139,
            9.427299,
            -1.684714,
            4.619568,
            1.503802,
            6.688713,
            1.097016,
            1.54905,
            2.152481,
            -5.322752,
            -3.525555,
            -1.858246,
            2.152081,
            -1.492933,
            6.11498,
            -3.257928,
            0.907786,
            0.454677,
            3.923731,
            0.852788,
            4.194898,
            1.082971,
            -0.4569,
            6.65752,
            -4.627729,
            0.117492,
            -5.157256,
            -1.458106,
            4.882258,
            -7.518329,
            -2.370712,
            -1.391986,
            1.074569,
            4.826168,
            -1.714575,
            0.180227,
            -0.053779,
            2.124382,
            0.28369,
            -0.770087,
            3.002277,
            -3.131941,
            6.954716,
            -1.205862,
            3.20042,
            -4.682224,
            -5.58688,
            -0.422016,
            4.602294,
            0.633065,
            -1.218582,
            5.786964,
            -3.15941,
            3.975542,
            1.742896,
            -5.856627,
            -2.513301,
            3.470376,
            -3.505995,
            5.55092
        ]
    },
    "image_size": [
        870,
        1918
    ],
    "process_time_in_milliseconds": 775
}
