{
    "props": {
        "face_rect": [
            101,
            766,
            577,
            577
        ],
        "kp_eye_left_inner": [
            318,
            912
        ],
        "kp_eye_left_outer": [
            224,
            922
        ],
        "kp_eye_right_inner": [
            457,
            902
        ],
        "kp_eye_right_outer": [
            561,
            902
        ],
        "kp_mouth_left": [
            502,
            1146
        ],
        "kp_mouth_right": [
            303,
            1161
        ],
        "kp_nose_tip": [
            373,
            1027
        ],
        "kp_under_lip_bottom": [
            402,
            1191
        ],
        "kp_upper_lip_top": [
            392,
            1131
        ],
        "features": [
            4.884404,
            6.621801,
            -2.064531,
            4.275138,
            0.44838,
            7.640896,
            1.753225,
            0.694847,
            4.20943,
            -7.784035,
            -0.769494,
            -3.09901,
            1.815009,
            -3.89291,
            7.623397,
            -4.152607,
            -0.213986,
            -1.582404,
            2.13498,
            1.036637,
            4.363495,
            3.785932,
            0.248999,
            6.846117,
            -4.117949,
            1.774657,
            -6.646791,
            -1.580719,
            6.086398,
            -8.320128,
            0.090566,
            -4.945328,
            -1.170525,
            4.26728,
            -1.55948,
            0.091524,
            0.698828,
            1.574142,
            0.031412,
            -1.497139,
            -1.802764,
            -2.497725,
            8.007849,
            0.165572,
            5.397633,
            -7.262197,
            -4.85737,
            -0.027594,
            5.833257,
            0.279799,
            -2.189523,
            5.917501,
            -2.616019,
            2.321042,
            0.899776,
            -4.639923,
            -3.570388,
            4.523928,
            -1.612001,
            4.552372
        ]
    },
    "image_size": [
        870,
        1918
    ],
    "process_time_in_milliseconds": 751
}
