{
    "props": {
        "face_rect": [
            135,
            912,
            535,
            535
        ],
        "kp_eye_left_inner": [
            354,
            1057
        ],
        "kp_eye_left_outer": [
            248,
            1044
        ],
        "kp_eye_right_inner": [
            493,
            1061
        ],
        "kp_eye_right_outer": [
            594,
            1044
        ],
        "kp_mouth_left": [
            522,
            1284
        ],
        "kp_mouth_right": [
            337,
            1289
        ],
        "kp_nose_tip": [
            425,
            1242
        ],
        "kp_under_lip_bottom": [
            429,
            1327
        ],
        "kp_upper_lip_top": [
            429,
            1297
        ],
        "features": [
            3.647726,
            3.599567,
            -0.968853,
            5.715655,
            -1.333539,
            3.872223,
            -4.513611,
            2.992098,
            4.994204,
            -5.000039,
            -3.449864,
            -1.937234,
            0.98536,
            -6.880242,
            8.194758,
            -3.015909,
            -3.186502,
            -3.21584,
            1.844522,
            -1.277834,
            5.325165,
            -1.956032,
            0.652742,
            6.938964,
            -1.805579,
            -1.28693,
            -2.361906,
            -3.205684,
            5.361209,
            -5.92155,
            3.248832,
            -2.50716,
            -3.952318,
            4.720793,
            -4.048867,
            2.117977,
            -1.282336,
            3.512399,
            4.902331,
            3.438333,
            0.397106,
            -6.971106,
            7.564613,
            2.037524,
            7.988798,
            -8.093069,
            -4.419983,
            0.877808,
            3.398072,
            4.254047,
            1.539718,
            5.360104,
            -5.330435,
            1.298958,
            -2.61586,
            -3.401393,
            -1.610728,
            1.279015,
            -1.962527,
            4.059505
        ]
    },
    "image_size": [
        870,
        1918
    ],
    "process_time_in_milliseconds": 837
}
