{
    "props": {
        "face_rect": [
            171,
            763,
            569,
            569
        ],
        "kp_eye_left_inner": [
            390,
            899
        ],
        "kp_eye_left_outer": [
            279,
            899
        ],
        "kp_eye_right_inner": [
            525,
            899
        ],
        "kp_eye_right_outer": [
            626,
            904
        ],
        "kp_mouth_left": [
            561,
            1140
        ],
        "kp_mouth_right": [
            360,
            1145
        ],
        "kp_nose_tip": [
            455,
            1020
        ],
        "kp_under_lip_bottom": [
            465,
            1186
        ],
        "kp_upper_lip_top": [
            460,
            1120
        ],
        "features": [
            5.558716,
            6.619359,
            -2.293158,
            4.478208,
            -0.043947,
            7.228077,
            0.917176,
            0.231993,
            5.321113,
            -6.818655,
            -0.777458,
            -2.452278,
            0.894402,
            -4.372459,
            8.587037,
            -4.379934,
            -0.897842,
            -0.507235,
            3.016135,
            1.374258,
            4.183967,
            2.924685,
            1.043278,
            6.952499,
            -3.828095,
            1.2466,
            -5.47365,
            -1.304584,
            6.325963,
            -8.573067,
            1.099498,
            -4.803936,
            -2.070954,
            4.546599,
            -2.463476,
            0.790818,
            0.176715,
            3.425575,
            0.057836,
            -0.529775,
            -1.187827,
            -3.293068,
            7.569909,
            -0.624168,
            5.706014,
            -7.739582,
            -3.667574,
            -0.37995,
            5.356384,
            1.026909,
            -0.269186,
            5.955451,
            -4.089933,
            3.697701,
            0.796356,
            -4.67409,
            -2.703059,
            4.505108,
            -1.996175,
            4.611582
        ]
    },
    "image_size": [
        870,
        1918
    ],
    "process_time_in_milliseconds": 805
}
