{
    "props": {
        "face_rect": [
            0,
            755,
            564,
            564
        ],
        "kp_eye_left_inner": [
            221,
            898
        ],
        "kp_eye_left_outer": [
            161,
            903
        ],
        "kp_eye_right_inner": [
            352,
            893
        ],
        "kp_eye_right_outer": [
            473,
            888
        ],
        "kp_mouth_left": [
            393,
            1140
        ],
        "kp_mouth_right": [
            211,
            1140
        ],
        "kp_nose_tip": [
            246,
            999
        ],
        "kp_under_lip_bottom": [
            287,
            1175
        ],
        "kp_upper_lip_top": [
            267,
            1120
        ],
        "features": [
            7.837018,
            10.457942,
            -0.846364,
            4.747092,
            3.037943,
            5.693216,
            0.643128,
            0.39807,
            1.549398,
            -3.741469,
            -5.2694,
            -0.74022,
            3.39937,
            0.674089,
            4.652182,
            -2.752785,
            0.233373,
            -0.516886,
            4.325084,
            1.57414,
            4.203351,
            0.822201,
            -1.681554,
            5.761728,
            -4.179797,
            -0.25965,
            -2.809186,
            -1.096052,
            3.891981,
            -5.748124,
            -1.708075,
            0.670362,
            2.310564,
            4.686174,
            -1.647242,
            -1.19559,
            -0.740891,
            0.281314,
            0.846294,
            0.237731,
            5.596648,
            -3.073626,
            6.424728,
            -1.005629,
            2.856271,
            -2.75516,
            -5.980366,
            -1.332692,
            2.912805,
            1.221837,
            -0.135008,
            5.860808,
            -3.086701,
            3.276525,
            0.586051,
            -5.067423,
            -4.059272,
            3.216386,
            -2.243731,
            5.193
        ]
    },
    "image_size": [
        870,
        1918
    ],
    "process_time_in_milliseconds": 831
}
