{
    "props": {
        "face_rect": [
            138,
            914,
            534,
            534
        ],
        "kp_eye_left_inner": [
            354,
            1062
        ],
        "kp_eye_left_outer": [
            252,
            1045
        ],
        "kp_eye_right_inner": [
            498,
            1058
        ],
        "kp_eye_right_outer": [
            595,
            1050
        ],
        "kp_mouth_left": [
            523,
            1283
        ],
        "kp_mouth_right": [
            341,
            1291
        ],
        "kp_nose_tip": [
            426,
            1240
        ],
        "kp_under_lip_bottom": [
            430,
            1329
        ],
        "kp_upper_lip_top": [
            430,
            1300
        ],
        "features": [
            4.119888,
            4.072045,
            -1.273422,
            5.469565,
            -1.690754,
            4.223427,
            -4.993934,
            2.157233,
            5.117291,
            -5.134501,
            -2.991157,
            -1.978749,
            1.119321,
            -6.652534,
            8.839222,
            -2.456056,
            -3.024609,
            -3.945223,
            2.18747,
            -0.960805,
            4.708004,
            -1.808059,
            0.092381,
            7.267014,
            -2.171596,
            -1.570309,
            -2.809779,
            -3.543689,
            5.946787,
            -5.730291,
            2.968278,
            -3.075493,
            -4.097199,
            4.590831,
            -3.938112,
            2.257243,
            -0.860396,
            3.553746,
            4.890854,
            2.996769,
            0.319608,
            -6.622336,
            7.677867,
            2.318706,
            7.142713,
            -7.256633,
            -4.372797,
            0.506062,
            3.499481,
            3.874573,
            1.415931,
            5.233055,
            -6.199096,
            0.923007,
            -2.510168,
            -3.422575,
            -0.975986,
            1.078289,
            -1.958668,
            4.53701
        ]
    },
    "image_size": [
        870,
        1918
    ],
    "process_time_in_milliseconds": 756
}
