{
    "props": {
        "face_rect": [
            275,
            635,
            524,
            524
        ],
        "kp_eye_left_inner": [
            474,
            762
        ],
        "kp_eye_left_outer": [
            359,
            753
        ],
        "kp_eye_right_inner": [
            602,
            772
        ],
        "kp_eye_right_outer": [
            684,
            777
        ],
        "kp_mouth_left": [
            622,
            1010
        ],
        "kp_mouth_right": [
            431,
            1006
        ],
        "kp_nose_tip": [
            564,
            848
        ],
        "kp_under_lip_bottom": [
            540,
            1039
        ],
        "kp_upper_lip_top": [
            550,
            958
        ],
        "features": [
            2.314924,
            5.281764,
            7.229746,
            -5.552076,
            5.145727,
            0.258783,
            -6.656191,
            1.266762,
            1.282053,
            5.209592,
            -7.29188,
            -8.079782,
            -3.19351,
            7.538836,
            4.816958,
            -10.714377,
            -6.376296,
            3.95684,
            4.55009,
            0.002695,
            -2.239721,
            2.808228,
            -10.343686,
            -8.355108,
            6.979347,
            3.784794,
            -0.759141,
            -0.069347,
            6.746413,
            2.85256,
            -0.517071,
            3.232844,
            -1.494589,
            -2.591137,
            -1.915619,
            3.874605,
            3.150023,
            3.48475,
            0.13619,
            3.749395,
            -1.683811,
            -5.413737,
            -9.837365,
            2.803566,
            5.396634,
            9.314622,
            4.438761,
            3.54066,
            -6.859442,
            -3.594871,
            5.497481,
            -1.388571,
            1.032729,
            -0.576888,
            -0.020696,
            2.950908,
            -2.936264,
            -0.577675,
            -1.592892,
            2.184716
        ]
    },
    "image_size": [
        870,
        1918
    ],
    "process_time_in_milliseconds": 746
}
