{
    "props": {
        "face_rect": [
            165,
            624,
            562,
            562
        ],
        "kp_eye_left_inner": [
            382,
            770
        ],
        "kp_eye_left_outer": [
            280,
            770
        ],
        "kp_eye_right_inner": [
            515,
            760
        ],
        "kp_eye_right_outer": [
            617,
            756
        ],
        "kp_mouth_left": [
            552,
            1009
        ],
        "kp_mouth_right": [
            345,
            1019
        ],
        "kp_nose_tip": [
            442,
            857
        ],
        "kp_under_lip_bottom": [
            451,
            1051
        ],
        "kp_upper_lip_top": [
            446,
            977
        ],
        "features": [
            3.254952,
            5.082313,
            5.721385,
            -5.935575,
            3.627805,
            0.977374,
            -5.223191,
            2.326617,
            -0.353773,
            5.674937,
            -7.166639,
            -7.688962,
            -5.086865,
            8.077625,
            4.147267,
            -11.030709,
            -4.850658,
            4.509572,
            3.834085,
            -0.270801,
            -2.662468,
            3.381941,
            -11.020197,
            -7.442182,
            8.320207,
            2.513115,
            -2.364794,
            0.563905,
            6.719003,
            0.903782,
            -0.079564,
            2.925996,
            -2.147697,
            -3.679742,
            -2.34234,
            3.766661,
            2.651094,
            3.879071,
            -0.477547,
            2.706839,
            -3.349587,
            -6.765827,
            -10.048457,
            3.000227,
            3.807638,
            7.84123,
            5.075655,
            5.141839,
            -8.194016,
            -1.858765,
            5.0185,
            -0.000221,
            2.609035,
            -0.078078,
            1.81799,
            2.299288,
            -4.933565,
            0.519759,
            -3.050441,
            1.621511
        ]
    },
    "image_size": [
        870,
        1918
    ],
    "process_time_in_milliseconds": 1519
}
