{
    "props": {
        "face_rect": [
            150,
            756,
            590,
            590
        ],
        "kp_eye_left_inner": [
            372,
            903
        ],
        "kp_eye_left_outer": [
            266,
            908
        ],
        "kp_eye_right_inner": [
            507,
            903
        ],
        "kp_eye_right_outer": [
            613,
            898
        ],
        "kp_mouth_left": [
            555,
            1140
        ],
        "kp_mouth_right": [
            357,
            1150
        ],
        "kp_nose_tip": [
            444,
            1029
        ],
        "kp_under_lip_bottom": [
            459,
            1183
        ],
        "kp_upper_lip_top": [
            454,
            1130
        ],
        "features": [
            5.807011,
            6.405934,
            -2.362185,
            4.628619,
            -1.072926,
            7.366767,
            0.808001,
            -0.457732,
            4.734773,
            -6.891675,
            0.4956,
            -2.495705,
            1.382042,
            -4.237551,
            8.222965,
            -3.607942,
            0.252956,
            -0.744686,
            3.684788,
            2.1445,
            3.956284,
            3.091853,
            1.001135,
            6.240134,
            -4.485114,
            0.311733,
            -5.961902,
            -1.862066,
            6.552943,
            -7.741587,
            0.942866,
            -5.708292,
            -2.05072,
            4.292977,
            -2.715474,
            0.703756,
            0.234196,
            2.946115,
            -0.130616,
            -1.252614,
            -1.570872,
            -2.262371,
            8.137385,
            0.102487,
            6.020665,
            -7.080588,
            -4.152511,
            0.217179,
            6.021509,
            1.250447,
            -0.58639,
            6.376671,
            -4.756108,
            2.797833,
            1.535478,
            -5.028677,
            -2.450219,
            4.037713,
            -1.263606,
            4.299365
        ]
    },
    "image_size": [
        870,
        1918
    ],
    "process_time_in_milliseconds": 1601
}
