{
    "props": {
        "face_rect": [
            -6,
            752,
            566,
            566
        ],
        "kp_eye_left_inner": [
            211,
            901
        ],
        "kp_eye_left_outer": [
            151,
            906
        ],
        "kp_eye_right_inner": [
            347,
            891
        ],
        "kp_eye_right_outer": [
            463,
            886
        ],
        "kp_mouth_left": [
            382,
            1143
        ],
        "kp_mouth_right": [
            201,
            1138
        ],
        "kp_nose_tip": [
            241,
            987
        ],
        "kp_under_lip_bottom": [
            267,
            1173
        ],
        "kp_upper_lip_top": [
            256,
            1118
        ],
        "features": [
            8.052695,
            10.537661,
            -1.285896,
            4.705825,
            2.693074,
            5.767774,
            -0.116811,
            0.395198,
            2.617495,
            -4.095062,
            -4.819464,
            -0.793508,
            3.223449,
            0.512972,
            5.112559,
            -3.052253,
            -0.262481,
            -1.526407,
            3.705215,
            1.381569,
            3.87208,
            0.569314,
            -3.059875,
            5.622299,
            -3.857074,
            -0.0643,
            -2.813118,
            -0.928182,
            4.480104,
            -5.90208,
            -1.499295,
            0.31828,
            2.048743,
            4.125772,
            -1.091358,
            -0.571186,
            -0.632606,
            0.495474,
            1.767187,
            0.55379,
            4.95804,
            -3.770724,
            5.921035,
            -0.929503,
            2.35354,
            -3.151812,
            -5.611374,
            -1.881814,
            3.253201,
            1.072706,
            -0.372175,
            5.457727,
            -3.328971,
            2.671444,
            0.204172,
            -4.414766,
            -3.382721,
            2.388486,
            -2.798367,
            5.708778
        ]
    },
    "image_size": [
        870,
        1918
    ],
    "process_time_in_milliseconds": 798
}
