{
    "props": {
        "face_rect": [
            150,
            662,
            570,
            570
        ],
        "kp_eye_left_inner": [
            369,
            807
        ],
        "kp_eye_left_outer": [
            268,
            807
        ],
        "kp_eye_right_inner": [
            503,
            798
        ],
        "kp_eye_right_outer": [
            604,
            793
        ],
        "kp_mouth_left": [
            537,
            1047
        ],
        "kp_mouth_right": [
            340,
            1057
        ],
        "kp_nose_tip": [
            436,
            918
        ],
        "kp_under_lip_bottom": [
            441,
            1090
        ],
        "kp_upper_lip_top": [
            436,
            1018
        ],
        "features": [
            2.758529,
            4.034847,
            6.017446,
            -4.999119,
            3.829792,
            1.188919,
            -5.644859,
            1.39247,
            -1.013159,
            4.58617,
            -6.472164,
            -7.798892,
            -3.802454,
            7.879985,
            5.073766,
            -10.846798,
            -5.878872,
            4.553206,
            3.190657,
            0.969288,
            -1.738517,
            3.206154,
            -10.795554,
            -8.041553,
            5.7992,
            1.400717,
            -1.299258,
            -0.728494,
            7.121279,
            1.981809,
            0.900624,
            1.94441,
            -2.585609,
            -3.15686,
            -2.502217,
            2.831948,
            3.130748,
            3.638506,
            0.157313,
            2.813621,
            -2.579656,
            -5.596929,
            -9.631676,
            3.866234,
            5.596062,
            7.677752,
            4.930101,
            4.906246,
            -6.70309,
            -3.634981,
            6.616567,
            0.239925,
            1.869621,
            -0.77414,
            0.702936,
            3.541872,
            -4.100383,
            0.635275,
            -1.231848,
            1.361484
        ]
    },
    "image_size": [
        870,
        1918
    ],
    "process_time_in_milliseconds": 760
}
