{
    "props": {
        "face_rect": [
            147,
            816,
            561,
            561
        ],
        "kp_eye_left_inner": [
            357,
            969
        ],
        "kp_eye_left_outer": [
            256,
            960
        ],
        "kp_eye_right_inner": [
            497,
            960
        ],
        "kp_eye_right_outer": [
            602,
            943
        ],
        "kp_mouth_left": [
            554,
            1219
        ],
        "kp_mouth_right": [
            335,
            1223
        ],
        "kp_nose_tip": [
            436,
            1144
        ],
        "kp_under_lip_bottom": [
            445,
            1302
        ],
        "kp_upper_lip_top": [
            445,
            1223
        ],
        "features": [
            -1.321969,
            2.233231,
            6.099673,
            -2.864571,
            4.652543,
            4.09624,
            -2.473943,
            3.86103,
            -0.102571,
            2.076979,
            -9.061131,
            -5.676016,
            -2.51906,
            0.925149,
            3.89057,
            -9.004044,
            -7.010693,
            1.403908,
            -0.554457,
            -1.841477,
            1.770097,
            0.01806,
            -8.085349,
            -4.728035,
            3.397195,
            -0.079708,
            1.41739,
            -1.805577,
            4.503934,
            1.815547,
            0.276389,
            3.673102,
            -2.424586,
            -1.180272,
            -0.185351,
            2.48305,
            0.957639,
            1.518112,
            4.979868,
            5.246875,
            -0.593995,
            -10.750154,
            -5.607333,
            4.054784,
            5.571429,
            5.579445,
            0.511229,
            4.379352,
            -4.462511,
            -6.108835,
            3.017688,
            -0.502529,
            2.530833,
            0.88116,
            -2.079119,
            5.459919,
            -6.926119,
            1.987124,
            -0.150128,
            0.598482
        ]
    },
    "image_size": [
        870,
        1918
    ],
    "process_time_in_milliseconds": 760
}
