{
    "props": {
        "face_rect": [
            117,
            757,
            572,
            572
        ],
        "kp_eye_left_inner": [
            339,
            899
        ],
        "kp_eye_left_outer": [
            232,
            899
        ],
        "kp_eye_right_inner": [
            478,
            894
        ],
        "kp_eye_right_outer": [
            584,
            889
        ],
        "kp_mouth_left": [
            517,
            1135
        ],
        "kp_mouth_right": [
            314,
            1145
        ],
        "kp_nose_tip": [
            392,
            1015
        ],
        "kp_under_lip_bottom": [
            411,
            1179
        ],
        "kp_upper_lip_top": [
            401,
            1121
        ],
        "features": [
            4.831377,
            6.922023,
            -2.858027,
            4.217624,
            -0.227958,
            6.986892,
            1.491526,
            0.230205,
            3.920538,
            -7.849597,
            0.402018,
            -2.584615,
            2.451899,
            -4.473345,
            8.400338,
            -4.041961,
            1.266435,
            -1.166608,
            2.653064,
            1.873546,
            4.522141,
            2.786336,
            0.361517,
            5.795905,
            -4.93041,
            0.207225,
            -6.110414,
            -1.798713,
            6.403751,
            -7.759858,
            0.136053,
            -4.671383,
            -0.972283,
            4.081964,
            -2.291554,
            0.447065,
            -0.148058,
            2.355287,
            -0.116622,
            -2.223346,
            -1.532771,
            -2.300023,
            8.40654,
            -0.811381,
            4.394362,
            -7.303301,
            -6.114724,
            0.170837,
            6.671994,
            0.890045,
            -1.970315,
            6.736192,
            -3.875744,
            2.533456,
            2.155627,
            -4.899046,
            -2.738288,
            3.672828,
            -1.232988,
            4.300458
        ]
    },
    "image_size": [
        870,
        1918
    ],
    "process_time_in_milliseconds": 792
}
