{
    "props": {
        "face_rect": [
            154,
            619,
            556,
            556
        ],
        "kp_eye_left_inner": [
            374,
            762
        ],
        "kp_eye_left_outer": [
            278,
            762
        ],
        "kp_eye_right_inner": [
            503,
            757
        ],
        "kp_eye_right_outer": [
            609,
            757
        ],
        "kp_mouth_left": [
            532,
            1012
        ],
        "kp_mouth_right": [
            326,
            1012
        ],
        "kp_nose_tip": [
            427,
            849
        ],
        "kp_under_lip_bottom": [
            427,
            1040
        ],
        "kp_upper_lip_top": [
            431,
            968
        ],
        "features": [
            2.588034,
            4.896581,
            6.340916,
            -5.758806,
            4.98257,
            0.968366,
            -4.739118,
            2.044332,
            0.289872,
            5.299705,
            -8.151977,
            -8.38714,
            -4.584915,
            7.328348,
            4.97384,
            -11.276547,
            -5.40861,
            4.620991,
            4.242159,
            0.000518,
            -2.526082,
            3.450228,
            -10.319833,
            -6.757214,
            7.99206,
            2.731175,
            -1.684181,
            0.38384,
            6.563058,
            1.326352,
            -0.765783,
            3.339363,
            -1.483695,
            -2.594864,
            -2.052647,
            4.329693,
            3.225099,
            4.224168,
            -1.205979,
            2.909123,
            -2.442656,
            -5.805819,
            -9.239095,
            2.439675,
            4.407812,
            8.902582,
            4.490634,
            4.874038,
            -7.530626,
            -2.947338,
            4.658734,
            -0.391102,
            2.19854,
            0.347974,
            1.66245,
            2.658981,
            -4.505303,
            0.50622,
            -2.458912,
            2.363615
        ]
    },
    "image_size": [
        870,
        1918
    ],
    "process_time_in_milliseconds": 851
}
