{
    "props": {
        "face_rect": [
            103,
            761,
            578,
            578
        ],
        "kp_eye_left_inner": [
            323,
            908
        ],
        "kp_eye_left_outer": [
            226,
            913
        ],
        "kp_eye_right_inner": [
            456,
            902
        ],
        "kp_eye_right_outer": [
            568,
            892
        ],
        "kp_mouth_left": [
            507,
            1143
        ],
        "kp_mouth_right": [
            308,
            1153
        ],
        "kp_nose_tip": [
            374,
            1025
        ],
        "kp_under_lip_bottom": [
            405,
            1183
        ],
        "kp_upper_lip_top": [
            395,
            1127
        ],
        "features": [
            4.932524,
            6.627791,
            -2.95987,
            4.63638,
            -0.115593,
            7.315187,
            1.666526,
            0.376866,
            3.952198,
            -8.706648,
            0.765774,
            -2.916478,
            2.324016,
            -4.255975,
            8.418249,
            -3.903371,
            0.459565,
            -1.285854,
            1.832284,
            1.841756,
            4.479394,
            3.138713,
            0.466844,
            5.838629,
            -5.108073,
            -0.046651,
            -6.418801,
            -1.795663,
            6.176414,
            -7.490401,
            0.378453,
            -5.247869,
            -1.650664,
            4.341371,
            -2.10582,
            0.230539,
            -0.021931,
            1.624865,
            0.454037,
            -2.256393,
            -1.44424,
            -2.532365,
            8.014443,
            -0.107199,
            5.006253,
            -7.060611,
            -5.58175,
            0.660421,
            6.384196,
            0.283126,
            -1.70796,
            7.223465,
            -3.65229,
            2.379903,
            1.713976,
            -4.39298,
            -3.373555,
            3.650846,
            -1.159259,
            4.601363
        ]
    },
    "image_size": [
        870,
        1918
    ],
    "process_time_in_milliseconds": 783
}
