{
    "props": {
        "face_rect": [
            150,
            765,
            563,
            563
        ],
        "kp_eye_left_inner": [
            363,
            902
        ],
        "kp_eye_left_outer": [
            261,
            902
        ],
        "kp_eye_right_inner": [
            500,
            902
        ],
        "kp_eye_right_outer": [
            602,
            902
        ],
        "kp_mouth_left": [
            546,
            1141
        ],
        "kp_mouth_right": [
            342,
            1146
        ],
        "kp_nose_tip": [
            429,
            1019
        ],
        "kp_under_lip_bottom": [
            444,
            1181
        ],
        "kp_upper_lip_top": [
            434,
            1120
        ],
        "features": [
            4.970448,
            5.943562,
            -3.168686,
            4.333041,
            -0.071394,
            7.062565,
            0.690436,
            0.304123,
            4.037845,
            -7.852668,
            0.860683,
            -2.325681,
            1.434847,
            -4.742034,
            9.011949,
            -4.046702,
            0.7506,
            -0.42385,
            2.117326,
            1.560717,
            4.269336,
            3.018749,
            2.218099,
            6.383252,
            -4.700219,
            0.518667,
            -5.770647,
            -1.735048,
            7.307224,
            -7.880661,
            0.580061,
            -5.571553,
            -2.460241,
            4.266268,
            -2.689037,
            0.427076,
            -0.152955,
            3.507282,
            -0.634728,
            -2.093711,
            -2.098107,
            -2.040739,
            7.780073,
            -0.106055,
            5.569333,
            -7.381713,
            -4.039844,
            0.686955,
            6.124476,
            0.710615,
            -1.163371,
            7.099077,
            -4.548012,
            2.979597,
            1.22362,
            -4.390083,
            -1.942918,
            3.88708,
            -1.996802,
            5.18166
        ]
    },
    "image_size": [
        870,
        1918
    ],
    "process_time_in_milliseconds": 763
}
