{
    "props": {
        "face_rect": [
            140,
            688,
            598,
            598
        ],
        "kp_eye_left_inner": [
            373,
            838
        ],
        "kp_eye_left_outer": [
            272,
            833
        ],
        "kp_eye_right_inner": [
            504,
            833
        ],
        "kp_eye_right_outer": [
            611,
            813
        ],
        "kp_mouth_left": [
            545,
            1091
        ],
        "kp_mouth_right": [
            337,
            1101
        ],
        "kp_nose_tip": [
            439,
            969
        ],
        "kp_under_lip_bottom": [
            444,
            1137
        ],
        "kp_upper_lip_top": [
            439,
            1066
        ],
        "features": [
            1.808123,
            2.049961,
            6.084189,
            -4.718161,
            4.898379,
            1.07232,
            -4.947125,
            3.436873,
            -2.634505,
            7.127895,
            -8.099088,
            -7.552511,
            -4.882877,
            7.156519,
            4.011084,
            -11.527111,
            -5.517351,
            4.715861,
            3.327663,
            -0.059425,
            -0.447554,
            1.673023,
            -9.966328,
            -7.926858,
            5.667497,
            1.99409,
            -0.139766,
            -1.682802,
            5.878912,
            2.503492,
            0.628192,
            3.322648,
            -3.475005,
            -2.417855,
            -2.035229,
            2.075186,
            3.068148,
            3.225574,
            1.508282,
            4.020121,
            -2.556921,
            -7.508477,
            -8.260744,
            4.619749,
            6.828056,
            5.749376,
            4.460142,
            4.515593,
            -7.531223,
            -4.106236,
            6.000566,
            -3.133208,
            1.851581,
            -0.396022,
            -0.686243,
            4.412696,
            -3.514572,
            1.256306,
            -2.507658,
            1.577554
        ]
    },
    "image_size": [
        870,
        1918
    ],
    "process_time_in_milliseconds": 813
}
