{
    "props": {
        "face_rect": [
            123,
            730,
            574,
            574
        ],
        "kp_eye_left_inner": [
            336,
            877
        ],
        "kp_eye_left_outer": [
            233,
            887
        ],
        "kp_eye_right_inner": [
            476,
            872
        ],
        "kp_eye_right_outer": [
            580,
            877
        ],
        "kp_mouth_left": [
            523,
            1115
        ],
        "kp_mouth_right": [
            326,
            1125
        ],
        "kp_nose_tip": [
            409,
            970
        ],
        "kp_under_lip_bottom": [
            424,
            1156
        ],
        "kp_upper_lip_top": [
            414,
            1089
        ],
        "features": [
            5.247012,
            6.539733,
            -3.821313,
            4.812672,
            0.328016,
            7.355614,
            0.823455,
            1.284326,
            3.59405,
            -8.643291,
            -0.5906,
            -3.055318,
            1.32161,
            -4.520232,
            8.192672,
            -3.932399,
            -1.242925,
            -0.204019,
            0.051147,
            -0.146935,
            4.314064,
            2.639422,
            1.348622,
            5.76976,
            -4.228853,
            1.38904,
            -5.673608,
            -2.020738,
            5.923708,
            -8.257662,
            0.668374,
            -4.651249,
            -1.785209,
            3.989943,
            -2.521118,
            0.532125,
            -0.298674,
            2.182186,
            0.660561,
            -1.772946,
            -0.867994,
            -2.072039,
            5.891095,
            0.379579,
            4.436121,
            -6.131233,
            -4.133315,
            0.765475,
            5.821372,
            -0.801401,
            -1.191971,
            6.616699,
            -2.711674,
            2.933213,
            0.244961,
            -4.170492,
            -2.279691,
            3.43091,
            -2.460742,
            6.393476
        ]
    },
    "image_size": [
        870,
        1918
    ],
    "process_time_in_milliseconds": 810
}
