{
    "props": {
        "face_rect": [
            152,
            658,
            564,
            564
        ],
        "kp_eye_left_inner": [
            375,
            802
        ],
        "kp_eye_left_outer": [
            271,
            802
        ],
        "kp_eye_right_inner": [
            503,
            793
        ],
        "kp_eye_right_outer": [
            603,
            789
        ],
        "kp_mouth_left": [
            539,
            1044
        ],
        "kp_mouth_right": [
            339,
            1053
        ],
        "kp_nose_tip": [
            435,
            907
        ],
        "kp_under_lip_bottom": [
            444,
            1085
        ],
        "kp_upper_lip_top": [
            439,
            1012
        ],
        "features": [
            2.42426,
            4.114807,
            6.489428,
            -5.45815,
            4.5351,
            0.418586,
            -5.196959,
            1.928179,
            -0.675294,
            5.601638,
            -7.263343,
            -7.636734,
            -3.292772,
            8.049224,
            5.023105,
            -11.243032,
            -5.620501,
            4.312911,
            3.597015,
            1.284714,
            -2.004019,
            3.068945,
            -10.672207,
            -8.13909,
            6.136569,
            1.922279,
            -0.811622,
            -0.791774,
            7.151755,
            2.099162,
            0.177616,
            2.662162,
            -2.480766,
            -2.612603,
            -1.896091,
            2.722027,
            3.130234,
            3.443081,
            -0.088884,
            3.22192,
            -2.530521,
            -5.619165,
            -8.91537,
            3.469952,
            5.548163,
            7.598664,
            4.354718,
            3.467004,
            -7.199257,
            -3.817879,
            6.278102,
            -0.817813,
            1.610516,
            -0.503019,
            0.313611,
            3.38825,
            -3.431782,
            0.517809,
            -1.544623,
            1.434091
        ]
    },
    "image_size": [
        870,
        1918
    ],
    "process_time_in_milliseconds": 780
}
