{
    "props": {
        "face_rect": [
            162,
            632,
            539,
            539
        ],
        "kp_eye_left_inner": [
            373,
            769
        ],
        "kp_eye_left_outer": [
            271,
            769
        ],
        "kp_eye_right_inner": [
            499,
            760
        ],
        "kp_eye_right_outer": [
            601,
            760
        ],
        "kp_mouth_left": [
            536,
            1011
        ],
        "kp_mouth_right": [
            336,
            1011
        ],
        "kp_nose_tip": [
            429,
            857
        ],
        "kp_under_lip_bottom": [
            434,
            1044
        ],
        "kp_upper_lip_top": [
            434,
            969
        ],
        "features": [
            2.77381,
            3.952404,
            6.70156,
            -6.187637,
            4.712131,
            1.573975,
            -5.122565,
            1.525629,
            -0.26395,
            6.463631,
            -8.378263,
            -8.45784,
            -4.137527,
            6.951194,
            5.159257,
            -11.836308,
            -5.521997,
            4.80412,
            4.708839,
            0.242879,
            -2.459543,
            3.026824,
            -10.052547,
            -7.417336,
            6.92663,
            2.738978,
            -1.149976,
            -0.052445,
            6.736053,
            1.636717,
            -0.301775,
            3.303135,
            -1.918282,
            -3.203627,
            -2.216534,
            3.653754,
            3.166705,
            4.743913,
            -1.306007,
            3.613784,
            -2.871971,
            -6.161187,
            -8.829983,
            2.510587,
            4.768525,
            8.382928,
            4.702962,
            4.645436,
            -7.018498,
            -3.572338,
            5.743556,
            -1.233406,
            1.416015,
            -0.196878,
            1.229963,
            3.223561,
            -4.305645,
            1.014729,
            -2.270604,
            2.371551
        ]
    },
    "image_size": [
        870,
        1918
    ],
    "process_time_in_milliseconds": 747
}
