{
    "props": {
        "face_rect": [
            -5,
            600,
            588,
            588
        ],
        "kp_eye_left_inner": [
            248,
            764
        ],
        "kp_eye_left_outer": [
            197,
            769
        ],
        "kp_eye_right_inner": [
            378,
            759
        ],
        "kp_eye_right_outer": [
            487,
            754
        ],
        "kp_mouth_left": [
            384,
            1019
        ],
        "kp_mouth_right": [
            186,
            1008
        ],
        "kp_nose_tip": [
            254,
            847
        ],
        "kp_under_lip_bottom": [
            264,
            1039
        ],
        "kp_upper_lip_top": [
            264,
            967
        ],
        "features": [
            1.758199,
            5.475197,
            5.686153,
            -5.602889,
            4.704032,
            0.612937,
            -5.778485,
            1.700914,
            0.799099,
            6.506189,
            -10.56716,
            -5.989527,
            -2.756767,
            7.344907,
            5.569271,
            -11.945702,
            -5.59787,
            3.544261,
            4.917881,
            -0.287403,
            -1.78619,
            4.332213,
            -11.084407,
            -7.092028,
            8.536752,
            2.538996,
            0.917652,
            -1.62479,
            7.162916,
            0.983329,
            -0.265663,
            3.861494,
            -1.524702,
            -2.039081,
            -1.999182,
            3.5733,
            1.924188,
            1.80172,
            -0.221613,
            2.747036,
            -1.931942,
            -4.252191,
            -7.713079,
            3.776149,
            2.473195,
            7.81705,
            3.009175,
            2.760922,
            -8.213374,
            -4.162758,
            4.771234,
            -1.565451,
            1.707133,
            -1.046506,
            0.611364,
            2.656041,
            -4.455674,
            1.611838,
            -1.332111,
            1.584863
        ]
    },
    "image_size": [
        870,
        1918
    ],
    "process_time_in_milliseconds": 724
}
