{
    "props": {
        "face_rect": [
            292,
            769,
            551,
            551
        ],
        "kp_eye_left_inner": [
            520,
            892
        ],
        "kp_eye_left_outer": [
            397,
            883
        ],
        "kp_eye_right_inner": [
            652,
            916
        ],
        "kp_eye_right_outer": [
            718,
            921
        ],
        "kp_mouth_left": [
            662,
            1147
        ],
        "kp_mouth_right": [
            473,
            1142
        ],
        "kp_nose_tip": [
            619,
            1015
        ],
        "kp_under_lip_bottom": [
            581,
            1180
        ],
        "kp_upper_lip_top": [
            591,
            1123
        ],
        "features": [
            7.730534,
            7.014093,
            -2.065234,
            4.919522,
            0.041358,
            7.803749,
            1.133764,
            -0.178149,
            5.564486,
            -6.785401,
            -1.047728,
            -1.216637,
            1.763561,
            -4.476638,
            6.837076,
            -2.312869,
            0.485593,
            -2.047138,
            2.257635,
            1.867706,
            2.13926,
            1.419401,
            0.923271,
            7.416956,
            -4.92096,
            -1.439506,
            -5.673281,
            -0.287128,
            6.29966,
            -8.184412,
            0.276431,
            -4.875762,
            -1.483615,
            2.881563,
            -2.305768,
            -0.957038,
            0.957354,
            3.459498,
            -0.895635,
            -0.115338,
            0.578178,
            -2.908018,
            7.895765,
            0.392105,
            4.019344,
            -5.868948,
            -3.450914,
            -1.768012,
            5.459735,
            1.163901,
            -0.389788,
            6.277325,
            -4.872857,
            2.126994,
            0.560801,
            -4.134276,
            -1.527552,
            2.578947,
            -4.202861,
            5.147163
        ]
    },
    "image_size": [
        870,
        1918
    ],
    "process_time_in_milliseconds": 779
}
