{
    "props": {
        "face_rect": [
            130,
            798,
            591,
            591
        ],
        "kp_eye_left_inner": [
            356,
            972
        ],
        "kp_eye_left_outer": [
            240,
            958
        ],
        "kp_eye_right_inner": [
            494,
            963
        ],
        "kp_eye_right_outer": [
            600,
            944
        ],
        "kp_mouth_left": [
            550,
            1217
        ],
        "kp_mouth_right": [
            333,
            1226
        ],
        "kp_nose_tip": [
            430,
            1143
        ],
        "kp_under_lip_bottom": [
            448,
            1309
        ],
        "kp_upper_lip_top": [
            439,
            1221
        ],
        "features": [
            -2.113776,
            2.237923,
            6.195666,
            -3.302741,
            4.770244,
            3.471047,
            -2.438776,
            4.367101,
            -0.074545,
            2.696028,
            -9.55752,
            -6.043775,
            -1.947376,
            1.190755,
            2.726081,
            -8.934419,
            -8.011528,
            2.105168,
            -0.923468,
            -2.276016,
            2.003305,
            -0.014788,
            -7.132098,
            -5.803548,
            3.702114,
            0.582889,
            2.02508,
            -1.036877,
            4.060885,
            1.52668,
            0.65635,
            4.20907,
            -2.355817,
            -1.52089,
            0.180978,
            1.97781,
            0.639051,
            0.761814,
            5.270312,
            6.193602,
            -0.616616,
            -11.287487,
            -5.76013,
            3.594012,
            6.725157,
            4.847063,
            0.701567,
            3.044627,
            -4.793396,
            -6.011544,
            3.377773,
            -0.858276,
            2.575665,
            1.600642,
            -2.637734,
            4.820575,
            -6.318892,
            1.693304,
            -0.555597,
            -0.093515
        ]
    },
    "image_size": [
        870,
        1918
    ],
    "process_time_in_milliseconds": 752
}
