{
    "props": {
        "face_rect": [
            191,
            623,
            513,
            513
        ],
        "kp_eye_left_inner": [
            383,
            757
        ],
        "kp_eye_left_outer": [
            286,
            762
        ],
        "kp_eye_right_inner": [
            512,
            753
        ],
        "kp_eye_right_outer": [
            604,
            753
        ],
        "kp_mouth_left": [
            549,
            983
        ],
        "kp_mouth_right": [
            346,
            993
        ],
        "kp_nose_tip": [
            452,
            822
        ],
        "kp_under_lip_bottom": [
            452,
            1011
        ],
        "kp_upper_lip_top": [
            452,
            942
        ],
        "features": [
            3.072532,
            4.266844,
            6.835104,
            -4.130518,
            4.993604,
            1.936976,
            -6.316634,
            1.71909,
            1.174062,
            5.672448,
            -8.117399,
            -8.602684,
            -4.747471,
            7.281965,
            6.284104,
            -12.318163,
            -5.424069,
            4.834554,
            4.813671,
            -1.786493,
            -2.722405,
            3.986322,
            -9.382427,
            -7.369854,
            5.697381,
            3.823867,
            -0.619516,
            -0.354666,
            6.957693,
            1.765375,
            0.208025,
            3.083852,
            -2.355124,
            -3.337141,
            -3.310851,
            3.635394,
            2.799306,
            5.076216,
            -0.09202,
            3.632582,
            -2.436947,
            -5.886117,
            -9.074157,
            3.190394,
            4.906949,
            8.425697,
            4.668783,
            3.945656,
            -5.888826,
            -3.172031,
            6.824558,
            -1.173837,
            0.6909,
            -0.144029,
            0.981804,
            3.177791,
            -2.756512,
            1.176691,
            -1.610205,
            2.542397
        ]
    },
    "image_size": [
        870,
        1918
    ],
    "process_time_in_milliseconds": 788
}
