{
    "props": {
        "face_rect": [
            122,
            852,
            560,
            560
        ],
        "kp_eye_left_inner": [
            349,
            1003
        ],
        "kp_eye_left_outer": [
            244,
            994
        ],
        "kp_eye_right_inner": [
            490,
            999
        ],
        "kp_eye_right_outer": [
            590,
            985
        ],
        "kp_mouth_left": [
            525,
            1240
        ],
        "kp_mouth_right": [
            336,
            1244
        ],
        "kp_nose_tip": [
            420,
            1174
        ],
        "kp_under_lip_bottom": [
            433,
            1283
        ],
        "kp_upper_lip_top": [
            433,
            1244
        ],
        "features": [
            3.580675,
            6.440409,
            -1.742806,
            3.78161,
            -1.0322,
            5.339352,
            -3.222351,
            -1.478227,
            8.31192,
            -5.656426,
            -1.690796,
            -1.798073,
            2.632164,
            -7.047716,
            8.348641,
            -3.921613,
            -1.103923,
            -1.890676,
            3.409623,
            1.452321,
            2.981956,
            2.288831,
            2.52931,
            7.785274,
            -1.431023,
            -1.095806,
            -4.650799,
            0.107517,
            5.795875,
            -7.634236,
            1.106426,
            -2.1518,
            -1.644292,
            4.768961,
            -4.262936,
            1.603436,
            -0.24444,
            2.889268,
            1.662809,
            -0.495936,
            -0.298476,
            -4.520446,
            9.402965,
            1.248213,
            6.370375,
            -6.953531,
            -4.259233,
            0.881187,
            4.820076,
            2.608769,
            -0.025538,
            7.638142,
            -6.73883,
            2.877896,
            1.212576,
            -3.760375,
            -3.58047,
            2.160157,
            -0.132786,
            2.129033
        ]
    },
    "image_size": [
        870,
        1918
    ],
    "process_time_in_milliseconds": 768
}
