{
    "props": {
        "face_rect": [
            362,
            646,
            510,
            510
        ],
        "kp_eye_left_inner": [
            559,
            763
        ],
        "kp_eye_left_outer": [
            451,
            747
        ],
        "kp_eye_right_inner": [
            683,
            790
        ],
        "kp_eye_right_outer": [
            742,
            795
        ],
        "kp_mouth_left": [
            683,
            1011
        ],
        "kp_mouth_right": [
            505,
            1011
        ],
        "kp_nose_tip": [
            667,
            860
        ],
        "kp_under_lip_bottom": [
            613,
            1033
        ],
        "kp_upper_lip_top": [
            634,
            968
        ],
        "features": [
            3.433689,
            4.431937,
            7.158104,
            -4.685659,
            5.975981,
            0.164194,
            -6.397697,
            -0.204546,
            2.109485,
            6.17288,
            -10.202849,
            -6.954444,
            -2.733001,
            5.616899,
            4.984612,
            -11.158313,
            -7.098342,
            2.891798,
            5.189962,
            1.372178,
            -2.385612,
            2.409746,
            -9.467189,
            -6.568698,
            7.189822,
            3.331846,
            0.772858,
            -0.907831,
            5.726144,
            3.020123,
            -1.014663,
            4.194576,
            -0.704955,
            -0.666467,
            -1.470928,
            4.298612,
            2.910676,
            3.24283,
            -0.807953,
            4.607668,
            0.34872,
            -5.035346,
            -8.761842,
            2.67396,
            3.810875,
            10.212049,
            3.76399,
            3.485736,
            -7.329621,
            -4.997067,
            5.341572,
            -2.780895,
            -0.378225,
            -0.48576,
            -0.132961,
            4.213299,
            -4.118742,
            0.133282,
            -1.064156,
            3.46709
        ]
    },
    "image_size": [
        870,
        1918
    ],
    "process_time_in_milliseconds": 790
}
