{
    "props": {
        "face_rect": [
            109,
            616,
            563,
            563
        ],
        "kp_eye_left_inner": [
            338,
            759
        ],
        "kp_eye_left_outer": [
            253,
            764
        ],
        "kp_eye_right_inner": [
            470,
            754
        ],
        "kp_eye_right_outer": [
            569,
            754
        ],
        "kp_mouth_left": [
            489,
            1009
        ],
        "kp_mouth_right": [
            291,
            1009
        ],
        "kp_nose_tip": [
            376,
            844
        ],
        "kp_under_lip_bottom": [
            380,
            1041
        ],
        "kp_upper_lip_top": [
            385,
            966
        ],
        "features": [
            1.597513,
            5.270498,
            6.63895,
            -6.13338,
            4.213682,
            2.350143,
            -5.715843,
            1.640955,
            1.294677,
            5.211847,
            -8.147338,
            -7.729906,
            -5.250262,
            7.365109,
            5.450521,
            -10.923928,
            -6.586185,
            3.354847,
            4.561802,
            -1.350164,
            -2.206577,
            4.137043,
            -10.965237,
            -6.196007,
            8.248389,
            2.989905,
            -1.230145,
            0.831513,
            6.619232,
            0.743306,
            0.159703,
            3.330237,
            -1.775684,
            -2.55885,
            -2.256722,
            4.238804,
            3.365783,
            3.845013,
            -0.583775,
            2.734243,
            -2.612899,
            -5.405118,
            -8.869184,
            3.47385,
            4.035296,
            8.351011,
            5.084404,
            4.402207,
            -7.598898,
            -4.052112,
            5.124362,
            -1.785563,
            1.749324,
            0.03958,
            0.412404,
            2.483198,
            -4.727393,
            0.820997,
            -1.301079,
            1.35189
        ]
    },
    "image_size": [
        870,
        1918
    ],
    "process_time_in_milliseconds": 1235
}
