{
    "props": {
        "face_rect": [
            178,
            637,
            486,
            486
        ],
        "kp_eye_left_inner": [
            359,
            716
        ],
        "kp_eye_left_outer": [
            251,
            786
        ],
        "kp_eye_right_inner": [
            500,
            770
        ],
        "kp_eye_right_outer": [
            581,
            781
        ],
        "kp_mouth_left": [
            532,
            986
        ],
        "kp_mouth_right": [
            316,
            981
        ],
        "kp_nose_tip": [
            419,
            770
        ],
        "kp_under_lip_bottom": [
            430,
            986
        ],
        "kp_upper_lip_top": [
            424,
            922
        ],
        "features": [
            3.251837,
            7.046691,
            -1.110527,
            3.348016,
            -1.46936,
            4.291449,
            -3.548032,
            0.342136,
            2.846989,
            -7.375094,
            -2.817135,
            -0.635348,
            2.718379,
            -1.311661,
            4.27305,
            0.135607,
            -2.612022,
            -2.711661,
            1.037053,
            -1.701664,
            3.836337,
            3.892178,
            -3.299044,
            4.327201,
            -0.937837,
            1.444323,
            -0.976672,
            -2.067783,
            5.342875,
            -3.90072,
            2.478443,
            -4.991413,
            0.042652,
            4.448984,
            -1.099782,
            2.270626,
            0.015847,
            0.203285,
            5.097611,
            1.40901,
            1.973265,
            0.285203,
            4.286461,
            0.40263,
            5.865554,
            -2.237047,
            -3.257262,
            3.413622,
            7.593747,
            1.378056,
            -0.911221,
            7.359682,
            0.761102,
            0.048658,
            -4.40097,
            -1.817933,
            -1.36315,
            -0.013638,
            1.776462,
            5.578346
        ]
    },
    "image_size": [
        870,
        1918
    ],
    "process_time_in_milliseconds": 764
}
