{
    "props": {
        "face_rect": [
            -5,
            745,
            576,
            576
        ],
        "kp_eye_left_inner": [
            231,
            895
        ],
        "kp_eye_left_outer": [
            155,
            900
        ],
        "kp_eye_right_inner": [
            352,
            890
        ],
        "kp_eye_right_outer": [
            472,
            885
        ],
        "kp_mouth_left": [
            392,
            1141
        ],
        "kp_mouth_right": [
            206,
            1136
        ],
        "kp_nose_tip": [
            241,
            990
        ],
        "kp_under_lip_bottom": [
            276,
            1171
        ],
        "kp_upper_lip_top": [
            261,
            1116
        ],
        "features": [
            7.510413,
            10.574108,
            -1.22821,
            4.826374,
            2.8154,
            5.31882,
            -0.018307,
            0.287786,
            2.227307,
            -4.161674,
            -5.202371,
            -0.693548,
            3.546288,
            0.906207,
            5.076402,
            -3.287364,
            0.408234,
            -1.228654,
            4.333983,
            1.08252,
            4.293118,
            0.940167,
            -2.288136,
            5.86552,
            -3.904694,
            0.109838,
            -2.52292,
            -1.142352,
            4.560882,
            -5.698599,
            -1.762266,
            0.672348,
            2.436159,
            4.139781,
            -1.313782,
            -0.440301,
            -0.806914,
            0.32957,
            1.174082,
            0.041458,
            5.077485,
            -3.240182,
            6.540554,
            -1.154031,
            2.775332,
            -3.330086,
            -6.110282,
            -1.517671,
            3.42643,
            1.606559,
            -0.606738,
            5.812658,
            -3.107441,
            2.991968,
            0.682587,
            -4.976455,
            -3.385878,
            2.980011,
            -2.234964,
            5.320847
        ]
    },
    "image_size": [
        870,
        1918
    ],
    "process_time_in_milliseconds": 824
}
