{
    "props": {
        "face_rect": [
            150,
            756,
            590,
            590
        ],
        "kp_eye_left_inner": [
            372,
            903
        ],
        "kp_eye_left_outer": [
            266,
            908
        ],
        "kp_eye_right_inner": [
            507,
            903
        ],
        "kp_eye_right_outer": [
            613,
            898
        ],
        "kp_mouth_left": [
            555,
            1140
        ],
        "kp_mouth_right": [
            357,
            1150
        ],
        "kp_nose_tip": [
            444,
            1029
        ],
        "kp_under_lip_bottom": [
            459,
            1183
        ],
        "kp_upper_lip_top": [
            454,
            1130
        ],
        "features": [
            5.724313,
            6.467216,
            -2.389831,
            4.636863,
            -1.092562,
            7.241967,
            0.748664,
            -0.477975,
            4.628354,
            -7.09963,
            0.497318,
            -2.188603,
            1.423896,
            -4.20175,
            8.282966,
            -3.517668,
            0.307101,
            -0.765899,
            3.754675,
            2.126424,
            4.267323,
            2.889499,
            1.093564,
            6.41815,
            -4.533908,
            0.208864,
            -5.915454,
            -2.074785,
            6.530127,
            -7.491458,
            0.816794,
            -5.804525,
            -2.060847,
            4.3296,
            -2.608625,
            0.825799,
            0.226918,
            2.897843,
            -0.173055,
            -1.162283,
            -1.387338,
            -2.412028,
            8.17858,
            -0.083368,
            6.094654,
            -7.107727,
            -4.177725,
            0.495438,
            5.959392,
            1.374902,
            -0.785014,
            6.480348,
            -4.792492,
            2.858561,
            1.582138,
            -5.072721,
            -2.62122,
            4.257153,
            -1.245857,
            4.294797
        ]
    },
    "image_size": [
        870,
        1918
    ],
    "process_time_in_milliseconds": 1963
}
