{
    "props": {
        "face_rect": [
            254,
            571,
            385,
            385
        ],
        "kp_eye_left_inner": [
            385,
            675
        ],
        "kp_eye_left_outer": [
            306,
            684
        ],
        "kp_eye_right_inner": [
            506,
            665
        ],
        "kp_eye_right_outer": [
            585,
            675
        ],
        "kp_mouth_left": [
            548,
            837
        ],
        "kp_mouth_right": [
            348,
            842
        ],
        "kp_nose_tip": [
            445,
            670
        ],
        "kp_under_lip_bottom": [
            450,
            842
        ],
        "kp_upper_lip_top": [
            450,
            777
        ],
        "features": [
            3.503514,
            6.043359,
            6.408037,
            -1.701812,
            3.668032,
            0.452145,
            -4.30661,
            0.871703,
            2.558471,
            5.966254,
            -10.65626,
            -5.309861,
            -2.278272,
            3.889044,
            2.696842,
            -8.977562,
            -4.683462,
            2.432991,
            4.141943,
            0.359656,
            -3.670439,
            3.734507,
            -8.072153,
            -7.416533,
            5.19395,
            6.182855,
            0.930184,
            -0.715752,
            7.125096,
            -1.234396,
            1.514616,
            3.877852,
            1.441307,
            -0.600778,
            -2.968153,
            1.484864,
            2.319008,
            5.69361,
            -3.378019,
            5.326974,
            1.893243,
            -0.901201,
            -6.980707,
            0.460698,
            5.614152,
            7.694688,
            3.059277,
            -0.04344,
            -4.228634,
            -2.787982,
            4.343671,
            -4.638615,
            0.699456,
            -0.055359,
            -3.809664,
            1.890487,
            -0.136227,
            0.778369,
            0.121146,
            4.734402
        ]
    },
    "image_size": [
        870,
        1918
    ],
    "process_time_in_milliseconds": 751
}
