{
    "props": {
        "face_rect": [
            118,
            780,
            603,
            603
        ],
        "kp_eye_left_inner": [
            344,
            948
        ],
        "kp_eye_left_outer": [
            240,
            943
        ],
        "kp_eye_right_inner": [
            485,
            939
        ],
        "kp_eye_right_outer": [
            589,
            920
        ],
        "kp_mouth_left": [
            532,
            1198
        ],
        "kp_mouth_right": [
            320,
            1207
        ],
        "kp_nose_tip": [
            419,
            1118
        ],
        "kp_under_lip_bottom": [
            433,
            1283
        ],
        "kp_upper_lip_top": [
            424,
            1198
        ],
        "features": [
            -1.483471,
            2.364522,
            6.890315,
            -2.908219,
            4.872294,
            2.487205,
            -2.408476,
            4.777292,
            -0.966104,
            2.412769,
            -8.007844,
            -6.559556,
            -1.837049,
            3.150049,
            2.666598,
            -10.02412,
            -7.351827,
            3.044425,
            -1.153742,
            -0.164877,
            0.839522,
            1.209047,
            -9.58182,
            -6.72246,
            2.770945,
            0.079265,
            0.218372,
            -1.216216,
            5.024472,
            2.044732,
            -0.61007,
            3.336922,
            -3.286882,
            -0.878328,
            1.427817,
            1.697606,
            2.04019,
            0.578398,
            4.899158,
            5.411299,
            -1.041209,
            -11.854203,
            -7.548676,
            2.831068,
            7.102793,
            4.46803,
            2.2896,
            3.831906,
            -5.77467,
            -6.46908,
            3.487618,
            -0.681057,
            2.685115,
            0.680647,
            -1.764675,
            6.024019,
            -6.824772,
            2.779579,
            -1.264915,
            0.219614
        ]
    },
    "image_size": [
        870,
        1918
    ],
    "process_time_in_milliseconds": 794
}
