{
    "props": {
        "face_rect": [
            112,
            810,
            606,
            606
        ],
        "kp_eye_left_inner": [
            347,
            973
        ],
        "kp_eye_left_outer": [
            241,
            968
        ],
        "kp_eye_right_inner": [
            487,
            968
        ],
        "kp_eye_right_outer": [
            593,
            958
        ],
        "kp_mouth_left": [
            525,
            1210
        ],
        "kp_mouth_right": [
            332,
            1219
        ],
        "kp_nose_tip": [
            424,
            1132
        ],
        "kp_under_lip_bottom": [
            438,
            1263
        ],
        "kp_upper_lip_top": [
            429,
            1214
        ],
        "features": [
            5.249842,
            6.771621,
            -1.125387,
            4.722926,
            -0.133757,
            5.801795,
            -0.784249,
            -2.309919,
            7.007493,
            -6.606093,
            -2.107833,
            -2.825666,
            3.917626,
            -5.896098,
            7.5881,
            -3.483084,
            -0.989437,
            -0.610875,
            4.570871,
            4.262062,
            3.993844,
            2.446783,
            2.173672,
            8.094287,
            -3.703249,
            -1.685915,
            -5.328163,
            -0.107737,
            5.843733,
            -7.56917,
            0.554806,
            -3.386128,
            -1.204753,
            5.468369,
            -2.590114,
            0.7703,
            0.007305,
            1.897909,
            0.482934,
            -0.482389,
            0.819483,
            -4.949718,
            8.786186,
            -0.403027,
            6.704686,
            -7.729648,
            -4.9413,
            0.519203,
            4.669674,
            2.706362,
            0.566752,
            8.91692,
            -6.099278,
            2.728355,
            2.96329,
            -4.085019,
            -5.597873,
            4.297626,
            -0.875163,
            1.921921
        ]
    },
    "image_size": [
        870,
        1918
    ],
    "process_time_in_milliseconds": 839
}
