{
    "props": {
        "face_rect": [
            183,
            639,
            546,
            546
        ],
        "kp_eye_left_inner": [
            399,
            775
        ],
        "kp_eye_left_outer": [
            294,
            775
        ],
        "kp_eye_right_inner": [
            523,
            770
        ],
        "kp_eye_right_outer": [
            624,
            770
        ],
        "kp_mouth_left": [
            560,
            1022
        ],
        "kp_mouth_right": [
            353,
            1027
        ],
        "kp_nose_tip": [
            459,
            866
        ],
        "kp_under_lip_bottom": [
            454,
            1054
        ],
        "kp_upper_lip_top": [
            459,
            986
        ],
        "features": [
            2.923178,
            4.240806,
            6.828557,
            -5.974068,
            4.929525,
            1.393668,
            -5.160457,
            1.909319,
            -0.449458,
            6.292637,
            -8.473566,
            -8.765908,
            -4.275583,
            7.286327,
            4.796523,
            -11.177217,
            -5.521911,
            4.479034,
            4.251365,
            0.057698,
            -2.71814,
            3.229816,
            -9.80695,
            -7.244878,
            7.153516,
            2.942055,
            -1.581261,
            0.414699,
            6.55473,
            1.497192,
            -0.450043,
            3.537726,
            -1.535236,
            -2.910846,
            -2.411838,
            3.266186,
            3.110165,
            4.612936,
            -1.062292,
            3.761039,
            -2.518585,
            -6.193233,
            -8.941132,
            2.838573,
            5.065105,
            8.87942,
            4.607938,
            4.328579,
            -7.362257,
            -3.209783,
            5.416607,
            -1.056977,
            1.499899,
            -0.044039,
            1.095502,
            2.985523,
            -4.068376,
            0.358198,
            -2.37316,
            2.309087
        ]
    },
    "image_size": [
        870,
        1918
    ],
    "process_time_in_milliseconds": 720
}
