{
    "props": {
        "face_rect": [
            170,
            625,
            535,
            535
        ],
        "kp_eye_left_inner": [
            376,
            761
        ],
        "kp_eye_left_outer": [
            277,
            766
        ],
        "kp_eye_right_inner": [
            504,
            756
        ],
        "kp_eye_right_outer": [
            604,
            752
        ],
        "kp_mouth_left": [
            542,
            1002
        ],
        "kp_mouth_right": [
            339,
            1007
        ],
        "kp_nose_tip": [
            433,
            846
        ],
        "kp_under_lip_bottom": [
            438,
            1031
        ],
        "kp_upper_lip_top": [
            443,
            960
        ],
        "features": [
            3.080366,
            4.221109,
            6.910333,
            -5.859591,
            5.054892,
            1.133719,
            -5.254783,
            1.723158,
            0.087116,
            6.537794,
            -8.723754,
            -8.083249,
            -3.962682,
            6.752178,
            5.223736,
            -11.904603,
            -5.273667,
            4.887296,
            4.758029,
            0.355643,
            -2.541288,
            2.968133,
            -9.637297,
            -7.223819,
            6.845786,
            3.223863,
            -1.064331,
            -0.176547,
            6.894783,
            1.504079,
            -0.861678,
            3.43966,
            -1.612706,
            -2.694603,
            -2.127754,
            3.700414,
            3.1211,
            5.130938,
            -1.476778,
            4.021356,
            -2.448449,
            -6.034569,
            -8.772313,
            2.076474,
            4.879375,
            8.438369,
            4.679631,
            4.067626,
            -6.934909,
            -3.546895,
            5.416028,
            -1.520984,
            1.192449,
            0.111413,
            1.076459,
            3.242425,
            -3.626662,
            1.003411,
            -2.507236,
            2.70997
        ]
    },
    "image_size": [
        870,
        1918
    ],
    "process_time_in_milliseconds": 729
}
