{
    "props": {
        "face_rect": [
            312,
            766,
            584,
            584
        ],
        "kp_eye_left_inner": [
            559,
            900
        ],
        "kp_eye_left_outer": [
            434,
            883
        ],
        "kp_eye_right_inner": [
            699,
            937
        ],
        "kp_eye_right_outer": [
            748,
            932
        ],
        "kp_mouth_left": [
            683,
            1154
        ],
        "kp_mouth_right": [
            505,
            1148
        ],
        "kp_nose_tip": [
            656,
            1029
        ],
        "kp_under_lip_bottom": [
            607,
            1202
        ],
        "kp_upper_lip_top": [
            618,
            1137
        ],
        "features": [
            7.6697,
            8.463779,
            -2.848543,
            3.053074,
            0.222486,
            8.338111,
            1.054187,
            -0.985543,
            4.762508,
            -6.609849,
            -1.506701,
            -0.479946,
            2.161458,
            -3.442652,
            7.158351,
            -0.88017,
            -0.876528,
            -2.253217,
            2.759062,
            2.511234,
            4.917404,
            -1.069882,
            -0.584172,
            7.107733,
            -3.771664,
            -1.227294,
            -3.77792,
            -1.47714,
            5.973001,
            -6.319369,
            1.425362,
            -4.584028,
            -1.458706,
            3.164526,
            -1.26796,
            0.701909,
            -0.29228,
            2.284996,
            0.588844,
            0.180891,
            1.751562,
            -3.076381,
            6.763182,
            0.199066,
            3.918145,
            -4.413475,
            -3.918686,
            -0.295257,
            4.718136,
            0.579056,
            -0.159579,
            6.951377,
            -3.843107,
            1.690562,
            -1.129802,
            -4.004343,
            -3.92976,
            2.667728,
            -3.246597,
            6.626539
        ]
    },
    "image_size": [
        870,
        1918
    ],
    "process_time_in_milliseconds": 814
}
