{
    "props": {
        "face_rect": [
            136,
            908,
            540,
            540
        ],
        "kp_eye_left_inner": [
            356,
            1056
        ],
        "kp_eye_left_outer": [
            249,
            1039
        ],
        "kp_eye_right_inner": [
            496,
            1056
        ],
        "kp_eye_right_outer": [
            594,
            1044
        ],
        "kp_mouth_left": [
            526,
            1282
        ],
        "kp_mouth_right": [
            339,
            1287
        ],
        "kp_nose_tip": [
            428,
            1235
        ],
        "kp_under_lip_bottom": [
            432,
            1325
        ],
        "kp_upper_lip_top": [
            432,
            1295
        ],
        "features": [
            3.765491,
            3.736404,
            -0.96883,
            5.840807,
            -1.558924,
            3.79777,
            -4.466709,
            2.353557,
            5.109749,
            -5.349456,
            -3.419196,
            -1.989607,
            1.199385,
            -6.852936,
            8.499794,
            -2.576399,
            -2.817981,
            -3.235935,
            2.130117,
            -0.561062,
            5.308815,
            -1.899322,
            0.366571,
            7.123161,
            -1.979656,
            -1.838503,
            -2.52408,
            -3.472952,
            5.535305,
            -5.761158,
            3.479796,
            -2.873823,
            -3.672563,
            4.719982,
            -4.225788,
            2.452147,
            -1.01673,
            3.58704,
            4.094162,
            2.981395,
            0.700839,
            -5.93746,
            7.484066,
            1.98749,
            7.696467,
            -7.563982,
            -4.509108,
            1.066356,
            3.512964,
            4.305673,
            1.519764,
            5.702183,
            -5.512613,
            0.674883,
            -2.071257,
            -3.46233,
            -1.669925,
            1.50351,
            -1.469401,
            4.020634
        ]
    },
    "image_size": [
        870,
        1918
    ],
    "process_time_in_milliseconds": 775
}
