{
    "props": {
        "face_rect": [
            9,
            751,
            570,
            570
        ],
        "kp_eye_left_inner": [
            232,
            898
        ],
        "kp_eye_left_outer": [
            158,
            903
        ],
        "kp_eye_right_inner": [
            365,
            889
        ],
        "kp_eye_right_outer": [
            483,
            884
        ],
        "kp_mouth_left": [
            399,
            1135
        ],
        "kp_mouth_right": [
            217,
            1140
        ],
        "kp_nose_tip": [
            266,
            992
        ],
        "kp_under_lip_bottom": [
            291,
            1174
        ],
        "kp_upper_lip_top": [
            281,
            1120
        ],
        "features": [
            7.943091,
            9.731564,
            -1.390471,
            4.213202,
            2.269284,
            6.414989,
            0.856256,
            1.307964,
            1.654693,
            -4.008224,
            -4.504939,
            -1.212143,
            2.238899,
            0.084484,
            5.397189,
            -3.689654,
            -0.212628,
            -0.091981,
            4.058337,
            0.816117,
            4.935829,
            0.289657,
            -1.511845,
            6.289245,
            -3.967723,
            -0.015083,
            -3.737808,
            -1.455113,
            3.79614,
            -6.564466,
            -1.920977,
            -0.215847,
            1.132736,
            4.593431,
            -1.131511,
            0.35066,
            -0.358084,
            0.747525,
            0.638217,
            -0.035939,
            3.773321,
            -3.317842,
            6.460563,
            -1.000946,
            2.946349,
            -3.932662,
            -5.355042,
            -0.74264,
            3.315439,
            0.441358,
            -0.112627,
            5.215787,
            -2.728914,
            3.728295,
            0.758799,
            -5.524494,
            -4.005427,
            3.702245,
            -2.797644,
            5.760757
        ]
    },
    "image_size": [
        870,
        1918
    ],
    "process_time_in_milliseconds": 828
}
