{
    "props": {
        "face_rect": [
            -25,
            599,
            618,
            618
        ],
        "kp_eye_left_inner": [
            225,
            762
        ],
        "kp_eye_left_outer": [
            180,
            767
        ],
        "kp_eye_right_inner": [
            358,
            762
        ],
        "kp_eye_right_outer": [
            472,
            757
        ],
        "kp_mouth_left": [
            363,
            1019
        ],
        "kp_mouth_right": [
            170,
            999
        ],
        "kp_nose_tip": [
            230,
            846
        ],
        "kp_under_lip_bottom": [
            250,
            1034
        ],
        "kp_upper_lip_top": [
            240,
            960
        ],
        "features": [
            3.891428,
            4.162704,
            4.50897,
            -4.337637,
            3.501644,
            0.933971,
            -6.923167,
            0.627791,
            0.798924,
            3.447311,
            -7.647235,
            -6.232175,
            -4.530861,
            5.526641,
            5.325513,
            -10.500299,
            -7.080236,
            5.408872,
            3.517689,
            -0.44559,
            -1.387685,
            3.903052,
            -8.89684,
            -4.833596,
            7.309489,
            1.316603,
            -2.15713,
            -1.557772,
            3.49896,
            1.510809,
            -0.462619,
            0.983346,
            -2.567452,
            -0.383892,
            -2.877337,
            5.569154,
            4.590921,
            1.930308,
            0.096508,
            2.362765,
            -1.20307,
            -3.895268,
            -8.996879,
            3.443904,
            2.347197,
            8.376595,
            5.791967,
            6.980599,
            -5.789078,
            -5.662136,
            4.926363,
            -0.434775,
            0.621968,
            -0.158966,
            2.322964,
            3.140103,
            -4.178413,
            1.612157,
            -2.425834,
            3.181808
        ]
    },
    "image_size": [
        870,
        1918
    ],
    "process_time_in_milliseconds": 770
}
