{
    "props": {
        "face_rect": [
            186,
            637,
            545,
            545
        ],
        "kp_eye_left_inner": [
            397,
            771
        ],
        "kp_eye_left_outer": [
            296,
            775
        ],
        "kp_eye_right_inner": [
            526,
            771
        ],
        "kp_eye_right_outer": [
            628,
            766
        ],
        "kp_mouth_left": [
            563,
            1024
        ],
        "kp_mouth_right": [
            356,
            1024
        ],
        "kp_nose_tip": [
            462,
            863
        ],
        "kp_under_lip_bottom": [
            457,
            1052
        ],
        "kp_upper_lip_top": [
            462,
            983
        ],
        "features": [
            2.876121,
            4.182156,
            6.914477,
            -5.956929,
            4.751407,
            1.356513,
            -5.303749,
            1.728658,
            -0.194478,
            6.25512,
            -8.27776,
            -8.532593,
            -4.018043,
            7.496481,
            5.042807,
            -11.359799,
            -5.742445,
            4.168895,
            4.461375,
            0.11424,
            -2.715693,
            3.491851,
            -10.123494,
            -7.405592,
            7.240231,
            3.109837,
            -1.242268,
            0.126745,
            6.77664,
            1.586841,
            -0.250841,
            3.309245,
            -1.699499,
            -2.869702,
            -2.499053,
            3.236687,
            3.010206,
            4.415276,
            -0.727117,
            3.694873,
            -2.790512,
            -5.946959,
            -8.782988,
            3.137392,
            5.117814,
            8.634214,
            4.694298,
            3.980299,
            -7.246338,
            -3.450431,
            5.568969,
            -1.204634,
            1.482913,
            -0.251668,
            0.848082,
            2.996251,
            -3.760966,
            0.386469,
            -2.229037,
            2.212419
        ]
    },
    "image_size": [
        870,
        1918
    ],
    "process_time_in_milliseconds": 781
}
