{
    "props": {
        "face_rect": [
            50,
            616,
            565,
            565
        ],
        "kp_eye_left_inner": [
            286,
            770
        ],
        "kp_eye_left_outer": [
            211,
            775
        ],
        "kp_eye_right_inner": [
            411,
            760
        ],
        "kp_eye_right_outer": [
            526,
            745
        ],
        "kp_mouth_left": [
            431,
            1010
        ],
        "kp_mouth_right": [
            236,
            1010
        ],
        "kp_nose_tip": [
            301,
            855
        ],
        "kp_under_lip_bottom": [
            321,
            1045
        ],
        "kp_upper_lip_top": [
            316,
            965
        ],
        "features": [
            1.73474,
            5.52464,
            6.121132,
            -5.977736,
            3.761416,
            1.835744,
            -6.422251,
            1.156435,
            1.174445,
            6.210932,
            -9.099396,
            -6.018401,
            -4.407192,
            6.23518,
            4.942179,
            -10.776244,
            -6.748842,
            3.571778,
            5.320461,
            -0.895012,
            -1.914378,
            4.002091,
            -10.633768,
            -5.871139,
            8.385121,
            2.605611,
            -1.127964,
            -1.283621,
            6.552408,
            0.437597,
            -0.303326,
            2.674329,
            -1.982551,
            -2.036786,
            -2.012578,
            3.590795,
            3.978384,
            2.479743,
            -0.563079,
            3.004351,
            -2.04216,
            -4.303596,
            -7.466415,
            4.394411,
            3.58581,
            7.986616,
            4.387202,
            4.051642,
            -7.897693,
            -4.343798,
            4.766708,
            -2.52494,
            1.298568,
            -0.154533,
            -0.309856,
            1.887615,
            -4.690164,
            1.423303,
            -0.938688,
            0.983028
        ]
    },
    "image_size": [
        870,
        1918
    ],
    "process_time_in_milliseconds": 802
}
