{
    "props": {
        "face_rect": [
            125,
            626,
            554,
            554
        ],
        "kp_eye_left_inner": [
            347,
            768
        ],
        "kp_eye_left_outer": [
            248,
            773
        ],
        "kp_eye_right_inner": [
            474,
            759
        ],
        "kp_eye_right_outer": [
            582,
            754
        ],
        "kp_mouth_left": [
            512,
            1018
        ],
        "kp_mouth_right": [
            309,
            1018
        ],
        "kp_nose_tip": [
            389,
            853
        ],
        "kp_under_lip_bottom": [
            399,
            1046
        ],
        "kp_upper_lip_top": [
            399,
            976
        ],
        "features": [
            2.542879,
            5.412178,
            6.717142,
            -5.527737,
            4.331406,
            2.003926,
            -5.958625,
            2.488147,
            0.894859,
            5.578424,
            -8.637002,
            -7.463528,
            -5.191267,
            7.44767,
            5.208133,
            -11.376493,
            -6.37733,
            3.733007,
            4.649609,
            -1.966368,
            -2.203521,
            3.379915,
            -10.650932,
            -7.154386,
            7.524117,
            2.669231,
            -1.292413,
            -0.019312,
            6.450881,
            1.124472,
            -0.221319,
            3.076163,
            -2.160737,
            -3.113162,
            -2.191001,
            3.83828,
            3.33032,
            3.607929,
            -0.6444,
            3.822443,
            -2.127112,
            -5.753061,
            -8.89139,
            3.351721,
            4.11094,
            8.628465,
            4.534108,
            3.991602,
            -7.709783,
            -3.602271,
            5.65515,
            -2.086823,
            1.5261,
            0.008815,
            0.236409,
            2.053092,
            -4.247876,
            0.559901,
            -1.831132,
            1.766156
        ]
    },
    "image_size": [
        870,
        1918
    ],
    "process_time_in_milliseconds": 780
}
