{
    "props": {
        "face_rect": [
            -9,
            745,
            577,
            577
        ],
        "kp_eye_left_inner": [
            211,
            897
        ],
        "kp_eye_left_outer": [
            151,
            902
        ],
        "kp_eye_right_inner": [
            347,
            892
        ],
        "kp_eye_right_outer": [
            468,
            887
        ],
        "kp_mouth_left": [
            382,
            1139
        ],
        "kp_mouth_right": [
            196,
            1139
        ],
        "kp_nose_tip": [
            241,
            988
        ],
        "kp_under_lip_bottom": [
            267,
            1169
        ],
        "kp_upper_lip_top": [
            251,
            1119
        ],
        "features": [
            7.879076,
            10.434805,
            -1.235314,
            4.546811,
            3.110997,
            5.668255,
            0.24399,
            0.278081,
            2.840019,
            -3.923915,
            -4.365932,
            -0.618702,
            3.389969,
            0.681019,
            5.383052,
            -3.564742,
            0.171113,
            -0.825534,
            4.365454,
            1.521799,
            4.219415,
            1.071945,
            -1.852588,
            5.775166,
            -3.748832,
            0.445119,
            -2.808719,
            -0.9492,
            4.423283,
            -5.912132,
            -2.065887,
            0.222942,
            2.060199,
            4.420268,
            -1.255321,
            -0.576752,
            -0.882172,
            0.336991,
            1.376285,
            0.087457,
            4.402487,
            -3.191328,
            6.66607,
            -0.804137,
            2.807025,
            -3.458467,
            -5.727793,
            -2.107816,
            3.344046,
            1.023836,
            -0.58816,
            5.697627,
            -3.454558,
            3.36073,
            0.807458,
            -4.917645,
            -3.273983,
            2.69707,
            -2.571857,
            5.200812
        ]
    },
    "image_size": [
        870,
        1918
    ],
    "process_time_in_milliseconds": 786
}
