{
    "props": {
        "face_rect": [
            184,
            639,
            547,
            547
        ],
        "kp_eye_left_inner": [
            398,
            775
        ],
        "kp_eye_left_outer": [
            292,
            775
        ],
        "kp_eye_right_inner": [
            526,
            770
        ],
        "kp_eye_right_outer": [
            627,
            770
        ],
        "kp_mouth_left": [
            558,
            1023
        ],
        "kp_mouth_right": [
            356,
            1028
        ],
        "kp_nose_tip": [
            457,
            871
        ],
        "kp_under_lip_bottom": [
            457,
            1055
        ],
        "kp_upper_lip_top": [
            462,
            982
        ],
        "features": [
            2.733892,
            3.800587,
            6.718959,
            -6.273699,
            4.75343,
            1.513839,
            -4.689082,
            1.723152,
            -0.251742,
            6.018322,
            -8.369163,
            -8.69102,
            -4.274223,
            7.258255,
            5.064231,
            -11.444936,
            -5.773122,
            4.637353,
            4.116395,
            0.177108,
            -2.422228,
            2.850678,
            -9.68854,
            -7.480727,
            7.025752,
            2.650256,
            -1.192957,
            0.157859,
            6.429425,
            1.92201,
            -0.222079,
            3.22719,
            -1.790607,
            -3.368807,
            -2.230862,
            3.598083,
            3.124875,
            4.608544,
            -1.22709,
            3.795023,
            -2.742861,
            -6.176362,
            -9.014858,
            2.865504,
            5.113488,
            8.879513,
            4.605537,
            4.472951,
            -7.110595,
            -3.724563,
            5.73175,
            -1.129228,
            1.726048,
            0.017765,
            1.242832,
            3.215453,
            -4.169367,
            0.528,
            -2.175851,
            2.107417
        ]
    },
    "image_size": [
        870,
        1918
    ],
    "process_time_in_milliseconds": 738
}
