{
    "props": {
        "face_rect": [
            162,
            672,
            518,
            518
        ],
        "kp_eye_left_inner": [
            348,
            807
        ],
        "kp_eye_left_outer": [
            252,
            830
        ],
        "kp_eye_right_inner": [
            489,
            807
        ],
        "kp_eye_right_outer": [
            585,
            818
        ],
        "kp_mouth_left": [
            534,
            1039
        ],
        "kp_mouth_right": [
            331,
            1044
        ],
        "kp_nose_tip": [
            416,
            852
        ],
        "kp_under_lip_bottom": [
            433,
            1067
        ],
        "kp_upper_lip_top": [
            427,
            982
        ],
        "features": [
            4.892692,
            7.917578,
            -3.068828,
            4.146153,
            -0.282496,
            6.639047,
            -2.790071,
            2.614434,
            2.883395,
            -7.62385,
            -3.686364,
            -1.661485,
            1.742067,
            -3.807989,
            6.299837,
            -1.030698,
            -2.727225,
            -0.279458,
            -0.102468,
            -2.120935,
            5.968794,
            0.830366,
            -2.603426,
            5.321719,
            -2.145716,
            2.489468,
            -3.472221,
            -3.718942,
            5.944175,
            -7.059672,
            1.706875,
            -4.467487,
            0.026768,
            3.891093,
            -1.652887,
            1.578308,
            -0.079462,
            1.761092,
            4.563251,
            1.182549,
            2.041716,
            -1.115642,
            4.024132,
            1.14837,
            5.260514,
            -4.714128,
            -3.714967,
            2.400294,
            6.741399,
            -0.051391,
            -2.175716,
            6.130772,
            0.195454,
            0.185757,
            -3.657207,
            -3.046868,
            -1.189437,
            1.27747,
            -2.099958,
            7.205151
        ]
    },
    "image_size": [
        870,
        1918
    ],
    "process_time_in_milliseconds": 819
}
