{
    "props": {
        "face_rect": [
            173,
            634,
            486,
            486
        ],
        "kp_eye_left_inner": [
            347,
            707
        ],
        "kp_eye_left_outer": [
            249,
            788
        ],
        "kp_eye_right_inner": [
            493,
            766
        ],
        "kp_eye_right_outer": [
            579,
            782
        ],
        "kp_mouth_left": [
            531,
            983
        ],
        "kp_mouth_right": [
            314,
            983
        ],
        "kp_nose_tip": [
            417,
            772
        ],
        "kp_under_lip_bottom": [
            428,
            983
        ],
        "kp_upper_lip_top": [
            417,
            918
        ],
        "features": [
            1.860588,
            6.029606,
            -1.758679,
            3.042917,
            -0.848931,
            3.501433,
            -2.271911,
            1.797915,
            2.573997,
            -8.413565,
            -2.6585,
            -1.615022,
            2.993575,
            -0.885919,
            4.833246,
            -0.676339,
            -3.131061,
            -2.401188,
            0.018711,
            -2.093045,
            3.836488,
            3.745532,
            -4.136577,
            4.302788,
            -0.474304,
            1.263368,
            -1.134484,
            -2.518906,
            5.357135,
            -3.754171,
            2.16565,
            -5.237169,
            -0.400728,
            3.831847,
            -0.254592,
            2.608318,
            0.786519,
            -0.242526,
            4.80313,
            0.894287,
            1.228549,
            0.509042,
            4.609422,
            0.127416,
            6.183865,
            -3.045618,
            -3.279466,
            3.456286,
            7.457423,
            0.976687,
            -2.059024,
            7.262291,
            1.975339,
            -0.187506,
            -4.32612,
            -1.760657,
            -0.510222,
            -0.334466,
            0.475573,
            6.168502
        ]
    },
    "image_size": [
        870,
        1918
    ],
    "process_time_in_milliseconds": 732
}
