{
    "props": {
        "face_rect": [
            319,
            640,
            532,
            532
        ],
        "kp_eye_left_inner": [
            516,
            769
        ],
        "kp_eye_left_outer": [
            408,
            759
        ],
        "kp_eye_right_inner": [
            639,
            784
        ],
        "kp_eye_right_outer": [
            716,
            784
        ],
        "kp_mouth_left": [
            675,
            1020
        ],
        "kp_mouth_right": [
            475,
            1020
        ],
        "kp_nose_tip": [
            623,
            861
        ],
        "kp_under_lip_bottom": [
            593,
            1046
        ],
        "kp_upper_lip_top": [
            603,
            974
        ],
        "features": [
            2.821782,
            5.915226,
            7.724509,
            -6.0226,
            5.000086,
            -0.092045,
            -5.91901,
            0.572419,
            0.875084,
            5.203095,
            -8.625145,
            -7.924994,
            -2.927119,
            7.504325,
            4.111483,
            -9.624303,
            -7.146006,
            3.487535,
            5.190005,
            1.728904,
            -2.825437,
            2.49597,
            -10.644567,
            -8.929372,
            7.186177,
            2.419064,
            -0.20189,
            0.122397,
            7.224112,
            3.079184,
            -0.706438,
            3.403456,
            -0.75308,
            -1.471666,
            -1.541219,
            3.235372,
            3.550771,
            3.554227,
            -0.134,
            4.234046,
            0.20171,
            -5.427465,
            -9.900291,
            2.832379,
            5.730192,
            10.421025,
            3.860863,
            3.014989,
            -7.52441,
            -4.755965,
            5.937838,
            -2.180961,
            0.922962,
            0.445276,
            -0.58,
            3.038941,
            -2.502978,
            -1.87427,
            -1.595342,
            1.623733
        ]
    },
    "image_size": [
        870,
        1918
    ],
    "process_time_in_milliseconds": 805
}
