{
    "props": {
        "face_rect": [
            124,
            710,
            626,
            626
        ],
        "kp_eye_left_inner": [
            370,
            873
        ],
        "kp_eye_left_outer": [
            256,
            868
        ],
        "kp_eye_right_inner": [
            508,
            868
        ],
        "kp_eye_right_outer": [
            612,
            848
        ],
        "kp_mouth_left": [
            543,
            1130
        ],
        "kp_mouth_right": [
            340,
            1140
        ],
        "kp_nose_tip": [
            439,
            1016
        ],
        "kp_under_lip_bottom": [
            449,
            1179
        ],
        "kp_upper_lip_top": [
            444,
            1110
        ],
        "features": [
            0.09815,
            0.183125,
            6.089675,
            -4.106558,
            4.71091,
            1.463359,
            -4.646777,
            4.538353,
            -3.651432,
            7.166773,
            -6.409827,
            -6.464674,
            -3.871949,
            6.323434,
            3.236371,
            -11.10846,
            -6.357345,
            3.749242,
            0.976275,
            -0.49601,
            -0.244979,
            1.19433,
            -10.501786,
            -8.435747,
            3.962164,
            1.752519,
            1.448624,
            -2.140666,
            5.60723,
            2.905105,
            0.744617,
            3.048682,
            -3.699074,
            -2.96977,
            -0.364252,
            0.537349,
            1.965324,
            2.666084,
            2.826906,
            5.231349,
            -3.298421,
            -7.676839,
            -7.660604,
            4.69444,
            6.302497,
            5.005255,
            3.653939,
            3.606717,
            -6.532439,
            -4.199086,
            5.75953,
            -2.950155,
            1.53804,
            -0.938416,
            -2.467897,
            4.941179,
            -3.82674,
            0.515954,
            -1.177672,
            1.1316
        ]
    },
    "image_size": [
        870,
        1918
    ],
    "process_time_in_milliseconds": 773
}
