{
    "props": {
        "face_rect": [
            180,
            640,
            481,
            481
        ],
        "kp_eye_left_inner": [
            343,
            748
        ],
        "kp_eye_left_outer": [
            249,
            790
        ],
        "kp_eye_right_inner": [
            495,
            764
        ],
        "kp_eye_right_outer": [
            579,
            780
        ],
        "kp_mouth_left": [
            527,
            973
        ],
        "kp_mouth_right": [
            317,
            973
        ],
        "kp_nose_tip": [
            417,
            764
        ],
        "kp_under_lip_bottom": [
            432,
            979
        ],
        "kp_upper_lip_top": [
            427,
            916
        ],
        "features": [
            3.663748,
            7.423444,
            -2.114955,
            1.560451,
            -1.111431,
            4.732874,
            -2.720417,
            -0.084281,
            0.431952,
            -8.065673,
            -2.367725,
            1.550351,
            3.540255,
            -1.069129,
            5.251153,
            0.508771,
            -2.667901,
            -1.797002,
            0.40391,
            -1.036484,
            4.738922,
            2.571525,
            -2.817479,
            2.530324,
            -1.311616,
            1.699652,
            -0.213516,
            -3.579217,
            5.914887,
            -2.50412,
            2.540924,
            -5.878596,
            0.708082,
            2.997295,
            -1.859165,
            0.024866,
            -0.86562,
            1.474976,
            3.335552,
            2.613192,
            2.748139,
            0.029654,
            3.260936,
            -1.138354,
            4.745509,
            -0.990151,
            -2.712771,
            4.511823,
            6.924572,
            0.363613,
            -2.434453,
            7.651877,
            0.074446,
            0.015252,
            -4.363502,
            -1.965787,
            -1.539811,
            0.604797,
            -0.437523,
            7.113252
        ]
    },
    "image_size": [
        870,
        1918
    ],
    "process_time_in_milliseconds": 760
}
