{
    "props": {
        "face_rect": [
            111,
            770,
            605,
            605
        ],
        "kp_eye_left_inner": [
            342,
            943
        ],
        "kp_eye_left_outer": [
            238,
            939
        ],
        "kp_eye_right_inner": [
            480,
            934
        ],
        "kp_eye_right_outer": [
            584,
            915
        ],
        "kp_mouth_left": [
            527,
            1190
        ],
        "kp_mouth_right": [
            319,
            1204
        ],
        "kp_nose_tip": [
            414,
            1109
        ],
        "kp_under_lip_bottom": [
            432,
            1284
        ],
        "kp_upper_lip_top": [
            423,
            1190
        ],
        "features": [
            -1.018821,
            2.195664,
            6.759066,
            -2.629893,
            5.05419,
            2.307601,
            -2.360929,
            4.562357,
            -0.780318,
            2.419933,
            -7.978724,
            -5.992381,
            -1.777391,
            2.859583,
            2.34391,
            -10.626259,
            -7.0546,
            3.098534,
            -1.045397,
            0.228072,
            0.509052,
            0.882765,
            -9.750717,
            -6.882404,
            2.253528,
            -0.523518,
            0.447637,
            -1.230811,
            5.199389,
            2.203223,
            -1.04654,
            3.266118,
            -3.507046,
            -1.013992,
            1.865522,
            1.478612,
            2.546062,
            0.69917,
            4.622076,
            5.348874,
            -0.728236,
            -12.137011,
            -7.527448,
            2.568911,
            6.772209,
            3.991472,
            2.400762,
            3.912052,
            -5.432581,
            -6.832816,
            3.735125,
            -1.118317,
            2.494697,
            0.701698,
            -1.777403,
            6.626695,
            -6.555992,
            2.734102,
            -1.943717,
            0.438328
        ]
    },
    "image_size": [
        870,
        1918
    ],
    "process_time_in_milliseconds": 820
}
