{
    "props": {
        "face_rect": [
            187,
            648,
            465,
            465
        ],
        "kp_eye_left_inner": [
            354,
            746
        ],
        "kp_eye_left_outer": [
            252,
            791
        ],
        "kp_eye_right_inner": [
            495,
            766
        ],
        "kp_eye_right_outer": [
            576,
            781
        ],
        "kp_mouth_left": [
            526,
            973
        ],
        "kp_mouth_right": [
            313,
            978
        ],
        "kp_nose_tip": [
            420,
            771
        ],
        "kp_under_lip_bottom": [
            430,
            978
        ],
        "kp_upper_lip_top": [
            420,
            918
        ],
        "features": [
            2.703301,
            7.005974,
            -1.487373,
            1.545951,
            -1.59391,
            4.742882,
            -2.003297,
            0.29013,
            0.443201,
            -8.431076,
            -2.321508,
            1.180868,
            2.789858,
            -1.377583,
            6.086497,
            0.080594,
            -2.620464,
            -1.526011,
            2.30525,
            -2.086258,
            5.387128,
            2.665941,
            -2.814927,
            3.354029,
            -0.521348,
            1.402672,
            0.148911,
            -3.698977,
            5.829432,
            -2.892456,
            2.620633,
            -5.864206,
            0.125108,
            3.3794,
            -2.68825,
            1.534274,
            -1.114015,
            2.1288,
            3.219715,
            1.786185,
            1.911084,
            -0.151288,
            3.837832,
            -1.868759,
            4.565164,
            -2.08631,
            -2.88414,
            5.006404,
            6.793775,
            1.005785,
            -2.249931,
            7.537136,
            0.989627,
            0.983014,
            -3.378112,
            -3.0747,
            -1.374496,
            1.600618,
            -0.71738,
            6.292115
        ]
    },
    "image_size": [
        870,
        1918
    ],
    "process_time_in_milliseconds": 806
}
