{
    "props": {
        "face_rect": [
            312,
            764,
            589,
            589
        ],
        "kp_eye_left_inner": [
            563,
            898
        ],
        "kp_eye_left_outer": [
            438,
            882
        ],
        "kp_eye_right_inner": [
            703,
            936
        ],
        "kp_eye_right_outer": [
            752,
            936
        ],
        "kp_mouth_left": [
            682,
            1152
        ],
        "kp_mouth_right": [
            509,
            1147
        ],
        "kp_nose_tip": [
            660,
            1028
        ],
        "kp_under_lip_bottom": [
            611,
            1201
        ],
        "kp_upper_lip_top": [
            622,
            1141
        ],
        "features": [
            7.680423,
            8.791107,
            -2.927639,
            2.174609,
            0.335532,
            8.261775,
            0.796943,
            -1.611799,
            4.894352,
            -5.82162,
            -1.809645,
            -0.161445,
            2.449358,
            -3.402305,
            7.401687,
            -0.780739,
            -0.880127,
            -1.95935,
            3.578845,
            2.813138,
            4.901027,
            -1.097977,
            -0.131826,
            7.775613,
            -3.35859,
            -1.181551,
            -3.65661,
            -1.351264,
            5.705244,
            -6.287494,
            1.32329,
            -4.266991,
            -1.63581,
            3.615094,
            -1.448921,
            0.859464,
            -0.044311,
            2.299551,
            0.46799,
            0.023427,
            1.906473,
            -3.048234,
            7.451647,
            -0.086787,
            3.798415,
            -4.436586,
            -3.57757,
            -0.213458,
            4.536695,
            0.456664,
            0.043937,
            6.942521,
            -4.300859,
            2.039321,
            -1.226765,
            -4.070158,
            -4.053249,
            3.092637,
            -3.37201,
            6.834199
        ]
    },
    "image_size": [
        870,
        1918
    ],
    "process_time_in_milliseconds": 830
}
