{
    "props": {
        "face_rect": [
            311,
            764,
            590,
            590
        ],
        "kp_eye_left_inner": [
            563,
            902
        ],
        "kp_eye_left_outer": [
            442,
            880
        ],
        "kp_eye_right_inner": [
            700,
            940
        ],
        "kp_eye_right_outer": [
            755,
            940
        ],
        "kp_mouth_left": [
            683,
            1154
        ],
        "kp_mouth_right": [
            508,
            1149
        ],
        "kp_nose_tip": [
            667,
            1023
        ],
        "kp_under_lip_bottom": [
            607,
            1203
        ],
        "kp_upper_lip_top": [
            623,
            1138
        ],
        "features": [
            7.917625,
            8.97799,
            -2.934132,
            2.976997,
            -0.304605,
            8.433341,
            0.695182,
            -1.048309,
            4.343043,
            -6.249043,
            -1.935815,
            -0.246844,
            1.97137,
            -3.901258,
            6.456808,
            -0.249038,
            -0.725668,
            -1.636744,
            2.944004,
            2.257515,
            4.741471,
            -0.69477,
            0.38032,
            7.309941,
            -4.000178,
            -1.228625,
            -4.157965,
            -1.097959,
            5.598038,
            -7.03902,
            1.264868,
            -4.614691,
            -1.512633,
            4.01053,
            -1.323939,
            0.781667,
            -0.046628,
            2.299049,
            -0.018746,
            0.157028,
            2.247624,
            -2.53816,
            6.677624,
            -0.507015,
            3.691697,
            -4.363567,
            -3.576794,
            -0.078788,
            4.863711,
            0.339562,
            0.140561,
            6.643555,
            -4.178826,
            2.180955,
            -1.353804,
            -4.453294,
            -3.881768,
            3.183014,
            -3.162403,
            6.952637
        ]
    },
    "image_size": [
        870,
        1918
    ],
    "process_time_in_milliseconds": 814
}
