{
    "props": {
        "face_rect": [
            253,
            579,
            396,
            396
        ],
        "kp_eye_left_inner": [
            388,
            678
        ],
        "kp_eye_left_outer": [
            307,
            691
        ],
        "kp_eye_right_inner": [
            514,
            669
        ],
        "kp_eye_right_outer": [
            590,
            678
        ],
        "kp_mouth_left": [
            554,
            844
        ],
        "kp_mouth_right": [
            361,
            844
        ],
        "kp_nose_tip": [
            451,
            678
        ],
        "kp_under_lip_bottom": [
            455,
            849
        ],
        "kp_upper_lip_top": [
            455,
            786
        ],
        "features": [
            3.305912,
            5.391025,
            6.257189,
            -1.910453,
            4.074422,
            1.016184,
            -4.043625,
            0.841015,
            2.237708,
            6.37178,
            -10.982448,
            -6.176907,
            -1.748125,
            3.878925,
            3.645582,
            -9.346729,
            -5.529459,
            2.529621,
            4.171223,
            1.348746,
            -3.934269,
            4.476622,
            -8.44877,
            -7.745232,
            5.11983,
            5.450366,
            1.090041,
            -0.676273,
            6.574109,
            -0.564375,
            1.743019,
            4.024631,
            1.807177,
            0.408653,
            -2.743992,
            1.071035,
            2.03252,
            5.45947,
            -3.469579,
            6.173817,
            2.601156,
            -0.526476,
            -5.674291,
            0.299774,
            6.560285,
            8.746622,
            2.75365,
            1.153689,
            -4.27353,
            -3.428849,
            3.997842,
            -4.101499,
            -0.608687,
            -0.403577,
            -3.897851,
            2.608114,
            -1.595923,
            -0.094827,
            1.52574,
            5.697478
        ]
    },
    "image_size": [
        870,
        1918
    ],
    "process_time_in_milliseconds": 774
}
