{
    "props": {
        "face_rect": [
            216,
            505,
            387,
            387
        ],
        "kp_eye_left_inner": [
            383,
            610
        ],
        "kp_eye_left_outer": [
            307,
            616
        ],
        "kp_eye_right_inner": [
            465,
            604
        ],
        "kp_eye_right_outer": [
            519,
            598
        ],
        "kp_mouth_left": [
            504,
            768
        ],
        "kp_mouth_right": [
            395,
            786
        ],
        "kp_nose_tip": [
            465,
            683
        ],
        "kp_under_lip_bottom": [
            465,
            798
        ],
        "kp_upper_lip_top": [
            461,
            752
        ],
        "features": [
            2.235722,
            7.448872,
            -1.255635,
            -2.658664,
            3.94076,
            -2.818398,
            -1.082851,
            4.061049,
            4.740808,
            -7.758621,
            4.109272,
            -4.280446,
            6.574309,
            -3.026045,
            4.872823,
            -3.579015,
            -1.505981,
            7.765548,
            -6.028893,
            3.287432,
            5.965976,
            -6.651216,
            6.798399,
            1.786158,
            -1.054395,
            -1.698918,
            -9.326236,
            1.949608,
            -0.712927,
            -4.766778,
            -0.556964,
            1.103412,
            -3.707473,
            1.63416,
            -4.016468,
            3.154208,
            1.862594,
            -0.737576,
            -1.329716,
            -4.668808,
            -0.898541,
            -0.780146,
            0.317126,
            -0.281956,
            6.644356,
            -3.809678,
            -1.930069,
            0.787989,
            1.838332,
            -0.184596,
            4.414137,
            13.135592,
            2.196352,
            3.270675,
            0.886142,
            -4.547632,
            -2.908015,
            -0.504313,
            -3.064768,
            1.696629
        ]
    },
    "image_size": [
        720,
        1280
    ],
    "process_time_in_milliseconds": 1330
}
