{
    "props": {
        "face_rect": [
            264,
            595,
            374,
            374
        ],
        "kp_eye_left_inner": [
            387,
            673
        ],
        "kp_eye_left_outer": [
            313,
            686
        ],
        "kp_eye_right_inner": [
            520,
            668
        ],
        "kp_eye_right_outer": [
            589,
            673
        ],
        "kp_mouth_left": [
            557,
            838
        ],
        "kp_mouth_right": [
            355,
            838
        ],
        "kp_nose_tip": [
            456,
            663
        ],
        "kp_under_lip_bottom": [
            451,
            833
        ],
        "kp_upper_lip_top": [
            456,
            774
        ],
        "features": [
            3.377398,
            6.392298,
            6.140331,
            -2.820941,
            3.768592,
            -0.010969,
            -4.032204,
            0.574867,
            2.657732,
            5.926921,
            -11.39717,
            -5.416887,
            -1.938854,
            4.191299,
            2.127925,
            -9.334,
            -4.361315,
            1.787626,
            4.196746,
            -0.169743,
            -3.972204,
            3.52245,
            -7.455831,
            -7.781936,
            5.065315,
            5.878047,
            1.225543,
            0.006949,
            7.222256,
            -0.883343,
            1.368386,
            4.025222,
            1.163943,
            -1.652168,
            -2.066866,
            1.477418,
            2.623801,
            5.06721,
            -3.803627,
            5.371514,
            1.51044,
            -1.930613,
            -6.665862,
            -0.275621,
            4.75067,
            7.513519,
            1.90957,
            -0.648933,
            -3.800133,
            -2.43218,
            5.022134,
            -4.616224,
            0.832399,
            0.510062,
            -3.610031,
            1.489351,
            -0.053443,
            0.439576,
            -0.341812,
            4.33414
        ]
    },
    "image_size": [
        870,
        1918
    ],
    "process_time_in_milliseconds": 769
}
