{
    "props": {
        "face_rect": [
            170,
            628,
            553,
            553
        ],
        "kp_eye_left_inner": [
            386,
            765
        ],
        "kp_eye_left_outer": [
            283,
            765
        ],
        "kp_eye_right_inner": [
            517,
            760
        ],
        "kp_eye_right_outer": [
            615,
            760
        ],
        "kp_mouth_left": [
            545,
            1013
        ],
        "kp_mouth_right": [
            344,
            1018
        ],
        "kp_nose_tip": [
            447,
            858
        ],
        "kp_under_lip_bottom": [
            447,
            1050
        ],
        "kp_upper_lip_top": [
            451,
            980
        ],
        "features": [
            2.898777,
            4.161927,
            6.371535,
            -5.37968,
            4.941299,
            0.898822,
            -4.304529,
            2.061671,
            0.089316,
            5.495886,
            -8.212594,
            -8.314844,
            -5.117163,
            7.121234,
            4.751165,
            -11.636989,
            -5.374787,
            4.371588,
            4.256658,
            0.463652,
            -2.480814,
            3.251278,
            -10.460116,
            -6.24086,
            8.064878,
            2.547832,
            -1.620368,
            0.334478,
            6.580929,
            1.189109,
            -0.684192,
            3.368991,
            -1.358768,
            -2.571985,
            -1.945044,
            4.221704,
            3.282705,
            4.740631,
            -1.104031,
            3.161758,
            -2.643162,
            -6.548452,
            -8.947462,
            2.686664,
            4.708139,
            8.255449,
            4.395192,
            5.147545,
            -7.48839,
            -2.462001,
            4.6537,
            -0.462064,
            2.334563,
            0.809163,
            1.93283,
            2.819958,
            -4.704105,
            0.422775,
            -2.592308,
            1.973996
        ]
    },
    "image_size": [
        870,
        1918
    ],
    "process_time_in_milliseconds": 1257
}
