{
    "props": {
        "face_rect": [
            128,
            871,
            561,
            561
        ],
        "kp_eye_left_inner": [
            351,
            1031
        ],
        "kp_eye_left_outer": [
            241,
            1018
        ],
        "kp_eye_right_inner": [
            491,
            1031
        ],
        "kp_eye_right_outer": [
            596,
            1018
        ],
        "kp_mouth_left": [
            531,
            1259
        ],
        "kp_mouth_right": [
            333,
            1268
        ],
        "kp_nose_tip": [
            426,
            1211
        ],
        "kp_under_lip_bottom": [
            430,
            1308
        ],
        "kp_upper_lip_top": [
            430,
            1272
        ],
        "features": [
            2.942974,
            5.481041,
            -1.014458,
            4.884177,
            -1.31063,
            4.853912,
            -3.279003,
            0.381072,
            5.80985,
            -6.068201,
            -2.223286,
            -1.740348,
            1.684636,
            -5.915466,
            8.03565,
            -2.875488,
            -2.02279,
            -2.625833,
            2.944203,
            0.464306,
            5.264915,
            1.006259,
            0.966845,
            7.041116,
            -1.584822,
            -1.156465,
            -3.307139,
            -1.261625,
            5.961046,
            -6.938132,
            3.641819,
            -2.939591,
            -2.660176,
            4.794797,
            -4.702321,
            1.431628,
            -0.740031,
            2.971689,
            2.657716,
            1.036809,
            0.018128,
            -4.83232,
            8.122661,
            1.261458,
            8.452867,
            -8.262996,
            -3.758354,
            1.146605,
            3.907766,
            3.95887,
            0.871869,
            6.913365,
            -4.981761,
            1.573651,
            -0.985939,
            -3.775968,
            -3.351307,
            2.937105,
            -0.323622,
            2.501933
        ]
    },
    "image_size": [
        870,
        1918
    ],
    "process_time_in_milliseconds": 814
}
