{
    "props": {
        "face_rect": [
            144,
            695,
            545,
            545
        ],
        "kp_eye_left_inner": [
            346,
            835
        ],
        "kp_eye_left_outer": [
            243,
            852
        ],
        "kp_eye_right_inner": [
            482,
            835
        ],
        "kp_eye_right_outer": [
            584,
            840
        ],
        "kp_mouth_left": [
            533,
            1073
        ],
        "kp_mouth_right": [
            323,
            1079
        ],
        "kp_nose_tip": [
            414,
            897
        ],
        "kp_under_lip_bottom": [
            431,
            1107
        ],
        "kp_upper_lip_top": [
            419,
            1028
        ],
        "features": [
            4.710654,
            7.281512,
            -3.335245,
            5.105478,
            -0.109352,
            6.519318,
            -0.794081,
            2.766496,
            3.663551,
            -9.356307,
            -2.194363,
            -2.762299,
            1.867032,
            -3.227643,
            7.599057,
            -2.964062,
            -2.680062,
            -0.40345,
            -0.284892,
            -1.810977,
            5.489551,
            1.121864,
            -1.804755,
            5.443813,
            -3.478936,
            1.42501,
            -4.077504,
            -3.457013,
            5.887024,
            -6.883068,
            0.957144,
            -4.330492,
            -1.552046,
            3.915199,
            -1.466028,
            2.1715,
            -0.118651,
            1.170224,
            4.144052,
            -0.701449,
            1.071321,
            -2.458226,
            4.431559,
            0.923504,
            5.255917,
            -5.829092,
            -4.018398,
            1.783753,
            6.402611,
            -1.066728,
            -1.210484,
            6.482194,
            -0.169401,
            1.569149,
            -2.019602,
            -3.266052,
            -1.348012,
            2.411125,
            -2.47726,
            6.9846
        ]
    },
    "image_size": [
        870,
        1918
    ],
    "process_time_in_milliseconds": 788
}
