{
    "props": {
        "face_rect": [
            89,
            757,
            623,
            623
        ],
        "kp_eye_left_inner": [
            340,
            925
        ],
        "kp_eye_left_outer": [
            237,
            920
        ],
        "kp_eye_right_inner": [
            477,
            915
        ],
        "kp_eye_right_outer": [
            580,
            896
        ],
        "kp_mouth_left": [
            521,
            1175
        ],
        "kp_mouth_right": [
            315,
            1185
        ],
        "kp_nose_tip": [
            413,
            1087
        ],
        "kp_under_lip_bottom": [
            428,
            1244
        ],
        "kp_upper_lip_top": [
            418,
            1170
        ],
        "features": [
            -0.986937,
            -0.183712,
            6.237652,
            -3.000507,
            3.782939,
            2.610641,
            -1.565452,
            4.241659,
            -1.143026,
            3.481766,
            -5.400183,
            -6.135079,
            -2.213844,
            4.320489,
            3.76125,
            -10.770056,
            -7.657604,
            3.226724,
            0.062379,
            0.715564,
            0.771071,
            0.439937,
            -10.622288,
            -6.292361,
            2.947456,
            0.942926,
            0.878785,
            -3.075761,
            5.247101,
            2.780025,
            -0.399222,
            1.614061,
            -3.326603,
            -2.696927,
            1.427687,
            1.703053,
            2.300635,
            2.055059,
            3.497214,
            5.437425,
            -3.033764,
            -9.12247,
            -6.164156,
            3.933423,
            7.766412,
            3.781304,
            2.991015,
            3.906597,
            -4.98358,
            -5.358439,
            3.489909,
            -1.515058,
            2.612302,
            -0.173862,
            -1.632481,
            5.021708,
            -5.589684,
            2.193414,
            -0.843731,
            0.416612
        ]
    },
    "image_size": [
        870,
        1918
    ],
    "process_time_in_milliseconds": 783
}
