{
    "props": {
        "face_rect": [
            323,
            633,
            525,
            525
        ],
        "kp_eye_left_inner": [
            518,
            760
        ],
        "kp_eye_left_outer": [
            411,
            750
        ],
        "kp_eye_right_inner": [
            640,
            775
        ],
        "kp_eye_right_outer": [
            711,
            775
        ],
        "kp_mouth_left": [
            675,
            1009
        ],
        "kp_mouth_right": [
            477,
            1009
        ],
        "kp_nose_tip": [
            625,
            852
        ],
        "kp_under_lip_bottom": [
            594,
            1034
        ],
        "kp_upper_lip_top": [
            604,
            963
        ],
        "features": [
            2.634374,
            5.336993,
            7.796199,
            -5.789963,
            4.899578,
            -0.180818,
            -6.228722,
            0.439943,
            1.632415,
            5.384817,
            -9.02081,
            -7.820805,
            -2.300409,
            6.66782,
            4.675505,
            -9.627943,
            -7.335856,
            3.744579,
            5.130084,
            1.400339,
            -2.947915,
            2.138503,
            -9.67575,
            -8.357966,
            7.103338,
            2.929049,
            0.328544,
            -0.023638,
            6.908394,
            3.005758,
            -0.837929,
            3.823006,
            -0.657873,
            -1.466063,
            -1.819321,
            3.777745,
            2.840414,
            4.099866,
            -0.654816,
            4.587429,
            0.389631,
            -5.060453,
            -9.876076,
            2.238606,
            5.249355,
            10.577616,
            4.214262,
            2.7576,
            -7.489035,
            -4.80445,
            5.823612,
            -2.169643,
            0.2685,
            0.101488,
            -0.446402,
            3.134839,
            -2.313144,
            -1.274181,
            -1.581564,
            2.238726
        ]
    },
    "image_size": [
        870,
        1918
    ],
    "process_time_in_milliseconds": 789
}
