{
    "props": {
        "face_rect": [
            264,
            634,
            525,
            525
        ],
        "kp_eye_left_inner": [
            463,
            763
        ],
        "kp_eye_left_outer": [
            353,
            753
        ],
        "kp_eye_right_inner": [
            593,
            768
        ],
        "kp_eye_right_outer": [
            674,
            773
        ],
        "kp_mouth_left": [
            612,
            1012
        ],
        "kp_mouth_right": [
            415,
            1008
        ],
        "kp_nose_tip": [
            549,
            849
        ],
        "kp_under_lip_bottom": [
            530,
            1036
        ],
        "kp_upper_lip_top": [
            540,
            960
        ],
        "features": [
            2.341027,
            5.282325,
            7.055407,
            -5.720961,
            5.206127,
            0.083214,
            -6.301093,
            1.608581,
            0.814448,
            5.490865,
            -7.375021,
            -8.021228,
            -3.06517,
            7.591073,
            4.748029,
            -10.522639,
            -6.508191,
            4.859677,
            3.994986,
            0.231852,
            -2.568554,
            2.773725,
            -9.803178,
            -8.901439,
            6.838187,
            3.366339,
            -0.347745,
            0.103562,
            6.858516,
            2.567525,
            -0.443428,
            3.334653,
            -1.819281,
            -2.661137,
            -2.073592,
            3.274507,
            2.587429,
            3.626741,
            0.128585,
            3.830803,
            -1.614768,
            -5.623522,
            -10.500841,
            2.665278,
            4.799131,
            9.467021,
            4.459067,
            2.902128,
            -7.414182,
            -3.698328,
            6.236581,
            -0.81439,
            0.986445,
            -0.068602,
            0.211322,
            2.807134,
            -2.779144,
            -0.579242,
            -2.122506,
            1.85794
        ]
    },
    "image_size": [
        870,
        1918
    ],
    "process_time_in_milliseconds": 751
}
