{
    "props": {
        "face_rect": [
            54,
            751,
            570,
            570
        ],
        "kp_eye_left_inner": [
            282,
            896
        ],
        "kp_eye_left_outer": [
            193,
            901
        ],
        "kp_eye_right_inner": [
            415,
            886
        ],
        "kp_eye_right_outer": [
            529,
            881
        ],
        "kp_mouth_left": [
            459,
            1138
        ],
        "kp_mouth_right": [
            257,
            1138
        ],
        "kp_nose_tip": [
            306,
            1005
        ],
        "kp_under_lip_bottom": [
            341,
            1168
        ],
        "kp_upper_lip_top": [
            331,
            1118
        ],
        "features": [
            7.183388,
            8.696245,
            -1.844694,
            3.968584,
            0.171059,
            8.412553,
            1.933544,
            0.015502,
            2.491758,
            -7.150296,
            -1.942714,
            -3.176368,
            1.048009,
            -2.490185,
            7.422645,
            -2.097782,
            1.098887,
            -0.292246,
            4.202744,
            2.091035,
            2.948203,
            3.469177,
            -0.451317,
            6.313972,
            -4.526249,
            -0.942581,
            -6.606026,
            -0.716779,
            6.224579,
            -8.227437,
            -0.032627,
            -3.700752,
            0.878838,
            5.06897,
            -3.528976,
            -0.881063,
            0.988769,
            3.358518,
            -1.28481,
            -2.634437,
            1.930087,
            -0.578964,
            7.60443,
            0.464897,
            3.758882,
            -4.094866,
            -5.36385,
            1.187488,
            5.752186,
            -0.322722,
            -0.991607,
            6.408978,
            -3.5133,
            3.208649,
            2.040096,
            -5.823956,
            -2.344555,
            2.23562,
            -2.027254,
            4.607296
        ]
    },
    "image_size": [
        870,
        1918
    ],
    "process_time_in_milliseconds": 801
}
