{
    "props": {
        "face_rect": [
            109,
            781,
            616,
            616
        ],
        "kp_eye_left_inner": [
            350,
            958
        ],
        "kp_eye_left_outer": [
            239,
            948
        ],
        "kp_eye_right_inner": [
            484,
            948
        ],
        "kp_eye_right_outer": [
            595,
            924
        ],
        "kp_mouth_left": [
            547,
            1208
        ],
        "kp_mouth_right": [
            325,
            1213
        ],
        "kp_nose_tip": [
            422,
            1126
        ],
        "kp_under_lip_bottom": [
            436,
            1285
        ],
        "kp_upper_lip_top": [
            431,
            1208
        ],
        "features": [
            -1.070114,
            2.312837,
            6.055108,
            -3.456219,
            4.42838,
            3.106794,
            -2.342381,
            3.815749,
            -0.922651,
            3.288847,
            -8.972293,
            -5.870551,
            -2.027444,
            2.914482,
            2.620551,
            -9.674348,
            -7.154498,
            2.081962,
            0.07287,
            -0.933584,
            1.65103,
            0.279768,
            -8.485952,
            -5.480933,
            3.616742,
            0.820644,
            1.405727,
            -1.789171,
            4.612934,
            2.190535,
            -0.179537,
            3.964052,
            -2.955145,
            -1.011674,
            0.903831,
            2.283762,
            1.347547,
            0.46881,
            4.876437,
            4.940267,
            -0.951785,
            -11.038008,
            -6.019802,
            3.804019,
            6.878166,
            4.496312,
            1.356625,
            4.261988,
            -5.290054,
            -6.126397,
            3.677854,
            -1.30294,
            2.989743,
            0.947408,
            -2.565913,
            5.268896,
            -7.124539,
            2.79103,
            -0.634952,
            0.827508
        ]
    },
    "image_size": [
        870,
        1918
    ],
    "process_time_in_milliseconds": 781
}
