{
    "props": {
        "face_rect": [
            367,
            642,
            511,
            511
        ],
        "kp_eye_left_inner": [
            562,
            760
        ],
        "kp_eye_left_outer": [
            452,
            739
        ],
        "kp_eye_right_inner": [
            684,
            776
        ],
        "kp_eye_right_outer": [
            747,
            792
        ],
        "kp_mouth_left": [
            694,
            1013
        ],
        "kp_mouth_right": [
            526,
            997
        ],
        "kp_nose_tip": [
            668,
            855
        ],
        "kp_under_lip_bottom": [
            626,
            1034
        ],
        "kp_upper_lip_top": [
            642,
            966
        ],
        "features": [
            4.238298,
            5.049854,
            6.242852,
            -5.348494,
            5.57795,
            -0.785287,
            -5.875565,
            -1.158331,
            1.984595,
            6.352003,
            -10.455985,
            -6.454957,
            -2.063889,
            6.109669,
            3.958002,
            -10.200477,
            -6.785385,
            3.181828,
            5.797182,
            2.655108,
            -2.181237,
            1.377879,
            -9.309856,
            -6.78857,
            7.523855,
            3.526891,
            1.418116,
            -0.827172,
            5.934978,
            3.339266,
            -0.917862,
            4.205412,
            0.226102,
            -0.911285,
            -0.999186,
            4.296124,
            2.859235,
            3.42145,
            -0.621877,
            4.71469,
            1.289576,
            -5.161789,
            -8.677502,
            1.988953,
            4.162109,
            9.780777,
            3.360205,
            3.145131,
            -6.692574,
            -4.417439,
            5.115088,
            -2.695504,
            0.020337,
            0.366205,
            -0.183552,
            3.852437,
            -2.901525,
            -0.873041,
            -1.948244,
            3.545658
        ]
    },
    "image_size": [
        870,
        1918
    ],
    "process_time_in_milliseconds": 773
}
