{
    "props": {
        "face_rect": [
            134,
            754,
            561,
            561
        ],
        "kp_eye_left_inner": [
            345,
            895
        ],
        "kp_eye_left_outer": [
            243,
            900
        ],
        "kp_eye_right_inner": [
            481,
            895
        ],
        "kp_eye_right_outer": [
            578,
            890
        ],
        "kp_mouth_left": [
            524,
            1133
        ],
        "kp_mouth_right": [
            325,
            1138
        ],
        "kp_nose_tip": [
            413,
            997
        ],
        "kp_under_lip_bottom": [
            427,
            1167
        ],
        "kp_upper_lip_top": [
            418,
            1109
        ],
        "features": [
            4.924773,
            6.720432,
            -1.880927,
            5.031321,
            0.007878,
            7.545901,
            -0.270279,
            0.994291,
            4.138192,
            -7.615715,
            0.566014,
            -3.172295,
            2.090077,
            -4.958517,
            8.59657,
            -4.258327,
            -0.23568,
            -0.504986,
            1.741511,
            0.876585,
            4.084873,
            2.672961,
            1.721949,
            5.003399,
            -5.610786,
            0.729108,
            -5.588952,
            -0.724864,
            6.982708,
            -8.468766,
            0.130281,
            -3.606883,
            -1.466301,
            4.735935,
            -3.117588,
            -0.022935,
            -1.090092,
            3.609897,
            0.305732,
            -1.542042,
            -1.066434,
            -2.663624,
            6.812524,
            -0.27992,
            5.620437,
            -6.989213,
            -4.434373,
            -0.492357,
            6.047794,
            -0.337199,
            -0.242494,
            6.329528,
            -5.082883,
            3.038522,
            0.73733,
            -4.546634,
            -1.838546,
            3.068656,
            -1.307826,
            4.684793
        ]
    },
    "image_size": [
        870,
        1918
    ],
    "process_time_in_milliseconds": 848
}
