{
    "props": {
        "face_rect": [
            63,
            476,
            387,
            387
        ],
        "kp_eye_left_inner": [
            231,
            579
        ],
        "kp_eye_left_outer": [
            175,
            583
        ],
        "kp_eye_right_inner": [
            310,
            576
        ],
        "kp_eye_right_outer": [
            383,
            576
        ],
        "kp_mouth_left": [
            313,
            748
        ],
        "kp_mouth_right": [
            203,
            741
        ],
        "kp_nose_tip": [
            234,
            638
        ],
        "kp_under_lip_bottom": [
            248,
            769
        ],
        "kp_upper_lip_top": [
            248,
            717
        ],
        "features": [
            4.431859,
            8.072923,
            0.19132,
            -2.57732,
            4.664004,
            -3.464491,
            1.583891,
            1.366265,
            5.850266,
            -5.913496,
            2.090055,
            -4.229471,
            6.559298,
            -0.775999,
            2.746722,
            -1.86012,
            -0.568053,
            8.301711,
            -5.028118,
            5.982434,
            7.256671,
            -7.187922,
            9.082557,
            1.66104,
            -0.685284,
            2.562471,
            -7.361531,
            2.425571,
            -3.782658,
            -2.239556,
            0.003654,
            2.835633,
            -0.17878,
            3.568846,
            -4.248234,
            4.990829,
            0.535108,
            -0.459172,
            -1.229116,
            -2.902232,
            1.853274,
            0.484411,
            -0.904805,
            -1.266953,
            9.443815,
            -0.404868,
            -1.874643,
            -0.287597,
            3.216831,
            -1.06829,
            4.372206,
            11.236465,
            3.514716,
            4.881465,
            0.997946,
            -3.269303,
            -2.78547,
            0.660727,
            0.227772,
            2.277161
        ]
    },
    "image_size": [
        720,
        1280
    ],
    "process_time_in_milliseconds": 1824
}
