{
    "props": {
        "face_rect": [
            46,
            478,
            390,
            390
        ],
        "kp_eye_left_inner": [
            217,
            581
        ],
        "kp_eye_left_outer": [
            161,
            588
        ],
        "kp_eye_right_inner": [
            297,
            577
        ],
        "kp_eye_right_outer": [
            367,
            577
        ],
        "kp_mouth_left": [
            300,
            752
        ],
        "kp_mouth_right": [
            185,
            748
        ],
        "kp_nose_tip": [
            217,
            640
        ],
        "kp_under_lip_bottom": [
            231,
            773
        ],
        "kp_upper_lip_top": [
            231,
            724
        ],
        "features": [
            3.265493,
            8.059317,
            -0.510419,
            -2.761298,
            4.111747,
            -3.784979,
            0.920449,
            1.079733,
            7.462259,
            -6.912523,
            2.50179,
            -3.379493,
            6.681877,
            -1.694899,
            3.588375,
            -2.860265,
            -1.283752,
            7.835539,
            -4.419556,
            4.708428,
            5.883978,
            -5.947186,
            8.009541,
            2.801502,
            0.578596,
            1.687532,
            -7.513349,
            1.677545,
            -2.985211,
            -2.990515,
            -0.144719,
            1.953665,
            -1.171037,
            2.874143,
            -4.37952,
            5.151603,
            1.974398,
            -0.990705,
            -0.857279,
            -4.349645,
            1.005053,
            1.109328,
            0.556037,
            -0.301057,
            7.965003,
            -1.348083,
            -1.797003,
            0.45922,
            3.639982,
            -0.933133,
            4.035234,
            11.92542,
            4.044868,
            5.041977,
            0.768213,
            -3.808362,
            -2.179397,
            0.29639,
            -0.326573,
            1.691249
        ]
    },
    "image_size": [
        720,
        1280
    ],
    "process_time_in_milliseconds": 1684
}
