{
    "props": {
        "face_rect": [
            -7,
            751,
            564,
            564
        ],
        "kp_eye_left_inner": [
            209,
            899
        ],
        "kp_eye_left_outer": [
            149,
            904
        ],
        "kp_eye_right_inner": [
            343,
            894
        ],
        "kp_eye_right_outer": [
            457,
            884
        ],
        "kp_mouth_left": [
            378,
            1138
        ],
        "kp_mouth_right": [
            194,
            1138
        ],
        "kp_nose_tip": [
            238,
            983
        ],
        "kp_under_lip_bottom": [
            263,
            1172
        ],
        "kp_upper_lip_top": [
            253,
            1118
        ],
        "features": [
            7.58976,
            9.975079,
            -1.328036,
            4.083295,
            2.375254,
            6.458261,
            -0.063193,
            0.007518,
            2.654157,
            -4.090334,
            -4.861571,
            -1.278214,
            3.302688,
            -0.04072,
            5.412243,
            -2.531135,
            -1.36547,
            -1.614491,
            3.758251,
            1.631193,
            3.897518,
            0.699437,
            -2.610636,
            6.177388,
            -3.653763,
            -0.221589,
            -2.977194,
            -0.896413,
            4.361268,
            -5.775943,
            -1.617682,
            -0.151104,
            1.754783,
            4.378572,
            -0.702415,
            -0.63403,
            -0.634705,
            0.311975,
            2.177471,
            1.093477,
            4.6913,
            -4.547751,
            6.361213,
            -0.621092,
            2.824445,
            -2.938261,
            -5.402,
            -1.549103,
            2.894209,
            0.568914,
            -0.668871,
            5.541674,
            -4.019246,
            2.910962,
            0.261382,
            -4.32238,
            -4.125938,
            2.414981,
            -2.723619,
            5.456042
        ]
    },
    "image_size": [
        870,
        1918
    ],
    "process_time_in_milliseconds": 827
}
