{
    "props": {
        "face_rect": [
            147,
            754,
            591,
            591
        ],
        "kp_eye_left_inner": [
            373,
            903
        ],
        "kp_eye_left_outer": [
            264,
            903
        ],
        "kp_eye_right_inner": [
            505,
            903
        ],
        "kp_eye_right_outer": [
            609,
            893
        ],
        "kp_mouth_left": [
            555,
            1139
        ],
        "kp_mouth_right": [
            353,
            1154
        ],
        "kp_nose_tip": [
            442,
            1026
        ],
        "kp_under_lip_bottom": [
            461,
            1188
        ],
        "kp_upper_lip_top": [
            446,
            1124
        ],
        "features": [
            5.242133,
            6.469736,
            -2.109307,
            4.120802,
            -0.807758,
            6.981634,
            0.763925,
            0.206961,
            4.404794,
            -6.065914,
            0.537966,
            -2.704634,
            1.769548,
            -4.811551,
            8.510256,
            -4.197872,
            0.556453,
            0.018556,
            4.220869,
            2.568031,
            3.930475,
            2.164739,
            -0.082726,
            5.462042,
            -4.720068,
            -0.282642,
            -6.090681,
            -2.124876,
            6.501793,
            -7.483507,
            0.544471,
            -4.731839,
            -1.842373,
            4.363153,
            -2.698077,
            0.395648,
            0.366516,
            3.547438,
            0.628512,
            -0.932528,
            -1.070961,
            -3.464295,
            8.664588,
            -0.623716,
            6.05917,
            -7.588678,
            -4.896884,
            0.716313,
            6.080033,
            1.385665,
            -0.835242,
            6.129972,
            -4.948847,
            3.066189,
            1.602396,
            -4.722464,
            -2.389778,
            3.359473,
            -1.446097,
            3.948766
        ]
    },
    "image_size": [
        870,
        1918
    ],
    "process_time_in_milliseconds": 744
}
