{
    "props": {
        "face_rect": [
            156,
            650,
            563,
            563
        ],
        "kp_eye_left_inner": [
            375,
            794
        ],
        "kp_eye_left_outer": [
            269,
            799
        ],
        "kp_eye_right_inner": [
            503,
            790
        ],
        "kp_eye_right_outer": [
            604,
            780
        ],
        "kp_mouth_left": [
            540,
            1037
        ],
        "kp_mouth_right": [
            342,
            1042
        ],
        "kp_nose_tip": [
            434,
            891
        ],
        "kp_under_lip_bottom": [
            443,
            1074
        ],
        "kp_upper_lip_top": [
            443,
            1001
        ],
        "features": [
            2.678877,
            4.093121,
            6.594831,
            -4.893829,
            4.268007,
            0.842365,
            -5.503798,
            1.964774,
            -0.279813,
            5.488281,
            -7.605853,
            -8.214776,
            -3.185135,
            7.767896,
            5.127562,
            -11.209544,
            -5.735916,
            4.361095,
            4.001124,
            0.570616,
            -1.918303,
            2.991281,
            -10.301862,
            -8.422825,
            6.062118,
            2.106153,
            -0.773769,
            -0.829039,
            6.902767,
            2.180943,
            0.111379,
            2.633467,
            -2.596515,
            -2.681973,
            -2.011641,
            3.688938,
            2.60679,
            3.198855,
            -0.668687,
            3.364996,
            -2.393664,
            -4.969826,
            -9.303251,
            3.104003,
            5.596482,
            8.264422,
            4.63533,
            3.629035,
            -7.326347,
            -3.945715,
            6.226526,
            -1.07264,
            1.296356,
            -1.28066,
            0.48001,
            3.239914,
            -3.680445,
            0.91824,
            -1.411273,
            2.4512
        ]
    },
    "image_size": [
        870,
        1918
    ],
    "process_time_in_milliseconds": 732
}
