{
    "props": {
        "face_rect": [
            182,
            649,
            490,
            490
        ],
        "kp_eye_left_inner": [
            354,
            773
        ],
        "kp_eye_left_outer": [
            255,
            795
        ],
        "kp_eye_right_inner": [
            498,
            773
        ],
        "kp_eye_right_outer": [
            587,
            784
        ],
        "kp_mouth_left": [
            537,
            983
        ],
        "kp_mouth_right": [
            321,
            989
        ],
        "kp_nose_tip": [
            415,
            773
        ],
        "kp_under_lip_bottom": [
            437,
            1000
        ],
        "kp_upper_lip_top": [
            432,
            928
        ],
        "features": [
            3.525925,
            6.795169,
            -0.855986,
            2.778111,
            -2.2628,
            5.092937,
            -2.274201,
            -1.142464,
            1.275123,
            -6.744287,
            -2.95226,
            0.590107,
            3.445381,
            -1.671575,
            4.306823,
            0.62558,
            -3.003397,
            -1.707298,
            1.440282,
            -0.296933,
            3.604972,
            3.065829,
            -2.23392,
            3.645896,
            -1.998628,
            1.867556,
            -0.845107,
            -3.334083,
            5.839164,
            -4.00194,
            2.542066,
            -5.086737,
            1.14574,
            2.98174,
            -2.104658,
            0.221064,
            -0.199436,
            2.036904,
            1.547628,
            2.32589,
            2.719421,
            0.815841,
            3.652562,
            -0.769079,
            5.561256,
            -1.257252,
            -2.080456,
            3.042085,
            6.342764,
            0.633167,
            -1.366108,
            6.342616,
            -0.635095,
            0.297525,
            -3.835506,
            -2.996719,
            -1.623801,
            2.463523,
            1.015839,
            5.677112
        ]
    },
    "image_size": [
        870,
        1918
    ],
    "process_time_in_milliseconds": 733
}
