{
    "props": {
        "face_rect": [
            74,
            455,
            443,
            443
        ],
        "kp_eye_left_inner": [
            228,
            611
        ],
        "kp_eye_left_outer": [
            160,
            639
        ],
        "kp_eye_right_inner": [
            306,
            575
        ],
        "kp_eye_right_outer": [
            359,
            558
        ],
        "kp_mouth_left": [
            391,
            710
        ],
        "kp_mouth_right": [
            277,
            764
        ],
        "kp_nose_tip": [
            292,
            639
        ],
        "kp_under_lip_bottom": [
            348,
            746
        ],
        "kp_upper_lip_top": [
            331,
            703
        ],
        "features": [
            0.351253,
            8.934474,
            -1.997086,
            -6.122675,
            4.354026,
            -4.321027,
            -0.251656,
            1.507028,
            6.277016,
            -6.441722,
            2.814203,
            -3.311785,
            8.485674,
            -1.54018,
            3.024571,
            -1.194661,
            0.95531,
            7.798256,
            -6.216715,
            5.63893,
            5.406448,
            -5.773612,
            8.639781,
            1.873976,
            0.368868,
            -2.359498,
            -7.139471,
            7.336283,
            -1.929392,
            -4.81077,
            2.171684,
            4.145246,
            -1.301553,
            2.628929,
            -4.723769,
            2.782341,
            1.931835,
            -0.51149,
            -3.193565,
            -6.455476,
            1.716923,
            2.940033,
            2.424292,
            -2.342423,
            8.244674,
            -4.240425,
            -1.205723,
            0.219101,
            3.811272,
            -0.526565,
            5.171308,
            13.57539,
            3.230784,
            3.436877,
            -1.047853,
            -2.230661,
            -1.888101,
            -2.548149,
            -0.189141,
            0.850442
        ]
    },
    "image_size": [
        720,
        1280
    ],
    "process_time_in_milliseconds": 510
}
