{
    "props": {
        "face_rect": [
            225,
            760,
            566,
            566
        ],
        "kp_eye_left_inner": [
            440,
            893
        ],
        "kp_eye_left_outer": [
            324,
            888
        ],
        "kp_eye_right_inner": [
            575,
            902
        ],
        "kp_eye_right_outer": [
            672,
            907
        ],
        "kp_mouth_left": [
            604,
            1139
        ],
        "kp_mouth_right": [
            406,
            1139
        ],
        "kp_nose_tip": [
            527,
            1014
        ],
        "kp_under_lip_bottom": [
            517,
            1178
        ],
        "kp_upper_lip_top": [
            517,
            1120
        ],
        "features": [
            5.820166,
            6.99665,
            -2.419132,
            4.770652,
            -0.640877,
            8.435942,
            1.041272,
            0.791029,
            5.146575,
            -6.431007,
            -2.292843,
            -3.802858,
            1.038904,
            -4.813126,
            6.891983,
            -3.034676,
            -0.892182,
            -0.597805,
            1.641808,
            -0.240998,
            3.644081,
            2.894095,
            2.430137,
            6.574308,
            -4.282227,
            2.415012,
            -6.285084,
            -0.756073,
            5.243846,
            -9.253385,
            0.658954,
            -3.923184,
            -1.235587,
            4.026888,
            -2.511848,
            0.52779,
            -0.163637,
            2.371707,
            0.174887,
            -0.247012,
            -0.753463,
            -3.063441,
            6.882183,
            0.287337,
            5.539425,
            -6.319814,
            -4.066221,
            -1.337618,
            5.51651,
            -0.016166,
            -0.818763,
            4.747826,
            -3.977852,
            2.968002,
            0.600186,
            -5.119401,
            -2.511062,
            4.64317,
            -2.154579,
            5.198516
        ]
    },
    "image_size": [
        870,
        1918
    ],
    "process_time_in_milliseconds": 801
}
