{
    "props": {
        "face_rect": [
            105,
            726,
            630,
            630
        ],
        "kp_eye_left_inner": [
            346,
            888
        ],
        "kp_eye_left_outer": [
            237,
            888
        ],
        "kp_eye_right_inner": [
            483,
            883
        ],
        "kp_eye_right_outer": [
            592,
            863
        ],
        "kp_mouth_left": [
            528,
            1144
        ],
        "kp_mouth_right": [
            326,
            1154
        ],
        "kp_nose_tip": [
            420,
            1045
        ],
        "kp_under_lip_bottom": [
            434,
            1198
        ],
        "kp_upper_lip_top": [
            424,
            1129
        ],
        "features": [
            0.227204,
            0.917398,
            6.300556,
            -4.036286,
            3.716896,
            0.651157,
            -4.575554,
            3.505373,
            -0.513299,
            6.207608,
            -5.957442,
            -6.740771,
            -0.952912,
            5.539337,
            3.396866,
            -10.988699,
            -6.274536,
            4.148779,
            1.128057,
            2.422558,
            -0.779104,
            0.856047,
            -11.441388,
            -7.85261,
            4.240855,
            1.613234,
            -0.207913,
            -2.873862,
            6.218477,
            3.006834,
            -1.736603,
            2.43514,
            -2.461596,
            -2.943731,
            1.452943,
            2.188519,
            2.519834,
            1.729846,
            2.662519,
            5.313609,
            -3.217677,
            -7.700455,
            -7.266458,
            4.268467,
            7.314559,
            5.170595,
            3.778839,
            2.786944,
            -6.344316,
            -4.773997,
            3.061304,
            -2.004384,
            0.730152,
            -2.330588,
            -0.368521,
            5.197312,
            -4.147357,
            0.969263,
            -1.333587,
            0.667602
        ]
    },
    "image_size": [
        870,
        1918
    ],
    "process_time_in_milliseconds": 732
}
