{
    "props": {
        "face_rect": [
            184,
            631,
            547,
            547
        ],
        "kp_eye_left_inner": [
            399,
            762
        ],
        "kp_eye_left_outer": [
            300,
            762
        ],
        "kp_eye_right_inner": [
            529,
            766
        ],
        "kp_eye_right_outer": [
            624,
            766
        ],
        "kp_mouth_left": [
            556,
            1009
        ],
        "kp_mouth_right": [
            354,
            1009
        ],
        "kp_nose_tip": [
            462,
            852
        ],
        "kp_under_lip_bottom": [
            453,
            1041
        ],
        "kp_upper_lip_top": [
            462,
            969
        ],
        "features": [
            3.125448,
            4.310781,
            6.835967,
            -5.558591,
            4.389653,
            1.70526,
            -5.619823,
            1.175658,
            -0.232303,
            6.290704,
            -8.09696,
            -8.123674,
            -4.030103,
            7.665136,
            4.988031,
            -10.917657,
            -5.742471,
            3.859288,
            5.080466,
            0.270465,
            -2.562131,
            3.288221,
            -10.220632,
            -6.723645,
            6.950019,
            2.71087,
            -0.985984,
            -0.162742,
            6.983963,
            1.796493,
            -0.442944,
            3.186418,
            -1.934976,
            -2.550004,
            -2.252954,
            3.694403,
            3.054326,
            4.265778,
            -0.821131,
            3.320985,
            -2.384657,
            -5.620785,
            -8.611724,
            3.336458,
            5.229201,
            8.769689,
            5.173612,
            4.296878,
            -7.387948,
            -3.615616,
            5.639319,
            -1.327737,
            0.98081,
            -0.410739,
            0.577569,
            2.943936,
            -3.935037,
            0.890322,
            -2.014189,
            2.685942
        ]
    },
    "image_size": [
        870,
        1918
    ],
    "process_time_in_milliseconds": 765
}
