{
    "props": {
        "face_rect": [
            147,
            633,
            534,
            534
        ],
        "kp_eye_left_inner": [
            360,
            770
        ],
        "kp_eye_left_outer": [
            256,
            770
        ],
        "kp_eye_right_inner": [
            483,
            761
        ],
        "kp_eye_right_outer": [
            579,
            757
        ],
        "kp_mouth_left": [
            511,
            1007
        ],
        "kp_mouth_right": [
            319,
            1012
        ],
        "kp_nose_tip": [
            411,
            852
        ],
        "kp_under_lip_bottom": [
            411,
            1044
        ],
        "kp_upper_lip_top": [
            415,
            971
        ],
        "features": [
            2.369938,
            4.597239,
            6.509814,
            -5.649643,
            4.689621,
            1.657171,
            -5.271057,
            2.305039,
            -0.086615,
            5.81663,
            -8.241026,
            -8.628112,
            -4.280255,
            6.866488,
            5.273461,
            -11.871266,
            -5.805433,
            4.485182,
            4.165751,
            -0.894473,
            -2.397312,
            2.99739,
            -10.165193,
            -7.534747,
            6.896472,
            3.185737,
            -1.821799,
            -0.391379,
            6.648122,
            1.22556,
            -0.511843,
            3.6692,
            -2.105008,
            -3.227014,
            -2.393765,
            3.56692,
            3.033036,
            4.082576,
            -0.759932,
            3.206976,
            -2.744644,
            -6.42723,
            -9.052629,
            2.93647,
            4.563308,
            8.373058,
            4.327321,
            4.401573,
            -7.553305,
            -3.69124,
            5.347741,
            -1.51883,
            1.728612,
            -0.069221,
            0.798958,
            2.63184,
            -4.350599,
            1.125096,
            -2.215204,
            2.426408
        ]
    },
    "image_size": [
        870,
        1918
    ],
    "process_time_in_milliseconds": 759
}
