{
    "props": {
        "face_rect": [
            162,
            769,
            559,
            559
        ],
        "kp_eye_left_inner": [
            372,
            900
        ],
        "kp_eye_left_outer": [
            278,
            905
        ],
        "kp_eye_right_inner": [
            511,
            900
        ],
        "kp_eye_right_outer": [
            610,
            905
        ],
        "kp_mouth_left": [
            550,
            1143
        ],
        "kp_mouth_right": [
            347,
            1143
        ],
        "kp_nose_tip": [
            442,
            1024
        ],
        "kp_under_lip_bottom": [
            451,
            1187
        ],
        "kp_upper_lip_top": [
            442,
            1123
        ],
        "features": [
            4.361569,
            6.193347,
            -2.213547,
            4.157329,
            0.378313,
            6.973416,
            1.174737,
            0.244301,
            5.049695,
            -7.942445,
            -0.360335,
            -2.970413,
            1.211033,
            -3.862325,
            8.459332,
            -4.144015,
            -0.894622,
            -1.268945,
            2.562585,
            1.520757,
            4.20092,
            3.790867,
            0.301642,
            6.906358,
            -3.488169,
            1.057329,
            -5.631276,
            -1.410235,
            7.246833,
            -8.108411,
            1.060977,
            -5.750107,
            -1.927005,
            3.96347,
            -1.626658,
            0.496657,
            0.878352,
            2.596896,
            -0.307975,
            -1.241099,
            -2.026324,
            -2.302419,
            7.73056,
            0.183141,
            6.118709,
            -7.51818,
            -4.154083,
            -0.085969,
            5.524893,
            1.208178,
            -1.181486,
            6.629144,
            -3.20429,
            2.77342,
            0.766575,
            -4.630364,
            -2.784316,
            3.855897,
            -1.641606,
            3.979617
        ]
    },
    "image_size": [
        870,
        1918
    ],
    "process_time_in_milliseconds": 777
}
