{
    "props": {
        "face_rect": [
            164,
            624,
            565,
            565
        ],
        "kp_eye_left_inner": [
            381,
            766
        ],
        "kp_eye_left_outer": [
            280,
            771
        ],
        "kp_eye_right_inner": [
            516,
            762
        ],
        "kp_eye_right_outer": [
            613,
            757
        ],
        "kp_mouth_left": [
            548,
            1011
        ],
        "kp_mouth_right": [
            344,
            1016
        ],
        "kp_nose_tip": [
            442,
            863
        ],
        "kp_under_lip_bottom": [
            451,
            1053
        ],
        "kp_upper_lip_top": [
            451,
            979
        ],
        "features": [
            3.152188,
            5.050186,
            5.794515,
            -6.095196,
            3.928241,
            1.378609,
            -5.483008,
            2.5115,
            -0.620528,
            5.809108,
            -7.424661,
            -7.639526,
            -5.303834,
            8.070899,
            4.225634,
            -10.901793,
            -4.737382,
            4.34023,
            3.475145,
            -0.757755,
            -2.03696,
            3.224522,
            -10.570756,
            -7.115884,
            8.057748,
            2.77565,
            -2.125642,
            0.734116,
            6.745022,
            0.853125,
            -0.061589,
            2.945886,
            -2.21527,
            -3.825317,
            -2.191399,
            3.685168,
            2.34109,
            3.896542,
            -0.122437,
            3.027768,
            -3.705109,
            -7.213883,
            -10.117437,
            3.170434,
            3.695468,
            7.687037,
            4.803829,
            4.787015,
            -8.057955,
            -1.746174,
            5.20649,
            0.077276,
            2.613064,
            -0.100235,
            1.770097,
            2.421461,
            -5.171885,
            0.773461,
            -2.947108,
            1.335211
        ]
    },
    "image_size": [
        870,
        1918
    ],
    "process_time_in_milliseconds": 1421
}
