{
    "props": {
        "face_rect": [
            177,
            636,
            491,
            491
        ],
        "kp_eye_left_inner": [
            363,
            716
        ],
        "kp_eye_left_outer": [
            255,
            787
        ],
        "kp_eye_right_inner": [
            498,
            770
        ],
        "kp_eye_right_outer": [
            585,
            787
        ],
        "kp_mouth_left": [
            536,
            987
        ],
        "kp_mouth_right": [
            314,
            987
        ],
        "kp_nose_tip": [
            422,
            770
        ],
        "kp_under_lip_bottom": [
            428,
            987
        ],
        "kp_upper_lip_top": [
            428,
            927
        ],
        "features": [
            3.666085,
            6.975843,
            -1.355501,
            3.384838,
            -0.838647,
            4.71945,
            -3.330647,
            0.101591,
            2.876299,
            -7.168126,
            -2.226516,
            -0.52574,
            2.523802,
            -1.19931,
            4.206707,
            -0.43239,
            -2.410979,
            -1.748006,
            0.518121,
            -1.098686,
            4.355746,
            4.205345,
            -2.591547,
            4.283186,
            -1.299647,
            1.871637,
            -1.407851,
            -2.153623,
            5.10779,
            -4.072148,
            2.096357,
            -5.400926,
            -0.024826,
            4.483641,
            -0.81424,
            2.118116,
            0.1869,
            -0.213467,
            4.756229,
            1.052446,
            1.373707,
            0.941798,
            4.014729,
            1.000179,
            6.079326,
            -2.190435,
            -2.920434,
            3.334813,
            7.739294,
            0.652927,
            -0.810845,
            7.592006,
            0.809308,
            0.125156,
            -3.953898,
            -1.480655,
            -1.993853,
            0.55626,
            2.187358,
            5.396198
        ]
    },
    "image_size": [
        870,
        1918
    ],
    "process_time_in_milliseconds": 737
}
