{
    "props": {
        "face_rect": [
            -12,
            597,
            591,
            591
        ],
        "kp_eye_left_inner": [
            240,
            765
        ],
        "kp_eye_left_outer": [
            194,
            765
        ],
        "kp_eye_right_inner": [
            371,
            760
        ],
        "kp_eye_right_outer": [
            488,
            755
        ],
        "kp_mouth_left": [
            371,
            1018
        ],
        "kp_mouth_right": [
            179,
            1003
        ],
        "kp_nose_tip": [
            245,
            846
        ],
        "kp_under_lip_bottom": [
            260,
            1038
        ],
        "kp_upper_lip_top": [
            255,
            957
        ],
        "features": [
            1.838213,
            4.568594,
            5.362093,
            -5.234776,
            4.368791,
            0.215402,
            -5.750122,
            1.387329,
            0.335752,
            6.619298,
            -9.480725,
            -5.954401,
            -2.744212,
            6.804885,
            4.934593,
            -11.872738,
            -5.357158,
            3.743804,
            4.656196,
            -0.129151,
            -2.11778,
            4.26174,
            -10.258099,
            -6.539659,
            8.715995,
            2.43977,
            0.642373,
            -1.576614,
            6.370633,
            1.199611,
            -0.641726,
            3.924321,
            -1.844523,
            -1.737908,
            -2.257844,
            4.137387,
            1.849913,
            1.7519,
            -0.242375,
            2.186151,
            -2.481879,
            -4.262429,
            -7.60077,
            3.681377,
            2.537606,
            7.892621,
            3.700725,
            3.800667,
            -8.042821,
            -3.808886,
            4.405353,
            -0.96365,
            1.550367,
            -0.769282,
            1.027254,
            2.764618,
            -4.653809,
            1.830366,
            -1.517448,
            2.2661
        ]
    },
    "image_size": [
        870,
        1918
    ],
    "process_time_in_milliseconds": 749
}
