{
    "props": {
        "face_rect": [
            195,
            645,
            547,
            547
        ],
        "kp_eye_left_inner": [
            408,
            779
        ],
        "kp_eye_left_outer": [
            306,
            779
        ],
        "kp_eye_right_inner": [
            538,
            779
        ],
        "kp_eye_right_outer": [
            634,
            774
        ],
        "kp_mouth_left": [
            567,
            1029
        ],
        "kp_mouth_right": [
            364,
            1029
        ],
        "kp_nose_tip": [
            475,
            875
        ],
        "kp_under_lip_bottom": [
            470,
            1063
        ],
        "kp_upper_lip_top": [
            470,
            991
        ],
        "features": [
            2.987401,
            4.157898,
            6.546084,
            -6.157083,
            4.81502,
            1.569838,
            -5.409152,
            1.481687,
            0.198994,
            6.490689,
            -8.205956,
            -8.637332,
            -4.430357,
            7.374724,
            5.124057,
            -11.824567,
            -6.001185,
            4.761141,
            4.517964,
            0.217203,
            -2.639422,
            3.226921,
            -10.00695,
            -7.029232,
            7.099272,
            2.936491,
            -1.406283,
            0.344143,
            6.684846,
            1.249107,
            -0.103755,
            3.45303,
            -1.852761,
            -3.082885,
            -2.20384,
            3.505778,
            3.505067,
            4.645755,
            -1.010062,
            3.396588,
            -2.747368,
            -5.891191,
            -8.662927,
            3.227467,
            5.14839,
            8.239807,
            4.922426,
            4.372173,
            -6.98143,
            -3.627591,
            6.202868,
            -1.17358,
            1.410166,
            0.233222,
            0.802271,
            2.994258,
            -4.011209,
            0.360854,
            -1.941006,
            2.077556
        ]
    },
    "image_size": [
        870,
        1918
    ],
    "process_time_in_milliseconds": 786
}
