{
    "props": {
        "face_rect": [
            186,
            643,
            469,
            469
        ],
        "kp_eye_left_inner": [
            360,
            717
        ],
        "kp_eye_left_outer": [
            251,
            789
        ],
        "kp_eye_right_inner": [
            494,
            769
        ],
        "kp_eye_right_outer": [
            577,
            779
        ],
        "kp_mouth_left": [
            530,
            981
        ],
        "kp_mouth_right": [
            313,
            981
        ],
        "kp_nose_tip": [
            417,
            769
        ],
        "kp_under_lip_bottom": [
            432,
            981
        ],
        "kp_upper_lip_top": [
            422,
            919
        ],
        "features": [
            3.390494,
            6.941739,
            -1.668235,
            2.3127,
            -1.132905,
            4.280787,
            -2.18857,
            -0.007215,
            1.06522,
            -7.668199,
            -2.019699,
            0.02977,
            3.20173,
            -1.064575,
            4.720305,
            -0.31167,
            -2.450175,
            -1.652836,
            1.379446,
            -1.603557,
            4.425917,
            2.792267,
            -3.117484,
            3.455783,
            -0.660409,
            1.310012,
            -0.402496,
            -3.118064,
            4.662916,
            -2.499844,
            1.862464,
            -4.722662,
            0.326464,
            3.605972,
            -2.020965,
            2.103879,
            -0.788251,
            0.630297,
            5.375597,
            1.224234,
            1.948997,
            -0.897266,
            4.008177,
            -0.543232,
            5.047373,
            -1.302574,
            -3.348061,
            4.92435,
            7.486352,
            0.967126,
            -1.823956,
            8.27049,
            1.481075,
            1.220552,
            -3.260362,
            -1.909572,
            -1.725857,
            0.425136,
            0.357544,
            6.339035
        ]
    },
    "image_size": [
        870,
        1918
    ],
    "process_time_in_milliseconds": 757
}
