{
    "props": {
        "face_rect": [
            149,
            631,
            539,
            539
        ],
        "kp_eye_left_inner": [
            360,
            767
        ],
        "kp_eye_left_outer": [
            260,
            771
        ],
        "kp_eye_right_inner": [
            488,
            758
        ],
        "kp_eye_right_outer": [
            589,
            758
        ],
        "kp_mouth_left": [
            520,
            1009
        ],
        "kp_mouth_right": [
            319,
            1014
        ],
        "kp_nose_tip": [
            415,
            858
        ],
        "kp_under_lip_bottom": [
            415,
            1041
        ],
        "kp_upper_lip_top": [
            420,
            968
        ],
        "features": [
            2.060347,
            4.416219,
            6.569748,
            -6.425221,
            4.779111,
            1.740235,
            -5.063504,
            2.018577,
            -0.299253,
            6.281901,
            -8.3332,
            -8.588547,
            -3.851767,
            7.162813,
            4.910699,
            -11.615652,
            -5.973932,
            4.324159,
            4.341123,
            -0.668812,
            -2.491553,
            2.902433,
            -9.946333,
            -7.160001,
            6.98158,
            3.295493,
            -1.586605,
            0.111662,
            6.660088,
            1.268796,
            -0.707736,
            3.898751,
            -1.932654,
            -3.428576,
            -1.846181,
            3.328878,
            3.190093,
            4.085719,
            -1.238219,
            3.332017,
            -2.826561,
            -6.378065,
            -8.523948,
            2.615131,
            4.830139,
            8.23358,
            4.64638,
            4.179953,
            -7.602879,
            -3.765004,
            5.180965,
            -1.676184,
            1.602914,
            0.018472,
            0.424475,
            2.570032,
            -4.396292,
            1.10168,
            -2.361428,
            2.49857
        ]
    },
    "image_size": [
        870,
        1918
    ],
    "process_time_in_milliseconds": 784
}
