{
    "props": {
        "face_rect": [
            -27,
            595,
            622,
            622
        ],
        "kp_eye_left_inner": [
            228,
            762
        ],
        "kp_eye_left_outer": [
            184,
            767
        ],
        "kp_eye_right_inner": [
            357,
            757
        ],
        "kp_eye_right_outer": [
            470,
            753
        ],
        "kp_mouth_left": [
            357,
            1019
        ],
        "kp_mouth_right": [
            169,
            999
        ],
        "kp_nose_tip": [
            228,
            846
        ],
        "kp_under_lip_bottom": [
            248,
            1039
        ],
        "kp_upper_lip_top": [
            243,
            960
        ],
        "features": [
            3.784656,
            4.158306,
            4.681885,
            -4.895052,
            3.499285,
            0.999789,
            -7.384519,
            0.597347,
            -0.004053,
            4.626688,
            -8.310363,
            -5.779523,
            -4.716747,
            6.250213,
            5.301312,
            -10.924367,
            -6.824149,
            6.030686,
            4.259192,
            -0.770549,
            -1.340702,
            4.313042,
            -8.457573,
            -4.765467,
            7.274513,
            1.793123,
            -1.584364,
            -1.456701,
            3.93701,
            1.47244,
            -0.520858,
            1.490116,
            -2.587546,
            -0.39759,
            -3.049785,
            5.010154,
            4.401406,
            2.61334,
            0.209976,
            2.786378,
            -1.128797,
            -4.521172,
            -8.592134,
            3.180375,
            3.030713,
            7.815991,
            6.364266,
            7.233929,
            -5.918625,
            -5.476578,
            5.349987,
            -0.725828,
            0.443152,
            0.587797,
            1.949363,
            3.23825,
            -3.947623,
            2.212575,
            -2.406291,
            2.940438
        ]
    },
    "image_size": [
        870,
        1918
    ],
    "process_time_in_milliseconds": 756
}
