{
    "props": {
        "face_rect": [
            107,
            773,
            562,
            562
        ],
        "kp_eye_left_inner": [
            317,
            910
        ],
        "kp_eye_left_outer": [
            228,
            931
        ],
        "kp_eye_right_inner": [
            452,
            905
        ],
        "kp_eye_right_outer": [
            556,
            910
        ],
        "kp_mouth_left": [
            499,
            1145
        ],
        "kp_mouth_right": [
            306,
            1155
        ],
        "kp_nose_tip": [
            369,
            1025
        ],
        "kp_under_lip_bottom": [
            405,
            1186
        ],
        "kp_upper_lip_top": [
            390,
            1129
        ],
        "features": [
            5.295672,
            6.440625,
            -1.398425,
            4.682102,
            1.112119,
            6.697106,
            1.806368,
            0.783672,
            4.578,
            -8.455704,
            -1.090204,
            -2.896685,
            1.647528,
            -3.457265,
            7.91421,
            -3.905627,
            -1.071201,
            -1.54574,
            1.576334,
            2.253508,
            4.281811,
            2.861137,
            -1.115586,
            7.105905,
            -4.420081,
            1.4587,
            -5.780405,
            -1.965535,
            6.948914,
            -7.694061,
            1.081603,
            -5.426076,
            -1.552581,
            4.445996,
            -0.838663,
            0.159437,
            1.383481,
            2.691469,
            0.013927,
            -0.711487,
            -0.6865,
            -2.804503,
            6.4855,
            -0.319901,
            5.752797,
            -7.205232,
            -4.234239,
            0.092497,
            5.722281,
            0.712888,
            -0.847887,
            6.544957,
            -1.960874,
            2.037726,
            -0.286919,
            -3.760767,
            -3.306781,
            4.331615,
            -2.015871,
            5.028473
        ]
    },
    "image_size": [
        870,
        1918
    ],
    "process_time_in_milliseconds": 789
}
