{
    "props": {
        "face_rect": [
            106,
            724,
            623,
            623
        ],
        "kp_eye_left_inner": [
            349,
            889
        ],
        "kp_eye_left_outer": [
            242,
            884
        ],
        "kp_eye_right_inner": [
            486,
            879
        ],
        "kp_eye_right_outer": [
            598,
            865
        ],
        "kp_mouth_left": [
            535,
            1143
        ],
        "kp_mouth_right": [
            325,
            1148
        ],
        "kp_nose_tip": [
            422,
            1040
        ],
        "kp_under_lip_bottom": [
            432,
            1191
        ],
        "kp_upper_lip_top": [
            427,
            1128
        ],
        "features": [
            0.688005,
            0.752799,
            6.372797,
            -4.108907,
            3.884047,
            0.633533,
            -4.233927,
            4.199014,
            -1.409902,
            6.205531,
            -5.386498,
            -7.287346,
            -1.245716,
            6.434911,
            3.49059,
            -10.917123,
            -5.937807,
            4.380031,
            0.713743,
            2.607895,
            -0.249546,
            0.433934,
            -11.751681,
            -7.695881,
            3.844631,
            1.538269,
            -0.972721,
            -2.671454,
            5.828661,
            2.865663,
            -1.314861,
            2.279816,
            -2.788382,
            -2.882804,
            1.240118,
            2.26336,
            2.940631,
            1.993698,
            2.510781,
            5.200731,
            -3.553031,
            -7.443505,
            -7.298202,
            4.126219,
            8.21569,
            4.635119,
            4.358151,
            2.834128,
            -6.231816,
            -4.564202,
            3.45325,
            -1.90505,
            1.389627,
            -2.642851,
            -0.611602,
            5.277164,
            -3.926624,
            1.116569,
            -1.543442,
            1.172881
        ]
    },
    "image_size": [
        870,
        1918
    ],
    "process_time_in_milliseconds": 756
}
