{
    "props": {
        "face_rect": [
            296,
            766,
            573,
            573
        ],
        "kp_eye_left_inner": [
            526,
            893
        ],
        "kp_eye_left_outer": [
            411,
            883
        ],
        "kp_eye_right_inner": [
            676,
            928
        ],
        "kp_eye_right_outer": [
            731,
            928
        ],
        "kp_mouth_left": [
            671,
            1148
        ],
        "kp_mouth_right": [
            491,
            1148
        ],
        "kp_nose_tip": [
            636,
            1023
        ],
        "kp_under_lip_bottom": [
            591,
            1193
        ],
        "kp_upper_lip_top": [
            601,
            1128
        ],
        "features": [
            6.953159,
            7.394324,
            -2.076063,
            4.130163,
            -0.615227,
            8.283288,
            1.831816,
            -0.352084,
            5.91377,
            -6.636714,
            -0.914092,
            -1.898442,
            1.865054,
            -4.585216,
            6.730372,
            -1.465825,
            -0.302909,
            -2.171714,
            3.019062,
            1.952808,
            2.854752,
            0.047185,
            -0.209562,
            6.480024,
            -4.34841,
            -1.491221,
            -5.163248,
            -0.78395,
            5.59008,
            -7.218266,
            0.676947,
            -4.291527,
            -1.444473,
            3.031602,
            -2.033867,
            0.346425,
            0.573773,
            2.67357,
            0.308197,
            -0.442524,
            1.129214,
            -3.030863,
            7.582106,
            0.603967,
            4.249938,
            -5.005876,
            -4.048262,
            -1.350393,
            5.245492,
            0.049274,
            -0.60783,
            5.214852,
            -4.284421,
            2.025272,
            -0.023026,
            -4.217711,
            -1.936506,
            2.099137,
            -3.446751,
            5.266824
        ]
    },
    "image_size": [
        870,
        1918
    ],
    "process_time_in_milliseconds": 813
}
