{
    "props": {
        "face_rect": [
            145,
            802,
            579,
            579
        ],
        "kp_eye_left_inner": [
            362,
            968
        ],
        "kp_eye_left_outer": [
            262,
            959
        ],
        "kp_eye_right_inner": [
            502,
            959
        ],
        "kp_eye_right_outer": [
            607,
            941
        ],
        "kp_mouth_left": [
            561,
            1217
        ],
        "kp_mouth_right": [
            339,
            1226
        ],
        "kp_nose_tip": [
            439,
            1140
        ],
        "kp_under_lip_bottom": [
            453,
            1299
        ],
        "kp_upper_lip_top": [
            448,
            1222
        ],
        "features": [
            -1.301176,
            1.908204,
            6.218801,
            -2.908367,
            4.798519,
            3.960112,
            -2.257598,
            3.53231,
            0.117702,
            2.449617,
            -9.286578,
            -6.055231,
            -2.520847,
            0.822873,
            3.460432,
            -9.982461,
            -7.054825,
            1.516471,
            -0.302735,
            -1.486828,
            1.150077,
            0.849025,
            -8.092724,
            -5.133787,
            3.316096,
            0.154396,
            1.392001,
            -1.199688,
            4.564738,
            1.589605,
            -0.058862,
            3.704741,
            -2.475228,
            -1.104337,
            0.210223,
            2.110998,
            1.390647,
            1.443178,
            4.826757,
            5.348756,
            -1.053383,
            -11.324401,
            -5.48306,
            3.626402,
            5.736656,
            4.850567,
            0.463614,
            4.158299,
            -4.176466,
            -6.286159,
            3.333897,
            -1.107038,
            2.472733,
            1.156744,
            -1.706171,
            5.977504,
            -7.057931,
            2.133311,
            -0.382898,
            0.260871
        ]
    },
    "image_size": [
        870,
        1918
    ],
    "process_time_in_milliseconds": 771
}
