{
    "props": {
        "face_rect": [
            129,
            759,
            579,
            579
        ],
        "kp_eye_left_inner": [
            348,
            901
        ],
        "kp_eye_left_outer": [
            250,
            906
        ],
        "kp_eye_right_inner": [
            486,
            897
        ],
        "kp_eye_right_outer": [
            594,
            897
        ],
        "kp_mouth_left": [
            530,
            1137
        ],
        "kp_mouth_right": [
            333,
            1147
        ],
        "kp_nose_tip": [
            407,
            1024
        ],
        "kp_under_lip_bottom": [
            432,
            1187
        ],
        "kp_upper_lip_top": [
            422,
            1123
        ],
        "features": [
            4.943539,
            6.771266,
            -2.838135,
            4.301843,
            -0.454906,
            7.656454,
            1.001623,
            -0.185402,
            4.136259,
            -7.241358,
            -0.140879,
            -3.020713,
            1.893632,
            -4.346273,
            8.286252,
            -3.869195,
            0.672544,
            -0.386227,
            2.92521,
            1.928317,
            4.337214,
            3.515702,
            0.446714,
            5.777589,
            -4.526245,
            0.714539,
            -6.114064,
            -1.968845,
            6.559364,
            -7.910145,
            0.341915,
            -4.82953,
            -0.531344,
            4.110396,
            -2.568211,
            0.268117,
            0.042079,
            2.515969,
            0.194691,
            -1.964124,
            -1.280884,
            -1.769832,
            8.17853,
            0.401257,
            5.309203,
            -6.662757,
            -5.493079,
            0.688406,
            6.632948,
            0.423637,
            -1.93313,
            6.50819,
            -4.046576,
            2.523031,
            2.153044,
            -4.713298,
            -2.780306,
            3.533161,
            -0.610045,
            3.888022
        ]
    },
    "image_size": [
        870,
        1918
    ],
    "process_time_in_milliseconds": 791
}
