{
    "props": {
        "face_rect": [
            133,
            756,
            565,
            565
        ],
        "kp_eye_left_inner": [
            346,
            896
        ],
        "kp_eye_left_outer": [
            243,
            900
        ],
        "kp_eye_right_inner": [
            478,
            896
        ],
        "kp_eye_right_outer": [
            585,
            896
        ],
        "kp_mouth_left": [
            522,
            1135
        ],
        "kp_mouth_right": [
            326,
            1140
        ],
        "kp_nose_tip": [
            414,
            1003
        ],
        "kp_under_lip_bottom": [
            429,
            1174
        ],
        "kp_upper_lip_top": [
            419,
            1110
        ],
        "features": [
            5.304083,
            6.650181,
            -2.028309,
            5.495471,
            -0.033023,
            7.340216,
            -0.098584,
            1.098217,
            3.575792,
            -8.142159,
            1.235869,
            -2.772612,
            1.94771,
            -4.718254,
            8.466136,
            -4.346589,
            -0.069362,
            -0.46488,
            1.429287,
            0.9694,
            4.371041,
            2.711794,
            1.55524,
            4.864787,
            -5.715558,
            0.634045,
            -5.672229,
            -1.077703,
            6.562236,
            -8.151233,
            0.318801,
            -3.857934,
            -1.334249,
            4.920862,
            -3.416457,
            -0.080775,
            -1.234576,
            3.480386,
            0.352959,
            -1.739859,
            -0.993286,
            -2.386115,
            6.592847,
            -0.290527,
            5.452602,
            -6.850476,
            -4.544334,
            0.367215,
            6.346192,
            -0.039961,
            -0.31017,
            6.999946,
            -4.794044,
            3.072585,
            0.939811,
            -4.750557,
            -2.255753,
            3.030232,
            -1.090222,
            4.94496
        ]
    },
    "image_size": [
        870,
        1918
    ],
    "process_time_in_milliseconds": 775
}
