{
    "props": {
        "face_rect": [
            127,
            876,
            564,
            564
        ],
        "kp_eye_left_inner": [
            353,
            1032
        ],
        "kp_eye_left_outer": [
            243,
            1018
        ],
        "kp_eye_right_inner": [
            490,
            1032
        ],
        "kp_eye_right_outer": [
            590,
            1018
        ],
        "kp_mouth_left": [
            526,
            1260
        ],
        "kp_mouth_right": [
            335,
            1269
        ],
        "kp_nose_tip": [
            426,
            1215
        ],
        "kp_under_lip_bottom": [
            435,
            1306
        ],
        "kp_upper_lip_top": [
            430,
            1274
        ],
        "features": [
            2.906206,
            4.826561,
            -1.01275,
            4.626471,
            -1.489171,
            4.644825,
            -3.729337,
            0.459509,
            5.960488,
            -5.863099,
            -2.414344,
            -1.718798,
            1.416523,
            -6.446621,
            8.17741,
            -2.963441,
            -3.034461,
            -2.595153,
            2.630316,
            0.505448,
            5.393102,
            0.651098,
            0.500748,
            7.577793,
            -1.02046,
            -0.994606,
            -3.448892,
            -2.105633,
            5.555805,
            -6.760799,
            3.641558,
            -3.350131,
            -3.289537,
            5.081039,
            -4.267325,
            1.975272,
            -0.387373,
            2.611213,
            3.537194,
            1.378396,
            -0.34056,
            -5.31635,
            7.699354,
            1.884582,
            8.011278,
            -8.263633,
            -3.54122,
            1.70579,
            3.551372,
            3.610794,
            1.06423,
            6.730355,
            -4.640934,
            1.37895,
            -1.297427,
            -3.377371,
            -3.882249,
            3.081261,
            -0.316171,
            2.454932
        ]
    },
    "image_size": [
        870,
        1918
    ],
    "process_time_in_milliseconds": 822
}
