{
    "props": {
        "face_rect": [
            112,
            754,
            604,
            604
        ],
        "kp_eye_left_inner": [
            338,
            911
        ],
        "kp_eye_left_outer": [
            232,
            920
        ],
        "kp_eye_right_inner": [
            479,
            906
        ],
        "kp_eye_right_outer": [
            580,
            901
        ],
        "kp_mouth_left": [
            522,
            1152
        ],
        "kp_mouth_right": [
            324,
            1162
        ],
        "kp_nose_tip": [
            416,
            1031
        ],
        "kp_under_lip_bottom": [
            430,
            1196
        ],
        "kp_upper_lip_top": [
            421,
            1138
        ],
        "features": [
            4.871918,
            6.748255,
            -2.223738,
            5.184036,
            -0.054766,
            6.818958,
            1.064128,
            0.157191,
            5.389614,
            -8.557013,
            -0.008485,
            -3.528291,
            2.039662,
            -4.22209,
            8.098358,
            -4.185628,
            -1.135797,
            -0.629367,
            2.087815,
            1.732547,
            4.155342,
            3.170682,
            0.561679,
            6.820713,
            -4.752376,
            1.31022,
            -6.711972,
            -1.764101,
            6.319409,
            -8.173238,
            0.37807,
            -5.017864,
            -1.732064,
            4.479104,
            -1.539536,
            1.009156,
            0.914305,
            2.000521,
            0.002447,
            -1.678593,
            -0.996588,
            -2.743463,
            7.041362,
            -0.348008,
            6.171604,
            -7.395275,
            -4.209573,
            0.226669,
            5.769766,
            0.519162,
            -0.984129,
            6.681806,
            -3.481083,
            2.863124,
            1.084616,
            -4.787588,
            -3.25455,
            4.710707,
            -1.208694,
            4.558284
        ]
    },
    "image_size": [
        870,
        1918
    ],
    "process_time_in_milliseconds": 757
}
