{
    "props": {
        "face_rect": [
            314,
            773,
            558,
            558
        ],
        "kp_eye_left_inner": [
            535,
            898
        ],
        "kp_eye_left_outer": [
            419,
            883
        ],
        "kp_eye_right_inner": [
            661,
            925
        ],
        "kp_eye_right_outer": [
            730,
            925
        ],
        "kp_mouth_left": [
            672,
            1151
        ],
        "kp_mouth_right": [
            493,
            1146
        ],
        "kp_nose_tip": [
            640,
            1025
        ],
        "kp_under_lip_bottom": [
            593,
            1193
        ],
        "kp_upper_lip_top": [
            603,
            1130
        ],
        "features": [
            7.560096,
            7.777266,
            -2.317126,
            4.39048,
            -0.657267,
            8.442995,
            2.199202,
            -1.672333,
            5.846427,
            -7.011758,
            -1.124022,
            -1.009287,
            2.187377,
            -3.836428,
            5.955794,
            -1.22696,
            -0.695672,
            -2.140115,
            1.930268,
            3.592472,
            2.899079,
            0.348651,
            -0.970994,
            7.19102,
            -5.428468,
            -1.217344,
            -4.630189,
            0.269298,
            6.197918,
            -8.181107,
            1.44925,
            -4.174744,
            -0.770999,
            2.868614,
            -0.802619,
            -0.318308,
            0.572091,
            3.207299,
            -0.82002,
            -0.539689,
            1.925639,
            -3.186321,
            5.865358,
            -0.78357,
            3.26645,
            -6.111643,
            -2.820957,
            -1.897232,
            5.230454,
            -0.214902,
            0.344034,
            5.607966,
            -4.046735,
            1.992463,
            -0.24828,
            -3.333994,
            -3.063053,
            3.735443,
            -3.22746,
            5.116411
        ]
    },
    "image_size": [
        870,
        1918
    ],
    "process_time_in_milliseconds": 755
}
