{
    "props": {
        "face_rect": [
            187,
            761,
            571,
            571
        ],
        "kp_eye_left_inner": [
            404,
            894
        ],
        "kp_eye_left_outer": [
            293,
            894
        ],
        "kp_eye_right_inner": [
            541,
            904
        ],
        "kp_eye_right_outer": [
            648,
            904
        ],
        "kp_mouth_left": [
            577,
            1142
        ],
        "kp_mouth_right": [
            379,
            1142
        ],
        "kp_nose_tip": [
            480,
            1016
        ],
        "kp_under_lip_bottom": [
            480,
            1183
        ],
        "kp_upper_lip_top": [
            480,
            1122
        ],
        "features": [
            5.855846,
            5.49685,
            -3.221928,
            4.777979,
            -0.172612,
            7.581924,
            1.284701,
            0.644099,
            5.679783,
            -6.748888,
            -0.955948,
            -2.799417,
            1.572649,
            -5.30612,
            8.04541,
            -4.150832,
            -0.017352,
            0.38012,
            0.972909,
            1.79935,
            4.420204,
            2.19539,
            3.453615,
            7.167364,
            -4.567092,
            1.398174,
            -5.681308,
            -0.852711,
            6.002861,
            -9.208773,
            0.60934,
            -4.547223,
            -1.300936,
            3.81121,
            -2.375044,
            0.462293,
            -0.451503,
            3.6406,
            -0.894366,
            -0.570897,
            -1.608421,
            -2.288572,
            7.860314,
            0.378986,
            6.37304,
            -8.047856,
            -3.774051,
            -1.144029,
            6.296932,
            0.394325,
            -0.890385,
            6.257202,
            -4.616578,
            2.99405,
            1.622997,
            -4.353773,
            -2.069721,
            4.135191,
            -2.295198,
            4.626836
        ]
    },
    "image_size": [
        870,
        1918
    ],
    "process_time_in_milliseconds": 763
}
