{
    "props": {
        "face_rect": [
            114,
            820,
            595,
            595
        ],
        "kp_eye_left_inner": [
            350,
            979
        ],
        "kp_eye_left_outer": [
            239,
            974
        ],
        "kp_eye_right_inner": [
            489,
            974
        ],
        "kp_eye_right_outer": [
            590,
            960
        ],
        "kp_mouth_left": [
            527,
            1219
        ],
        "kp_mouth_right": [
            335,
            1228
        ],
        "kp_nose_tip": [
            426,
            1142
        ],
        "kp_under_lip_bottom": [
            436,
            1262
        ],
        "kp_upper_lip_top": [
            431,
            1219
        ],
        "features": [
            5.350308,
            6.846397,
            -1.155128,
            4.579632,
            0.115417,
            5.736761,
            -1.470097,
            -2.311187,
            7.451201,
            -5.636923,
            -2.107318,
            -2.206117,
            4.054403,
            -6.105247,
            7.536824,
            -3.630335,
            -0.531972,
            -0.573133,
            4.700498,
            3.946945,
            4.026525,
            2.028799,
            2.688956,
            7.997335,
            -3.294545,
            -1.358998,
            -4.693454,
            0.248129,
            5.610414,
            -7.740229,
            0.088233,
            -2.434189,
            -0.324746,
            5.307398,
            -3.093887,
            0.837301,
            -0.553296,
            2.351459,
            0.433919,
            -0.381801,
            0.893963,
            -4.043143,
            9.307267,
            0.001897,
            6.449812,
            -7.400169,
            -5.007539,
            -0.246968,
            4.980201,
            2.598397,
            0.231962,
            8.399537,
            -6.608947,
            2.807748,
            2.921986,
            -4.145675,
            -4.632107,
            3.304684,
            -0.616432,
            1.766951
        ]
    },
    "image_size": [
        870,
        1918
    ],
    "process_time_in_milliseconds": 769
}
