{
    "props": {
        "face_rect": [
            241,
            562,
            407,
            407
        ],
        "kp_eye_left_inner": [
            378,
            676
        ],
        "kp_eye_left_outer": [
            300,
            685
        ],
        "kp_eye_right_inner": [
            507,
            667
        ],
        "kp_eye_right_outer": [
            585,
            671
        ],
        "kp_mouth_left": [
            543,
            841
        ],
        "kp_mouth_right": [
            346,
            850
        ],
        "kp_nose_tip": [
            443,
            676
        ],
        "kp_under_lip_bottom": [
            447,
            850
        ],
        "kp_upper_lip_top": [
            452,
            786
        ],
        "features": [
            3.64188,
            5.837355,
            6.219686,
            -2.178973,
            3.525043,
            0.426982,
            -5.050338,
            0.355136,
            2.765469,
            6.592106,
            -10.576637,
            -4.795992,
            -1.831904,
            4.661485,
            3.764432,
            -8.623685,
            -5.643591,
            2.36845,
            4.514275,
            1.30717,
            -3.768316,
            3.87979,
            -8.684473,
            -7.162255,
            6.074262,
            5.272202,
            1.349431,
            -1.35441,
            6.771423,
            0.159901,
            1.02577,
            3.405669,
            1.168425,
            -0.091475,
            -2.488819,
            2.039539,
            1.735501,
            4.988896,
            -2.954418,
            6.384047,
            2.415468,
            -0.850731,
            -6.705384,
            0.737779,
            5.780251,
            9.474378,
            3.90075,
            0.714305,
            -5.723627,
            -3.005392,
            3.727629,
            -3.94674,
            -0.772676,
            -0.671307,
            -3.499534,
            2.598578,
            -1.484201,
            0.528775,
            0.926278,
            5.299024
        ]
    },
    "image_size": [
        870,
        1918
    ],
    "process_time_in_milliseconds": 770
}
