{
    "props": {
        "face_rect": [
            121,
            828,
            593,
            593
        ],
        "kp_eye_left_inner": [
            355,
            984
        ],
        "kp_eye_left_outer": [
            244,
            974
        ],
        "kp_eye_right_inner": [
            494,
            984
        ],
        "kp_eye_right_outer": [
            599,
            969
        ],
        "kp_mouth_left": [
            523,
            1228
        ],
        "kp_mouth_right": [
            336,
            1233
        ],
        "kp_nose_tip": [
            427,
            1142
        ],
        "kp_under_lip_bottom": [
            431,
            1271
        ],
        "kp_upper_lip_top": [
            427,
            1228
        ],
        "features": [
            5.037284,
            7.031821,
            -1.045083,
            4.828485,
            0.920155,
            6.962281,
            -1.935109,
            -1.233508,
            6.294008,
            -6.401465,
            -0.545313,
            -0.92847,
            3.948081,
            -7.295904,
            7.313161,
            -3.769079,
            -0.271865,
            -1.351924,
            2.880328,
            2.059111,
            4.205201,
            0.849536,
            3.337476,
            7.619192,
            -4.273818,
            -1.749877,
            -5.127522,
            0.507602,
            5.409315,
            -8.158166,
            -1.052826,
            -1.571999,
            0.139703,
            4.458579,
            -4.123894,
            -0.614731,
            -0.424181,
            3.120752,
            0.25183,
            -0.615847,
            0.868766,
            -3.691793,
            9.719006,
            0.709383,
            6.193413,
            -6.766659,
            -4.486298,
            -0.322779,
            5.575689,
            1.104511,
            -0.976967,
            7.72676,
            -6.650085,
            3.04425,
            1.473835,
            -3.965788,
            -3.594732,
            2.226793,
            -1.408019,
            2.621598
        ]
    },
    "image_size": [
        870,
        1918
    ],
    "process_time_in_milliseconds": 774
}
