{
    "props": {
        "face_rect": [
            154,
            502,
            462,
            462
        ],
        "kp_eye_left_inner": [
            352,
            628
        ],
        "kp_eye_left_outer": [
            283,
            603
        ],
        "kp_eye_right_inner": [
            442,
            657
        ],
        "kp_eye_right_outer": [
            507,
            675
        ],
        "kp_mouth_left": [
            406,
            837
        ],
        "kp_mouth_right": [
            283,
            797
        ],
        "kp_nose_tip": [
            356,
            729
        ],
        "kp_under_lip_bottom": [
            334,
            841
        ],
        "kp_upper_lip_top": [
            341,
            801
        ],
        "features": [
            -0.271132,
            7.684498,
            -2.509443,
            -1.391759,
            2.665248,
            -3.724015,
            0.63086,
            2.629143,
            9.227175,
            -8.349631,
            4.919439,
            -4.437938,
            6.477781,
            -4.976075,
            3.573077,
            -3.061162,
            -1.35576,
            7.525194,
            -7.980381,
            4.133013,
            5.428405,
            -7.279133,
            7.547083,
            0.901218,
            -0.138648,
            1.935914,
            -8.99886,
            2.115966,
            -0.738075,
            -5.05379,
            -0.940144,
            2.714565,
            -1.884181,
            0.504981,
            -2.629382,
            5.151029,
            0.33969,
            -1.044039,
            -1.350983,
            -5.527119,
            -1.02737,
            -1.358664,
            -2.187923,
            -0.68436,
            6.380018,
            -3.527256,
            -2.393245,
            -1.524044,
            1.240123,
            -0.640101,
            1.369157,
            10.528938,
            2.171815,
            4.045609,
            1.901064,
            -4.037209,
            -2.604045,
            0.701375,
            -1.248593,
            0.248879
        ]
    },
    "image_size": [
        720,
        1280
    ],
    "process_time_in_milliseconds": 1532
}
