{
    "props": {
        "face_rect": [
            171,
            627,
            551,
            551
        ],
        "kp_eye_left_inner": [
            384,
            767
        ],
        "kp_eye_left_outer": [
            285,
            767
        ],
        "kp_eye_right_inner": [
            511,
            762
        ],
        "kp_eye_right_outer": [
            615,
            757
        ],
        "kp_mouth_left": [
            549,
            1012
        ],
        "kp_mouth_right": [
            342,
            1016
        ],
        "kp_nose_tip": [
            445,
            856
        ],
        "kp_under_lip_bottom": [
            450,
            1049
        ],
        "kp_upper_lip_top": [
            450,
            974
        ],
        "features": [
            2.745355,
            4.649072,
            5.990634,
            -5.755756,
            4.848906,
            1.38319,
            -4.540021,
            1.859889,
            -0.060458,
            5.382569,
            -8.209815,
            -8.48739,
            -5.343387,
            7.496495,
            5.150831,
            -11.747727,
            -5.760948,
            4.581316,
            4.155213,
            0.081364,
            -2.333052,
            3.703758,
            -10.728606,
            -6.540915,
            7.852214,
            2.918109,
            -1.776898,
            0.290377,
            6.6588,
            1.004088,
            -0.323711,
            3.33092,
            -1.466038,
            -2.73317,
            -2.137737,
            3.767072,
            3.331506,
            4.48121,
            -0.368135,
            2.900351,
            -2.72875,
            -7.00461,
            -9.219699,
            2.992563,
            4.284772,
            8.013388,
            4.258269,
            5.07202,
            -7.414412,
            -3.028248,
            5.016311,
            -0.640931,
            2.279096,
            1.100528,
            1.94304,
            2.759919,
            -4.733348,
            0.621167,
            -2.465155,
            1.54452
        ]
    },
    "image_size": [
        870,
        1918
    ],
    "process_time_in_milliseconds": 1092
}
