{
    "props": {
        "face_rect": [
            312,
            764,
            589,
            589
        ],
        "kp_eye_left_inner": [
            563,
            898
        ],
        "kp_eye_left_outer": [
            438,
            882
        ],
        "kp_eye_right_inner": [
            703,
            936
        ],
        "kp_eye_right_outer": [
            752,
            936
        ],
        "kp_mouth_left": [
            682,
            1152
        ],
        "kp_mouth_right": [
            509,
            1152
        ],
        "kp_nose_tip": [
            660,
            1028
        ],
        "kp_under_lip_bottom": [
            611,
            1201
        ],
        "kp_upper_lip_top": [
            622,
            1141
        ],
        "features": [
            7.658712,
            8.780978,
            -2.898136,
            2.226912,
            0.331896,
            8.142945,
            0.705625,
            -1.618429,
            5.00847,
            -5.868042,
            -1.790672,
            -0.118714,
            2.442585,
            -3.403017,
            7.454616,
            -0.82521,
            -0.872413,
            -2.024409,
            3.454607,
            2.833953,
            4.914134,
            -1.136329,
            -0.17171,
            7.805532,
            -3.34796,
            -1.077552,
            -3.63363,
            -1.480094,
            5.728029,
            -6.174181,
            1.26899,
            -4.254612,
            -1.630063,
            3.613745,
            -1.395677,
            0.957906,
            -0.077537,
            2.28135,
            0.635285,
            0.041843,
            1.855579,
            -3.178227,
            7.319915,
            0.0126,
            3.717155,
            -4.364851,
            -3.679759,
            -0.228279,
            4.552086,
            0.491893,
            0.042284,
            6.990808,
            -4.306364,
            2.031065,
            -1.16355,
            -4.019767,
            -4.071597,
            3.116805,
            -3.266311,
            6.740294
        ]
    },
    "image_size": [
        870,
        1918
    ],
    "process_time_in_milliseconds": 797
}
