{
    "props": {
        "face_rect": [
            126,
            831,
            569,
            569
        ],
        "kp_eye_left_inner": [
            348,
            987
        ],
        "kp_eye_left_outer": [
            241,
            982
        ],
        "kp_eye_right_inner": [
            490,
            982
        ],
        "kp_eye_right_outer": [
            592,
            973
        ],
        "kp_mouth_left": [
            526,
            1227
        ],
        "kp_mouth_right": [
            334,
            1235
        ],
        "kp_nose_tip": [
            428,
            1155
        ],
        "kp_under_lip_bottom": [
            437,
            1271
        ],
        "kp_upper_lip_top": [
            428,
            1231
        ],
        "features": [
            4.681937,
            7.13767,
            -1.809112,
            3.957191,
            -0.183493,
            6.59509,
            -2.461637,
            -2.227873,
            7.756923,
            -5.319685,
            -2.421853,
            -1.324957,
            2.96762,
            -6.395421,
            7.870557,
            -3.392266,
            -0.899991,
            -1.435464,
            3.581904,
            2.922658,
            4.170189,
            2.010977,
            2.520675,
            8.51348,
            -2.759724,
            -1.072713,
            -4.568902,
            0.429512,
            5.638303,
            -7.82558,
            0.14422,
            -2.073261,
            -0.11436,
            5.003499,
            -2.803972,
            0.800157,
            -0.582509,
            2.555137,
            0.941513,
            0.133877,
            0.903125,
            -4.613857,
            9.291393,
            0.761124,
            5.855913,
            -6.824672,
            -4.743307,
            0.145355,
            4.713676,
            1.982974,
            -0.568656,
            7.535572,
            -7.43473,
            2.916016,
            2.186373,
            -3.64371,
            -5.135349,
            3.017813,
            0.117835,
            1.682297
        ]
    },
    "image_size": [
        870,
        1918
    ],
    "process_time_in_milliseconds": 773
}
