{
    "props": {
        "face_rect": [
            169,
            633,
            497,
            497
        ],
        "kp_eye_left_inner": [
            360,
            710
        ],
        "kp_eye_left_outer": [
            254,
            789
        ],
        "kp_eye_right_inner": [
            493,
            768
        ],
        "kp_eye_right_outer": [
            578,
            784
        ],
        "kp_mouth_left": [
            525,
            975
        ],
        "kp_mouth_right": [
            313,
            981
        ],
        "kp_nose_tip": [
            414,
            768
        ],
        "kp_under_lip_bottom": [
            419,
            997
        ],
        "kp_upper_lip_top": [
            424,
            922
        ],
        "features": [
            3.562121,
            7.518013,
            -2.041533,
            2.827436,
            -0.870154,
            4.54035,
            -3.584639,
            0.896272,
            2.385004,
            -8.06291,
            -2.474978,
            -0.044249,
            2.492993,
            -2.175216,
            4.6287,
            0.802135,
            -3.198421,
            -2.307021,
            -0.257007,
            -1.624613,
            4.748224,
            3.003781,
            -2.722468,
            4.533532,
            -0.307577,
            1.928664,
            -1.614579,
            -2.771678,
            5.146681,
            -4.285713,
            2.516058,
            -5.318205,
            -0.508148,
            5.191619,
            -1.308149,
            1.910655,
            -0.3496,
            -0.300778,
            5.559668,
            0.877868,
            2.082034,
            0.423373,
            3.298859,
            1.208704,
            4.935579,
            -2.026891,
            -3.069671,
            3.937422,
            6.592303,
            0.301247,
            -1.513816,
            7.673733,
            1.255973,
            -0.007118,
            -5.230602,
            -1.795807,
            -2.040865,
            -0.110821,
            0.703435,
            6.518946
        ]
    },
    "image_size": [
        870,
        1918
    ],
    "process_time_in_milliseconds": 745
}
