{
    "props": {
        "face_rect": [
            188,
            636,
            548,
            548
        ],
        "kp_eye_left_inner": [
            401,
            771
        ],
        "kp_eye_left_outer": [
            302,
            776
        ],
        "kp_eye_right_inner": [
            533,
            771
        ],
        "kp_eye_right_outer": [
            632,
            766
        ],
        "kp_mouth_left": [
            561,
            1020
        ],
        "kp_mouth_right": [
            359,
            1025
        ],
        "kp_nose_tip": [
            462,
            865
        ],
        "kp_under_lip_bottom": [
            462,
            1053
        ],
        "kp_upper_lip_top": [
            462,
            983
        ],
        "features": [
            2.722528,
            4.306305,
            6.816714,
            -5.971659,
            4.613874,
            1.582412,
            -5.337098,
            2.092848,
            -0.068422,
            6.319412,
            -8.649731,
            -8.81889,
            -4.427536,
            7.285516,
            5.254629,
            -11.175992,
            -5.947955,
            4.39696,
            4.422976,
            -0.149081,
            -2.550664,
            3.22892,
            -10.337357,
            -7.006147,
            7.118933,
            2.931403,
            -1.572033,
            0.251201,
            6.585917,
            1.05781,
            0.062961,
            3.44326,
            -1.593776,
            -2.800513,
            -2.426293,
            3.428528,
            3.35532,
            4.753776,
            -1.008221,
            3.836492,
            -2.402958,
            -5.713394,
            -8.601228,
            2.925663,
            5.120943,
            8.390422,
            4.609688,
            4.058932,
            -7.182487,
            -3.358274,
            5.737572,
            -1.495234,
            1.492485,
            -0.177697,
            0.639941,
            2.744538,
            -3.793273,
            0.326933,
            -1.907623,
            2.135777
        ]
    },
    "image_size": [
        870,
        1918
    ],
    "process_time_in_milliseconds": 783
}
