{
    "props": {
        "face_rect": [
            344,
            646,
            512,
            512
        ],
        "kp_eye_left_inner": [
            538,
            761
        ],
        "kp_eye_left_outer": [
            428,
            750
        ],
        "kp_eye_right_inner": [
            659,
            777
        ],
        "kp_eye_right_outer": [
            730,
            788
        ],
        "kp_mouth_left": [
            675,
            1013
        ],
        "kp_mouth_right": [
            505,
            1008
        ],
        "kp_nose_tip": [
            642,
            860
        ],
        "kp_under_lip_bottom": [
            609,
            1041
        ],
        "kp_upper_lip_top": [
            609,
            969
        ],
        "features": [
            2.853344,
            5.120101,
            7.106202,
            -5.610363,
            5.586093,
            0.514706,
            -5.091564,
            1.006432,
            0.951571,
            5.955617,
            -10.158618,
            -8.293526,
            -3.41196,
            7.092577,
            4.437635,
            -10.917947,
            -7.341321,
            3.279658,
            4.766469,
            0.871618,
            -2.053556,
            2.211272,
            -9.908768,
            -8.207712,
            7.291667,
            3.424739,
            0.230289,
            -0.110929,
            6.152203,
            2.616407,
            -0.138661,
            4.487855,
            -0.698427,
            -1.590943,
            -1.513166,
            3.571728,
            2.86063,
            3.291722,
            -0.660703,
            4.597337,
            0.064315,
            -5.79696,
            -9.21055,
            2.730666,
            5.536476,
            9.790747,
            3.365583,
            3.14343,
            -7.779648,
            -4.822412,
            5.904654,
            -3.036287,
            1.122483,
            0.450145,
            -0.703614,
            3.251688,
            -3.935819,
            -0.589542,
            -1.105796,
            2.604026
        ]
    },
    "image_size": [
        870,
        1918
    ],
    "process_time_in_milliseconds": 752
}
