{
    "props": {
        "face_rect": [
            187,
            620,
            520,
            520
        ],
        "kp_eye_left_inner": [
            383,
            756
        ],
        "kp_eye_left_outer": [
            282,
            761
        ],
        "kp_eye_right_inner": [
            511,
            752
        ],
        "kp_eye_right_outer": [
            603,
            752
        ],
        "kp_mouth_left": [
            548,
            981
        ],
        "kp_mouth_right": [
            351,
            990
        ],
        "kp_nose_tip": [
            452,
            820
        ],
        "kp_under_lip_bottom": [
            452,
            1013
        ],
        "kp_upper_lip_top": [
            452,
            944
        ],
        "features": [
            3.224287,
            4.387777,
            7.054232,
            -4.339534,
            4.714081,
            2.003696,
            -6.490011,
            1.570318,
            1.40225,
            5.426788,
            -7.644409,
            -7.935909,
            -4.336637,
            6.574604,
            6.014243,
            -12.160098,
            -5.97754,
            4.326965,
            4.616317,
            -1.487111,
            -2.74639,
            3.568048,
            -9.601288,
            -7.563629,
            6.115477,
            3.549881,
            -0.8278,
            -0.498699,
            6.867442,
            1.638131,
            0.056789,
            2.826475,
            -2.464606,
            -3.216506,
            -3.232368,
            3.687018,
            2.795063,
            4.797148,
            -0.521388,
            3.771287,
            -2.525398,
            -5.449825,
            -9.2245,
            3.193102,
            4.667518,
            8.731922,
            5.086985,
            4.060216,
            -6.285844,
            -3.622664,
            6.533205,
            -1.241158,
            0.715531,
            -0.569823,
            0.385549,
            3.096424,
            -3.333403,
            1.019639,
            -1.696932,
            2.910463
        ]
    },
    "image_size": [
        870,
        1918
    ],
    "process_time_in_milliseconds": 728
}
