{
    "props": {
        "face_rect": [
            153,
            651,
            566,
            566
        ],
        "kp_eye_left_inner": [
            371,
            797
        ],
        "kp_eye_left_outer": [
            269,
            801
        ],
        "kp_eye_right_inner": [
            501,
            787
        ],
        "kp_eye_right_outer": [
            603,
            783
        ],
        "kp_mouth_left": [
            539,
            1038
        ],
        "kp_mouth_right": [
            344,
            1047
        ],
        "kp_nose_tip": [
            436,
            894
        ],
        "kp_under_lip_bottom": [
            441,
            1080
        ],
        "kp_upper_lip_top": [
            436,
            1005
        ],
        "features": [
            2.626591,
            4.155233,
            6.041337,
            -5.026893,
            3.8976,
            1.427442,
            -5.652161,
            2.040687,
            -1.355859,
            5.41467,
            -6.957617,
            -8.428712,
            -3.949666,
            8.363672,
            4.574236,
            -10.695912,
            -5.213608,
            4.149874,
            3.13503,
            0.010825,
            -1.664511,
            2.891335,
            -10.22709,
            -7.742272,
            5.86235,
            2.130293,
            -1.353922,
            -0.193684,
            6.948804,
            1.715444,
            0.306298,
            3.085362,
            -2.60037,
            -3.223181,
            -2.256776,
            3.432384,
            2.527107,
            3.331768,
            0.049161,
            2.417546,
            -3.004674,
            -5.829015,
            -9.671556,
            3.931649,
            5.525564,
            7.762943,
            4.914869,
            4.135815,
            -7.257241,
            -3.585347,
            6.298937,
            -0.572224,
            1.800982,
            -0.93799,
            0.63754,
            3.16514,
            -3.919584,
            1.093125,
            -1.532787,
            1.979014
        ]
    },
    "image_size": [
        870,
        1918
    ],
    "process_time_in_milliseconds": 723
}
