{
    "props": {
        "face_rect": [
            145,
            753,
            590,
            590
        ],
        "kp_eye_left_inner": [
            367,
            904
        ],
        "kp_eye_left_outer": [
            268,
            904
        ],
        "kp_eye_right_inner": [
            500,
            900
        ],
        "kp_eye_right_outer": [
            604,
            890
        ],
        "kp_mouth_left": [
            550,
            1142
        ],
        "kp_mouth_right": [
            352,
            1152
        ],
        "kp_nose_tip": [
            436,
            1023
        ],
        "kp_under_lip_bottom": [
            456,
            1186
        ],
        "kp_upper_lip_top": [
            446,
            1127
        ],
        "features": [
            5.813814,
            6.32104,
            -2.575366,
            4.553854,
            -0.558805,
            6.867594,
            0.570544,
            -0.130312,
            4.76321,
            -6.841942,
            0.595945,
            -2.077065,
            1.761363,
            -4.805149,
            8.258253,
            -4.280816,
            0.587318,
            -0.305733,
            3.167946,
            2.242524,
            3.731347,
            2.729366,
            1.214076,
            6.270805,
            -4.7701,
            0.470109,
            -6.058263,
            -2.069549,
            6.649755,
            -7.709961,
            0.184084,
            -5.249738,
            -1.989526,
            4.357717,
            -2.448798,
            0.357317,
            0.345361,
            3.255217,
            0.25552,
            -1.301823,
            -1.456936,
            -2.998658,
            8.23087,
            -0.13463,
            5.571172,
            -7.486277,
            -4.39615,
            0.499681,
            6.405789,
            1.05804,
            -0.913118,
            6.609635,
            -4.854014,
            3.200427,
            1.515153,
            -4.586751,
            -2.160115,
            3.765841,
            -1.857558,
            4.508391
        ]
    },
    "image_size": [
        870,
        1918
    ],
    "process_time_in_milliseconds": 808
}
