{
    "props": {
        "face_rect": [
            163,
            642,
            548,
            548
        ],
        "kp_eye_left_inner": [
            377,
            786
        ],
        "kp_eye_left_outer": [
            274,
            786
        ],
        "kp_eye_right_inner": [
            499,
            776
        ],
        "kp_eye_right_outer": [
            597,
            767
        ],
        "kp_mouth_left": [
            536,
            1015
        ],
        "kp_mouth_right": [
            339,
            1029
        ],
        "kp_nose_tip": [
            438,
            875
        ],
        "kp_under_lip_bottom": [
            443,
            1057
        ],
        "kp_upper_lip_top": [
            438,
            982
        ],
        "features": [
            2.181231,
            2.87056,
            6.778884,
            -4.439156,
            4.869411,
            1.621455,
            -4.809084,
            2.575883,
            -0.717244,
            6.322084,
            -8.181896,
            -9.131295,
            -4.398159,
            7.023523,
            4.06938,
            -12.144338,
            -5.917964,
            3.799765,
            4.240645,
            -1.684415,
            -2.300686,
            2.879426,
            -9.495931,
            -8.230645,
            6.397418,
            3.203028,
            -0.255459,
            -0.169728,
            6.276424,
            1.876524,
            0.369445,
            3.728673,
            -2.581946,
            -3.803606,
            -2.288825,
            3.427962,
            2.442068,
            3.661524,
            -0.88361,
            3.664825,
            -3.17786,
            -5.902217,
            -8.642254,
            3.277802,
            5.889668,
            7.990259,
            4.317276,
            4.117385,
            -7.038034,
            -2.954757,
            6.206434,
            -2.030172,
            2.034559,
            -0.542484,
            -0.156414,
            2.839844,
            -3.924143,
            0.749238,
            -1.880915,
            3.001473
        ]
    },
    "image_size": [
        870,
        1918
    ],
    "process_time_in_milliseconds": 731
}
