{
    "props": {
        "face_rect": [
            -22,
            603,
            614,
            614
        ],
        "kp_eye_left_inner": [
            230,
            765
        ],
        "kp_eye_left_outer": [
            181,
            765
        ],
        "kp_eye_right_inner": [
            358,
            760
        ],
        "kp_eye_right_outer": [
            471,
            755
        ],
        "kp_mouth_left": [
            363,
            1020
        ],
        "kp_mouth_right": [
            171,
            1001
        ],
        "kp_nose_tip": [
            230,
            843
        ],
        "kp_under_lip_bottom": [
            250,
            1035
        ],
        "kp_upper_lip_top": [
            240,
            966
        ],
        "features": [
            3.859202,
            4.412674,
            4.678803,
            -4.525742,
            3.766439,
            0.949485,
            -7.094289,
            0.453163,
            1.2838,
            3.641912,
            -7.839506,
            -6.032957,
            -4.588737,
            5.47976,
            5.595158,
            -10.736547,
            -7.008413,
            5.571766,
            3.791027,
            -0.351914,
            -1.345111,
            3.785696,
            -9.315614,
            -5.04202,
            7.178932,
            1.445152,
            -1.843037,
            -1.459141,
            3.624328,
            1.616178,
            -0.283643,
            1.107673,
            -2.341856,
            -0.498887,
            -2.746052,
            5.629252,
            4.720559,
            2.337729,
            0.049229,
            2.624566,
            -0.876518,
            -3.828847,
            -9.09973,
            3.029068,
            2.100809,
            8.381078,
            5.699745,
            6.877973,
            -5.4564,
            -5.726561,
            5.149175,
            -0.691358,
            0.560711,
            -0.188469,
            2.172188,
            3.471416,
            -4.059001,
            1.478964,
            -2.136777,
            3.061242
        ]
    },
    "image_size": [
        870,
        1918
    ],
    "process_time_in_milliseconds": 1003
}
