{
    "props": {
        "face_rect": [
            130,
            911,
            531,
            531
        ],
        "kp_eye_left_inner": [
            351,
            1059
        ],
        "kp_eye_left_outer": [
            247,
            1043
        ],
        "kp_eye_right_inner": [
            492,
            1059
        ],
        "kp_eye_right_outer": [
            588,
            1043
        ],
        "kp_mouth_left": [
            521,
            1284
        ],
        "kp_mouth_right": [
            338,
            1292
        ],
        "kp_nose_tip": [
            417,
            1242
        ],
        "kp_under_lip_bottom": [
            434,
            1325
        ],
        "kp_upper_lip_top": [
            426,
            1296
        ],
        "features": [
            2.897391,
            4.131854,
            -0.497646,
            5.330514,
            -1.429195,
            4.893759,
            -4.133835,
            2.176146,
            4.560736,
            -5.346118,
            -3.244677,
            -2.761188,
            1.516053,
            -6.208531,
            8.133594,
            -2.28151,
            -3.595033,
            -3.420003,
            2.536829,
            -0.942832,
            5.987326,
            -1.214681,
            1.061368,
            7.551133,
            -1.859156,
            -1.273612,
            -2.873342,
            -2.385106,
            5.478364,
            -6.33316,
            3.541485,
            -2.316214,
            -3.476921,
            4.823562,
            -4.201613,
            1.877159,
            -1.462174,
            2.905098,
            3.75933,
            2.720785,
            0.277083,
            -6.233566,
            8.076908,
            2.056451,
            9.145283,
            -7.944777,
            -4.207785,
            1.059824,
            2.730192,
            4.420533,
            1.461213,
            6.138412,
            -5.444236,
            1.044121,
            -2.351412,
            -4.385128,
            -3.378985,
            2.361528,
            -0.806605,
            3.447759
        ]
    },
    "image_size": [
        870,
        1918
    ],
    "process_time_in_milliseconds": 752
}
