{
    "props": {
        "face_rect": [
            136,
            916,
            530,
            530
        ],
        "kp_eye_left_inner": [
            354,
            1063
        ],
        "kp_eye_left_outer": [
            249,
            1046
        ],
        "kp_eye_right_inner": [
            493,
            1063
        ],
        "kp_eye_right_outer": [
            594,
            1051
        ],
        "kp_mouth_left": [
            522,
            1286
        ],
        "kp_mouth_right": [
            337,
            1291
        ],
        "kp_nose_tip": [
            421,
            1244
        ],
        "kp_under_lip_bottom": [
            438,
            1329
        ],
        "kp_upper_lip_top": [
            430,
            1299
        ],
        "features": [
            4.044975,
            3.734652,
            -0.685496,
            5.731933,
            -1.472913,
            3.983808,
            -5.38069,
            3.166246,
            4.96592,
            -4.736041,
            -5.13875,
            -2.728148,
            1.017646,
            -6.922652,
            8.05961,
            -1.350608,
            -3.672334,
            -4.087793,
            1.96919,
            -1.329007,
            4.919432,
            -2.265434,
            0.003653,
            8.287523,
            -1.77534,
            -1.896966,
            -2.688628,
            -2.775219,
            5.48095,
            -6.317027,
            3.611111,
            -2.76271,
            -3.642678,
            5.111666,
            -3.324834,
            2.501546,
            -0.501071,
            3.759002,
            3.982544,
            4.486857,
            1.599444,
            -6.092118,
            7.7386,
            1.598471,
            7.97103,
            -7.342736,
            -4.196764,
            0.613173,
            3.066187,
            4.975999,
            1.556549,
            5.078591,
            -5.907051,
            -0.131135,
            -3.463153,
            -3.485261,
            -1.454763,
            0.752508,
            -2.098595,
            5.115798
        ]
    },
    "image_size": [
        870,
        1918
    ],
    "process_time_in_milliseconds": 777
}
