{
    "props": {
        "face_rect": [
            159,
            631,
            540,
            540
        ],
        "kp_eye_left_inner": [
            370,
            767
        ],
        "kp_eye_left_outer": [
            269,
            772
        ],
        "kp_eye_right_inner": [
            495,
            762
        ],
        "kp_eye_right_outer": [
            592,
            758
        ],
        "kp_mouth_left": [
            536,
            1012
        ],
        "kp_mouth_right": [
            333,
            1016
        ],
        "kp_nose_tip": [
            426,
            855
        ],
        "kp_under_lip_bottom": [
            430,
            1044
        ],
        "kp_upper_lip_top": [
            435,
            970
        ],
        "features": [
            3.138157,
            4.19085,
            6.838501,
            -5.515535,
            4.548206,
            1.59096,
            -5.373011,
            1.823422,
            -0.066067,
            6.312047,
            -8.496447,
            -8.38291,
            -4.039656,
            6.792657,
            4.95414,
            -11.572728,
            -5.33146,
            4.655073,
            4.704484,
            0.012354,
            -2.335234,
            3.294289,
            -9.826731,
            -7.351614,
            7.128553,
            2.779972,
            -1.097857,
            0.00348,
            6.739604,
            1.35468,
            -0.430452,
            3.174476,
            -1.877869,
            -2.692279,
            -2.438883,
            3.974153,
            2.626159,
            4.50219,
            -0.834513,
            3.795787,
            -2.83351,
            -5.948108,
            -8.828938,
            2.656442,
            5.122818,
            8.441474,
            4.680732,
            4.428448,
            -6.966019,
            -3.239341,
            5.571699,
            -0.844953,
            1.580945,
            -0.378547,
            1.208213,
            3.176677,
            -4.286238,
            0.936871,
            -2.192508,
            2.57296
        ]
    },
    "image_size": [
        870,
        1918
    ],
    "process_time_in_milliseconds": 748
}
