{
    "props": {
        "face_rect": [
            146,
            495,
            374,
            374
        ],
        "kp_eye_left_inner": [
            286,
            589
        ],
        "kp_eye_left_outer": [
            221,
            592
        ],
        "kp_eye_right_inner": [
            379,
            585
        ],
        "kp_eye_right_outer": [
            448,
            589
        ],
        "kp_mouth_left": [
            393,
            757
        ],
        "kp_mouth_right": [
            279,
            757
        ],
        "kp_nose_tip": [
            328,
            654
        ],
        "kp_under_lip_bottom": [
            338,
            778
        ],
        "kp_upper_lip_top": [
            338,
            726
        ],
        "features": [
            2.103354,
            8.978432,
            -1.405526,
            -1.652197,
            3.390212,
            -3.129734,
            -0.741421,
            1.556232,
            8.519837,
            -7.234558,
            2.923942,
            -5.634885,
            6.739602,
            -2.55858,
            3.444141,
            -2.558307,
            -1.834716,
            7.905849,
            -6.481759,
            4.124859,
            4.586133,
            -6.246343,
            7.683809,
            1.034462,
            -1.306973,
            1.643975,
            -8.451401,
            3.744639,
            -1.559311,
            -5.043684,
            0.610279,
            4.074989,
            -0.747199,
            2.068327,
            -4.143199,
            4.396901,
            1.453572,
            -0.389902,
            -1.460682,
            -5.579417,
            2.027458,
            1.383833,
            -1.308429,
            -0.217544,
            7.877995,
            -1.913673,
            -1.843727,
            -1.008865,
            3.21892,
            -1.75892,
            5.217361,
            10.756151,
            2.247906,
            4.261847,
            -0.277598,
            -3.733201,
            -1.354859,
            -1.112109,
            0.879406,
            1.530573
        ]
    },
    "image_size": [
        720,
        1280
    ],
    "process_time_in_milliseconds": 1409
}
