{
    "props": {
        "face_rect": [
            228,
            630,
            552,
            552
        ],
        "kp_eye_left_inner": [
            439,
            771
        ],
        "kp_eye_left_outer": [
            326,
            766
        ],
        "kp_eye_right_inner": [
            567,
            771
        ],
        "kp_eye_right_outer": [
            655,
            771
        ],
        "kp_mouth_left": [
            601,
            1016
        ],
        "kp_mouth_right": [
            395,
            1021
        ],
        "kp_nose_tip": [
            518,
            859
        ],
        "kp_under_lip_bottom": [
            513,
            1045
        ],
        "kp_upper_lip_top": [
            513,
            977
        ],
        "features": [
            2.691558,
            5.166098,
            6.997052,
            -5.559008,
            5.515358,
            0.86247,
            -6.110709,
            1.617813,
            0.638672,
            6.146729,
            -8.133781,
            -7.649868,
            -4.359626,
            7.580754,
            4.435119,
            -10.817249,
            -6.213497,
            4.203143,
            4.275046,
            -0.576057,
            -2.782515,
            2.999722,
            -9.90481,
            -7.949189,
            7.065373,
            3.741029,
            -0.220017,
            0.51199,
            6.816136,
            2.07567,
            -0.387008,
            3.834325,
            -1.419342,
            -2.861226,
            -2.027161,
            2.985606,
            2.82273,
            4.293184,
            -0.228742,
            3.989262,
            -1.448647,
            -5.90153,
            -9.992701,
            2.947418,
            4.36158,
            9.42909,
            4.522715,
            3.277456,
            -7.390775,
            -3.393232,
            6.031729,
            -1.667303,
            1.149767,
            0.481489,
            -0.208279,
            2.900367,
            -3.084599,
            -0.556245,
            -2.052217,
            2.031187
        ]
    },
    "image_size": [
        870,
        1918
    ],
    "process_time_in_milliseconds": 796
}
