{
    "props": {
        "face_rect": [
            186,
            618,
            510,
            510
        ],
        "kp_eye_left_inner": [
            375,
            756
        ],
        "kp_eye_left_outer": [
            278,
            760
        ],
        "kp_eye_right_inner": [
            504,
            747
        ],
        "kp_eye_right_outer": [
            597,
            751
        ],
        "kp_mouth_left": [
            543,
            981
        ],
        "kp_mouth_right": [
            344,
            981
        ],
        "kp_nose_tip": [
            446,
            809
        ],
        "kp_under_lip_bottom": [
            446,
            1003
        ],
        "kp_upper_lip_top": [
            446,
            933
        ],
        "features": [
            3.52222,
            4.952401,
            6.980633,
            -5.566663,
            3.887385,
            1.987787,
            -5.994278,
            0.764768,
            1.397088,
            5.297497,
            -8.05021,
            -7.211355,
            -4.740399,
            7.403844,
            6.387548,
            -10.153704,
            -5.194518,
            3.394032,
            6.369012,
            -0.249441,
            -2.808853,
            4.480839,
            -8.879694,
            -6.607095,
            7.29194,
            2.656502,
            -0.951959,
            -0.142415,
            7.455704,
            2.397577,
            -0.11771,
            1.331732,
            -2.643897,
            -1.637837,
            -3.020206,
            4.040601,
            2.917382,
            4.735003,
            -0.979572,
            4.010285,
            -1.993367,
            -4.976427,
            -7.820732,
            3.106883,
            5.652228,
            9.51228,
            5.300545,
            4.416857,
            -6.982872,
            -3.491089,
            5.396338,
            -1.389476,
            -0.165257,
            -0.087259,
            0.565057,
            2.861698,
            -3.035981,
            0.491251,
            -1.68482,
            2.741615
        ]
    },
    "image_size": [
        870,
        1918
    ],
    "process_time_in_milliseconds": 747
}
