{
    "props": {
        "face_rect": [
            227,
            593,
            444,
            444
        ],
        "kp_eye_left_inner": [
            385,
            714
        ],
        "kp_eye_left_outer": [
            298,
            724
        ],
        "kp_eye_right_inner": [
            507,
            709
        ],
        "kp_eye_right_outer": [
            594,
            719
        ],
        "kp_mouth_left": [
            550,
            913
        ],
        "kp_mouth_right": [
            356,
            913
        ],
        "kp_nose_tip": [
            453,
            743
        ],
        "kp_under_lip_bottom": [
            453,
            927
        ],
        "kp_upper_lip_top": [
            458,
            860
        ],
        "features": [
            1.254579,
            4.81797,
            7.185829,
            -6.980126,
            3.09995,
            -0.270532,
            -3.661865,
            0.729327,
            3.377682,
            5.332229,
            -8.979512,
            -6.188282,
            -2.242725,
            6.199195,
            5.84365,
            -10.839012,
            -6.314651,
            1.813072,
            6.657351,
            0.409974,
            -4.862559,
            4.03166,
            -9.207681,
            -8.732013,
            8.700504,
            2.700528,
            0.693455,
            -0.250809,
            7.645534,
            2.488898,
            0.411243,
            2.533157,
            -2.376545,
            -2.204247,
            -2.667064,
            3.050516,
            2.876453,
            4.319455,
            -2.164666,
            4.615657,
            -1.346131,
            -4.893765,
            -5.970622,
            1.302619,
            5.604255,
            8.73597,
            4.121693,
            1.974866,
            -7.527017,
            -4.200685,
            4.656627,
            -3.560879,
            0.372275,
            0.925277,
            -1.469296,
            2.255525,
            -1.265755,
            -0.670172,
            -2.018417,
            2.3984
        ]
    },
    "image_size": [
        870,
        1918
    ],
    "process_time_in_milliseconds": 795
}
