{
    "props": {
        "face_rect": [
            119,
            756,
            591,
            591
        ],
        "kp_eye_left_inner": [
            337,
            908
        ],
        "kp_eye_left_outer": [
            238,
            912
        ],
        "kp_eye_right_inner": [
            480,
            903
        ],
        "kp_eye_right_outer": [
            579,
            898
        ],
        "kp_mouth_left": [
            525,
            1145
        ],
        "kp_mouth_right": [
            327,
            1160
        ],
        "kp_nose_tip": [
            411,
            1021
        ],
        "kp_under_lip_bottom": [
            431,
            1189
        ],
        "kp_upper_lip_top": [
            421,
            1125
        ],
        "features": [
            5.265342,
            7.032036,
            -2.736279,
            4.756093,
            -0.027806,
            7.377839,
            0.486442,
            -0.015579,
            4.732241,
            -8.767716,
            0.17187,
            -3.102465,
            1.634343,
            -4.400483,
            8.37606,
            -4.027476,
            -1.612932,
            -0.903143,
            1.858919,
            1.011975,
            4.139852,
            3.184608,
            0.883922,
            6.739762,
            -4.364755,
            0.917985,
            -6.311602,
            -1.55637,
            6.321644,
            -8.171576,
            0.476769,
            -5.044179,
            -2.012795,
            4.682489,
            -2.019284,
            1.024416,
            0.48165,
            2.112261,
            0.345256,
            -1.881601,
            -0.947384,
            -2.604629,
            6.830822,
            -0.082641,
            5.406678,
            -6.565856,
            -3.932723,
            0.988648,
            5.757367,
            -0.074491,
            -0.644454,
            7.12831,
            -3.575124,
            3.344748,
            0.508901,
            -4.694658,
            -3.411362,
            3.97438,
            -1.360667,
            5.419337
        ]
    },
    "image_size": [
        870,
        1918
    ],
    "process_time_in_milliseconds": 795
}
