{
    "props": {
        "face_rect": [
            144,
            677,
            583,
            583
        ],
        "kp_eye_left_inner": [
            370,
            829
        ],
        "kp_eye_left_outer": [
            267,
            829
        ],
        "kp_eye_right_inner": [
            502,
            819
        ],
        "kp_eye_right_outer": [
            610,
            810
        ],
        "kp_mouth_left": [
            535,
            1073
        ],
        "kp_mouth_right": [
            337,
            1082
        ],
        "kp_nose_tip": [
            436,
            951
        ],
        "kp_under_lip_bottom": [
            441,
            1115
        ],
        "kp_upper_lip_top": [
            436,
            1050
        ],
        "features": [
            1.705528,
            3.466906,
            5.978028,
            -5.769891,
            4.30347,
            1.034982,
            -5.219485,
            2.088699,
            -1.146875,
            5.692245,
            -6.698198,
            -8.033661,
            -2.805058,
            7.230746,
            4.78089,
            -11.582875,
            -5.574337,
            3.923724,
            4.001172,
            1.128249,
            -1.451118,
            2.324258,
            -12.046831,
            -8.292578,
            5.897964,
            1.326646,
            -0.926751,
            -0.809972,
            7.6035,
            2.018404,
            0.644106,
            2.486045,
            -3.183641,
            -3.586925,
            -1.114966,
            2.57838,
            3.068013,
            3.121997,
            0.761511,
            3.169312,
            -3.349829,
            -7.142302,
            -8.18466,
            2.97602,
            5.818088,
            5.67766,
            4.203528,
            4.461826,
            -6.93824,
            -3.036968,
            5.693079,
            -0.575092,
            2.021673,
            -1.523371,
            -0.121469,
            3.987024,
            -4.447598,
            0.576537,
            -2.312249,
            1.720652
        ]
    },
    "image_size": [
        870,
        1918
    ],
    "process_time_in_milliseconds": 793
}
