{
    "props": {
        "face_rect": [
            145,
            574,
            435,
            435
        ],
        "kp_eye_left_inner": [
            316,
            685
        ],
        "kp_eye_left_outer": [
            241,
            671
        ],
        "kp_eye_right_inner": [
            413,
            688
        ],
        "kp_eye_right_outer": [
            488,
            688
        ],
        "kp_mouth_left": [
            416,
            870
        ],
        "kp_mouth_right": [
            296,
            867
        ],
        "kp_nose_tip": [
            358,
            805
        ],
        "kp_under_lip_bottom": [
            361,
            898
        ],
        "kp_upper_lip_top": [
            358,
            860
        ],
        "features": [
            -0.776026,
            6.430839,
            -2.489773,
            -3.055806,
            3.579462,
            -4.585347,
            1.017695,
            2.331438,
            7.846921,
            -7.131228,
            6.703571,
            -3.323896,
            6.804076,
            -5.59749,
            4.323844,
            -3.529613,
            0.048462,
            8.380737,
            -8.000428,
            6.023581,
            4.979973,
            -6.738328,
            8.444109,
            0.629647,
            -0.209918,
            1.417723,
            -8.204249,
            2.433815,
            0.24819,
            -4.518692,
            -1.116638,
            1.858026,
            -3.533031,
            1.279662,
            -2.627565,
            4.080244,
            -0.209354,
            0.310356,
            -0.890079,
            -5.583662,
            -3.050973,
            -2.703099,
            -1.816025,
            -1.902329,
            5.69245,
            -4.509356,
            -1.842244,
            -1.528717,
            1.240362,
            -0.186503,
            1.732281,
            11.992656,
            1.600487,
            4.974409,
            2.195092,
            -2.425175,
            -2.299904,
            0.928013,
            -2.343019,
            0.055601
        ]
    },
    "image_size": [
        720,
        1280
    ],
    "process_time_in_milliseconds": 1363
}
