{
    "props": {
        "face_rect": [
            105,
            751,
            584,
            584
        ],
        "kp_eye_left_inner": [
            334,
            895
        ],
        "kp_eye_left_outer": [
            224,
            905
        ],
        "kp_eye_right_inner": [
            469,
            890
        ],
        "kp_eye_right_outer": [
            579,
            885
        ],
        "kp_mouth_left": [
            509,
            1135
        ],
        "kp_mouth_right": [
            309,
            1145
        ],
        "kp_nose_tip": [
            379,
            1015
        ],
        "kp_under_lip_bottom": [
            409,
            1180
        ],
        "kp_upper_lip_top": [
            394,
            1120
        ],
        "features": [
            5.753629,
            7.337355,
            -2.277688,
            4.024406,
            0.248285,
            6.980382,
            1.627108,
            0.293344,
            4.029168,
            -7.765176,
            0.796661,
            -2.405312,
            2.234096,
            -4.203387,
            8.09102,
            -4.101314,
            1.280035,
            -0.969386,
            2.538212,
            2.328962,
            4.373961,
            2.67403,
            0.195555,
            5.846756,
            -4.974212,
            0.488708,
            -6.503416,
            -1.430658,
            6.04206,
            -7.82957,
            -0.196543,
            -4.675433,
            -0.899902,
            4.710253,
            -2.191319,
            0.562816,
            0.296525,
            2.595105,
            -0.049277,
            -2.237421,
            -1.415154,
            -2.030554,
            7.931606,
            -0.881276,
            4.291231,
            -6.874976,
            -5.674033,
            0.060779,
            6.988811,
            0.318687,
            -1.491561,
            6.723965,
            -3.394682,
            2.885855,
            1.782951,
            -4.685571,
            -2.624502,
            3.348753,
            -1.36422,
            4.637797
        ]
    },
    "image_size": [
        870,
        1918
    ],
    "process_time_in_milliseconds": 845
}
