{
    "props": {
        "face_rect": [
            153,
            759,
            576,
            576
        ],
        "kp_eye_left_inner": [
            375,
            900
        ],
        "kp_eye_left_outer": [
            266,
            895
        ],
        "kp_eye_right_inner": [
            509,
            900
        ],
        "kp_eye_right_outer": [
            618,
            895
        ],
        "kp_mouth_left": [
            548,
            1143
        ],
        "kp_mouth_right": [
            345,
            1143
        ],
        "kp_nose_tip": [
            440,
            1019
        ],
        "kp_under_lip_bottom": [
            449,
            1187
        ],
        "kp_upper_lip_top": [
            444,
            1123
        ],
        "features": [
            5.305975,
            6.410686,
            -2.861998,
            3.901633,
            -0.53299,
            7.743231,
            0.895462,
            -0.436829,
            4.867856,
            -7.622817,
            0.192984,
            -2.710916,
            1.452589,
            -4.694007,
            8.930959,
            -4.015415,
            -0.098124,
            -0.638675,
            2.970871,
            1.894197,
            4.214346,
            3.526047,
            1.736424,
            6.450392,
            -4.153203,
            0.491487,
            -6.062566,
            -1.504762,
            6.780651,
            -8.071715,
            0.970977,
            -5.699511,
            -1.88929,
            4.311231,
            -2.801258,
            0.367162,
            0.161303,
            2.988835,
            -0.284118,
            -1.5704,
            -1.862222,
            -2.242628,
            8.436442,
            0.348646,
            5.901042,
            -7.147157,
            -4.501268,
            0.694825,
            6.284781,
            0.570767,
            -0.896067,
            6.985268,
            -4.580716,
            3.134567,
            1.582466,
            -4.815427,
            -2.906364,
            3.68302,
            -1.238797,
            4.244792
        ]
    },
    "image_size": [
        870,
        1918
    ],
    "process_time_in_milliseconds": 794
}
