{
    "props": {
        "face_rect": [
            145,
            495,
            365,
            365
        ],
        "kp_eye_left_inner": [
            290,
            586
        ],
        "kp_eye_left_outer": [
            221,
            586
        ],
        "kp_eye_right_inner": [
            374,
            583
        ],
        "kp_eye_right_outer": [
            440,
            583
        ],
        "kp_mouth_left": [
            389,
            754
        ],
        "kp_mouth_right": [
            272,
            754
        ],
        "kp_nose_tip": [
            323,
            652
        ],
        "kp_under_lip_bottom": [
            330,
            773
        ],
        "kp_upper_lip_top": [
            327,
            725
        ],
        "features": [
            1.615454,
            8.717608,
            -0.533164,
            -2.060345,
            3.837925,
            -2.878757,
            0.463177,
            1.058655,
            8.048123,
            -7.592729,
            3.991945,
            -5.445517,
            7.02724,
            -2.832516,
            3.563242,
            -2.335752,
            -1.745379,
            7.867028,
            -5.839507,
            4.681879,
            5.742681,
            -5.814311,
            8.039016,
            0.486109,
            -1.219272,
            4.151201,
            -8.012847,
            2.800488,
            -1.581551,
            -4.148134,
            0.667552,
            3.247868,
            -0.398033,
            2.965803,
            -4.483697,
            4.168279,
            0.805572,
            -0.116335,
            -0.243508,
            -5.200854,
            0.980801,
            0.970556,
            -1.388961,
            -0.647222,
            9.00669,
            -2.038953,
            -2.19137,
            -1.004517,
            4.167008,
            -2.154769,
            4.070009,
            10.396323,
            3.270858,
            4.824059,
            -0.603443,
            -3.533305,
            -1.258224,
            -0.194573,
            1.116588,
            1.521834
        ]
    },
    "image_size": [
        720,
        1280
    ],
    "process_time_in_milliseconds": 1659
}
