{
    "props": {
        "face_rect": [
            116,
            804,
            595,
            595
        ],
        "kp_eye_left_inner": [
            344,
            958
        ],
        "kp_eye_left_outer": [
            245,
            958
        ],
        "kp_eye_right_inner": [
            485,
            953
        ],
        "kp_eye_right_outer": [
            588,
            944
        ],
        "kp_mouth_left": [
            527,
            1198
        ],
        "kp_mouth_right": [
            334,
            1212
        ],
        "kp_nose_tip": [
            419,
            1109
        ],
        "kp_under_lip_bottom": [
            433,
            1245
        ],
        "kp_upper_lip_top": [
            428,
            1193
        ],
        "features": [
            4.888876,
            6.672393,
            -1.022264,
            4.78893,
            0.704421,
            5.911322,
            0.612355,
            -1.013028,
            6.219595,
            -7.45541,
            -0.530669,
            -2.608857,
            3.725663,
            -5.604384,
            7.368625,
            -3.999618,
            -0.641031,
            -1.081638,
            3.118384,
            4.350252,
            4.58135,
            2.463053,
            0.730012,
            7.743541,
            -4.169877,
            -0.078896,
            -6.632751,
            -1.036844,
            6.057369,
            -7.778335,
            0.103308,
            -4.365908,
            -1.323349,
            5.116934,
            -1.349181,
            0.108444,
            0.621412,
            1.502469,
            0.267018,
            -0.594671,
            -0.597045,
            -4.826604,
            8.266714,
            -0.746067,
            6.562832,
            -8.40104,
            -5.028064,
            0.169458,
            4.759109,
            2.50294,
            -1.155749,
            8.358372,
            -4.518269,
            2.141023,
            2.154764,
            -4.083389,
            -5.955481,
            4.993571,
            -1.316236,
            2.604563
        ]
    },
    "image_size": [
        870,
        1918
    ],
    "process_time_in_milliseconds": 844
}
