{
    "props": {
        "face_rect": [
            84,
            624,
            552,
            552
        ],
        "kp_eye_left_inner": [
            310,
            769
        ],
        "kp_eye_left_outer": [
            229,
            779
        ],
        "kp_eye_right_inner": [
            434,
            760
        ],
        "kp_eye_right_outer": [
            544,
            745
        ],
        "kp_mouth_left": [
            463,
            1012
        ],
        "kp_mouth_right": [
            262,
            1017
        ],
        "kp_nose_tip": [
            329,
            850
        ],
        "kp_under_lip_bottom": [
            353,
            1046
        ],
        "kp_upper_lip_top": [
            348,
            974
        ],
        "features": [
            1.623954,
            4.851362,
            6.134825,
            -6.262994,
            3.946738,
            2.512167,
            -5.954298,
            1.510444,
            0.830643,
            6.110346,
            -8.70452,
            -7.293088,
            -5.340276,
            7.07731,
            5.388393,
            -10.76409,
            -6.241167,
            3.310463,
            5.069764,
            -1.456037,
            -2.014387,
            4.518763,
            -10.44377,
            -6.69756,
            7.963996,
            2.695881,
            -0.986428,
            0.045963,
            6.68673,
            0.635198,
            0.81429,
            2.401806,
            -2.394682,
            -2.673458,
            -2.285524,
            3.505571,
            3.55409,
            3.084186,
            -1.114855,
            2.938164,
            -2.888125,
            -4.122679,
            -7.946361,
            4.137615,
            3.768702,
            7.97956,
            4.582491,
            3.792146,
            -7.616856,
            -4.204212,
            5.497542,
            -2.809616,
            1.192957,
            -0.663221,
            -0.077203,
            2.285433,
            -4.283473,
            0.888488,
            -0.887203,
            1.145414
        ]
    },
    "image_size": [
        870,
        1918
    ],
    "process_time_in_milliseconds": 801
}
