{
    "props": {
        "face_rect": [
            129,
            789,
            575,
            575
        ],
        "kp_eye_left_inner": [
            346,
            928
        ],
        "kp_eye_left_outer": [
            251,
            943
        ],
        "kp_eye_right_inner": [
            476,
            923
        ],
        "kp_eye_right_outer": [
            576,
            928
        ],
        "kp_mouth_left": [
            531,
            1168
        ],
        "kp_mouth_right": [
            326,
            1178
        ],
        "kp_nose_tip": [
            411,
            1053
        ],
        "kp_under_lip_bottom": [
            431,
            1213
        ],
        "kp_upper_lip_top": [
            421,
            1153
        ],
        "features": [
            5.510024,
            6.787028,
            -1.595947,
            3.726864,
            0.72704,
            7.93026,
            2.05497,
            -0.196295,
            6.086468,
            -8.142386,
            -1.171964,
            -3.285351,
            0.453769,
            -3.470843,
            7.785259,
            -2.939008,
            -2.116864,
            -1.857962,
            2.412533,
            1.495638,
            3.28678,
            3.806547,
            -0.27136,
            6.840117,
            -3.088035,
            2.198157,
            -6.178957,
            -0.194875,
            6.744972,
            -8.346581,
            2.420687,
            -6.007313,
            -1.322697,
            3.292609,
            -1.368399,
            -0.669698,
            0.963322,
            2.977136,
            -0.958328,
            0.103194,
            -0.614843,
            -2.464799,
            6.423942,
            -0.096944,
            5.566009,
            -6.281386,
            -3.627269,
            -0.206109,
            4.72074,
            1.568683,
            -0.566325,
            6.251945,
            -2.290846,
            2.551896,
            -0.577368,
            -4.493841,
            -4.065162,
            3.106567,
            -1.561604,
            4.10648
        ]
    },
    "image_size": [
        870,
        1918
    ],
    "process_time_in_milliseconds": 770
}
