{
    "props": {
        "face_rect": [
            313,
            766,
            585,
            585
        ],
        "kp_eye_left_inner": [
            559,
            899
        ],
        "kp_eye_left_outer": [
            439,
            883
        ],
        "kp_eye_right_inner": [
            700,
            937
        ],
        "kp_eye_right_outer": [
            744,
            932
        ],
        "kp_mouth_left": [
            684,
            1149
        ],
        "kp_mouth_right": [
            510,
            1149
        ],
        "kp_nose_tip": [
            668,
            1024
        ],
        "kp_under_lip_bottom": [
            602,
            1204
        ],
        "kp_upper_lip_top": [
            619,
            1139
        ],
        "features": [
            7.416761,
            8.998323,
            -2.454117,
            2.823435,
            0.063351,
            8.183106,
            0.727615,
            -1.03379,
            4.680333,
            -6.636477,
            -1.640807,
            -0.28064,
            2.180413,
            -3.675159,
            6.908521,
            -0.360636,
            -1.203009,
            -2.019349,
            3.121008,
            2.357183,
            4.841144,
            -1.098374,
            -0.531698,
            7.415956,
            -3.613168,
            -1.131951,
            -3.945976,
            -1.553712,
            5.927383,
            -6.416068,
            1.063366,
            -4.450473,
            -1.403325,
            3.750332,
            -1.181357,
            0.929732,
            -0.006841,
            2.332547,
            0.607651,
            0.13291,
            2.252788,
            -3.032625,
            6.525035,
            -0.145077,
            3.766592,
            -4.024302,
            -3.803019,
            0.036784,
            4.525547,
            0.476297,
            -0.146634,
            6.93786,
            -3.762441,
            2.158452,
            -1.47764,
            -4.431033,
            -4.02386,
            2.866296,
            -3.11146,
            6.553047
        ]
    },
    "image_size": [
        870,
        1918
    ],
    "process_time_in_milliseconds": 790
}
