{
    "props": {
        "face_rect": [
            125,
            735,
            571,
            571
        ],
        "kp_eye_left_inner": [
            337,
            879
        ],
        "kp_eye_left_outer": [
            237,
            890
        ],
        "kp_eye_right_inner": [
            474,
            879
        ],
        "kp_eye_right_outer": [
            579,
            879
        ],
        "kp_mouth_left": [
            526,
            1121
        ],
        "kp_mouth_right": [
            321,
            1131
        ],
        "kp_nose_tip": [
            405,
            974
        ],
        "kp_under_lip_bottom": [
            426,
            1158
        ],
        "kp_upper_lip_top": [
            416,
            1095
        ],
        "features": [
            4.991752,
            6.265348,
            -3.85185,
            5.10806,
            0.18755,
            7.387829,
            1.048008,
            1.158621,
            3.514615,
            -8.477362,
            -0.623446,
            -3.256458,
            1.233891,
            -4.389929,
            8.074836,
            -4.130107,
            -0.903218,
            -0.598682,
            0.360341,
            -0.143531,
            4.240025,
            2.776619,
            0.98934,
            5.666279,
            -4.355583,
            1.045376,
            -5.459437,
            -1.938037,
            5.955324,
            -8.139939,
            0.848785,
            -4.411222,
            -1.597177,
            3.723278,
            -2.505032,
            0.554547,
            -0.362188,
            2.093787,
            0.575227,
            -1.964805,
            -0.936938,
            -2.067665,
            6.337007,
            0.457952,
            4.517122,
            -6.311711,
            -4.554971,
            0.789773,
            5.946709,
            -0.438712,
            -1.247403,
            6.421453,
            -2.784595,
            2.805881,
            0.52142,
            -4.157485,
            -2.363495,
            3.340207,
            -1.989068,
            6.069771
        ]
    },
    "image_size": [
        870,
        1918
    ],
    "process_time_in_milliseconds": 786
}
