{
    "props": {
        "face_rect": [
            109,
            779,
            610,
            610
        ],
        "kp_eye_left_inner": [
            347,
            956
        ],
        "kp_eye_left_outer": [
            237,
            946
        ],
        "kp_eye_right_inner": [
            485,
            941
        ],
        "kp_eye_right_outer": [
            585,
            922
        ],
        "kp_mouth_left": [
            533,
            1199
        ],
        "kp_mouth_right": [
            323,
            1213
        ],
        "kp_nose_tip": [
            423,
            1122
        ],
        "kp_under_lip_bottom": [
            433,
            1284
        ],
        "kp_upper_lip_top": [
            428,
            1203
        ],
        "features": [
            -1.030564,
            2.989021,
            6.212388,
            -3.746749,
            5.143602,
            2.352335,
            -2.146843,
            4.019954,
            -0.24439,
            2.630566,
            -8.59851,
            -5.732159,
            -2.064729,
            3.163509,
            3.413946,
            -10.264021,
            -6.755922,
            2.856655,
            -0.268022,
            0.386721,
            1.362879,
            0.511255,
            -9.603178,
            -6.561944,
            3.137658,
            -0.053467,
            0.860533,
            -1.551286,
            4.947026,
            2.57526,
            -0.526377,
            3.374135,
            -3.221769,
            -0.664345,
            1.26898,
            1.799789,
            2.25233,
            0.611565,
            5.079719,
            5.020395,
            -0.515751,
            -11.685289,
            -6.910026,
            3.032466,
            6.275325,
            4.225286,
            1.08484,
            3.765211,
            -5.370496,
            -6.786939,
            3.935674,
            -1.44273,
            2.818335,
            0.907453,
            -1.67223,
            6.404042,
            -6.784957,
            2.432309,
            -1.212608,
            -0.097672
        ]
    },
    "image_size": [
        870,
        1918
    ],
    "process_time_in_milliseconds": 768
}
