{
    "props": {
        "face_rect": [
            282,
            768,
            548,
            548
        ],
        "kp_eye_left_inner": [
            493,
            892
        ],
        "kp_eye_left_outer": [
            374,
            882
        ],
        "kp_eye_right_inner": [
            627,
            911
        ],
        "kp_eye_right_outer": [
            699,
            911
        ],
        "kp_mouth_left": [
            647,
            1141
        ],
        "kp_mouth_right": [
            450,
            1141
        ],
        "kp_nose_tip": [
            589,
            1011
        ],
        "kp_under_lip_bottom": [
            565,
            1179
        ],
        "kp_upper_lip_top": [
            570,
            1121
        ],
        "features": [
            6.254515,
            7.668743,
            -2.185966,
            5.620275,
            -1.142261,
            8.174809,
            1.321759,
            0.848942,
            5.976596,
            -7.746562,
            -0.643223,
            -1.808247,
            0.950731,
            -4.781275,
            6.615386,
            -2.022314,
            0.151002,
            -2.274531,
            1.974112,
            0.878324,
            2.8376,
            1.063185,
            -0.086252,
            6.857913,
            -5.033614,
            -1.131706,
            -6.190332,
            -0.176067,
            6.366289,
            -8.811505,
            0.4168,
            -4.124001,
            -1.249328,
            3.184635,
            -1.824508,
            0.103731,
            0.549844,
            3.206224,
            -0.629532,
            -0.837261,
            0.938477,
            -3.251689,
            7.025697,
            -0.000557,
            4.291358,
            -6.604952,
            -3.922322,
            -1.333703,
            5.056228,
            0.830627,
            -1.131927,
            4.993814,
            -4.574969,
            2.329115,
            0.335726,
            -4.984075,
            -2.031456,
            2.924482,
            -3.15216,
            4.583353
        ]
    },
    "image_size": [
        870,
        1918
    ],
    "process_time_in_milliseconds": 766
}
