{
    "props": {
        "face_rect": [
            8,
            755,
            562,
            562
        ],
        "kp_eye_left_inner": [
            228,
            900
        ],
        "kp_eye_left_outer": [
            159,
            904
        ],
        "kp_eye_right_inner": [
            361,
            890
        ],
        "kp_eye_right_outer": [
            479,
            885
        ],
        "kp_mouth_left": [
            405,
            1141
        ],
        "kp_mouth_right": [
            213,
            1136
        ],
        "kp_nose_tip": [
            258,
            998
        ],
        "kp_under_lip_bottom": [
            292,
            1175
        ],
        "kp_upper_lip_top": [
            277,
            1116
        ],
        "features": [
            8.554453,
            10.236392,
            -1.214707,
            4.792355,
            2.59318,
            5.503266,
            0.974184,
            0.633968,
            1.561386,
            -4.432783,
            -4.441621,
            -1.44883,
            3.540248,
            0.282407,
            4.724819,
            -2.960304,
            0.527152,
            0.158599,
            4.45448,
            1.850818,
            4.405065,
            0.352809,
            -0.616155,
            5.66118,
            -4.821085,
            -0.192761,
            -4.008015,
            -1.364284,
            3.959501,
            -6.089147,
            -2.03212,
            -0.28001,
            1.480274,
            4.863722,
            -1.53103,
            -0.529097,
            -0.184086,
            0.347036,
            0.153778,
            -0.346556,
            4.885405,
            -2.714483,
            6.539328,
            -1.345635,
            3.680131,
            -3.608961,
            -5.708877,
            -1.247603,
            3.573109,
            0.858537,
            0.101631,
            5.813538,
            -3.034365,
            3.464902,
            0.844588,
            -5.653455,
            -3.140489,
            3.385594,
            -3.141048,
            5.985371
        ]
    },
    "image_size": [
        870,
        1918
    ],
    "process_time_in_milliseconds": 915
}
