{
    "props": {
        "face_rect": [
            136,
            914,
            530,
            530
        ],
        "kp_eye_left_inner": [
            354,
            1061
        ],
        "kp_eye_left_outer": [
            249,
            1044
        ],
        "kp_eye_right_inner": [
            493,
            1061
        ],
        "kp_eye_right_outer": [
            594,
            1049
        ],
        "kp_mouth_left": [
            527,
            1284
        ],
        "kp_mouth_right": [
            341,
            1293
        ],
        "kp_nose_tip": [
            421,
            1242
        ],
        "kp_under_lip_bottom": [
            438,
            1327
        ],
        "kp_upper_lip_top": [
            430,
            1297
        ],
        "features": [
            3.847694,
            4.367212,
            -1.048575,
            5.708678,
            -1.452112,
            4.019652,
            -4.823124,
            2.923066,
            4.778118,
            -5.346951,
            -3.168876,
            -2.276815,
            1.441004,
            -6.680551,
            8.331884,
            -2.705741,
            -2.815752,
            -3.206638,
            1.777784,
            -1.271622,
            5.400981,
            -1.887205,
            1.007571,
            6.703974,
            -2.160216,
            -1.698311,
            -3.33171,
            -2.927232,
            5.313215,
            -6.232906,
            2.950801,
            -2.419507,
            -3.970483,
            4.719189,
            -4.47087,
            2.066658,
            -1.300497,
            2.979975,
            4.348036,
            2.868713,
            0.445375,
            -6.557503,
            7.487936,
            1.978906,
            7.932524,
            -7.795714,
            -4.374802,
            0.509468,
            2.944294,
            4.039145,
            1.445549,
            5.592855,
            -5.749737,
            0.872923,
            -2.141527,
            -3.83286,
            -1.745968,
            1.555045,
            -1.979387,
            4.136096
        ]
    },
    "image_size": [
        870,
        1918
    ],
    "process_time_in_milliseconds": 757
}
