{
    "props": {
        "face_rect": [
            119,
            792,
            601,
            601
        ],
        "kp_eye_left_inner": [
            349,
            969
        ],
        "kp_eye_left_outer": [
            245,
            960
        ],
        "kp_eye_right_inner": [
            485,
            960
        ],
        "kp_eye_right_outer": [
            589,
            936
        ],
        "kp_mouth_left": [
            546,
            1213
        ],
        "kp_mouth_right": [
            325,
            1223
        ],
        "kp_nose_tip": [
            424,
            1138
        ],
        "kp_under_lip_bottom": [
            443,
            1303
        ],
        "kp_upper_lip_top": [
            434,
            1218
        ],
        "features": [
            -1.031124,
            2.536469,
            5.946167,
            -4.119991,
            4.949821,
            3.086823,
            -2.062844,
            3.572127,
            0.134476,
            2.690147,
            -8.720448,
            -6.007389,
            -2.441415,
            2.09383,
            3.746543,
            -9.790105,
            -6.878293,
            2.235051,
            -0.320728,
            0.049435,
            1.29751,
            0.45382,
            -8.746978,
            -5.595937,
            3.468446,
            -0.756611,
            0.778694,
            -0.918672,
            4.483623,
            2.025452,
            -0.078732,
            3.292049,
            -3.422709,
            -0.673857,
            0.710459,
            2.259949,
            2.229881,
            0.839095,
            5.246315,
            4.931573,
            -1.110763,
            -11.888878,
            -6.002133,
            3.457117,
            5.760869,
            4.320475,
            1.104268,
            3.412007,
            -5.015109,
            -7.040296,
            3.918452,
            -1.293658,
            2.301064,
            1.298692,
            -1.295707,
            6.431764,
            -6.499244,
            2.057138,
            -1.356459,
            -0.255083
        ]
    },
    "image_size": [
        870,
        1918
    ],
    "process_time_in_milliseconds": 759
}
