{
    "props": {
        "face_rect": [
            166,
            762,
            570,
            570
        ],
        "kp_eye_left_inner": [
            382,
            896
        ],
        "kp_eye_left_outer": [
            279,
            901
        ],
        "kp_eye_right_inner": [
            519,
            901
        ],
        "kp_eye_right_outer": [
            622,
            901
        ],
        "kp_mouth_left": [
            558,
            1137
        ],
        "kp_mouth_right": [
            357,
            1142
        ],
        "kp_nose_tip": [
            455,
            1019
        ],
        "kp_under_lip_bottom": [
            460,
            1186
        ],
        "kp_upper_lip_top": [
            455,
            1122
        ],
        "features": [
            5.461395,
            6.570924,
            -2.538188,
            4.417381,
            0.222611,
            7.040359,
            0.903048,
            0.253122,
            5.158682,
            -7.195768,
            -0.820071,
            -2.273674,
            0.837485,
            -4.27019,
            8.210881,
            -4.515927,
            -0.869943,
            -0.593463,
            2.509442,
            1.195037,
            4.331301,
            3.244148,
            1.325585,
            6.90335,
            -3.798033,
            1.691383,
            -5.452188,
            -1.319371,
            6.5394,
            -8.640506,
            1.069185,
            -5.161483,
            -2.028261,
            4.385568,
            -2.064892,
            0.581368,
            0.446443,
            3.100136,
            -0.22116,
            -0.716494,
            -1.496577,
            -2.906318,
            7.345561,
            -0.468686,
            5.661355,
            -7.92938,
            -3.730326,
            -0.366335,
            5.651828,
            0.908667,
            -0.431637,
            5.957501,
            -3.658794,
            3.662482,
            0.560708,
            -4.668297,
            -2.576735,
            4.490633,
            -2.125006,
            4.662307
        ]
    },
    "image_size": [
        870,
        1918
    ],
    "process_time_in_milliseconds": 784
}
