{
    "props": {
        "face_rect": [
            145,
            631,
            541,
            541
        ],
        "kp_eye_left_inner": [
            358,
            766
        ],
        "kp_eye_left_outer": [
            254,
            770
        ],
        "kp_eye_right_inner": [
            485,
            761
        ],
        "kp_eye_right_outer": [
            585,
            757
        ],
        "kp_mouth_left": [
            517,
            1006
        ],
        "kp_mouth_right": [
            317,
            1015
        ],
        "kp_nose_tip": [
            413,
            857
        ],
        "kp_under_lip_bottom": [
            413,
            1043
        ],
        "kp_upper_lip_top": [
            417,
            970
        ],
        "features": [
            1.978681,
            4.488893,
            6.302518,
            -6.114039,
            4.83798,
            1.821365,
            -5.192656,
            2.165065,
            -0.337553,
            5.991479,
            -8.462805,
            -8.845613,
            -4.045478,
            7.313152,
            5.196389,
            -11.685072,
            -6.008219,
            4.584218,
            4.314476,
            -0.964257,
            -2.214867,
            2.979389,
            -9.867311,
            -6.949499,
            6.832817,
            3.221606,
            -1.650803,
            0.021936,
            6.659416,
            1.221133,
            -0.591816,
            3.909753,
            -2.027699,
            -3.377518,
            -1.984779,
            3.464466,
            3.212155,
            4.020823,
            -1.00061,
            3.152439,
            -2.648545,
            -6.527904,
            -8.53079,
            2.720268,
            5.052918,
            8.006434,
            4.620011,
            4.448658,
            -7.563813,
            -3.682375,
            5.2312,
            -1.468664,
            1.567801,
            0.094922,
            0.636833,
            2.530356,
            -4.394856,
            1.301625,
            -2.389076,
            2.526453
        ]
    },
    "image_size": [
        870,
        1918
    ],
    "process_time_in_milliseconds": 765
}
