{
    "props": {
        "face_rect": [
            313,
            773,
            563,
            563
        ],
        "kp_eye_left_inner": [
            540,
            900
        ],
        "kp_eye_left_outer": [
            420,
            884
        ],
        "kp_eye_right_inner": [
            659,
            926
        ],
        "kp_eye_right_outer": [
            732,
            926
        ],
        "kp_mouth_left": [
            669,
            1154
        ],
        "kp_mouth_right": [
            493,
            1149
        ],
        "kp_nose_tip": [
            638,
            1024
        ],
        "kp_under_lip_bottom": [
            592,
            1201
        ],
        "kp_upper_lip_top": [
            607,
            1134
        ],
        "features": [
            7.550175,
            7.540741,
            -2.275173,
            4.308321,
            -0.572919,
            8.943765,
            2.519654,
            -1.252154,
            5.458548,
            -6.765571,
            -0.666857,
            -1.605872,
            1.673621,
            -4.185008,
            5.801347,
            -1.117477,
            -0.682475,
            -2.140334,
            2.195651,
            3.373753,
            3.078377,
            0.445517,
            -1.272582,
            6.843017,
            -4.8634,
            -1.110448,
            -5.011705,
            0.065794,
            5.921756,
            -8.344788,
            1.320592,
            -4.467734,
            -0.823355,
            3.123519,
            -1.031055,
            -0.049628,
            0.581696,
            2.861212,
            -0.56977,
            -0.911655,
            1.154039,
            -2.483294,
            6.014199,
            -0.026354,
            3.245858,
            -5.705698,
            -3.112041,
            -1.760371,
            5.206987,
            -0.507403,
            -0.163983,
            5.226377,
            -3.623038,
            1.747603,
            -0.150608,
            -3.662646,
            -3.042849,
            3.127246,
            -3.313429,
            5.265777
        ]
    },
    "image_size": [
        870,
        1918
    ],
    "process_time_in_milliseconds": 730
}
