{
    "props": {
        "face_rect": [
            52,
            756,
            570,
            570
        ],
        "kp_eye_left_inner": [
            275,
            899
        ],
        "kp_eye_left_outer": [
            189,
            904
        ],
        "kp_eye_right_inner": [
            413,
            889
        ],
        "kp_eye_right_outer": [
            525,
            883
        ],
        "kp_mouth_left": [
            464,
            1143
        ],
        "kp_mouth_right": [
            260,
            1148
        ],
        "kp_nose_tip": [
            311,
            1011
        ],
        "kp_under_lip_bottom": [
            341,
            1178
        ],
        "kp_upper_lip_top": [
            331,
            1122
        ],
        "features": [
            7.155743,
            8.143007,
            -1.882632,
            4.625802,
            0.316729,
            8.051813,
            2.510823,
            0.053742,
            3.141721,
            -7.58831,
            -1.322892,
            -3.19777,
            1.400662,
            -2.985862,
            7.15065,
            -2.768112,
            1.09705,
            -0.379912,
            3.441174,
            2.526121,
            2.875494,
            3.096907,
            -0.674805,
            6.412703,
            -5.120447,
            -0.511262,
            -6.590882,
            -0.559676,
            6.075827,
            -8.309004,
            -0.2164,
            -3.628139,
            0.801026,
            4.835779,
            -2.737147,
            -0.551624,
            0.914428,
            3.530326,
            -1.22178,
            -2.473418,
            1.56786,
            -1.418184,
            7.216791,
            -0.470717,
            3.702622,
            -5.035387,
            -5.227272,
            0.873018,
            6.260923,
            -0.133271,
            -1.170047,
            6.465087,
            -3.270634,
            3.227712,
            2.179332,
            -5.200479,
            -2.525961,
            2.743344,
            -2.283842,
            4.91903
        ]
    },
    "image_size": [
        870,
        1918
    ],
    "process_time_in_milliseconds": 767
}
