{
    "props": {
        "face_rect": [
            153,
            757,
            585,
            585
        ],
        "kp_eye_left_inner": [
            374,
            906
        ],
        "kp_eye_left_outer": [
            269,
            906
        ],
        "kp_eye_right_inner": [
            509,
            901
        ],
        "kp_eye_right_outer": [
            609,
            897
        ],
        "kp_mouth_left": [
            557,
            1141
        ],
        "kp_mouth_right": [
            360,
            1151
        ],
        "kp_nose_tip": [
            446,
            1026
        ],
        "kp_under_lip_bottom": [
            461,
            1184
        ],
        "kp_upper_lip_top": [
            451,
            1127
        ],
        "features": [
            5.523784,
            6.426572,
            -2.234393,
            4.419997,
            -1.184662,
            7.415552,
            0.699342,
            -0.819918,
            4.809247,
            -7.305652,
            0.494506,
            -2.403886,
            1.747407,
            -4.705348,
            8.069386,
            -3.158063,
            -0.32483,
            -0.611422,
            3.864182,
            2.299075,
            4.223068,
            2.584023,
            1.18015,
            6.670732,
            -4.559571,
            0.369959,
            -6.025041,
            -2.108027,
            6.647863,
            -7.52002,
            0.670758,
            -5.846626,
            -1.990381,
            4.265254,
            -2.286204,
            0.81016,
            0.373666,
            2.944198,
            -0.134902,
            -1.089242,
            -1.194402,
            -2.737288,
            7.963978,
            -0.162415,
            6.187535,
            -7.058434,
            -4.046584,
            0.772808,
            5.918832,
            1.220195,
            -0.847468,
            6.648257,
            -4.77793,
            2.938742,
            1.385296,
            -5.194918,
            -2.935476,
            4.31815,
            -1.43532,
            4.23364
        ]
    },
    "image_size": [
        870,
        1918
    ],
    "process_time_in_milliseconds": 1945
}
