{
    "props": {
        "face_rect": [
            117,
            781,
            601,
            601
        ],
        "kp_eye_left_inner": [
            348,
            935
        ],
        "kp_eye_left_outer": [
            236,
            930
        ],
        "kp_eye_right_inner": [
            485,
            930
        ],
        "kp_eye_right_outer": [
            587,
            919
        ],
        "kp_mouth_left": [
            526,
            1174
        ],
        "kp_mouth_right": [
            333,
            1184
        ],
        "kp_nose_tip": [
            419,
            1062
        ],
        "kp_under_lip_bottom": [
            429,
            1219
        ],
        "kp_upper_lip_top": [
            424,
            1163
        ],
        "features": [
            5.108987,
            7.375025,
            -0.822062,
            4.91032,
            0.132571,
            7.47864,
            0.891645,
            0.49099,
            5.51742,
            -7.484126,
            0.748639,
            -1.959875,
            2.003879,
            -4.735063,
            8.896164,
            -4.593147,
            0.947695,
            -0.889636,
            2.992739,
            2.233776,
            3.980716,
            3.162563,
            0.111042,
            5.935187,
            -5.492551,
            0.122714,
            -6.187876,
            -0.628842,
            6.706763,
            -8.511711,
            0.423505,
            -4.177881,
            -1.250875,
            4.860581,
            -3.176094,
            -0.318712,
            0.110777,
            3.928017,
            -0.14643,
            -1.286707,
            -1.002873,
            -3.083815,
            7.966982,
            -1.079181,
            5.295872,
            -7.955232,
            -4.598994,
            -0.840838,
            6.292519,
            0.692979,
            -0.595359,
            6.376796,
            -4.763982,
            2.748137,
            1.642841,
            -4.346285,
            -2.787027,
            4.330455,
            -1.139892,
            3.230895
        ]
    },
    "image_size": [
        870,
        1918
    ],
    "process_time_in_milliseconds": 783
}
