{
    "props": {
        "face_rect": [
            175,
            627,
            549,
            549
        ],
        "kp_eye_left_inner": [
            384,
            761
        ],
        "kp_eye_left_outer": [
            290,
            766
        ],
        "kp_eye_right_inner": [
            520,
            761
        ],
        "kp_eye_right_outer": [
            618,
            756
        ],
        "kp_mouth_left": [
            548,
            1014
        ],
        "kp_mouth_right": [
            342,
            1018
        ],
        "kp_nose_tip": [
            449,
            854
        ],
        "kp_under_lip_bottom": [
            449,
            1046
        ],
        "kp_upper_lip_top": [
            454,
            976
        ],
        "features": [
            3.019825,
            4.511782,
            6.481676,
            -5.643412,
            5.293315,
            1.199859,
            -4.448357,
            1.532101,
            0.766315,
            5.17203,
            -8.450193,
            -8.307664,
            -5.036043,
            7.346067,
            5.39943,
            -11.465725,
            -5.576661,
            4.040378,
            4.444741,
            0.355336,
            -2.489411,
            3.42748,
            -10.338021,
            -6.038832,
            8.098248,
            2.636872,
            -1.435503,
            0.565529,
            6.600523,
            1.31733,
            -0.362178,
            3.235111,
            -1.268217,
            -2.650586,
            -2.282003,
            4.26698,
            3.477853,
            4.767502,
            -1.448033,
            3.043495,
            -2.368206,
            -5.824381,
            -8.912995,
            2.850377,
            4.429038,
            8.792208,
            4.568105,
            4.670599,
            -7.376697,
            -2.991881,
            4.924126,
            -0.611034,
            2.134448,
            0.501016,
            1.788475,
            2.977066,
            -4.390115,
            0.346234,
            -2.440206,
            2.105775
        ]
    },
    "image_size": [
        870,
        1918
    ],
    "process_time_in_milliseconds": 893
}
