{
    "props": {
        "face_rect": [
            24,
            749,
            576,
            576
        ],
        "kp_eye_left_inner": [
            254,
            895
        ],
        "kp_eye_left_outer": [
            175,
            905
        ],
        "kp_eye_right_inner": [
            383,
            890
        ],
        "kp_eye_right_outer": [
            503,
            880
        ],
        "kp_mouth_left": [
            428,
            1139
        ],
        "kp_mouth_right": [
            234,
            1144
        ],
        "kp_nose_tip": [
            279,
            1000
        ],
        "kp_under_lip_bottom": [
            309,
            1179
        ],
        "kp_upper_lip_top": [
            294,
            1119
        ],
        "features": [
            7.531969,
            9.589194,
            -1.658585,
            4.801349,
            1.417843,
            6.733899,
            1.220711,
            1.180226,
            2.541339,
            -6.431645,
            -3.581825,
            -1.977282,
            2.093004,
            -1.537368,
            7.067253,
            -3.027235,
            1.282423,
            0.236148,
            4.171777,
            1.097373,
            3.673218,
            2.048907,
            -0.50521,
            7.202364,
            -4.880486,
            -0.161496,
            -5.628062,
            -1.292492,
            5.759375,
            -7.815948,
            -1.941171,
            -2.093764,
            0.834707,
            5.152675,
            -2.128834,
            -0.016521,
            0.371203,
            2.797986,
            -0.438288,
            -1.348809,
            3.291905,
            -2.702929,
            7.01983,
            -1.614407,
            3.147561,
            -4.891881,
            -5.21523,
            -0.040841,
            4.69521,
            0.653263,
            -1.301003,
            6.210268,
            -3.207726,
            3.755496,
            1.864623,
            -5.529639,
            -2.199225,
            3.893996,
            -3.546378,
            5.665394
        ]
    },
    "image_size": [
        870,
        1918
    ],
    "process_time_in_milliseconds": 811
}
