{
    "props": {
        "face_rect": [
            166,
            658,
            515,
            515
        ],
        "kp_eye_left_inner": [
            354,
            802
        ],
        "kp_eye_left_outer": [
            247,
            807
        ],
        "kp_eye_right_inner": [
            489,
            797
        ],
        "kp_eye_right_outer": [
            586,
            802
        ],
        "kp_mouth_left": [
            532,
            1017
        ],
        "kp_mouth_right": [
            333,
            1028
        ],
        "kp_nose_tip": [
            424,
            829
        ],
        "kp_under_lip_bottom": [
            435,
            1044
        ],
        "kp_upper_lip_top": [
            430,
            974
        ],
        "features": [
            1.817586,
            5.868726,
            -3.604376,
            5.438743,
            -2.70188,
            6.744769,
            1.320266,
            0.066513,
            1.351414,
            -8.281293,
            -0.351726,
            -2.020067,
            1.96925,
            -2.412231,
            1.24841,
            0.231892,
            -2.502629,
            0.02522,
            -1.410525,
            -2.0919,
            2.927792,
            3.612613,
            -2.383398,
            2.937042,
            -3.917708,
            2.445409,
            -2.542228,
            -0.869649,
            3.885876,
            -6.596815,
            1.199074,
            -3.653577,
            3.465654,
            0.545071,
            -0.237022,
            0.061243,
            -0.32523,
            0.969665,
            1.468183,
            -0.332447,
            2.16574,
            1.14783,
            3.107994,
            -1.1567,
            4.406565,
            -3.055962,
            -3.369931,
            2.463307,
            8.291721,
            0.273745,
            -3.880512,
            5.205546,
            1.207282,
            2.352104,
            -1.375226,
            -3.782488,
            -1.299818,
            1.257844,
            1.521086,
            4.11048
        ]
    },
    "image_size": [
        870,
        1918
    ],
    "process_time_in_milliseconds": 782
}
