{
    "props": {
        "face_rect": [
            112,
            624,
            551,
            551
        ],
        "kp_eye_left_inner": [
            332,
            767
        ],
        "kp_eye_left_outer": [
            244,
            777
        ],
        "kp_eye_right_inner": [
            459,
            757
        ],
        "kp_eye_right_outer": [
            572,
            747
        ],
        "kp_mouth_left": [
            489,
            1011
        ],
        "kp_mouth_right": [
            288,
            1016
        ],
        "kp_nose_tip": [
            366,
            850
        ],
        "kp_under_lip_bottom": [
            381,
            1046
        ],
        "kp_upper_lip_top": [
            381,
            967
        ],
        "features": [
            2.019865,
            5.183963,
            7.138745,
            -6.090938,
            4.437586,
            1.963161,
            -6.498043,
            1.883664,
            1.00235,
            5.595409,
            -8.037116,
            -7.071609,
            -5.040221,
            7.587632,
            5.187139,
            -10.923432,
            -6.371596,
            3.027431,
            4.633832,
            -1.623286,
            -2.017642,
            4.279546,
            -10.414911,
            -6.729117,
            7.773986,
            3.612648,
            -1.272035,
            0.303235,
            6.718181,
            1.235591,
            0.087542,
            2.529778,
            -2.046536,
            -2.57641,
            -2.040295,
            3.543208,
            3.497946,
            3.562604,
            -0.687504,
            3.78716,
            -2.808043,
            -4.938679,
            -8.586136,
            3.587472,
            4.580624,
            8.466036,
            4.943196,
            3.919393,
            -7.326526,
            -3.63518,
            5.349187,
            -2.140946,
            1.418321,
            -0.385166,
            -0.474829,
            2.346772,
            -4.249023,
            0.55519,
            -0.918679,
            1.424374
        ]
    },
    "image_size": [
        870,
        1918
    ],
    "process_time_in_milliseconds": 743
}
