{
    "props": {
        "face_rect": [
            140,
            714,
            550,
            550
        ],
        "kp_eye_left_inner": [
            345,
            855
        ],
        "kp_eye_left_outer": [
            244,
            861
        ],
        "kp_eye_right_inner": [
            482,
            855
        ],
        "kp_eye_right_outer": [
            583,
            850
        ],
        "kp_mouth_left": [
            527,
            1093
        ],
        "kp_mouth_right": [
            320,
            1098
        ],
        "kp_nose_tip": [
            416,
            936
        ],
        "kp_under_lip_bottom": [
            426,
            1123
        ],
        "kp_upper_lip_top": [
            416,
            1058
        ],
        "features": [
            4.998328,
            7.212367,
            -4.08643,
            4.357721,
            0.307514,
            8.460593,
            0.616631,
            -0.398971,
            3.190847,
            -8.616097,
            -0.800828,
            -3.234032,
            0.768834,
            -4.059698,
            8.181726,
            -3.114565,
            -0.244932,
            -0.516637,
            1.071285,
            0.010705,
            4.147839,
            3.515149,
            1.010946,
            4.961887,
            -3.993983,
            0.868767,
            -5.223919,
            -1.628695,
            6.799352,
            -7.78507,
            1.089558,
            -4.419003,
            -0.01211,
            3.08631,
            -3.650549,
            -0.21722,
            -0.313763,
            2.56817,
            0.378234,
            -2.953329,
            -0.192137,
            -0.395973,
            6.128458,
            1.998458,
            4.310137,
            -4.262475,
            -5.040308,
            1.53643,
            6.501907,
            -1.169003,
            -1.640175,
            6.579142,
            -2.618813,
            2.81004,
            0.931386,
            -3.906424,
            -1.945346,
            1.960314,
            -0.783265,
            5.011689
        ]
    },
    "image_size": [
        870,
        1918
    ],
    "process_time_in_milliseconds": 768
}
