{
    "props": {
        "face_rect": [
            132,
            725,
            562,
            562
        ],
        "kp_eye_left_inner": [
            341,
            870
        ],
        "kp_eye_left_outer": [
            239,
            880
        ],
        "kp_eye_right_inner": [
            474,
            865
        ],
        "kp_eye_right_outer": [
            582,
            870
        ],
        "kp_mouth_left": [
            520,
            1106
        ],
        "kp_mouth_right": [
            321,
            1121
        ],
        "kp_nose_tip": [
            408,
            957
        ],
        "kp_under_lip_bottom": [
            428,
            1142
        ],
        "kp_upper_lip_top": [
            418,
            1075
        ],
        "features": [
            4.833,
            6.690235,
            -3.683825,
            4.764845,
            0.663092,
            7.101315,
            0.649468,
            1.556933,
            3.232096,
            -8.962616,
            -0.791212,
            -2.543768,
            1.58981,
            -3.903123,
            8.299644,
            -4.360026,
            -1.684663,
            -0.641309,
            -0.079483,
            -0.493666,
            4.773509,
            2.281368,
            -0.114609,
            5.388072,
            -4.370726,
            1.034407,
            -4.897632,
            -2.628737,
            6.125273,
            -7.530385,
            1.085907,
            -4.715558,
            -2.142378,
            3.588176,
            -2.062402,
            0.42169,
            0.041773,
            1.759008,
            1.414039,
            -1.445139,
            -0.528454,
            -2.55373,
            5.7342,
            0.17185,
            4.511037,
            -6.417578,
            -4.191371,
            1.146808,
            5.933715,
            -0.809736,
            -0.894246,
            6.661411,
            -1.928293,
            2.476448,
            -0.716642,
            -3.585939,
            -2.544424,
            3.585666,
            -2.444351,
            6.663495
        ]
    },
    "image_size": [
        870,
        1918
    ],
    "process_time_in_milliseconds": 786
}
