{
    "props": {
        "face_rect": [
            182,
            651,
            474,
            474
        ],
        "kp_eye_left_inner": [
            351,
            773
        ],
        "kp_eye_left_outer": [
            249,
            789
        ],
        "kp_eye_right_inner": [
            491,
            767
        ],
        "kp_eye_right_outer": [
            582,
            783
        ],
        "kp_mouth_left": [
            533,
            982
        ],
        "kp_mouth_right": [
            314,
            982
        ],
        "kp_nose_tip": [
            416,
            773
        ],
        "kp_under_lip_bottom": [
            426,
            987
        ],
        "kp_upper_lip_top": [
            421,
            923
        ],
        "features": [
            4.456216,
            7.233447,
            -1.342116,
            1.574894,
            -2.187094,
            4.355679,
            -4.382139,
            -0.458698,
            1.288855,
            -7.375245,
            -3.600778,
            0.763864,
            3.360698,
            -1.746144,
            5.339655,
            1.240927,
            -3.442386,
            -3.034382,
            0.318826,
            -0.961596,
            3.688327,
            2.375733,
            -2.845084,
            3.522627,
            -1.216294,
            1.689842,
            -0.765928,
            -3.818105,
            5.901368,
            -2.864433,
            3.332125,
            -6.031502,
            -0.060821,
            3.873141,
            -1.861424,
            1.261444,
            0.094437,
            1.758905,
            2.880914,
            3.152155,
            2.793988,
            0.685891,
            2.911833,
            -0.617111,
            4.532073,
            -0.088956,
            -2.291119,
            4.097706,
            6.925041,
            0.276925,
            -0.750366,
            6.907386,
            -0.947182,
            -1.122833,
            -5.475235,
            -2.128668,
            -1.077515,
            0.694703,
            0.335214,
            8.048626
        ]
    },
    "image_size": [
        870,
        1918
    ],
    "process_time_in_milliseconds": 778
}
