{
    "props": {
        "face_rect": [
            173,
            623,
            532,
            532
        ],
        "kp_eye_left_inner": [
            377,
            757
        ],
        "kp_eye_left_outer": [
            280,
            761
        ],
        "kp_eye_right_inner": [
            508,
            752
        ],
        "kp_eye_right_outer": [
            605,
            748
        ],
        "kp_mouth_left": [
            540,
            994
        ],
        "kp_mouth_right": [
            340,
            1004
        ],
        "kp_nose_tip": [
            438,
            841
        ],
        "kp_under_lip_bottom": [
            438,
            1027
        ],
        "kp_upper_lip_top": [
            442,
            957
        ],
        "features": [
            3.087818,
            4.219695,
            6.872521,
            -6.179839,
            4.649752,
            1.351373,
            -5.058973,
            1.53502,
            -0.149583,
            6.434223,
            -8.562312,
            -8.340987,
            -4.026204,
            6.963111,
            5.181268,
            -11.447172,
            -5.433838,
            4.741529,
            4.9077,
            0.40344,
            -2.921743,
            2.912722,
            -9.813747,
            -7.448873,
            6.796029,
            2.852157,
            -1.371605,
            -0.012076,
            6.902495,
            1.522707,
            -0.494081,
            3.301942,
            -1.761818,
            -2.948197,
            -2.337195,
            3.500569,
            3.396732,
            5.188865,
            -1.99661,
            3.754662,
            -2.266647,
            -5.645202,
            -8.847486,
            2.126046,
            4.849743,
            8.732333,
            5.024074,
            4.228248,
            -7.195961,
            -3.818559,
            5.619326,
            -1.811163,
            1.150107,
            -0.098821,
            0.836567,
            3.056766,
            -3.476457,
            0.826531,
            -2.579706,
            2.847404
        ]
    },
    "image_size": [
        870,
        1918
    ],
    "process_time_in_milliseconds": 745
}
