{
    "props": {
        "face_rect": [
            121,
            804,
            603,
            603
        ],
        "kp_eye_left_inner": [
            351,
            950
        ],
        "kp_eye_left_outer": [
            244,
            945
        ],
        "kp_eye_right_inner": [
            488,
            950
        ],
        "kp_eye_right_outer": [
            595,
            945
        ],
        "kp_mouth_left": [
            529,
            1199
        ],
        "kp_mouth_right": [
            331,
            1204
        ],
        "kp_nose_tip": [
            422,
            1092
        ],
        "kp_under_lip_bottom": [
            437,
            1245
        ],
        "kp_upper_lip_top": [
            427,
            1189
        ],
        "features": [
            5.406649,
            6.745188,
            -0.855669,
            5.176857,
            0.409278,
            7.338763,
            0.404528,
            -0.119598,
            6.062387,
            -7.232643,
            0.344648,
            -1.618396,
            2.802024,
            -7.277571,
            8.024175,
            -4.183545,
            0.679285,
            0.017574,
            3.068855,
            2.620872,
            3.511666,
            3.009599,
            2.358114,
            6.97296,
            -4.510519,
            -0.337477,
            -6.405635,
            -0.237086,
            5.989517,
            -9.123068,
            -1.079167,
            -3.821014,
            0.007777,
            5.09805,
            -4.050422,
            -0.965412,
            -0.258374,
            4.228078,
            0.086659,
            -0.626917,
            -0.73074,
            -3.689803,
            8.947701,
            -0.447703,
            5.211163,
            -7.553332,
            -4.953581,
            -0.423417,
            6.461991,
            1.323802,
            -1.993348,
            7.780591,
            -5.60942,
            3.607258,
            3.282916,
            -4.648602,
            -2.98081,
            3.269073,
            -2.407213,
            2.245267
        ]
    },
    "image_size": [
        870,
        1918
    ],
    "process_time_in_milliseconds": 733
}
