{
    "props": {
        "face_rect": [
            182,
            662,
            484,
            484
        ],
        "kp_eye_left_inner": [
            362,
            768
        ],
        "kp_eye_left_outer": [
            255,
            800
        ],
        "kp_eye_right_inner": [
            490,
            779
        ],
        "kp_eye_right_outer": [
            581,
            800
        ],
        "kp_mouth_left": [
            538,
            1003
        ],
        "kp_mouth_right": [
            319,
            1003
        ],
        "kp_nose_tip": [
            426,
            800
        ],
        "kp_under_lip_bottom": [
            432,
            1014
        ],
        "kp_upper_lip_top": [
            432,
            945
        ],
        "features": [
            3.714027,
            6.110906,
            -3.056977,
            2.82345,
            -2.251065,
            5.141562,
            -2.600499,
            1.145517,
            2.359293,
            -7.321452,
            -3.456431,
            -0.312851,
            2.305369,
            -2.238321,
            4.727599,
            0.882044,
            -3.553437,
            -0.084565,
            0.388082,
            -1.170458,
            5.379626,
            1.082074,
            -2.277587,
            5.384106,
            -1.004664,
            1.58622,
            -0.850353,
            -2.983057,
            5.562236,
            -5.167178,
            3.770195,
            -5.356512,
            -0.034865,
            3.281491,
            -1.228745,
            1.780012,
            -0.15067,
            2.171937,
            3.624733,
            1.947948,
            2.819004,
            0.279166,
            3.999458,
            0.227344,
            6.715205,
            -4.639653,
            -1.760597,
            4.360795,
            7.212106,
            1.272793,
            -1.123816,
            7.215212,
            0.680729,
            0.050331,
            -4.756784,
            -2.784501,
            -0.973615,
            0.796601,
            -1.09484,
            6.63532
        ]
    },
    "image_size": [
        870,
        1918
    ],
    "process_time_in_milliseconds": 764
}
