{
    "props": {
        "face_rect": [
            138,
            581,
            441,
            441
        ],
        "kp_eye_left_inner": [
            316,
            690
        ],
        "kp_eye_left_outer": [
            241,
            676
        ],
        "kp_eye_right_inner": [
            413,
            694
        ],
        "kp_eye_right_outer": [
            485,
            690
        ],
        "kp_mouth_left": [
            420,
            873
        ],
        "kp_mouth_right": [
            295,
            873
        ],
        "kp_nose_tip": [
            359,
            812
        ],
        "kp_under_lip_bottom": [
            359,
            905
        ],
        "kp_upper_lip_top": [
            359,
            869
        ],
        "features": [
            -1.028327,
            6.46113,
            -2.70659,
            -3.228771,
            3.730775,
            -5.075358,
            0.988695,
            2.283619,
            7.388968,
            -7.268293,
            6.13141,
            -3.13145,
            6.778765,
            -5.017038,
            4.628468,
            -3.723312,
            1.014246,
            8.208211,
            -7.981361,
            6.59445,
            5.906871,
            -6.765904,
            8.268494,
            0.667725,
            -0.085846,
            1.237375,
            -7.71729,
            2.570766,
            0.690969,
            -4.31147,
            -0.699724,
            2.206325,
            -2.965118,
            1.534282,
            -2.632916,
            4.495715,
            -0.501156,
            0.621916,
            -1.42194,
            -5.95939,
            -2.88771,
            -2.255513,
            -1.745535,
            -2.24834,
            6.087556,
            -5.056164,
            -2.220885,
            -1.077585,
            1.466406,
            0.077453,
            1.503708,
            12.102918,
            1.891301,
            4.617859,
            2.543479,
            -1.984285,
            -2.411739,
            1.094082,
            -1.728933,
            -0.112412
        ]
    },
    "image_size": [
        720,
        1280
    ],
    "process_time_in_milliseconds": 1343
}
