{
    "props": {
        "face_rect": [
            281,
            769,
            559,
            559
        ],
        "kp_eye_left_inner": [
            509,
            895
        ],
        "kp_eye_left_outer": [
            391,
            881
        ],
        "kp_eye_right_inner": [
            645,
            919
        ],
        "kp_eye_right_outer": [
            711,
            923
        ],
        "kp_mouth_left": [
            650,
            1149
        ],
        "kp_mouth_right": [
            471,
            1144
        ],
        "kp_nose_tip": [
            607,
            1022
        ],
        "kp_under_lip_bottom": [
            575,
            1187
        ],
        "kp_upper_lip_top": [
            584,
            1125
        ],
        "features": [
            6.804682,
            7.681106,
            -2.006394,
            5.369946,
            -0.665476,
            7.518229,
            1.934713,
            0.86606,
            6.0991,
            -8.109161,
            -0.047335,
            -1.454021,
            1.230557,
            -4.1062,
            6.055153,
            -2.159331,
            0.021166,
            -2.370191,
            1.225577,
            1.036458,
            2.265812,
            1.365526,
            -0.18809,
            6.397745,
            -4.78144,
            -0.984915,
            -5.920609,
            0.214855,
            5.910782,
            -8.677778,
            0.525548,
            -4.627938,
            -1.395735,
            2.923247,
            -1.736567,
            -0.087317,
            0.933001,
            2.803983,
            -0.824702,
            -0.963171,
            0.445476,
            -2.365087,
            6.46786,
            -0.123451,
            3.591551,
            -6.181479,
            -3.648351,
            -2.219064,
            5.534147,
            0.637472,
            -0.498537,
            5.440648,
            -3.527847,
            2.392737,
            0.093597,
            -4.918561,
            -1.331972,
            2.389369,
            -3.698259,
            4.80529
        ]
    },
    "image_size": [
        870,
        1918
    ],
    "process_time_in_milliseconds": 773
}
