{
    "props": {
        "face_rect": [
            70,
            621,
            560,
            560
        ],
        "kp_eye_left_inner": [
            298,
            770
        ],
        "kp_eye_left_outer": [
            223,
            775
        ],
        "kp_eye_right_inner": [
            428,
            760
        ],
        "kp_eye_right_outer": [
            538,
            745
        ],
        "kp_mouth_left": [
            448,
            1010
        ],
        "kp_mouth_right": [
            253,
            1020
        ],
        "kp_nose_tip": [
            318,
            855
        ],
        "kp_under_lip_bottom": [
            343,
            1045
        ],
        "kp_upper_lip_top": [
            338,
            975
        ],
        "features": [
            1.776142,
            5.478972,
            6.326209,
            -6.063845,
            4.30389,
            1.859624,
            -6.189053,
            1.082932,
            0.933217,
            6.125577,
            -9.323167,
            -6.821447,
            -4.405086,
            6.848196,
            5.025039,
            -11.243501,
            -6.547347,
            3.337654,
            5.131609,
            -1.373252,
            -2.389893,
            4.49181,
            -10.643616,
            -6.926279,
            7.860144,
            3.340213,
            -1.070894,
            -0.788632,
            6.650518,
            0.79559,
            0.057775,
            2.875035,
            -1.765299,
            -2.778752,
            -2.176192,
            3.068313,
            3.915658,
            2.679896,
            -0.994364,
            3.222059,
            -2.15748,
            -4.414942,
            -8.002522,
            3.823214,
            3.444699,
            8.438597,
            4.201482,
            3.596547,
            -7.622077,
            -4.393314,
            5.089688,
            -2.965477,
            1.40114,
            -0.377278,
            -0.304834,
            2.224367,
            -4.223985,
            1.261498,
            -0.949194,
            1.345073
        ]
    },
    "image_size": [
        870,
        1918
    ],
    "process_time_in_milliseconds": 810
}
