{
    "props": {
        "face_rect": [
            131,
            472,
            446,
            446
        ],
        "kp_eye_left_inner": [
            324,
            597
        ],
        "kp_eye_left_outer": [
            265,
            576
        ],
        "kp_eye_right_inner": [
            411,
            615
        ],
        "kp_eye_right_outer": [
            478,
            636
        ],
        "kp_mouth_left": [
            383,
            793
        ],
        "kp_mouth_right": [
            261,
            754
        ],
        "kp_nose_tip": [
            331,
            674
        ],
        "kp_under_lip_bottom": [
            310,
            796
        ],
        "kp_upper_lip_top": [
            317,
            747
        ],
        "features": [
            0.787928,
            8.262456,
            -1.173237,
            -1.541647,
            4.165936,
            -2.825014,
            1.274071,
            2.589756,
            7.07334,
            -8.362083,
            3.234964,
            -5.297368,
            6.83237,
            -2.462007,
            3.739743,
            -2.648309,
            -1.917638,
            8.799294,
            -7.285604,
            4.371087,
            6.872219,
            -6.350616,
            8.136396,
            0.71522,
            -0.783265,
            2.853316,
            -7.848562,
            2.894662,
            -1.247687,
            -4.898007,
            0.226615,
            3.401236,
            -0.437593,
            1.808393,
            -4.15991,
            3.977886,
            -0.085015,
            -0.389202,
            -1.688063,
            -5.020212,
            0.702445,
            0.182848,
            -2.544862,
            -0.968283,
            8.591811,
            -2.892058,
            -1.612379,
            -1.293815,
            1.863527,
            -1.682004,
            2.936838,
            11.210237,
            3.471791,
            4.263447,
            1.248567,
            -3.961515,
            -2.580711,
            1.334676,
            -0.851074,
            0.885594
        ]
    },
    "image_size": [
        720,
        1280
    ],
    "process_time_in_milliseconds": 1437
}
