{
    "props": {
        "face_rect": [
            147,
            752,
            595,
            595
        ],
        "kp_eye_left_inner": [
            373,
            902
        ],
        "kp_eye_left_outer": [
            265,
            902
        ],
        "kp_eye_right_inner": [
            505,
            902
        ],
        "kp_eye_right_outer": [
            613,
            892
        ],
        "kp_mouth_left": [
            554,
            1141
        ],
        "kp_mouth_right": [
            358,
            1151
        ],
        "kp_nose_tip": [
            446,
            1029
        ],
        "kp_under_lip_bottom": [
            461,
            1185
        ],
        "kp_upper_lip_top": [
            451,
            1127
        ],
        "features": [
            5.129238,
            6.254638,
            -2.115563,
            4.493194,
            -0.672891,
            6.890213,
            1.096921,
            0.588912,
            4.683187,
            -6.443984,
            0.244565,
            -2.867693,
            1.507138,
            -4.631711,
            8.608398,
            -4.457783,
            0.550801,
            -0.072077,
            3.822306,
            2.509349,
            3.947116,
            2.465477,
            -0.16088,
            5.632614,
            -4.676925,
            -0.27017,
            -6.144819,
            -2.217789,
            6.585695,
            -7.541595,
            0.630283,
            -4.897687,
            -2.10337,
            4.484183,
            -2.50263,
            0.462308,
            0.505487,
            3.285549,
            0.747165,
            -1.053873,
            -1.174288,
            -3.596804,
            8.522738,
            -0.257361,
            6.243035,
            -7.895058,
            -4.913674,
            0.608567,
            5.928406,
            1.223632,
            -0.847704,
            6.039026,
            -4.612421,
            2.949836,
            1.677438,
            -4.483056,
            -2.439583,
            3.62552,
            -1.535242,
            3.797193
        ]
    },
    "image_size": [
        870,
        1918
    ],
    "process_time_in_milliseconds": 904
}
