{
    "props": {
        "face_rect": [
            368,
            650,
            499,
            499
        ],
        "kp_eye_left_inner": [
            559,
            766
        ],
        "kp_eye_left_outer": [
            451,
            744
        ],
        "kp_eye_right_inner": [
            678,
            788
        ],
        "kp_eye_right_outer": [
            737,
            793
        ],
        "kp_mouth_left": [
            683,
            1009
        ],
        "kp_mouth_right": [
            505,
            1009
        ],
        "kp_nose_tip": [
            667,
            858
        ],
        "kp_under_lip_bottom": [
            613,
            1036
        ],
        "kp_upper_lip_top": [
            640,
            961
        ],
        "features": [
            2.676507,
            3.996609,
            6.939144,
            -3.811159,
            5.587285,
            0.463315,
            -6.227264,
            0.19496,
            2.274142,
            5.664202,
            -10.539255,
            -7.472176,
            -2.606643,
            5.834494,
            5.400447,
            -11.504232,
            -7.271963,
            3.049685,
            5.348482,
            0.49222,
            -2.06616,
            2.927024,
            -9.846424,
            -6.694168,
            7.258033,
            3.435831,
            1.309089,
            -1.339702,
            5.910853,
            3.083387,
            -0.789152,
            4.245766,
            -0.759992,
            -1.045237,
            -1.678677,
            4.692584,
            2.145411,
            2.865793,
            -0.074462,
            4.462559,
            0.260992,
            -5.289112,
            -8.731907,
            2.887883,
            4.325919,
            9.703314,
            3.697165,
            3.84867,
            -7.402347,
            -4.763583,
            4.868108,
            -2.557495,
            0.056706,
            -0.916425,
            0.333064,
            4.334898,
            -4.318333,
            0.769519,
            -0.85219,
            3.31786
        ]
    },
    "image_size": [
        870,
        1918
    ],
    "process_time_in_milliseconds": 804
}
