{
    "props": {
        "face_rect": [
            145,
            637,
            541,
            541
        ],
        "kp_eye_left_inner": [
            356,
            772
        ],
        "kp_eye_left_outer": [
            255,
            776
        ],
        "kp_eye_right_inner": [
            485,
            767
        ],
        "kp_eye_right_outer": [
            586,
            762
        ],
        "kp_mouth_left": [
            517,
            1015
        ],
        "kp_mouth_right": [
            320,
            1020
        ],
        "kp_nose_tip": [
            412,
            863
        ],
        "kp_under_lip_bottom": [
            416,
            1047
        ],
        "kp_upper_lip_top": [
            416,
            978
        ],
        "features": [
            2.059802,
            4.397718,
            6.287459,
            -6.099591,
            4.852808,
            1.109019,
            -5.180497,
            2.039782,
            -0.230751,
            6.307219,
            -8.157427,
            -8.239964,
            -3.805642,
            7.380622,
            4.808752,
            -12.084819,
            -5.821393,
            4.659543,
            4.359761,
            -0.329125,
            -2.404143,
            2.779654,
            -10.481297,
            -7.860645,
            6.791644,
            2.9212,
            -1.168759,
            -0.293162,
            6.807758,
            1.613229,
            -0.513184,
            3.69766,
            -2.136585,
            -3.623922,
            -1.516074,
            3.398155,
            3.320745,
            3.791252,
            -1.262205,
            3.265067,
            -2.661141,
            -6.148769,
            -8.846043,
            2.427406,
            4.627453,
            7.939744,
            4.456995,
            4.196095,
            -7.519915,
            -3.597089,
            5.509854,
            -1.696317,
            1.600555,
            -0.148964,
            0.49784,
            2.745727,
            -4.198888,
            0.987293,
            -2.270902,
            2.401993
        ]
    },
    "image_size": [
        870,
        1918
    ],
    "process_time_in_milliseconds": 758
}
