{
    "props": {
        "face_rect": [
            173,
            661,
            497,
            497
        ],
        "kp_eye_left_inner": [
            354,
            763
        ],
        "kp_eye_left_outer": [
            248,
            811
        ],
        "kp_eye_right_inner": [
            493,
            790
        ],
        "kp_eye_right_outer": [
            579,
            801
        ],
        "kp_mouth_left": [
            531,
            1004
        ],
        "kp_mouth_right": [
            322,
            1009
        ],
        "kp_nose_tip": [
            419,
            806
        ],
        "kp_under_lip_bottom": [
            435,
            1020
        ],
        "kp_upper_lip_top": [
            429,
            950
        ],
        "features": [
            3.912889,
            6.138313,
            -3.524799,
            3.307757,
            -3.017119,
            4.703607,
            -3.023082,
            1.342662,
            3.199122,
            -8.046869,
            -3.300343,
            -0.344477,
            2.471383,
            -3.042637,
            4.338756,
            1.293155,
            -3.914067,
            -0.914481,
            0.177749,
            -0.917944,
            5.296578,
            0.346041,
            -2.517204,
            5.762671,
            -1.252278,
            0.625778,
            -0.988138,
            -2.47656,
            5.725049,
            -5.740232,
            4.144395,
            -5.554233,
            -0.524824,
            3.840026,
            -0.440192,
            2.479559,
            0.209806,
            1.963319,
            3.500279,
            1.748324,
            3.243165,
            0.314705,
            4.255794,
            -0.20234,
            6.730232,
            -5.874548,
            -1.901311,
            4.207576,
            7.636405,
            1.402824,
            -0.70663,
            6.967906,
            0.15906,
            -0.208876,
            -5.475348,
            -3.045694,
            -0.526899,
            -0.064967,
            -1.437089,
            7.128855
        ]
    },
    "image_size": [
        870,
        1918
    ],
    "process_time_in_milliseconds": 752
}
