{
    "props": {
        "face_rect": [
            122,
            843,
            580,
            580
        ],
        "kp_eye_left_inner": [
            353,
            1001
        ],
        "kp_eye_left_outer": [
            245,
            992
        ],
        "kp_eye_right_inner": [
            495,
            1001
        ],
        "kp_eye_right_outer": [
            598,
            992
        ],
        "kp_mouth_left": [
            527,
            1241
        ],
        "kp_mouth_right": [
            339,
            1251
        ],
        "kp_nose_tip": [
            429,
            1175
        ],
        "kp_under_lip_bottom": [
            438,
            1288
        ],
        "kp_upper_lip_top": [
            433,
            1246
        ],
        "features": [
            3.797608,
            5.231765,
            -1.91146,
            3.739743,
            -0.187747,
            6.353932,
            -3.649066,
            -0.521128,
            7.002437,
            -5.880511,
            -1.950582,
            -2.202203,
            2.807962,
            -8.442598,
            8.600737,
            -3.012036,
            -1.136546,
            -1.509518,
            1.155421,
            1.329534,
            3.340744,
            0.157659,
            3.406365,
            8.656435,
            -3.045933,
            -2.153788,
            -4.972279,
            0.414609,
            5.788914,
            -8.007583,
            -0.012087,
            -1.541366,
            -0.720612,
            4.011074,
            -3.952412,
            0.747767,
            -0.229795,
            4.493629,
            1.161226,
            0.186598,
            0.360999,
            -4.606018,
            9.047751,
            1.762429,
            5.736812,
            -6.315048,
            -4.173994,
            0.654866,
            5.29751,
            1.353775,
            -0.644886,
            7.59423,
            -7.444963,
            2.264129,
            1.229085,
            -2.76822,
            -2.663492,
            0.874077,
            -1.271392,
            2.572215
        ]
    },
    "image_size": [
        870,
        1918
    ],
    "process_time_in_milliseconds": 748
}
