{
    "props": {
        "face_rect": [
            141,
            685,
            590,
            590
        ],
        "kp_eye_left_inner": [
            368,
            833
        ],
        "kp_eye_left_outer": [
            264,
            833
        ],
        "kp_eye_right_inner": [
            501,
            828
        ],
        "kp_eye_right_outer": [
            610,
            818
        ],
        "kp_mouth_left": [
            541,
            1085
        ],
        "kp_mouth_right": [
            333,
            1095
        ],
        "kp_nose_tip": [
            432,
            956
        ],
        "kp_under_lip_bottom": [
            442,
            1124
        ],
        "kp_upper_lip_top": [
            442,
            1055
        ],
        "features": [
            1.501265,
            3.323316,
            5.887941,
            -5.684048,
            4.088374,
            1.440664,
            -5.106156,
            2.106224,
            -1.117161,
            5.696471,
            -6.872498,
            -8.135556,
            -2.799895,
            7.259729,
            4.826058,
            -11.343082,
            -6.089456,
            3.757552,
            3.993106,
            0.813753,
            -1.09278,
            2.006167,
            -11.901616,
            -8.139072,
            5.800045,
            1.458767,
            -0.517434,
            -1.067263,
            7.485361,
            2.048641,
            0.619582,
            2.558959,
            -3.249455,
            -3.61759,
            -0.928453,
            2.84127,
            2.819373,
            2.821215,
            0.913847,
            3.176713,
            -3.348583,
            -7.032819,
            -8.209113,
            3.33133,
            5.828903,
            5.731923,
            4.178935,
            4.046897,
            -7.088637,
            -3.574201,
            5.731457,
            -1.098544,
            1.857951,
            -1.557156,
            -0.287779,
            3.715728,
            -4.378375,
            0.844357,
            -2.266347,
            1.775893
        ]
    },
    "image_size": [
        870,
        1918
    ],
    "process_time_in_milliseconds": 743
}
