{
    "props": {
        "face_rect": [
            78,
            758,
            571,
            571
        ],
        "kp_eye_left_inner": [
            302,
            902
        ],
        "kp_eye_left_outer": [
            200,
            907
        ],
        "kp_eye_right_inner": [
            440,
            892
        ],
        "kp_eye_right_outer": [
            557,
            882
        ],
        "kp_mouth_left": [
            485,
            1136
        ],
        "kp_mouth_right": [
            282,
            1146
        ],
        "kp_nose_tip": [
            333,
            1014
        ],
        "kp_under_lip_bottom": [
            368,
            1177
        ],
        "kp_upper_lip_top": [
            363,
            1121
        ],
        "features": [
            6.651169,
            7.579369,
            -1.217074,
            4.586514,
            0.413821,
            7.673043,
            2.580871,
            0.892487,
            3.938272,
            -6.961301,
            -1.317133,
            -3.194569,
            1.496047,
            -3.144326,
            7.64523,
            -3.834387,
            1.808012,
            -0.776469,
            3.077424,
            2.807345,
            3.333697,
            3.849609,
            -0.725251,
            6.544309,
            -5.007251,
            0.670371,
            -6.68653,
            -0.725449,
            6.299171,
            -8.648352,
            -0.267092,
            -3.868018,
            0.201854,
            5.50472,
            -2.2118,
            -0.22496,
            0.483328,
            3.348876,
            -0.408989,
            -1.97333,
            -0.253155,
            -2.213501,
            7.676997,
            -0.466444,
            4.107015,
            -6.583848,
            -5.741698,
            -0.324409,
            6.516836,
            0.204793,
            -1.314488,
            6.114786,
            -3.176174,
            2.759532,
            2.407015,
            -4.718884,
            -2.799438,
            3.743937,
            -1.72144,
            4.1149
        ]
    },
    "image_size": [
        870,
        1918
    ],
    "process_time_in_milliseconds": 777
}
