{
    "props": {
        "face_rect": [
            195,
            642,
            548,
            548
        ],
        "kp_eye_left_inner": [
            407,
            774
        ],
        "kp_eye_left_outer": [
            305,
            779
        ],
        "kp_eye_right_inner": [
            538,
            774
        ],
        "kp_eye_right_outer": [
            635,
            774
        ],
        "kp_mouth_left": [
            572,
            1031
        ],
        "kp_mouth_right": [
            359,
            1031
        ],
        "kp_nose_tip": [
            475,
            871
        ],
        "kp_under_lip_bottom": [
            470,
            1060
        ],
        "kp_upper_lip_top": [
            470,
            988
        ],
        "features": [
            3.035982,
            4.303171,
            6.839575,
            -5.905587,
            4.555532,
            1.509396,
            -5.552326,
            1.578498,
            0.134741,
            6.042889,
            -7.911587,
            -8.437671,
            -4.299646,
            7.573452,
            5.023424,
            -11.290649,
            -5.95546,
            4.174325,
            4.643253,
            -0.009164,
            -2.730359,
            3.406832,
            -10.043308,
            -7.162397,
            7.224398,
            2.90496,
            -1.45738,
            0.345447,
            6.813176,
            1.463045,
            -0.092988,
            3.10654,
            -2.068418,
            -2.830467,
            -2.363185,
            3.617733,
            3.29043,
            4.408905,
            -1.154326,
            3.376275,
            -2.668657,
            -5.480956,
            -8.868279,
            3.161815,
            5.311323,
            8.59349,
            5.293625,
            4.358186,
            -7.312077,
            -3.56634,
            5.926114,
            -1.213904,
            1.416392,
            -0.228804,
            0.434111,
            2.860881,
            -3.872133,
            0.369009,
            -2.03614,
            2.500968
        ]
    },
    "image_size": [
        870,
        1918
    ],
    "process_time_in_milliseconds": 747
}
