{
    "props": {
        "face_rect": [
            125,
            792,
            586,
            586
        ],
        "kp_eye_left_inner": [
            344,
            934
        ],
        "kp_eye_left_outer": [
            250,
            949
        ],
        "kp_eye_right_inner": [
            478,
            929
        ],
        "kp_eye_right_outer": [
            577,
            934
        ],
        "kp_mouth_left": [
            528,
            1173
        ],
        "kp_mouth_right": [
            329,
            1183
        ],
        "kp_nose_tip": [
            418,
            1064
        ],
        "kp_under_lip_bottom": [
            433,
            1223
        ],
        "kp_upper_lip_top": [
            423,
            1163
        ],
        "features": [
            5.185851,
            5.938862,
            -1.289489,
            4.303444,
            0.635843,
            6.587029,
            2.451341,
            0.195135,
            6.188938,
            -7.853633,
            -1.458059,
            -3.019998,
            0.936712,
            -3.362193,
            6.857399,
            -3.564089,
            -1.549375,
            -2.384897,
            2.430439,
            1.577602,
            3.585845,
            3.279003,
            -0.527632,
            6.826294,
            -2.671797,
            2.318164,
            -5.832745,
            -0.836446,
            5.959391,
            -7.593002,
            2.243137,
            -5.578469,
            -1.078463,
            3.052881,
            -1.103047,
            -0.087954,
            1.103497,
            2.229551,
            -0.751854,
            0.362338,
            -0.883177,
            -2.678842,
            7.080498,
            -0.069853,
            6.268644,
            -6.959659,
            -4.245615,
            -0.157624,
            4.991794,
            2.518991,
            -1.147396,
            5.886977,
            -1.52026,
            2.106929,
            -0.329656,
            -4.455489,
            -3.987936,
            3.297435,
            -1.410948,
            3.810651
        ]
    },
    "image_size": [
        870,
        1918
    ],
    "process_time_in_milliseconds": 779
}
