{
    "props": {
        "face_rect": [
            115,
            761,
            571,
            571
        ],
        "kp_eye_left_inner": [
            335,
            903
        ],
        "kp_eye_left_outer": [
            234,
            908
        ],
        "kp_eye_right_inner": [
            470,
            898
        ],
        "kp_eye_right_outer": [
            576,
            894
        ],
        "kp_mouth_left": [
            509,
            1140
        ],
        "kp_mouth_right": [
            316,
            1150
        ],
        "kp_nose_tip": [
            383,
            1019
        ],
        "kp_under_lip_bottom": [
            412,
            1183
        ],
        "kp_upper_lip_top": [
            403,
            1125
        ],
        "features": [
            4.635828,
            6.12994,
            -3.011132,
            4.965177,
            -0.321716,
            7.254461,
            1.544798,
            0.460103,
            3.910861,
            -8.493195,
            0.666474,
            -2.830099,
            2.143578,
            -4.480397,
            8.131543,
            -3.878726,
            0.416743,
            -0.864561,
            1.850508,
            1.679162,
            4.695655,
            3.163201,
            1.242315,
            6.195987,
            -5.248822,
            0.254792,
            -6.20684,
            -2.078918,
            6.271644,
            -7.584275,
            0.217461,
            -5.404547,
            -1.712451,
            4.363406,
            -1.925967,
            0.310445,
            0.039208,
            1.753079,
            0.245053,
            -2.117872,
            -1.611918,
            -2.397117,
            8.180779,
            0.131948,
            5.659074,
            -7.448163,
            -5.375986,
            0.705674,
            6.516454,
            0.436754,
            -1.798078,
            7.024156,
            -3.91332,
            2.623358,
            1.750107,
            -4.673298,
            -3.092485,
            4.082999,
            -1.119764,
            4.380309
        ]
    },
    "image_size": [
        870,
        1918
    ],
    "process_time_in_milliseconds": 789
}
