{
    "props": {
        "face_rect": [
            136,
            912,
            531,
            531
        ],
        "kp_eye_left_inner": [
            354,
            1060
        ],
        "kp_eye_left_outer": [
            249,
            1043
        ],
        "kp_eye_right_inner": [
            494,
            1060
        ],
        "kp_eye_right_outer": [
            595,
            1047
        ],
        "kp_mouth_left": [
            523,
            1283
        ],
        "kp_mouth_right": [
            342,
            1292
        ],
        "kp_nose_tip": [
            422,
            1241
        ],
        "kp_under_lip_bottom": [
            439,
            1325
        ],
        "kp_upper_lip_top": [
            430,
            1296
        ],
        "features": [
            3.779179,
            4.210488,
            -1.044226,
            5.870034,
            -1.244239,
            3.911035,
            -4.835223,
            3.060894,
            4.726126,
            -5.329138,
            -3.449756,
            -2.467486,
            1.540148,
            -6.399846,
            8.489468,
            -2.744126,
            -2.593265,
            -3.346044,
            1.526157,
            -1.302592,
            5.594125,
            -1.810921,
            0.816582,
            7.127753,
            -2.208586,
            -1.285711,
            -3.20571,
            -3.006022,
            5.268433,
            -6.244897,
            3.026487,
            -2.198798,
            -3.574442,
            4.828508,
            -4.411767,
            2.306863,
            -1.285093,
            3.139851,
            4.361792,
            2.840505,
            0.468305,
            -6.107058,
            7.666214,
            1.989538,
            8.147958,
            -7.836816,
            -4.461235,
            0.478253,
            3.356119,
            4.155889,
            1.226062,
            5.629123,
            -5.461821,
            0.551255,
            -2.246575,
            -3.616657,
            -1.543676,
            1.629215,
            -1.611429,
            4.431094
        ]
    },
    "image_size": [
        870,
        1918
    ],
    "process_time_in_milliseconds": 814
}
