{
    "props": {
        "face_rect": [
            184,
            641,
            473,
            473
        ],
        "kp_eye_left_inner": [
            357,
            717
        ],
        "kp_eye_left_outer": [
            251,
            786
        ],
        "kp_eye_right_inner": [
            495,
            770
        ],
        "kp_eye_right_outer": [
            579,
            780
        ],
        "kp_mouth_left": [
            532,
            981
        ],
        "kp_mouth_right": [
            315,
            981
        ],
        "kp_nose_tip": [
            415,
            770
        ],
        "kp_under_lip_bottom": [
            431,
            981
        ],
        "kp_upper_lip_top": [
            426,
            918
        ],
        "features": [
            3.404775,
            6.957363,
            -1.236611,
            2.752956,
            -0.921577,
            3.905288,
            -2.561044,
            0.052601,
            1.276936,
            -7.384421,
            -2.618927,
            -0.447889,
            3.219317,
            -0.474897,
            4.77314,
            -0.870425,
            -2.259413,
            -1.52784,
            1.721942,
            -1.894634,
            3.903164,
            3.472015,
            -3.197368,
            3.416915,
            -0.975852,
            1.347421,
            -0.195544,
            -2.858101,
            4.789765,
            -2.412342,
            1.824038,
            -4.328521,
            0.45166,
            3.684085,
            -2.089787,
            2.151523,
            -0.515693,
            0.784477,
            5.476334,
            1.349367,
            2.245332,
            -0.87445,
            4.235173,
            -0.649558,
            5.530733,
            -1.262493,
            -3.468659,
            4.766709,
            7.875904,
            1.319443,
            -1.139269,
            8.311389,
            1.426117,
            1.370044,
            -3.183699,
            -1.725175,
            -1.257108,
            0.363973,
            0.909231,
            6.148837
        ]
    },
    "image_size": [
        870,
        1918
    ],
    "process_time_in_milliseconds": 745
}
