{
    "props": {
        "face_rect": [
            151,
            758,
            586,
            586
        ],
        "kp_eye_left_inner": [
            371,
            906
        ],
        "kp_eye_left_outer": [
            268,
            906
        ],
        "kp_eye_right_inner": [
            508,
            902
        ],
        "kp_eye_right_outer": [
            611,
            897
        ],
        "kp_mouth_left": [
            557,
            1141
        ],
        "kp_mouth_right": [
            356,
            1151
        ],
        "kp_nose_tip": [
            444,
            1029
        ],
        "kp_under_lip_bottom": [
            459,
            1185
        ],
        "kp_upper_lip_top": [
            449,
            1127
        ],
        "features": [
            5.699201,
            6.576928,
            -2.247352,
            4.468341,
            -0.985564,
            7.471751,
            0.780184,
            -0.6694,
            4.699211,
            -6.820457,
            0.540576,
            -2.587085,
            1.470378,
            -4.443687,
            8.188548,
            -3.534258,
            0.025459,
            -0.51306,
            3.966662,
            2.419675,
            3.995498,
            2.974185,
            0.899133,
            6.410226,
            -4.425004,
            0.370938,
            -6.193851,
            -1.986422,
            6.606028,
            -7.780837,
            0.59119,
            -5.542618,
            -1.85269,
            4.482614,
            -2.60871,
            0.701985,
            0.418117,
            2.974414,
            -0.091416,
            -1.393437,
            -1.386367,
            -2.410249,
            8.135981,
            0.143247,
            6.083748,
            -6.935668,
            -4.13545,
            0.467647,
            5.845006,
            1.027839,
            -0.823529,
            6.356434,
            -4.825384,
            3.037679,
            1.601132,
            -5.144501,
            -2.695457,
            4.104921,
            -1.259924,
            4.172042
        ]
    },
    "image_size": [
        870,
        1918
    ],
    "process_time_in_milliseconds": 867
}
