{
    "props": {
        "face_rect": [
            147,
            753,
            593,
            593
        ],
        "kp_eye_left_inner": [
            373,
            903
        ],
        "kp_eye_left_outer": [
            264,
            903
        ],
        "kp_eye_right_inner": [
            505,
            903
        ],
        "kp_eye_right_outer": [
            614,
            893
        ],
        "kp_mouth_left": [
            555,
            1139
        ],
        "kp_mouth_right": [
            353,
            1154
        ],
        "kp_nose_tip": [
            442,
            1026
        ],
        "kp_under_lip_bottom": [
            461,
            1188
        ],
        "kp_upper_lip_top": [
            446,
            1124
        ],
        "features": [
            5.152494,
            6.266571,
            -2.14595,
            4.246508,
            -0.592864,
            6.942722,
            0.855335,
            0.377989,
            4.614227,
            -6.287087,
            0.217557,
            -2.688801,
            1.599738,
            -4.946002,
            8.593855,
            -4.158535,
            0.462377,
            0.070343,
            3.966273,
            2.453799,
            3.965084,
            2.307035,
            0.312869,
            5.770474,
            -4.483478,
            -0.252675,
            -6.162598,
            -2.190784,
            6.553613,
            -7.606857,
            0.611159,
            -4.967528,
            -1.915045,
            4.337215,
            -2.75783,
            0.264686,
            0.506956,
            3.500647,
            0.360507,
            -0.860315,
            -1.063756,
            -3.20278,
            8.723227,
            -0.24409,
            6.274319,
            -7.585775,
            -4.798684,
            0.691602,
            5.865042,
            1.420626,
            -0.982963,
            6.19872,
            -4.786283,
            2.971292,
            1.566814,
            -4.69067,
            -2.388807,
            3.39061,
            -1.588093,
            3.836587
        ]
    },
    "image_size": [
        870,
        1918
    ],
    "process_time_in_milliseconds": 776
}
