{
    "props": {
        "face_rect": [
            112,
            759,
            603,
            603
        ],
        "kp_eye_left_inner": [
            337,
            916
        ],
        "kp_eye_left_outer": [
            235,
            921
        ],
        "kp_eye_right_inner": [
            478,
            911
        ],
        "kp_eye_right_outer": [
            580,
            906
        ],
        "kp_mouth_left": [
            522,
            1159
        ],
        "kp_mouth_right": [
            328,
            1168
        ],
        "kp_nose_tip": [
            410,
            1042
        ],
        "kp_under_lip_bottom": [
            429,
            1202
        ],
        "kp_upper_lip_top": [
            420,
            1144
        ],
        "features": [
            4.988413,
            6.874778,
            -2.619493,
            4.875398,
            -0.621511,
            7.797752,
            0.915234,
            -0.235471,
            5.103816,
            -8.456478,
            0.585951,
            -3.543284,
            1.576457,
            -4.985283,
            8.174807,
            -3.906099,
            -0.911759,
            -0.497275,
            2.252794,
            1.784654,
            4.173932,
            3.554156,
            0.970209,
            6.515603,
            -4.659978,
            0.862566,
            -7.225929,
            -1.627191,
            6.479791,
            -8.618185,
            0.436605,
            -5.535721,
            -2.009373,
            4.529341,
            -2.022245,
            0.83524,
            0.667042,
            1.947521,
            -0.063237,
            -2.148773,
            -1.700708,
            -2.660503,
            7.071879,
            0.189467,
            5.704535,
            -7.18462,
            -4.2331,
            0.645974,
            5.69253,
            0.123577,
            -1.130263,
            6.798117,
            -4.090462,
            2.862163,
            1.653167,
            -5.006411,
            -3.817568,
            4.720516,
            -1.168235,
            4.283894
        ]
    },
    "image_size": [
        870,
        1918
    ],
    "process_time_in_milliseconds": 787
}
