{
    "props": {
        "face_rect": [
            137,
            914,
            520,
            520
        ],
        "kp_eye_left_inner": [
            352,
            1060
        ],
        "kp_eye_left_outer": [
            246,
            1048
        ],
        "kp_eye_right_inner": [
            494,
            1060
        ],
        "kp_eye_right_outer": [
            587,
            1044
        ],
        "kp_mouth_left": [
            522,
            1283
        ],
        "kp_mouth_right": [
            336,
            1287
        ],
        "kp_nose_tip": [
            417,
            1243
        ],
        "kp_under_lip_bottom": [
            437,
            1332
        ],
        "kp_upper_lip_top": [
            421,
            1279
        ],
        "features": [
            1.804799,
            5.052165,
            -0.479778,
            4.665944,
            -0.754092,
            5.015251,
            -3.617793,
            0.771416,
            5.127798,
            -5.954074,
            -3.163999,
            -2.783185,
            2.786242,
            -5.935634,
            8.310579,
            -2.310529,
            -3.368281,
            -2.883593,
            2.686858,
            0.315453,
            6.218269,
            -0.067252,
            1.415124,
            7.700745,
            -1.973378,
            -0.771584,
            -2.63532,
            -1.540436,
            5.999968,
            -6.696772,
            3.368877,
            -1.468055,
            -1.907281,
            5.079934,
            -4.512942,
            0.880326,
            -1.435727,
            2.760061,
            3.682754,
            1.386758,
            0.689607,
            -5.70525,
            8.619086,
            2.139484,
            9.478964,
            -8.344647,
            -4.765294,
            0.644215,
            3.423424,
            3.598858,
            0.932402,
            7.011525,
            -5.310719,
            1.688524,
            -1.560356,
            -4.276388,
            -3.606987,
            2.630121,
            0.086731,
            1.817577
        ]
    },
    "image_size": [
        870,
        1918
    ],
    "process_time_in_milliseconds": 743
}
