{
    "props": {
        "face_rect": [
            112,
            749,
            581,
            581
        ],
        "kp_eye_left_inner": [
            334,
            896
        ],
        "kp_eye_left_outer": [
            234,
            896
        ],
        "kp_eye_right_inner": [
            468,
            892
        ],
        "kp_eye_right_outer": [
            574,
            882
        ],
        "kp_mouth_left": [
            511,
            1131
        ],
        "kp_mouth_right": [
            315,
            1145
        ],
        "kp_nose_tip": [
            392,
            1011
        ],
        "kp_under_lip_bottom": [
            416,
            1179
        ],
        "kp_upper_lip_top": [
            406,
            1117
        ],
        "features": [
            5.093378,
            6.810237,
            -3.027616,
            3.871804,
            -0.07658,
            8.054473,
            0.71912,
            0.391231,
            3.855028,
            -7.517466,
            -0.264422,
            -2.575049,
            1.096396,
            -4.117514,
            9.095083,
            -4.079869,
            0.684958,
            -0.760408,
            2.511402,
            0.854574,
            4.189747,
            3.964034,
            1.286508,
            5.913687,
            -4.343884,
            0.476035,
            -5.489633,
            -1.152116,
            7.170278,
            -8.335841,
            0.861169,
            -5.084964,
            -1.612291,
            4.318514,
            -3.046527,
            0.034707,
            -0.362044,
            3.215948,
            -0.171993,
            -2.040792,
            -1.764311,
            -1.76948,
            7.983347,
            0.237889,
            4.739066,
            -6.855684,
            -4.770347,
            0.407078,
            6.369284,
            0.07597,
            -1.041233,
            6.63648,
            -4.248981,
            2.922253,
            1.387282,
            -4.535027,
            -2.224298,
            3.399594,
            -1.49157,
            4.66904
        ]
    },
    "image_size": [
        870,
        1918
    ],
    "process_time_in_milliseconds": 840
}
