{
    "props": {
        "face_rect": [
            106,
            762,
            581,
            581
        ],
        "kp_eye_left_inner": [
            329,
            907
        ],
        "kp_eye_left_outer": [
            226,
            917
        ],
        "kp_eye_right_inner": [
            463,
            902
        ],
        "kp_eye_right_outer": [
            571,
            897
        ],
        "kp_mouth_left": [
            512,
            1144
        ],
        "kp_mouth_right": [
            310,
            1154
        ],
        "kp_nose_tip": [
            384,
            1026
        ],
        "kp_under_lip_bottom": [
            408,
            1189
        ],
        "kp_upper_lip_top": [
            399,
            1129
        ],
        "features": [
            4.738847,
            6.494886,
            -2.70474,
            4.399099,
            -0.154894,
            7.473533,
            1.057716,
            0.494376,
            3.684809,
            -7.704968,
            0.05043,
            -2.387255,
            2.09588,
            -4.216987,
            8.4238,
            -3.968533,
            0.415923,
            -0.736563,
            2.547362,
            1.392463,
            4.836023,
            3.363766,
            0.909365,
            6.157704,
            -4.717677,
            0.429505,
            -5.762248,
            -2.076506,
            6.393646,
            -7.646541,
            0.132457,
            -5.204183,
            -1.372538,
            4.460823,
            -2.159026,
            0.272084,
            -0.194631,
            2.118012,
            0.231395,
            -1.552417,
            -1.466563,
            -2.131013,
            8.431808,
            -0.105654,
            5.459119,
            -7.098313,
            -5.208855,
            0.702554,
            6.338645,
            0.498218,
            -1.88667,
            6.853926,
            -3.955658,
            2.596941,
            1.542248,
            -4.684813,
            -3.128135,
            4.007648,
            -1.015417,
            4.439456
        ]
    },
    "image_size": [
        870,
        1918
    ],
    "process_time_in_milliseconds": 764
}
