{
    "props": {
        "face_rect": [
            123,
            868,
            565,
            565
        ],
        "kp_eye_left_inner": [
            349,
            1030
        ],
        "kp_eye_left_outer": [
            242,
            1012
        ],
        "kp_eye_right_inner": [
            492,
            1026
        ],
        "kp_eye_right_outer": [
            594,
            1012
        ],
        "kp_mouth_left": [
            527,
            1257
        ],
        "kp_mouth_right": [
            336,
            1266
        ],
        "kp_nose_tip": [
            425,
            1208
        ],
        "kp_under_lip_bottom": [
            434,
            1302
        ],
        "kp_upper_lip_top": [
            434,
            1271
        ],
        "features": [
            3.148657,
            5.190786,
            -1.210373,
            4.579443,
            -1.280293,
            4.603094,
            -3.787002,
            0.38852,
            5.861894,
            -5.962809,
            -2.309728,
            -1.982888,
            1.965671,
            -5.911313,
            8.359104,
            -2.79921,
            -2.638937,
            -2.697127,
            2.843675,
            0.189219,
            5.026672,
            0.874412,
            1.135489,
            7.598203,
            -1.401858,
            -0.862345,
            -3.525755,
            -1.678565,
            5.714113,
            -6.827083,
            3.448122,
            -3.111374,
            -3.364601,
            5.046774,
            -4.575216,
            1.684438,
            -0.541587,
            2.535077,
            3.371944,
            0.934131,
            -0.188187,
            -4.983729,
            8.144972,
            1.67925,
            8.094705,
            -8.247997,
            -3.455272,
            1.100987,
            3.701463,
            3.580711,
            1.194816,
            6.900549,
            -4.926037,
            1.450622,
            -1.453517,
            -3.612512,
            -3.015215,
            2.879657,
            -0.739477,
            3.049509
        ]
    },
    "image_size": [
        870,
        1918
    ],
    "process_time_in_milliseconds": 857
}
