{
    "props": {
        "face_rect": [
            189,
            631,
            519,
            519
        ],
        "kp_eye_left_inner": [
            388,
            767
        ],
        "kp_eye_left_outer": [
            287,
            771
        ],
        "kp_eye_right_inner": [
            511,
            762
        ],
        "kp_eye_right_outer": [
            608,
            757
        ],
        "kp_mouth_left": [
            553,
            996
        ],
        "kp_mouth_right": [
            351,
            1005
        ],
        "kp_nose_tip": [
            452,
            835
        ],
        "kp_under_lip_bottom": [
            452,
            1023
        ],
        "kp_upper_lip_top": [
            452,
            955
        ],
        "features": [
            3.342328,
            4.722002,
            7.145709,
            -4.905856,
            4.863362,
            1.445773,
            -6.33617,
            1.831571,
            1.215037,
            6.292461,
            -8.6366,
            -8.142732,
            -4.178509,
            7.155362,
            5.85368,
            -12.092602,
            -5.268697,
            3.788936,
            5.677138,
            -1.480067,
            -3.106781,
            3.572301,
            -9.5054,
            -7.153693,
            6.487999,
            3.47224,
            -1.031283,
            -0.235268,
            6.892334,
            1.717442,
            -0.154097,
            3.369874,
            -2.270472,
            -2.882756,
            -3.001543,
            3.635096,
            3.175735,
            4.767217,
            -0.995062,
            3.997654,
            -2.082917,
            -5.457496,
            -7.71173,
            2.770499,
            5.242093,
            8.600199,
            4.44763,
            3.870814,
            -6.44479,
            -2.797066,
            6.303977,
            -1.723714,
            0.535323,
            -0.299685,
            -0.019054,
            2.578697,
            -2.913761,
            0.477791,
            -1.707622,
            3.222118
        ]
    },
    "image_size": [
        870,
        1918
    ],
    "process_time_in_milliseconds": 768
}
