{
    "props": {
        "face_rect": [
            150,
            756,
            591,
            591
        ],
        "kp_eye_left_inner": [
            373,
            906
        ],
        "kp_eye_left_outer": [
            265,
            906
        ],
        "kp_eye_right_inner": [
            510,
            902
        ],
        "kp_eye_right_outer": [
            613,
            897
        ],
        "kp_mouth_left": [
            554,
            1141
        ],
        "kp_mouth_right": [
            358,
            1151
        ],
        "kp_nose_tip": [
            446,
            1029
        ],
        "kp_under_lip_bottom": [
            461,
            1185
        ],
        "kp_upper_lip_top": [
            451,
            1127
        ],
        "features": [
            5.863566,
            6.21877,
            -2.270609,
            4.707638,
            -0.947799,
            7.191713,
            0.68286,
            -0.356872,
            4.78688,
            -6.912933,
            0.348952,
            -2.210218,
            1.398409,
            -4.400156,
            8.272608,
            -3.619197,
            0.345267,
            -0.929376,
            3.714976,
            2.081892,
            3.993083,
            3.090105,
            1.25352,
            6.543289,
            -4.402813,
            0.326198,
            -5.896617,
            -2.078602,
            6.489227,
            -7.476893,
            0.875127,
            -5.854022,
            -2.276386,
            4.566046,
            -2.657995,
            0.708625,
            0.230673,
            2.874883,
            0.030384,
            -1.027934,
            -1.496165,
            -2.436111,
            8.413668,
            0.168145,
            6.148944,
            -7.094257,
            -4.187715,
            0.527489,
            6.021737,
            1.430556,
            -0.690367,
            6.516611,
            -4.803531,
            2.750217,
            1.301113,
            -4.85724,
            -2.599943,
            4.064035,
            -1.273951,
            4.493061
        ]
    },
    "image_size": [
        870,
        1918
    ],
    "process_time_in_milliseconds": 787
}
