{
    "props": {
        "face_rect": [
            108,
            460,
            476,
            476
        ],
        "kp_eye_left_inner": [
            319,
            586
        ],
        "kp_eye_left_outer": [
            267,
            564
        ],
        "kp_eye_right_inner": [
            404,
            612
        ],
        "kp_eye_right_outer": [
            471,
            638
        ],
        "kp_mouth_left": [
            360,
            787
        ],
        "kp_mouth_right": [
            244,
            742
        ],
        "kp_nose_tip": [
            315,
            664
        ],
        "kp_under_lip_bottom": [
            289,
            787
        ],
        "kp_upper_lip_top": [
            296,
            742
        ],
        "features": [
            1.227982,
            7.621334,
            -1.186775,
            -2.091066,
            4.456831,
            -3.231246,
            1.117942,
            3.070186,
            6.448475,
            -7.119803,
            3.599667,
            -4.795271,
            6.763897,
            -2.803479,
            2.766841,
            -3.100029,
            -1.73074,
            8.461147,
            -7.600657,
            4.497876,
            7.278234,
            -7.361775,
            8.462738,
            1.204638,
            -0.589061,
            2.679425,
            -7.732136,
            3.230407,
            -2.054437,
            -5.10346,
            -0.306847,
            3.920391,
            -0.686919,
            1.993116,
            -3.410047,
            4.17832,
            -0.094518,
            -0.678902,
            -1.326007,
            -4.766032,
            -0.245863,
            -0.339834,
            -1.828069,
            -0.851187,
            8.159402,
            -3.70168,
            -2.011829,
            -1.629092,
            2.128896,
            -1.297956,
            3.334417,
            11.060493,
            3.609331,
            4.729013,
            0.906792,
            -4.101086,
            -2.835683,
            0.678565,
            -1.091287,
            0.817368
        ]
    },
    "image_size": [
        720,
        1280
    ],
    "process_time_in_milliseconds": 1500
}
