{
    "props": {
        "face_rect": [
            130,
            751,
            573,
            573
        ],
        "kp_eye_left_inner": [
            350,
            897
        ],
        "kp_eye_left_outer": [
            237,
            902
        ],
        "kp_eye_right_inner": [
            483,
            897
        ],
        "kp_eye_right_outer": [
            586,
            888
        ],
        "kp_mouth_left": [
            522,
            1133
        ],
        "kp_mouth_right": [
            331,
            1143
        ],
        "kp_nose_tip": [
            414,
            1001
        ],
        "kp_under_lip_bottom": [
            429,
            1173
        ],
        "kp_upper_lip_top": [
            419,
            1109
        ],
        "features": [
            5.284554,
            7.311526,
            -1.391634,
            5.237377,
            -0.361174,
            7.155209,
            -0.102627,
            1.151872,
            4.089271,
            -7.769242,
            0.431484,
            -3.37376,
            2.502138,
            -4.422851,
            8.681825,
            -3.945578,
            0.191276,
            -0.112039,
            2.171921,
            1.602859,
            3.879326,
            2.463379,
            0.611832,
            4.796101,
            -6.103259,
            0.387193,
            -5.99888,
            -0.997164,
            7.138678,
            -8.435013,
            0.277134,
            -3.444229,
            -1.155408,
            5.052495,
            -3.201318,
            0.107038,
            -0.802991,
            3.953502,
            0.208702,
            -1.724669,
            -0.191492,
            -2.485064,
            6.417376,
            -0.88096,
            5.585345,
            -7.003033,
            -4.530946,
            -0.347748,
            6.160055,
            -0.17157,
            0.066314,
            6.534194,
            -4.811858,
            2.642029,
            0.917105,
            -4.72331,
            -1.633741,
            3.314778,
            -1.18991,
            4.652313
        ]
    },
    "image_size": [
        870,
        1918
    ],
    "process_time_in_milliseconds": 743
}
