{
    "props": {
        "face_rect": [
            116,
            760,
            594,
            594
        ],
        "kp_eye_left_inner": [
            340,
            910
        ],
        "kp_eye_left_outer": [
            233,
            915
        ],
        "kp_eye_right_inner": [
            476,
            905
        ],
        "kp_eye_right_outer": [
            583,
            905
        ],
        "kp_mouth_left": [
            524,
            1148
        ],
        "kp_mouth_right": [
            326,
            1163
        ],
        "kp_nose_tip": [
            413,
            1027
        ],
        "kp_under_lip_bottom": [
            427,
            1197
        ],
        "kp_upper_lip_top": [
            418,
            1133
        ],
        "features": [
            5.140584,
            6.912858,
            -2.130367,
            4.5534,
            0.075127,
            7.161615,
            0.516308,
            0.245223,
            4.847452,
            -7.688201,
            -0.006225,
            -2.519022,
            1.686851,
            -4.20811,
            8.239477,
            -4.102131,
            -0.953511,
            -0.669245,
            2.53219,
            1.437547,
            4.615531,
            3.159972,
            0.673182,
            7.177902,
            -4.072701,
            1.330583,
            -6.025048,
            -1.635072,
            6.249894,
            -8.391146,
            0.453436,
            -4.886379,
            -1.478661,
            4.869347,
            -2.041896,
            0.886105,
            0.483474,
            2.541004,
            0.163316,
            -1.379058,
            -1.25318,
            -2.1657,
            7.664391,
            -0.136998,
            5.820971,
            -7.307177,
            -4.104921,
            0.412781,
            5.978682,
            0.731128,
            -0.903832,
            6.878181,
            -3.559476,
            3.14518,
            0.656995,
            -5.046716,
            -3.286061,
            4.235038,
            -1.070513,
            4.600615
        ]
    },
    "image_size": [
        870,
        1918
    ],
    "process_time_in_milliseconds": 797
}
