{
    "props": {
        "face_rect": [
            203,
            606,
            477,
            477
        ],
        "kp_eye_left_inner": [
            382,
            736
        ],
        "kp_eye_left_outer": [
            287,
            745
        ],
        "kp_eye_right_inner": [
            501,
            726
        ],
        "kp_eye_right_outer": [
            592,
            731
        ],
        "kp_mouth_left": [
            549,
            950
        ],
        "kp_mouth_right": [
            349,
            950
        ],
        "kp_nose_tip": [
            444,
            779
        ],
        "kp_under_lip_bottom": [
            444,
            969
        ],
        "kp_upper_lip_top": [
            444,
            898
        ],
        "features": [
            3.10599,
            5.382845,
            7.094533,
            -6.967328,
            4.038677,
            1.025331,
            -5.871406,
            0.865092,
            2.563775,
            6.086551,
            -8.813811,
            -6.67344,
            -4.273028,
            6.536154,
            6.890713,
            -10.385071,
            -5.254317,
            2.2426,
            6.673865,
            -0.692626,
            -3.895377,
            4.009816,
            -8.189942,
            -7.100678,
            8.675749,
            3.881789,
            -0.403068,
            0.716309,
            7.875796,
            1.787371,
            0.19855,
            2.580941,
            -2.527738,
            -1.825984,
            -3.614608,
            3.660357,
            1.994109,
            5.845289,
            -1.589714,
            4.662891,
            -2.124488,
            -5.714649,
            -7.401323,
            1.78828,
            4.565516,
            9.279519,
            5.007142,
            2.658275,
            -7.891236,
            -3.064364,
            5.134374,
            -2.572581,
            -0.475685,
            0.761797,
            -0.533888,
            2.503217,
            -1.819932,
            -0.434208,
            -2.605588,
            3.106067
        ]
    },
    "image_size": [
        870,
        1918
    ],
    "process_time_in_milliseconds": 765
}
