{
    "props": {
        "face_rect": [
            141,
            592,
            553,
            553
        ],
        "kp_eye_left_inner": [
            349,
            702
        ],
        "kp_eye_left_outer": [
            247,
            793
        ],
        "kp_eye_right_inner": [
            500,
            772
        ],
        "kp_eye_right_outer": [
            580,
            783
        ],
        "kp_mouth_left": [
            532,
            982
        ],
        "kp_mouth_right": [
            311,
            982
        ],
        "kp_nose_tip": [
            414,
            767
        ],
        "kp_under_lip_bottom": [
            424,
            993
        ],
        "kp_upper_lip_top": [
            419,
            923
        ],
        "features": [
            1.900823,
            3.515235,
            -1.074036,
            3.37548,
            -0.169795,
            4.924612,
            -0.14476,
            0.215061,
            2.917172,
            -8.000021,
            -1.863532,
            -0.398107,
            3.32182,
            -0.906222,
            4.449646,
            -0.958273,
            -3.720213,
            -1.788449,
            -1.595481,
            -1.634728,
            1.671295,
            6.841002,
            -2.398285,
            5.078445,
            -0.935906,
            1.615571,
            -0.972314,
            -0.654677,
            3.144724,
            -4.310883,
            3.086034,
            -6.029924,
            0.703454,
            2.29172,
            -1.458317,
            -0.570315,
            0.455754,
            0.435876,
            2.088656,
            2.366508,
            0.867064,
            2.314787,
            5.309418,
            -0.440233,
            5.084177,
            -1.913965,
            -0.749689,
            3.046142,
            7.467338,
            0.853547,
            -2.342215,
            8.379089,
            1.750716,
            -0.415307,
            -3.273532,
            -0.251624,
            -2.327844,
            1.023901,
            1.714625,
            5.054456
        ]
    },
    "image_size": [
        870,
        1918
    ],
    "process_time_in_milliseconds": 722
}
