{
    "props": {
        "face_rect": [
            70,
            624,
            552,
            552
        ],
        "kp_eye_left_inner": [
            291,
            772
        ],
        "kp_eye_left_outer": [
            216,
            777
        ],
        "kp_eye_right_inner": [
            420,
            758
        ],
        "kp_eye_right_outer": [
            534,
            743
        ],
        "kp_mouth_left": [
            445,
            1011
        ],
        "kp_mouth_right": [
            251,
            1016
        ],
        "kp_nose_tip": [
            316,
            857
        ],
        "kp_under_lip_bottom": [
            341,
            1046
        ],
        "kp_upper_lip_top": [
            331,
            966
        ],
        "features": [
            1.915135,
            5.026206,
            5.814234,
            -5.571344,
            3.906663,
            2.481645,
            -5.966009,
            1.330798,
            0.686049,
            5.624406,
            -8.565291,
            -7.195225,
            -5.249557,
            6.5613,
            5.318864,
            -11.071372,
            -6.797461,
            3.908686,
            4.815042,
            -1.096995,
            -1.981477,
            4.444712,
            -10.775676,
            -6.87483,
            7.666997,
            2.378689,
            -1.443863,
            -0.793981,
            6.269274,
            0.735915,
            0.4089,
            2.209497,
            -2.486003,
            -2.25603,
            -2.174917,
            3.685275,
            3.914596,
            2.547517,
            -1.080138,
            2.767828,
            -2.289287,
            -4.224952,
            -8.542546,
            4.015258,
            3.437433,
            8.369826,
            4.759159,
            4.655267,
            -7.856139,
            -4.881296,
            5.243496,
            -2.717733,
            1.010998,
            -0.619034,
            0.264092,
            2.415071,
            -5.011779,
            1.521797,
            -0.989795,
            1.723188
        ]
    },
    "image_size": [
        870,
        1918
    ],
    "process_time_in_milliseconds": 823
}
