{
    "props": {
        "face_rect": [
            165,
            627,
            562,
            562
        ],
        "kp_eye_left_inner": [
            383,
            768
        ],
        "kp_eye_left_outer": [
            281,
            768
        ],
        "kp_eye_right_inner": [
            514,
            763
        ],
        "kp_eye_right_outer": [
            617,
            758
        ],
        "kp_mouth_left": [
            552,
            1011
        ],
        "kp_mouth_right": [
            346,
            1015
        ],
        "kp_nose_tip": [
            444,
            866
        ],
        "kp_under_lip_bottom": [
            449,
            1053
        ],
        "kp_upper_lip_top": [
            449,
            983
        ],
        "features": [
            2.960977,
            5.136241,
            5.655893,
            -6.025636,
            3.971934,
            1.101655,
            -5.811697,
            2.580004,
            -0.4761,
            5.673495,
            -7.42826,
            -7.611485,
            -5.017834,
            8.315085,
            3.956207,
            -11.027282,
            -4.606844,
            4.345484,
            2.756943,
            -0.953856,
            -1.698187,
            2.83764,
            -10.229353,
            -7.102463,
            7.812994,
            3.007695,
            -2.191038,
            0.809223,
            6.637989,
            0.893074,
            -0.201874,
            3.335845,
            -2.011359,
            -4.286027,
            -1.889557,
            3.965002,
            2.322675,
            3.576968,
            -0.409233,
            2.853678,
            -3.744285,
            -6.96126,
            -10.420603,
            3.280822,
            3.886554,
            7.665239,
            4.810909,
            4.587577,
            -7.956853,
            -1.763756,
            5.254082,
            0.162072,
            2.750923,
            -0.371358,
            1.715815,
            2.420537,
            -5.242008,
            0.978206,
            -2.517557,
            1.260057
        ]
    },
    "image_size": [
        870,
        1918
    ],
    "process_time_in_milliseconds": 1543
}
