{
    "props": {
        "face_rect": [
            39,
            756,
            569,
            569
        ],
        "kp_eye_left_inner": [
            267,
            901
        ],
        "kp_eye_left_outer": [
            182,
            906
        ],
        "kp_eye_right_inner": [
            397,
            891
        ],
        "kp_eye_right_outer": [
            512,
            881
        ],
        "kp_mouth_left": [
            437,
            1136
        ],
        "kp_mouth_right": [
            242,
            1141
        ],
        "kp_nose_tip": [
            292,
            1006
        ],
        "kp_under_lip_bottom": [
            327,
            1181
        ],
        "kp_upper_lip_top": [
            312,
            1121
        ],
        "features": [
            7.178079,
            8.493955,
            -1.670461,
            4.507837,
            0.901154,
            7.467537,
            2.485478,
            0.313945,
            2.424532,
            -7.406366,
            -1.505585,
            -2.239826,
            1.676774,
            -2.436802,
            7.334985,
            -2.43226,
            0.877701,
            -0.179281,
            4.496552,
            2.749528,
            4.141359,
            2.287701,
            -0.2854,
            7.292271,
            -4.64763,
            -0.798405,
            -5.687109,
            -1.339812,
            5.958827,
            -7.650678,
            -1.070958,
            -3.584572,
            0.475937,
            5.984264,
            -2.28325,
            0.190215,
            0.488742,
            3.021327,
            -1.184984,
            -2.398429,
            2.047547,
            -1.350284,
            7.549394,
            -0.873729,
            3.816289,
            -4.963414,
            -5.27088,
            0.935732,
            5.309404,
            0.08155,
            -1.389502,
            6.788324,
            -3.411503,
            3.832752,
            2.069254,
            -5.990818,
            -2.869894,
            3.35911,
            -2.827739,
            5.36944
        ]
    },
    "image_size": [
        870,
        1918
    ],
    "process_time_in_milliseconds": 836
}
