{
    "props": {
        "face_rect": [
            156,
            647,
            564,
            564
        ],
        "kp_eye_left_inner": [
            373,
            793
        ],
        "kp_eye_left_outer": [
            271,
            793
        ],
        "kp_eye_right_inner": [
            504,
            784
        ],
        "kp_eye_right_outer": [
            606,
            779
        ],
        "kp_mouth_left": [
            541,
            1035
        ],
        "kp_mouth_right": [
            341,
            1045
        ],
        "kp_nose_tip": [
            434,
            891
        ],
        "kp_under_lip_bottom": [
            443,
            1073
        ],
        "kp_upper_lip_top": [
            443,
            998
        ],
        "features": [
            2.406885,
            4.093499,
            6.583959,
            -4.853408,
            4.5066,
            0.7621,
            -5.733153,
            1.970056,
            -0.332644,
            5.51051,
            -7.442234,
            -8.318093,
            -3.463548,
            7.398713,
            5.502995,
            -11.44264,
            -5.603757,
            4.538214,
            3.884037,
            0.605391,
            -2.112094,
            2.757126,
            -10.703051,
            -7.876162,
            5.718402,
            2.087353,
            -1.346564,
            -0.942435,
            7.046556,
            1.914623,
            -0.08596,
            3.011467,
            -2.557827,
            -2.809622,
            -2.120439,
            3.442481,
            3.147188,
            3.825161,
            -0.559242,
            3.087905,
            -2.307909,
            -5.73089,
            -9.376472,
            2.977252,
            5.093069,
            7.875099,
            4.615924,
            3.845691,
            -7.407749,
            -3.771094,
            6.106339,
            -1.174583,
            1.078369,
            -1.022041,
            0.754958,
            3.389997,
            -3.597161,
            1.199542,
            -1.661746,
            2.123119
        ]
    },
    "image_size": [
        870,
        1918
    ],
    "process_time_in_milliseconds": 733
}
