{
    "props": {
        "face_rect": [
            191,
            624,
            511,
            511
        ],
        "kp_eye_left_inner": [
            385,
            757
        ],
        "kp_eye_left_outer": [
            284,
            762
        ],
        "kp_eye_right_inner": [
            510,
            753
        ],
        "kp_eye_right_outer": [
            602,
            753
        ],
        "kp_mouth_left": [
            547,
            983
        ],
        "kp_mouth_right": [
            348,
            993
        ],
        "kp_nose_tip": [
            450,
            822
        ],
        "kp_under_lip_bottom": [
            450,
            1011
        ],
        "kp_upper_lip_top": [
            450,
            942
        ],
        "features": [
            3.268725,
            4.455543,
            6.845856,
            -4.184894,
            5.174703,
            1.833965,
            -6.232791,
            1.49858,
            1.270055,
            5.868785,
            -8.347629,
            -8.712049,
            -5.00104,
            7.371158,
            5.866573,
            -12.342176,
            -5.135781,
            4.660307,
            5.1607,
            -1.570172,
            -2.623356,
            3.72858,
            -9.30204,
            -7.142268,
            5.849829,
            3.790195,
            -0.71257,
            -0.133197,
            6.845704,
            1.95706,
            -0.000163,
            3.385047,
            -2.127939,
            -3.162554,
            -3.072567,
            3.992326,
            3.190525,
            5.021899,
            -0.254616,
            3.472983,
            -2.189719,
            -5.958958,
            -8.823219,
            3.245887,
            5.362607,
            8.539072,
            4.525863,
            4.220698,
            -5.74902,
            -3.097277,
            6.720455,
            -1.474026,
            0.739131,
            0.103394,
            0.953611,
            3.21283,
            -2.820876,
            0.977204,
            -1.53315,
            2.67536
        ]
    },
    "image_size": [
        870,
        1918
    ],
    "process_time_in_milliseconds": 729
}
