{
    "props": {
        "face_rect": [
            176,
            464,
            289,
            289
        ],
        "kp_eye_left_inner": [
            283,
            540
        ],
        "kp_eye_left_outer": [
            233,
            549
        ],
        "kp_eye_right_inner": [
            366,
            535
        ],
        "kp_eye_right_outer": [
            425,
            543
        ],
        "kp_mouth_left": [
            380,
            669
        ],
        "kp_mouth_right": [
            260,
            669
        ],
        "kp_nose_tip": [
            313,
            552
        ],
        "kp_under_lip_bottom": [
            316,
            677
        ],
        "kp_upper_lip_top": [
            316,
            627
        ],
        "features": [
            4.523498,
            11.49104,
            0.952452,
            -1.383504,
            5.636322,
            -4.66864,
            -0.45011,
            0.933096,
            7.301395,
            -6.076092,
            1.943546,
            -2.66935,
            8.148325,
            0.316034,
            2.914747,
            -2.047306,
            0.602536,
            7.066125,
            -5.986675,
            7.400846,
            4.411685,
            -5.945275,
            7.862714,
            3.913292,
            -3.617567,
            2.460191,
            -9.821786,
            4.764911,
            -1.568653,
            -5.252131,
            -0.781055,
            5.975963,
            1.146793,
            4.510912,
            -4.572943,
            0.407991,
            2.84586,
            1.152423,
            -1.801911,
            -4.165794,
            5.197826,
            -1.291699,
            0.298745,
            -2.068833,
            9.094126,
            -3.537452,
            -1.145852,
            -3.412462,
            2.512636,
            -0.503373,
            5.226346,
            10.810195,
            1.028577,
            5.894516,
            -0.793198,
            -3.222957,
            -1.018636,
            1.233521,
            -0.075241,
            0.496477
        ]
    },
    "image_size": [
        720,
        1280
    ],
    "process_time_in_milliseconds": 713
}
