{
    "props": {
        "face_rect": [
            35,
            753,
            564,
            564
        ],
        "kp_eye_left_inner": [
            260,
            899
        ],
        "kp_eye_left_outer": [
            180,
            904
        ],
        "kp_eye_right_inner": [
            390,
            889
        ],
        "kp_eye_right_outer": [
            510,
            884
        ],
        "kp_mouth_left": [
            435,
            1134
        ],
        "kp_mouth_right": [
            240,
            1139
        ],
        "kp_nose_tip": [
            285,
            999
        ],
        "kp_under_lip_bottom": [
            320,
            1174
        ],
        "kp_upper_lip_top": [
            305,
            1109
        ],
        "features": [
            6.9012,
            8.524826,
            -2.083232,
            4.577092,
            1.039498,
            7.287631,
            1.790475,
            0.540746,
            2.580883,
            -7.709949,
            -2.29011,
            -2.260859,
            2.110897,
            -1.937228,
            8.005748,
            -2.867629,
            0.901976,
            -0.299786,
            3.907776,
            1.617892,
            4.479949,
            2.418204,
            0.230752,
            6.585011,
            -4.809916,
            -0.807979,
            -5.205582,
            -1.942001,
            5.926477,
            -6.939095,
            -0.668676,
            -3.706452,
            -0.118871,
            5.228321,
            -2.770053,
            0.145723,
            0.2042,
            2.130807,
            -0.51002,
            -2.146954,
            2.049266,
            -1.353032,
            7.553479,
            -0.214225,
            4.141912,
            -4.695778,
            -5.473897,
            0.648055,
            5.340065,
            -0.264161,
            -1.009782,
            6.819362,
            -3.291685,
            3.05952,
            1.824257,
            -5.361604,
            -2.453493,
            3.592605,
            -2.595202,
            5.556952
        ]
    },
    "image_size": [
        870,
        1918
    ],
    "process_time_in_milliseconds": 1036
}
