{
    "props": {
        "face_rect": [
            5,
            603,
            587,
            587
        ],
        "kp_eye_left_inner": [
            256,
            764
        ],
        "kp_eye_left_outer": [
            199,
            770
        ],
        "kp_eye_right_inner": [
            386,
            759
        ],
        "kp_eye_right_outer": [
            495,
            754
        ],
        "kp_mouth_left": [
            396,
            1019
        ],
        "kp_mouth_right": [
            193,
            1009
        ],
        "kp_nose_tip": [
            266,
            848
        ],
        "kp_under_lip_bottom": [
            277,
            1040
        ],
        "kp_upper_lip_top": [
            277,
            973
        ],
        "features": [
            1.921188,
            4.988197,
            5.69948,
            -5.454815,
            4.358012,
            1.128795,
            -5.624721,
            0.354971,
            0.811108,
            6.121243,
            -8.91508,
            -6.334251,
            -3.255984,
            7.099624,
            4.973541,
            -11.156793,
            -6.439121,
            3.325663,
            4.96514,
            0.307321,
            -2.232403,
            4.403211,
            -10.751498,
            -6.190349,
            8.456985,
            2.091077,
            0.144608,
            -1.175234,
            6.18952,
            1.260353,
            -0.005624,
            3.510917,
            -1.284578,
            -1.980842,
            -2.466756,
            3.486186,
            2.98723,
            1.834237,
            -0.34127,
            2.136484,
            -1.904291,
            -3.745301,
            -7.288787,
            4.672303,
            3.142665,
            8.650092,
            3.719651,
            3.862046,
            -7.666863,
            -4.212537,
            4.983827,
            -1.043806,
            1.269103,
            -0.381503,
            0.71516,
            2.310107,
            -4.880042,
            1.015231,
            -0.539889,
            1.275617
        ]
    },
    "image_size": [
        870,
        1918
    ],
    "process_time_in_milliseconds": 783
}
