{
    "props": {
        "face_rect": [
            151,
            756,
            589,
            589
        ],
        "kp_eye_left_inner": [
            371,
            906
        ],
        "kp_eye_left_outer": [
            268,
            906
        ],
        "kp_eye_right_inner": [
            508,
            902
        ],
        "kp_eye_right_outer": [
            611,
            897
        ],
        "kp_mouth_left": [
            557,
            1141
        ],
        "kp_mouth_right": [
            356,
            1151
        ],
        "kp_nose_tip": [
            444,
            1029
        ],
        "kp_under_lip_bottom": [
            459,
            1185
        ],
        "kp_upper_lip_top": [
            454,
            1127
        ],
        "features": [
            5.780385,
            6.518777,
            -2.22546,
            4.469323,
            -0.995512,
            7.319321,
            0.828779,
            -0.634087,
            4.907732,
            -6.991349,
            0.518381,
            -2.614596,
            1.474222,
            -4.478676,
            8.247063,
            -3.566221,
            0.150933,
            -0.718827,
            3.832302,
            2.35083,
            3.841342,
            3.138213,
            0.974647,
            6.374036,
            -4.319909,
            0.484002,
            -6.317932,
            -2.066953,
            6.557648,
            -7.659591,
            0.736473,
            -5.787919,
            -2.094387,
            4.512516,
            -2.669559,
            0.789445,
            0.499351,
            2.823671,
            -0.041798,
            -1.405332,
            -1.564385,
            -2.354356,
            8.1214,
            0.214382,
            6.040236,
            -6.852909,
            -4.176335,
            0.480351,
            5.936439,
            1.072503,
            -0.790797,
            6.417068,
            -4.653642,
            2.836492,
            1.514737,
            -5.006215,
            -2.644964,
            4.116805,
            -1.270575,
            4.336035
        ]
    },
    "image_size": [
        870,
        1918
    ],
    "process_time_in_milliseconds": 744
}
