{
    "props": {
        "face_rect": [
            136,
            764,
            564,
            564
        ],
        "kp_eye_left_inner": [
            351,
            901
        ],
        "kp_eye_left_outer": [
            251,
            906
        ],
        "kp_eye_right_inner": [
            486,
            901
        ],
        "kp_eye_right_outer": [
            591,
            896
        ],
        "kp_mouth_left": [
            531,
            1136
        ],
        "kp_mouth_right": [
            331,
            1146
        ],
        "kp_nose_tip": [
            411,
            1021
        ],
        "kp_under_lip_bottom": [
            426,
            1181
        ],
        "kp_upper_lip_top": [
            421,
            1121
        ],
        "features": [
            4.762174,
            5.862095,
            -3.199461,
            4.526337,
            0.05693,
            7.069932,
            0.895639,
            0.436126,
            4.114782,
            -8.12161,
            0.468442,
            -2.6794,
            1.945236,
            -4.646108,
            8.872948,
            -4.405028,
            0.652108,
            -0.501516,
            2.015319,
            1.683243,
            4.743334,
            3.110541,
            1.970667,
            6.034296,
            -4.755012,
            0.351039,
            -5.776781,
            -2.019399,
            7.013125,
            -7.558616,
            0.432858,
            -5.465463,
            -1.98748,
            4.110694,
            -2.409759,
            0.272055,
            -0.307304,
            2.553407,
            -0.147044,
            -1.988293,
            -2.031867,
            -2.23246,
            8.207921,
            0.405046,
            5.909151,
            -7.507034,
            -5.071746,
            0.828898,
            6.352347,
            0.67874,
            -1.494075,
            7.371325,
            -4.325781,
            2.607041,
            1.759931,
            -4.432033,
            -2.657201,
            3.650099,
            -1.488024,
            4.530053
        ]
    },
    "image_size": [
        870,
        1918
    ],
    "process_time_in_milliseconds": 743
}
