{
    "props": {
        "face_rect": [
            284,
            633,
            549,
            549
        ],
        "kp_eye_left_inner": [
            486,
            768
        ],
        "kp_eye_left_outer": [
            378,
            763
        ],
        "kp_eye_right_inner": [
            619,
            778
        ],
        "kp_eye_right_outer": [
            698,
            778
        ],
        "kp_mouth_left": [
            644,
            1019
        ],
        "kp_mouth_right": [
            452,
            1019
        ],
        "kp_nose_tip": [
            589,
            861
        ],
        "kp_under_lip_bottom": [
            565,
            1044
        ],
        "kp_upper_lip_top": [
            575,
            980
        ],
        "features": [
            2.746664,
            5.694067,
            7.097559,
            -6.295271,
            4.79373,
            -0.248181,
            -6.793812,
            1.194871,
            0.538355,
            4.808828,
            -7.049706,
            -6.997916,
            -3.661167,
            8.770921,
            4.709207,
            -10.147212,
            -6.09197,
            2.938474,
            4.874022,
            0.622295,
            -2.34537,
            3.21921,
            -10.918446,
            -8.804531,
            7.18145,
            2.480299,
            -0.767948,
            0.177278,
            7.310869,
            3.455154,
            0.056471,
            2.069726,
            -2.289049,
            -2.072511,
            -1.502349,
            3.365157,
            3.839796,
            3.072102,
            -0.527215,
            3.718331,
            -1.319859,
            -4.81169,
            -9.645926,
            2.736792,
            5.519575,
            9.285404,
            4.830615,
            3.907741,
            -7.364213,
            -3.748559,
            5.965648,
            -1.737667,
            0.89186,
            -0.718241,
            -0.968044,
            3.066648,
            -2.684776,
            -1.358979,
            -1.630634,
            2.259325
        ]
    },
    "image_size": [
        870,
        1918
    ],
    "process_time_in_milliseconds": 843
}
