{
    "props": {
        "face_rect": [
            177,
            627,
            524,
            524
        ],
        "kp_eye_left_inner": [
            377,
            763
        ],
        "kp_eye_left_outer": [
            274,
            772
        ],
        "kp_eye_right_inner": [
            502,
            759
        ],
        "kp_eye_right_outer": [
            596,
            759
        ],
        "kp_mouth_left": [
            542,
            995
        ],
        "kp_mouth_right": [
            341,
            1000
        ],
        "kp_nose_tip": [
            439,
            830
        ],
        "kp_under_lip_bottom": [
            444,
            1022
        ],
        "kp_upper_lip_top": [
            444,
            955
        ],
        "features": [
            3.346357,
            4.864843,
            7.15562,
            -5.267977,
            4.063511,
            1.637065,
            -5.973201,
            0.949829,
            1.099563,
            5.303062,
            -8.135803,
            -8.079105,
            -4.152892,
            7.192405,
            5.793626,
            -10.714659,
            -5.282102,
            3.716768,
            5.81848,
            -0.329126,
            -3.074976,
            3.997018,
            -8.954382,
            -7.355732,
            6.862812,
            2.933643,
            -1.284642,
            0.008637,
            7.525296,
            1.994391,
            -0.256349,
            2.252699,
            -2.317608,
            -2.299945,
            -3.088317,
            4.006391,
            3.026393,
            4.776103,
            -1.596255,
            3.578857,
            -2.040478,
            -4.862719,
            -8.520059,
            2.82954,
            5.870567,
            9.394703,
            5.356036,
            4.121845,
            -7.013232,
            -3.680647,
            5.662336,
            -1.595673,
            0.363313,
            -0.379265,
            0.483882,
            2.815789,
            -2.796412,
            0.638224,
            -1.874024,
            3.03148
        ]
    },
    "image_size": [
        870,
        1918
    ],
    "process_time_in_milliseconds": 753
}
