{
    "props": {
        "face_rect": [
            371,
            641,
            507,
            507
        ],
        "kp_eye_left_inner": [
            568,
            760
        ],
        "kp_eye_left_outer": [
            457,
            739
        ],
        "kp_eye_right_inner": [
            684,
            776
        ],
        "kp_eye_right_outer": [
            747,
            792
        ],
        "kp_mouth_left": [
            700,
            1013
        ],
        "kp_mouth_right": [
            526,
            997
        ],
        "kp_nose_tip": [
            678,
            850
        ],
        "kp_under_lip_bottom": [
            626,
            1029
        ],
        "kp_upper_lip_top": [
            636,
            966
        ],
        "features": [
            3.632985,
            4.243791,
            6.7278,
            -4.897396,
            6.040006,
            -0.741637,
            -6.035289,
            -0.453281,
            2.768287,
            6.627208,
            -10.42918,
            -6.138991,
            -2.302651,
            5.189988,
            4.753788,
            -11.498626,
            -7.00146,
            3.380386,
            5.745119,
            2.18386,
            -1.974532,
            1.421461,
            -9.546866,
            -6.181079,
            7.935369,
            3.465574,
            1.522952,
            -1.404204,
            5.617454,
            3.123365,
            -0.984546,
            4.402086,
            -0.289014,
            -0.782619,
            -1.300865,
            4.595708,
            2.88845,
            3.595658,
            -0.378777,
            4.904437,
            0.620079,
            -5.336112,
            -8.035942,
            2.433331,
            4.116418,
            9.182695,
            3.415693,
            3.561621,
            -6.847349,
            -4.228927,
            5.04736,
            -2.523006,
            0.157767,
            0.100412,
            -0.112333,
            4.190865,
            -3.710843,
            -0.289408,
            -1.612583,
            3.229274
        ]
    },
    "image_size": [
        870,
        1918
    ],
    "process_time_in_milliseconds": 777
}
