{
    "props": {
        "face_rect": [
            208,
            571,
            471,
            471
        ],
        "kp_eye_left_inner": [
            381,
            700
        ],
        "kp_eye_left_outer": [
            287,
            710
        ],
        "kp_eye_right_inner": [
            504,
            696
        ],
        "kp_eye_right_outer": [
            598,
            696
        ],
        "kp_mouth_left": [
            551,
            913
        ],
        "kp_mouth_right": [
            348,
            913
        ],
        "kp_nose_tip": [
            447,
            738
        ],
        "kp_under_lip_bottom": [
            447,
            927
        ],
        "kp_upper_lip_top": [
            447,
            856
        ],
        "features": [
            2.758739,
            5.742302,
            7.232885,
            -6.494493,
            4.21441,
            0.743262,
            -5.438819,
            1.066509,
            3.33235,
            5.344079,
            -8.907371,
            -6.423132,
            -3.937996,
            6.240237,
            6.856135,
            -11.509187,
            -6.098495,
            2.681556,
            6.716943,
            -0.680896,
            -4.612561,
            4.350339,
            -9.917174,
            -7.687178,
            8.597659,
            3.729221,
            -0.164744,
            0.279744,
            8.039323,
            1.69007,
            0.17798,
            2.694333,
            -2.095468,
            -2.055926,
            -3.157003,
            3.295013,
            2.792508,
            5.943198,
            -1.452326,
            4.772311,
            -1.290259,
            -5.936284,
            -7.499555,
            1.086107,
            4.153638,
            8.952834,
            4.727167,
            3.366799,
            -7.237405,
            -3.289435,
            5.046598,
            -2.395386,
            0.135787,
            1.087931,
            -0.818008,
            2.498102,
            -2.016931,
            -0.681277,
            -2.759878,
            3.15763
        ]
    },
    "image_size": [
        870,
        1918
    ],
    "process_time_in_milliseconds": 754
}
