{
    "props": {
        "face_rect": [
            72,
            450,
            450,
            450
        ],
        "kp_eye_left_inner": [
            227,
            607
        ],
        "kp_eye_left_outer": [
            163,
            635
        ],
        "kp_eye_right_inner": [
            313,
            578
        ],
        "kp_eye_right_outer": [
            370,
            564
        ],
        "kp_mouth_left": [
            388,
            717
        ],
        "kp_mouth_right": [
            274,
            764
        ],
        "kp_nose_tip": [
            292,
            642
        ],
        "kp_under_lip_bottom": [
            345,
            753
        ],
        "kp_upper_lip_top": [
            327,
            710
        ],
        "features": [
            0.139521,
            9.031984,
            -1.511298,
            -6.010592,
            4.837002,
            -3.963565,
            0.250535,
            2.063584,
            6.8239,
            -6.250821,
            2.785274,
            -3.687253,
            8.033912,
            -2.152737,
            3.717257,
            -1.665756,
            0.645672,
            8.263236,
            -6.396681,
            5.22929,
            5.702655,
            -6.416091,
            9.022047,
            1.396058,
            0.439079,
            -0.797858,
            -6.870061,
            7.153221,
            -1.679185,
            -4.98457,
            1.885457,
            4.8126,
            -0.747913,
            2.260047,
            -5.143732,
            2.705776,
            0.914185,
            0.807378,
            -2.761195,
            -5.522502,
            1.407202,
            1.519455,
            1.608916,
            -2.721669,
            8.26515,
            -4.000167,
            -1.643834,
            -0.683594,
            3.513473,
            -0.346018,
            4.757842,
            13.139383,
            3.072516,
            4.36408,
            -0.600175,
            -2.590872,
            -1.667711,
            -2.334264,
            -0.636211,
            0.53897
        ]
    },
    "image_size": [
        720,
        1280
    ],
    "process_time_in_milliseconds": 626
}
