{
    "props": {
        "face_rect": [
            349,
            645,
            506,
            506
        ],
        "kp_eye_left_inner": [
            543,
            760
        ],
        "kp_eye_left_outer": [
            437,
            749
        ],
        "kp_eye_right_inner": [
            661,
            776
        ],
        "kp_eye_right_outer": [
            731,
            786
        ],
        "kp_mouth_left": [
            682,
            1016
        ],
        "kp_mouth_right": [
            485,
            1011
        ],
        "kp_nose_tip": [
            640,
            856
        ],
        "kp_under_lip_bottom": [
            602,
            1032
        ],
        "kp_upper_lip_top": [
            618,
            968
        ],
        "features": [
            2.414751,
            4.90192,
            7.790573,
            -5.475394,
            5.882215,
            0.38386,
            -6.342659,
            1.139365,
            1.266284,
            5.896439,
            -9.992099,
            -8.449513,
            -2.940526,
            6.487976,
            4.891325,
            -10.71457,
            -7.201099,
            3.360379,
            4.839354,
            0.78981,
            -2.500495,
            3.048174,
            -9.640142,
            -7.916588,
            7.618001,
            3.21069,
            0.052947,
            0.153365,
            6.655282,
            2.563101,
            -1.060228,
            4.311856,
            -0.7067,
            -0.970909,
            -1.779298,
            3.648541,
            2.643348,
            3.388363,
            -0.373341,
            4.583334,
            -0.339313,
            -5.482479,
            -9.304003,
            3.069025,
            5.336686,
            10.307459,
            3.716069,
            3.093107,
            -8.039964,
            -4.853898,
            5.299959,
            -2.367667,
            0.374941,
            -0.289397,
            -0.11668,
            3.664997,
            -3.6964,
            -0.921312,
            -1.294711,
            2.281113
        ]
    },
    "image_size": [
        870,
        1918
    ],
    "process_time_in_milliseconds": 739
}
