{
    "props": {
        "face_rect": [
            112,
            772,
            603,
            603
        ],
        "kp_eye_left_inner": [
            343,
            946
        ],
        "kp_eye_left_outer": [
            244,
            941
        ],
        "kp_eye_right_inner": [
            480,
            936
        ],
        "kp_eye_right_outer": [
            588,
            913
        ],
        "kp_mouth_left": [
            527,
            1191
        ],
        "kp_mouth_right": [
            319,
            1205
        ],
        "kp_nose_tip": [
            418,
            1116
        ],
        "kp_under_lip_bottom": [
            432,
            1286
        ],
        "kp_upper_lip_top": [
            428,
            1196
        ],
        "features": [
            -1.183082,
            2.333651,
            6.638654,
            -3.881509,
            4.734445,
            2.078537,
            -2.423409,
            4.19706,
            -0.768029,
            2.994865,
            -7.646326,
            -5.895125,
            -1.849921,
            3.463001,
            2.422571,
            -10.48388,
            -6.472624,
            3.061825,
            -0.396416,
            0.083423,
            0.268475,
            0.984187,
            -9.815453,
            -7.626088,
            3.430352,
            -0.146483,
            0.721619,
            -0.858019,
            5.421001,
            2.584381,
            -0.968926,
            3.208589,
            -3.52564,
            -1.728951,
            1.320374,
            1.794763,
            2.179651,
            0.868986,
            4.460741,
            4.976192,
            -1.645972,
            -11.719548,
            -7.776696,
            2.600215,
            6.376257,
            4.383415,
            2.69142,
            3.697029,
            -5.738928,
            -6.625153,
            3.49681,
            -1.40903,
            2.871515,
            0.436454,
            -1.389873,
            6.575528,
            -5.950809,
            2.292097,
            -2.415102,
            0.213726
        ]
    },
    "image_size": [
        870,
        1918
    ],
    "process_time_in_milliseconds": 862
}
