{
    "props": {
        "face_rect": [
            148,
            580,
            432,
            432
        ],
        "kp_eye_left_inner": [
            315,
            688
        ],
        "kp_eye_left_outer": [
            243,
            674
        ],
        "kp_eye_right_inner": [
            414,
            691
        ],
        "kp_eye_right_outer": [
            486,
            688
        ],
        "kp_mouth_left": [
            414,
            873
        ],
        "kp_mouth_right": [
            295,
            869
        ],
        "kp_nose_tip": [
            360,
            808
        ],
        "kp_under_lip_bottom": [
            360,
            900
        ],
        "kp_upper_lip_top": [
            360,
            866
        ],
        "features": [
            -0.836996,
            6.149398,
            -2.67651,
            -2.625588,
            4.045602,
            -4.715943,
            1.257598,
            1.840483,
            7.386502,
            -7.804594,
            6.258862,
            -3.402436,
            7.1513,
            -5.628635,
            4.152509,
            -3.256675,
            0.184113,
            8.253796,
            -8.330516,
            6.710693,
            5.452973,
            -6.730447,
            8.689067,
            1.130107,
            -0.472003,
            1.381603,
            -8.220585,
            2.326666,
            0.318949,
            -4.334942,
            -1.260515,
            1.994126,
            -2.507684,
            1.37795,
            -2.477495,
            3.757405,
            -0.167964,
            0.258696,
            -1.573499,
            -5.815156,
            -2.324632,
            -2.177242,
            -1.799395,
            -1.793667,
            6.004656,
            -4.338169,
            -2.158345,
            -0.95008,
            1.333515,
            -0.2173,
            0.96128,
            12.323607,
            1.744234,
            4.682242,
            2.60431,
            -2.117919,
            -2.741103,
            0.976229,
            -1.987595,
            -0.020891
        ]
    },
    "image_size": [
        720,
        1280
    ],
    "process_time_in_milliseconds": 1345
}
