{
    "props": {
        "face_rect": [
            348,
            645,
            498,
            498
        ],
        "kp_eye_left_inner": [
            537,
            761
        ],
        "kp_eye_left_outer": [
            428,
            745
        ],
        "kp_eye_right_inner": [
            657,
            776
        ],
        "kp_eye_right_outer": [
            720,
            782
        ],
        "kp_mouth_left": [
            667,
            1006
        ],
        "kp_mouth_right": [
            490,
            1006
        ],
        "kp_nose_tip": [
            641,
            849
        ],
        "kp_under_lip_bottom": [
            600,
            1032
        ],
        "kp_upper_lip_top": [
            610,
            959
        ],
        "features": [
            2.105081,
            4.381642,
            8.119389,
            -5.53797,
            5.790119,
            0.461726,
            -6.146233,
            1.185959,
            1.408842,
            5.951997,
            -9.258333,
            -8.033391,
            -2.722164,
            6.119083,
            5.194849,
            -10.62414,
            -7.245768,
            3.244405,
            5.124353,
            1.149891,
            -2.50702,
            2.520281,
            -10.022639,
            -7.864835,
            7.24122,
            2.6073,
            0.330937,
            -0.276895,
            6.693422,
            3.0999,
            -1.193244,
            3.90528,
            -1.290467,
            -0.900045,
            -1.424361,
            3.780582,
            2.783303,
            3.558236,
            -0.336176,
            4.732606,
            -0.436038,
            -5.445205,
            -8.939812,
            2.90149,
            5.342109,
            10.26126,
            3.924515,
            3.198129,
            -7.982437,
            -5.084636,
            5.295524,
            -2.520998,
            0.068614,
            -0.568569,
            -0.488616,
            3.974525,
            -3.672913,
            -0.886241,
            -1.231715,
            2.403108
        ]
    },
    "image_size": [
        870,
        1918
    ],
    "process_time_in_milliseconds": 757
}
