{
    "props": {
        "face_rect": [
            124,
            774,
            587,
            587
        ],
        "kp_eye_left_inner": [
            346,
            922
        ],
        "kp_eye_left_outer": [
            243,
            917
        ],
        "kp_eye_right_inner": [
            484,
            917
        ],
        "kp_eye_right_outer": [
            587,
            912
        ],
        "kp_mouth_left": [
            523,
            1163
        ],
        "kp_mouth_right": [
            326,
            1173
        ],
        "kp_nose_tip": [
            415,
            1045
        ],
        "kp_under_lip_bottom": [
            430,
            1202
        ],
        "kp_upper_lip_top": [
            425,
            1148
        ],
        "features": [
            5.066508,
            7.196023,
            -0.743676,
            4.49806,
            0.109261,
            7.496479,
            0.318404,
            0.575534,
            4.855423,
            -7.079582,
            0.081969,
            -2.408992,
            2.088734,
            -5.00412,
            8.524758,
            -3.882283,
            0.441209,
            -0.050085,
            3.272246,
            1.91065,
            3.828784,
            3.384269,
            1.018654,
            5.922601,
            -5.024369,
            0.562876,
            -6.25958,
            -1.155585,
            7.093956,
            -8.583545,
            0.11815,
            -4.658446,
            -1.210944,
            4.86527,
            -3.311272,
            -0.684949,
            0.254332,
            3.901959,
            -0.164256,
            -0.970272,
            -1.036114,
            -2.557349,
            7.793363,
            -0.310392,
            5.76931,
            -7.222175,
            -4.485323,
            -0.552357,
            6.049424,
            0.723476,
            -0.690903,
            6.672202,
            -4.722724,
            2.782165,
            1.4499,
            -4.97929,
            -2.292945,
            3.984831,
            -1.665802,
            3.212744
        ]
    },
    "image_size": [
        870,
        1918
    ],
    "process_time_in_milliseconds": 730
}
