{
    "props": {
        "face_rect": [
            363,
            647,
            505,
            505
        ],
        "kp_eye_left_inner": [
            559,
            766
        ],
        "kp_eye_left_outer": [
            445,
            744
        ],
        "kp_eye_right_inner": [
            678,
            788
        ],
        "kp_eye_right_outer": [
            737,
            793
        ],
        "kp_mouth_left": [
            683,
            1009
        ],
        "kp_mouth_right": [
            505,
            1009
        ],
        "kp_nose_tip": [
            667,
            858
        ],
        "kp_under_lip_bottom": [
            607,
            1036
        ],
        "kp_upper_lip_top": [
            640,
            961
        ],
        "features": [
            2.49296,
            4.132404,
            7.664419,
            -4.271154,
            5.550894,
            0.148845,
            -6.668101,
            0.729611,
            2.378823,
            5.842898,
            -10.052612,
            -7.481087,
            -2.579957,
            5.359893,
            5.357821,
            -11.486941,
            -7.167521,
            3.038119,
            5.397085,
            0.362917,
            -2.55432,
            3.048836,
            -9.890847,
            -6.868409,
            7.640409,
            3.510563,
            0.33939,
            -1.119471,
            5.9224,
            2.755208,
            -1.10512,
            4.048541,
            -0.982645,
            -0.891696,
            -1.935473,
            4.524358,
            2.646645,
            3.187807,
            -0.608533,
            4.722272,
            -0.264183,
            -5.077183,
            -8.645392,
            2.606367,
            4.392513,
            9.841111,
            3.995912,
            3.82385,
            -7.688594,
            -4.404405,
            4.62954,
            -2.596643,
            -0.032531,
            -1.177093,
            0.116194,
            3.927415,
            -4.216866,
            0.479605,
            -1.105806,
            3.210207
        ]
    },
    "image_size": [
        870,
        1918
    ],
    "process_time_in_milliseconds": 763
}
