{
    "props": {
        "face_rect": [
            180,
            651,
            489,
            489
        ],
        "kp_eye_left_inner": [
            355,
            774
        ],
        "kp_eye_left_outer": [
            249,
            791
        ],
        "kp_eye_right_inner": [
            501,
            774
        ],
        "kp_eye_right_outer": [
            585,
            785
        ],
        "kp_mouth_left": [
            541,
            993
        ],
        "kp_mouth_right": [
            322,
            993
        ],
        "kp_nose_tip": [
            417,
            780
        ],
        "kp_under_lip_bottom": [
            434,
            999
        ],
        "kp_upper_lip_top": [
            428,
            931
        ],
        "features": [
            3.236662,
            7.020462,
            -1.704141,
            3.169597,
            -1.582982,
            4.666293,
            -2.753129,
            -0.679497,
            0.992324,
            -7.855477,
            -1.344888,
            1.881696,
            3.126682,
            -2.737744,
            3.162843,
            1.005549,
            -2.541988,
            -1.582837,
            0.538011,
            -0.662215,
            5.123858,
            2.440315,
            -0.858011,
            3.67855,
            -2.135033,
            1.953333,
            -0.79459,
            -2.966879,
            5.660656,
            -4.303063,
            2.159825,
            -5.799763,
            0.90905,
            3.719413,
            -1.497678,
            0.28957,
            0.002166,
            1.309329,
            1.423713,
            1.507751,
            2.410605,
            2.055342,
            3.685951,
            -0.771306,
            5.868788,
            -2.464287,
            -2.259188,
            3.448416,
            7.350836,
            0.608143,
            -2.031983,
            6.535983,
            -0.208117,
            0.704287,
            -4.811296,
            -3.275044,
            -1.227001,
            1.525022,
            0.646756,
            6.000099
        ]
    },
    "image_size": [
        870,
        1918
    ],
    "process_time_in_milliseconds": 733
}
