{
    "props": {
        "face_rect": [
            5,
            604,
            585,
            585
        ],
        "kp_eye_left_inner": [
            255,
            767
        ],
        "kp_eye_left_outer": [
            198,
            767
        ],
        "kp_eye_right_inner": [
            381,
            761
        ],
        "kp_eye_right_outer": [
            496,
            751
        ],
        "kp_mouth_left": [
            392,
            1018
        ],
        "kp_mouth_right": [
            193,
            1007
        ],
        "kp_nose_tip": [
            266,
            850
        ],
        "kp_under_lip_bottom": [
            276,
            1039
        ],
        "kp_upper_lip_top": [
            276,
            971
        ],
        "features": [
            1.910339,
            5.082232,
            5.748912,
            -5.376973,
            4.268306,
            1.032663,
            -5.557546,
            0.388433,
            0.834272,
            6.080973,
            -9.155441,
            -6.442685,
            -3.033914,
            6.966856,
            4.90513,
            -11.026005,
            -6.525508,
            3.38844,
            5.047201,
            0.445601,
            -2.150918,
            4.2843,
            -10.679993,
            -6.139313,
            8.482395,
            2.023942,
            0.05846,
            -1.24431,
            6.144529,
            1.145327,
            -0.068172,
            3.599305,
            -1.26032,
            -1.776303,
            -2.506535,
            3.562211,
            2.985701,
            1.720344,
            -0.304055,
            2.174968,
            -1.709248,
            -3.838747,
            -7.240802,
            4.577757,
            3.379481,
            8.520683,
            3.709117,
            3.734974,
            -7.814066,
            -4.278352,
            4.905702,
            -1.113202,
            1.306498,
            -0.392184,
            0.731024,
            2.254049,
            -4.863942,
            1.191089,
            -0.679517,
            1.290753
        ]
    },
    "image_size": [
        870,
        1918
    ],
    "process_time_in_milliseconds": 778
}
