{
    "props": {
        "face_rect": [
            131,
            872,
            574,
            574
        ],
        "kp_eye_left_inner": [
            356,
            1034
        ],
        "kp_eye_left_outer": [
            251,
            1025
        ],
        "kp_eye_right_inner": [
            499,
            1034
        ],
        "kp_eye_right_outer": [
            600,
            1020
        ],
        "kp_mouth_left": [
            531,
            1268
        ],
        "kp_mouth_right": [
            343,
            1273
        ],
        "kp_nose_tip": [
            434,
            1218
        ],
        "kp_under_lip_bottom": [
            439,
            1314
        ],
        "kp_upper_lip_top": [
            434,
            1277
        ],
        "features": [
            4.033264,
            4.471661,
            -1.09108,
            4.593675,
            -1.11615,
            4.363533,
            -4.71111,
            1.868087,
            6.378456,
            -4.907329,
            -2.315322,
            -1.582453,
            1.708983,
            -7.544528,
            8.418709,
            -2.850448,
            -1.849471,
            -2.557141,
            0.968298,
            -0.190192,
            5.318448,
            -1.864748,
            1.462714,
            7.356048,
            -1.973612,
            -0.243082,
            -4.125368,
            -2.426031,
            4.737528,
            -6.763262,
            2.35637,
            -2.302049,
            -2.74782,
            4.590207,
            -4.416594,
            2.428752,
            -0.688593,
            3.74945,
            3.748799,
            2.199828,
            -0.233961,
            -4.823774,
            7.548522,
            2.216474,
            7.185225,
            -7.492552,
            -3.874073,
            0.176882,
            4.49401,
            2.741163,
            0.567683,
            5.213276,
            -5.238144,
            0.567863,
            -1.865599,
            -2.711783,
            -1.462498,
            1.481832,
            -0.932127,
            3.723112
        ]
    },
    "image_size": [
        870,
        1918
    ],
    "process_time_in_milliseconds": 792
}
