{
    "props": {
        "face_rect": [
            113,
            765,
            601,
            601
        ],
        "kp_eye_left_inner": [
            339,
            918
        ],
        "kp_eye_left_outer": [
            236,
            918
        ],
        "kp_eye_right_inner": [
            477,
            913
        ],
        "kp_eye_right_outer": [
            585,
            904
        ],
        "kp_mouth_left": [
            526,
            1159
        ],
        "kp_mouth_right": [
            324,
            1174
        ],
        "kp_nose_tip": [
            413,
            1046
        ],
        "kp_under_lip_bottom": [
            428,
            1203
        ],
        "kp_upper_lip_top": [
            418,
            1144
        ],
        "features": [
            4.807705,
            6.830384,
            -2.551842,
            4.807759,
            -0.76315,
            7.48736,
            1.110072,
            -0.68357,
            5.220628,
            -8.661468,
            1.130983,
            -2.580202,
            1.654019,
            -4.972239,
            8.257331,
            -3.723279,
            -0.80746,
            -0.856184,
            2.706145,
            2.254797,
            4.117743,
            3.412407,
            0.357694,
            6.600041,
            -4.456905,
            0.264109,
            -6.705215,
            -1.535575,
            6.741686,
            -8.331108,
            1.031941,
            -5.893568,
            -2.30969,
            4.339792,
            -2.190766,
            0.579426,
            0.699702,
            2.354612,
            -0.251452,
            -2.020752,
            -1.513174,
            -2.935874,
            7.184576,
            -0.514285,
            5.575754,
            -7.722019,
            -3.704166,
            0.891271,
            5.477118,
            0.811641,
            -1.134813,
            7.099094,
            -4.065349,
            2.802333,
            1.402842,
            -4.72671,
            -3.945957,
            4.932144,
            -1.520681,
            4.175762
        ]
    },
    "image_size": [
        870,
        1918
    ],
    "process_time_in_milliseconds": 786
}
