{
    "props": {
        "face_rect": [
            366,
            647,
            503,
            503
        ],
        "kp_eye_left_inner": [
            559,
            763
        ],
        "kp_eye_left_outer": [
            450,
            747
        ],
        "kp_eye_right_inner": [
            678,
            785
        ],
        "kp_eye_right_outer": [
            744,
            796
        ],
        "kp_mouth_left": [
            684,
            1008
        ],
        "kp_mouth_right": [
            510,
            1008
        ],
        "kp_nose_tip": [
            667,
            855
        ],
        "kp_under_lip_bottom": [
            613,
            1035
        ],
        "kp_upper_lip_top": [
            640,
            959
        ],
        "features": [
            3.118037,
            4.194754,
            7.360403,
            -4.412943,
            5.681074,
            0.078068,
            -6.545893,
            0.136479,
            2.385381,
            6.148112,
            -10.293084,
            -7.313372,
            -2.501108,
            5.663635,
            5.251525,
            -11.389821,
            -7.128249,
            2.960253,
            5.331016,
            1.075998,
            -2.401404,
            2.675337,
            -9.895463,
            -6.483803,
            7.413373,
            3.557372,
            0.487301,
            -1.064532,
            5.629767,
            2.830868,
            -0.936822,
            4.304875,
            -0.485793,
            -0.855986,
            -1.74019,
            4.482249,
            2.769459,
            3.264923,
            -0.657442,
            4.745111,
            0.172648,
            -4.980211,
            -8.508793,
            2.673995,
            4.157986,
            9.861975,
            3.815544,
            3.620773,
            -7.356828,
            -4.542577,
            4.933742,
            -2.663874,
            -0.194478,
            -0.972395,
            0.181895,
            4.08483,
            -4.187733,
            0.306848,
            -0.829736,
            3.222101
        ]
    },
    "image_size": [
        870,
        1918
    ],
    "process_time_in_milliseconds": 747
}
