{
    "props": {
        "face_rect": [
            129,
            751,
            571,
            571
        ],
        "kp_eye_left_inner": [
            348,
            897
        ],
        "kp_eye_left_outer": [
            237,
            901
        ],
        "kp_eye_right_inner": [
            477,
            892
        ],
        "kp_eye_right_outer": [
            583,
            892
        ],
        "kp_mouth_left": [
            520,
            1132
        ],
        "kp_mouth_right": [
            333,
            1141
        ],
        "kp_nose_tip": [
            410,
            1002
        ],
        "kp_under_lip_bottom": [
            429,
            1170
        ],
        "kp_upper_lip_top": [
            420,
            1108
        ],
        "features": [
            4.929571,
            7.280151,
            -1.597816,
            4.918754,
            0.046303,
            7.533031,
            -0.164338,
            1.356229,
            4.125726,
            -7.563192,
            0.219857,
            -3.060242,
            2.270245,
            -4.570698,
            8.725789,
            -4.346335,
            0.053659,
            -0.153482,
            1.818494,
            0.962193,
            4.186236,
            2.639017,
            1.065361,
            5.250034,
            -5.787119,
            0.94261,
            -5.817371,
            -0.918907,
            7.140291,
            -8.774682,
            -0.23979,
            -3.269529,
            -1.069873,
            4.910626,
            -2.921104,
            0.068205,
            -0.847744,
            3.826346,
            0.264582,
            -1.710804,
            -0.7596,
            -2.583647,
            6.687002,
            -0.57056,
            5.34459,
            -7.164598,
            -4.501769,
            -0.650978,
            6.148076,
            -0.567727,
            -0.423366,
            6.23171,
            -4.731218,
            2.994538,
            0.847224,
            -4.735034,
            -1.740488,
            3.560585,
            -1.376948,
            4.579771
        ]
    },
    "image_size": [
        870,
        1918
    ],
    "process_time_in_milliseconds": 729
}
