{
    "props": {
        "face_rect": [
            102,
            735,
            623,
            623
        ],
        "kp_eye_left_inner": [
            346,
            896
        ],
        "kp_eye_left_outer": [
            243,
            891
        ],
        "kp_eye_right_inner": [
            483,
            887
        ],
        "kp_eye_right_outer": [
            596,
            867
        ],
        "kp_mouth_left": [
            527,
            1147
        ],
        "kp_mouth_right": [
            326,
            1156
        ],
        "kp_nose_tip": [
            414,
            1048
        ],
        "kp_under_lip_bottom": [
            429,
            1196
        ],
        "kp_upper_lip_top": [
            424,
            1137
        ],
        "features": [
            0.1406,
            0.876611,
            6.424087,
            -4.31985,
            3.683924,
            0.567591,
            -4.535031,
            3.358065,
            -0.394746,
            5.671655,
            -5.398136,
            -6.7349,
            -0.633017,
            5.464252,
            3.601362,
            -10.903691,
            -6.081272,
            3.998621,
            0.887029,
            2.519943,
            -0.25469,
            0.062394,
            -11.258414,
            -7.195218,
            3.606556,
            1.979525,
            -0.730111,
            -2.920904,
            6.17707,
            3.020217,
            -1.758918,
            2.372154,
            -2.690243,
            -3.176424,
            1.696356,
            2.587648,
            2.941502,
            2.032112,
            2.323656,
            4.946093,
            -3.507063,
            -7.89079,
            -7.360917,
            3.762868,
            7.408709,
            4.456866,
            4.053571,
            2.770561,
            -5.890604,
            -4.86259,
            3.14684,
            -2.040737,
            0.989626,
            -2.527052,
            -0.556368,
            5.194387,
            -4.026721,
            1.705338,
            -1.50475,
            0.863323
        ]
    },
    "image_size": [
        870,
        1918
    ],
    "process_time_in_milliseconds": 783
}
