{
    "props": {
        "face_rect": [
            196,
            755,
            575,
            575
        ],
        "kp_eye_left_inner": [
            412,
            894
        ],
        "kp_eye_left_outer": [
            303,
            894
        ],
        "kp_eye_right_inner": [
            552,
            899
        ],
        "kp_eye_right_outer": [
            646,
            899
        ],
        "kp_mouth_left": [
            586,
            1138
        ],
        "kp_mouth_right": [
            387,
            1143
        ],
        "kp_nose_tip": [
            497,
            1013
        ],
        "kp_under_lip_bottom": [
            492,
            1182
        ],
        "kp_upper_lip_top": [
            492,
            1118
        ],
        "features": [
            5.766686,
            6.81632,
            -2.038493,
            4.383127,
            -0.750573,
            7.843715,
            0.756904,
            -0.232909,
            5.551769,
            -6.472305,
            -0.931237,
            -3.554015,
            1.908725,
            -5.183801,
            7.463126,
            -3.180648,
            -0.355881,
            -0.826908,
            2.532963,
            1.310241,
            3.318322,
            2.793302,
            2.258531,
            6.96943,
            -4.472077,
            1.828117,
            -6.585793,
            -0.879795,
            5.970414,
            -8.895192,
            0.408597,
            -4.277471,
            -1.530586,
            4.344727,
            -2.538422,
            0.750435,
            0.185676,
            2.91169,
            -0.153451,
            -0.933688,
            -1.301497,
            -2.861685,
            7.677557,
            -0.002199,
            5.867801,
            -6.653056,
            -3.952139,
            -1.0407,
            5.887133,
            0.448125,
            -0.686578,
            5.692132,
            -4.574416,
            2.890725,
            0.843818,
            -4.974319,
            -2.438294,
            4.506085,
            -1.746035,
            4.961195
        ]
    },
    "image_size": [
        870,
        1918
    ],
    "process_time_in_milliseconds": 778
}
