{
    "props": {
        "face_rect": [
            222,
            628,
            553,
            553
        ],
        "kp_eye_left_inner": [
            429,
            768
        ],
        "kp_eye_left_outer": [
            327,
            768
        ],
        "kp_eye_right_inner": [
            560,
            768
        ],
        "kp_eye_right_outer": [
            652,
            768
        ],
        "kp_mouth_left": [
            594,
            1015
        ],
        "kp_mouth_right": [
            390,
            1020
        ],
        "kp_nose_tip": [
            512,
            855
        ],
        "kp_under_lip_bottom": [
            507,
            1044
        ],
        "kp_upper_lip_top": [
            507,
            977
        ],
        "features": [
            2.807938,
            5.167751,
            7.291534,
            -5.846075,
            5.350739,
            1.005216,
            -6.339817,
            1.475707,
            0.516349,
            6.419072,
            -8.044789,
            -7.745155,
            -4.542294,
            7.829623,
            4.576385,
            -10.381594,
            -6.022597,
            4.128236,
            4.630575,
            -0.460241,
            -2.819498,
            3.273989,
            -9.751499,
            -7.591011,
            7.141804,
            3.450702,
            -0.333578,
            0.925915,
            6.814127,
            1.993449,
            -0.081369,
            3.621877,
            -1.630977,
            -2.605138,
            -2.316729,
            3.016344,
            2.861078,
            4.509101,
            -0.278585,
            4.003043,
            -1.639302,
            -5.716384,
            -9.767043,
            3.011991,
            4.494359,
            9.461654,
            4.752454,
            3.242241,
            -7.419329,
            -3.054853,
            6.488448,
            -1.36035,
            0.945998,
            0.394353,
            -0.142131,
            2.809696,
            -3.120189,
            -0.576147,
            -1.81818,
            1.739651
        ]
    },
    "image_size": [
        870,
        1918
    ],
    "process_time_in_milliseconds": 779
}
