{
    "props": {
        "face_rect": [
            128,
            798,
            591,
            591
        ],
        "kp_eye_left_inner": [
            354,
            972
        ],
        "kp_eye_left_outer": [
            238,
            958
        ],
        "kp_eye_right_inner": [
            492,
            963
        ],
        "kp_eye_right_outer": [
            598,
            944
        ],
        "kp_mouth_left": [
            552,
            1217
        ],
        "kp_mouth_right": [
            331,
            1226
        ],
        "kp_nose_tip": [
            428,
            1143
        ],
        "kp_under_lip_bottom": [
            446,
            1309
        ],
        "kp_upper_lip_top": [
            437,
            1221
        ],
        "features": [
            -1.780242,
            1.990823,
            5.827445,
            -3.86946,
            3.9659,
            2.785771,
            -2.228097,
            3.740998,
            -0.570825,
            3.343412,
            -9.033006,
            -5.229616,
            -1.438513,
            1.610615,
            1.30597,
            -9.38119,
            -7.861263,
            2.390475,
            -0.479178,
            -1.680095,
            1.55372,
            -0.205613,
            -7.170266,
            -6.467155,
            4.133393,
            0.503763,
            2.138424,
            -1.545297,
            4.140451,
            2.022212,
            0.030049,
            3.871946,
            -2.735105,
            -2.152478,
            0.938134,
            2.224988,
            1.086085,
            0.070245,
            4.904069,
            5.898332,
            -1.207752,
            -11.308617,
            -5.735831,
            3.495808,
            7.098708,
            4.608145,
            1.503086,
            3.586882,
            -4.81823,
            -6.210783,
            3.189824,
            -1.148191,
            3.016695,
            1.892626,
            -2.811569,
            4.700114,
            -6.1681,
            2.001954,
            -1.167485,
            0.254979
        ]
    },
    "image_size": [
        870,
        1918
    ],
    "process_time_in_milliseconds": 761
}
