{
    "props": {
        "face_rect": [
            -2,
            600,
            594,
            594
        ],
        "kp_eye_left_inner": [
            253,
            764
        ],
        "kp_eye_left_outer": [
            201,
            770
        ],
        "kp_eye_right_inner": [
            383,
            759
        ],
        "kp_eye_right_outer": [
            497,
            754
        ],
        "kp_mouth_left": [
            388,
            1025
        ],
        "kp_mouth_right": [
            190,
            1009
        ],
        "kp_nose_tip": [
            258,
            853
        ],
        "kp_under_lip_bottom": [
            273,
            1040
        ],
        "kp_upper_lip_top": [
            268,
            973
        ],
        "features": [
            1.30183,
            5.089315,
            5.939652,
            -5.858149,
            4.142916,
            0.949483,
            -5.321708,
            1.36286,
            0.49661,
            5.977562,
            -8.934431,
            -6.280983,
            -2.356061,
            7.945271,
            4.82165,
            -10.328512,
            -6.252568,
            3.079385,
            4.418171,
            0.3062,
            -1.40556,
            4.020319,
            -11.253941,
            -6.2966,
            8.422771,
            2.157843,
            0.328936,
            -1.078546,
            6.074617,
            1.310178,
            -0.18166,
            3.501622,
            -1.497488,
            -1.717507,
            -1.83666,
            3.704353,
            2.440246,
            0.952118,
            0.332563,
            2.234401,
            -2.15953,
            -3.697791,
            -7.46284,
            4.435668,
            3.425216,
            7.865974,
            3.896789,
            2.645273,
            -8.094784,
            -4.668167,
            4.390388,
            -1.387553,
            1.885183,
            -1.412449,
            0.387566,
            2.460069,
            -4.532094,
            1.468933,
            -1.037777,
            1.141374
        ]
    },
    "image_size": [
        870,
        1918
    ],
    "process_time_in_milliseconds": 770
}
