{
    "props": {
        "face_rect": [
            127,
            695,
            625,
            625
        ],
        "kp_eye_left_inner": [
            374,
            851
        ],
        "kp_eye_left_outer": [
            259,
            851
        ],
        "kp_eye_right_inner": [
            507,
            846
        ],
        "kp_eye_right_outer": [
            607,
            831
        ],
        "kp_mouth_left": [
            542,
            1109
        ],
        "kp_mouth_right": [
            344,
            1119
        ],
        "kp_nose_tip": [
            438,
            990
        ],
        "kp_under_lip_bottom": [
            448,
            1164
        ],
        "kp_upper_lip_top": [
            443,
            1089
        ],
        "features": [
            0.755141,
            1.24242,
            6.239679,
            -4.975157,
            5.295222,
            0.835509,
            -4.851175,
            4.672249,
            -3.311554,
            8.365991,
            -7.821515,
            -6.78553,
            -4.128444,
            6.196661,
            2.625652,
            -11.324158,
            -5.9439,
            4.504138,
            1.743837,
            0.051496,
            -0.287829,
            1.398631,
            -11.05386,
            -9.26515,
            5.341552,
            1.899644,
            0.931065,
            -1.59393,
            5.262382,
            2.199215,
            0.686596,
            3.268561,
            -3.530199,
            -2.443331,
            -0.432965,
            0.942747,
            2.516056,
            2.08526,
            2.346318,
            5.322893,
            -3.270183,
            -7.264706,
            -8.421084,
            4.175467,
            5.399231,
            5.068396,
            3.539092,
            2.834764,
            -7.37909,
            -4.287657,
            5.802458,
            -3.861366,
            2.059627,
            -1.421025,
            -1.875257,
            5.020106,
            -3.862106,
            0.417092,
            -2.25012,
            1.033131
        ]
    },
    "image_size": [
        870,
        1918
    ],
    "process_time_in_milliseconds": 767
}
