{
    "props": {
        "face_rect": [
            135,
            895,
            539,
            539
        ],
        "kp_eye_left_inner": [
            353,
            1042
        ],
        "kp_eye_left_outer": [
            248,
            1029
        ],
        "kp_eye_right_inner": [
            492,
            1042
        ],
        "kp_eye_right_outer": [
            593,
            1029
        ],
        "kp_mouth_left": [
            530,
            1273
        ],
        "kp_mouth_right": [
            337,
            1278
        ],
        "kp_nose_tip": [
            421,
            1227
        ],
        "kp_under_lip_bottom": [
            433,
            1316
        ],
        "kp_upper_lip_top": [
            433,
            1286
        ],
        "features": [
            3.11725,
            4.475508,
            -1.115173,
            5.099073,
            -0.650908,
            5.044503,
            -3.258696,
            1.130823,
            5.680076,
            -5.898421,
            -2.890343,
            -2.687414,
            1.630157,
            -6.067271,
            8.651999,
            -2.877149,
            -3.531403,
            -3.349544,
            2.236339,
            0.184734,
            5.279781,
            0.366507,
            0.497692,
            7.293257,
            -1.493292,
            -0.860778,
            -3.157197,
            -2.104392,
            5.749127,
            -6.622334,
            3.626135,
            -3.246744,
            -3.104979,
            4.690077,
            -4.035215,
            1.227791,
            -0.803487,
            2.479952,
            3.381587,
            2.162873,
            -0.168266,
            -5.332194,
            8.087719,
            2.176389,
            8.292324,
            -7.768865,
            -4.152013,
            0.306338,
            3.112569,
            3.61062,
            0.809969,
            6.257386,
            -5.28731,
            0.914916,
            -1.610612,
            -3.583517,
            -3.273303,
            2.225142,
            -0.946633,
            3.2663
        ]
    },
    "image_size": [
        870,
        1918
    ],
    "process_time_in_milliseconds": 781
}
