{
    "props": {
        "face_rect": [
            293,
            635,
            532,
            532
        ],
        "kp_eye_left_inner": [
            490,
            760
        ],
        "kp_eye_left_outer": [
            384,
            755
        ],
        "kp_eye_right_inner": [
            620,
            774
        ],
        "kp_eye_right_outer": [
            698,
            779
        ],
        "kp_mouth_left": [
            640,
            1010
        ],
        "kp_mouth_right": [
            457,
            1006
        ],
        "kp_nose_tip": [
            591,
            856
        ],
        "kp_under_lip_bottom": [
            563,
            1039
        ],
        "kp_upper_lip_top": [
            577,
            972
        ],
        "features": [
            2.862485,
            5.532084,
            6.916084,
            -5.645977,
            5.123275,
            0.103028,
            -6.45717,
            1.493347,
            0.715454,
            4.657422,
            -7.138029,
            -7.534025,
            -3.285132,
            7.950986,
            4.649748,
            -10.566036,
            -6.314168,
            3.164885,
            4.131196,
            0.304041,
            -1.769772,
            2.503742,
            -10.269088,
            -8.854033,
            7.108643,
            3.456524,
            -0.89846,
            -0.127491,
            6.894485,
            3.075182,
            -0.318201,
            2.84591,
            -1.857182,
            -2.196872,
            -1.735581,
            3.768307,
            2.968343,
            2.972662,
            -0.211768,
            3.702223,
            -1.512694,
            -5.112155,
            -9.998487,
            2.905643,
            5.838024,
            9.342148,
            4.621334,
            3.693083,
            -7.376841,
            -4.088297,
            5.388835,
            -1.715576,
            1.342561,
            -0.734238,
            -0.864141,
            3.16249,
            -3.139389,
            -0.917627,
            -1.678123,
            2.92646
        ]
    },
    "image_size": [
        870,
        1918
    ],
    "process_time_in_milliseconds": 776
}
