{
    "props": {
        "face_rect": [
            317,
            766,
            583,
            583
        ],
        "kp_eye_left_inner": [
            561,
            900
        ],
        "kp_eye_left_outer": [
            442,
            883
        ],
        "kp_eye_right_inner": [
            703,
            938
        ],
        "kp_eye_right_outer": [
            746,
            932
        ],
        "kp_mouth_left": [
            687,
            1155
        ],
        "kp_mouth_right": [
            512,
            1150
        ],
        "kp_nose_tip": [
            670,
            1025
        ],
        "kp_under_lip_bottom": [
            605,
            1199
        ],
        "kp_upper_lip_top": [
            616,
            1139
        ],
        "features": [
            7.21332,
            8.997091,
            -2.377949,
            1.765418,
            0.306904,
            8.295057,
            0.165009,
            -0.970895,
            4.659483,
            -5.84123,
            -2.561049,
            -0.338201,
            2.164088,
            -4.009908,
            7.20556,
            -0.224448,
            -1.235312,
            -1.754754,
            2.840538,
            2.32058,
            4.517608,
            -0.913879,
            -0.146716,
            8.225037,
            -3.517011,
            -0.869117,
            -4.458546,
            -1.273909,
            5.748035,
            -6.798813,
            0.758127,
            -4.153,
            -1.536245,
            4.230361,
            -0.920174,
            0.777718,
            0.640065,
            2.631202,
            0.402926,
            0.382327,
            2.358718,
            -3.104807,
            6.813014,
            -0.284953,
            3.355757,
            -3.92518,
            -3.416839,
            0.102218,
            4.389324,
            -0.20778,
            -0.134694,
            6.426709,
            -4.085559,
            2.078568,
            -1.913045,
            -3.835199,
            -4.085012,
            3.155043,
            -3.092681,
            6.725181
        ]
    },
    "image_size": [
        870,
        1918
    ],
    "process_time_in_milliseconds": 815
}
