{
    "props": {
        "face_rect": [
            123,
            758,
            589,
            589
        ],
        "kp_eye_left_inner": [
            349,
            910
        ],
        "kp_eye_left_outer": [
            241,
            910
        ],
        "kp_eye_right_inner": [
            482,
            905
        ],
        "kp_eye_right_outer": [
            580,
            896
        ],
        "kp_mouth_left": [
            526,
            1146
        ],
        "kp_mouth_right": [
            329,
            1156
        ],
        "kp_nose_tip": [
            413,
            1023
        ],
        "kp_under_lip_bottom": [
            433,
            1191
        ],
        "kp_upper_lip_top": [
            423,
            1132
        ],
        "features": [
            5.624215,
            6.810532,
            -1.462689,
            5.255485,
            -0.174289,
            6.860581,
            0.111146,
            1.234808,
            4.841868,
            -7.569495,
            0.416744,
            -3.020704,
            1.806579,
            -4.328483,
            8.341109,
            -4.956798,
            0.618354,
            -0.309242,
            1.968213,
            1.192093,
            3.44488,
            3.440314,
            1.344091,
            5.231353,
            -5.387548,
            0.803375,
            -6.595296,
            -1.359327,
            6.668136,
            -8.248183,
            -0.047345,
            -4.294129,
            -1.631934,
            4.632957,
            -3.172043,
            -0.062634,
            0.078433,
            3.158863,
            0.37898,
            -1.643282,
            -1.480115,
            -2.643197,
            7.279134,
            0.483859,
            5.758702,
            -7.090778,
            -4.869723,
            -0.255739,
            6.549665,
            0.319508,
            -0.078519,
            6.651103,
            -4.460042,
            2.932819,
            1.540663,
            -4.867589,
            -1.8059,
            3.360928,
            -1.224722,
            3.87614
        ]
    },
    "image_size": [
        870,
        1918
    ],
    "process_time_in_milliseconds": 828
}
