{
    "props": {
        "face_rect": [
            157,
            631,
            541,
            541
        ],
        "kp_eye_left_inner": [
            368,
            767
        ],
        "kp_eye_left_outer": [
            267,
            772
        ],
        "kp_eye_right_inner": [
            493,
            762
        ],
        "kp_eye_right_outer": [
            590,
            758
        ],
        "kp_mouth_left": [
            534,
            1012
        ],
        "kp_mouth_right": [
            331,
            1016
        ],
        "kp_nose_tip": [
            424,
            859
        ],
        "kp_under_lip_bottom": [
            428,
            1044
        ],
        "kp_upper_lip_top": [
            433,
            970
        ],
        "features": [
            3.09096,
            4.284454,
            6.806949,
            -5.680233,
            4.597932,
            1.522248,
            -5.355191,
            1.809008,
            -0.148029,
            6.328224,
            -8.511975,
            -8.490709,
            -3.979405,
            6.912036,
            5.047201,
            -11.639714,
            -5.343382,
            4.752829,
            4.64746,
            0.094467,
            -2.449371,
            3.291145,
            -9.972179,
            -7.457191,
            7.040598,
            2.721065,
            -1.248541,
            0.02806,
            6.784705,
            1.312384,
            -0.392122,
            3.258181,
            -1.870661,
            -2.80897,
            -2.460659,
            3.829213,
            2.791928,
            4.549716,
            -0.934333,
            3.707201,
            -2.779479,
            -5.975865,
            -8.883926,
            2.57498,
            5.022597,
            8.435909,
            4.683854,
            4.370962,
            -7.028144,
            -3.32466,
            5.674181,
            -0.873715,
            1.596675,
            -0.359527,
            1.222786,
            3.191194,
            -4.208313,
            0.932814,
            -2.223416,
            2.515208
        ]
    },
    "image_size": [
        870,
        1918
    ],
    "process_time_in_milliseconds": 764
}
