{
    "props": {
        "face_rect": [
            182,
            641,
            478,
            478
        ],
        "kp_eye_left_inner": [
            355,
            711
        ],
        "kp_eye_left_outer": [
            255,
            790
        ],
        "kp_eye_right_inner": [
            498,
            769
        ],
        "kp_eye_right_outer": [
            578,
            785
        ],
        "kp_mouth_left": [
            530,
            981
        ],
        "kp_mouth_right": [
            318,
            981
        ],
        "kp_nose_tip": [
            414,
            769
        ],
        "kp_under_lip_bottom": [
            435,
            986
        ],
        "kp_upper_lip_top": [
            424,
            923
        ],
        "features": [
            3.5432,
            7.44367,
            -1.380387,
            2.312688,
            -1.240723,
            4.358612,
            -2.481324,
            -0.28098,
            1.711949,
            -7.46735,
            -1.88874,
            0.178475,
            3.072075,
            -1.145015,
            4.591601,
            -0.170165,
            -2.203372,
            -1.806332,
            1.778107,
            -1.543844,
            4.358796,
            2.882649,
            -2.860926,
            3.594019,
            -0.707064,
            1.359988,
            -0.679902,
            -2.776864,
            4.593212,
            -2.637823,
            1.846193,
            -4.623687,
            0.246548,
            3.939585,
            -2.098021,
            2.296704,
            -0.596173,
            0.541417,
            5.398148,
            1.086967,
            2.067067,
            -0.770355,
            4.224825,
            -0.428735,
            5.265985,
            -1.279095,
            -3.330623,
            4.655838,
            7.579925,
            0.97819,
            -1.505859,
            8.05088,
            1.211041,
            1.379099,
            -3.444132,
            -2.020395,
            -1.748908,
            0.43198,
            0.874756,
            6.02635
        ]
    },
    "image_size": [
        870,
        1918
    ],
    "process_time_in_milliseconds": 763
}
