{
    "props": {
        "face_rect": [
            123,
            713,
            608,
            608
        ],
        "kp_eye_left_inner": [
            357,
            865
        ],
        "kp_eye_left_outer": [
            254,
            865
        ],
        "kp_eye_right_inner": [
            491,
            860
        ],
        "kp_eye_right_outer": [
            609,
            846
        ],
        "kp_mouth_left": [
            535,
            1117
        ],
        "kp_mouth_right": [
            328,
            1127
        ],
        "kp_nose_tip": [
            422,
            1004
        ],
        "kp_under_lip_bottom": [
            436,
            1162
        ],
        "kp_upper_lip_top": [
            427,
            1097
        ],
        "features": [
            0.990244,
            1.459995,
            6.036119,
            -5.220012,
            4.095912,
            1.468993,
            -4.211273,
            3.394528,
            -2.194455,
            6.431024,
            -6.124365,
            -8.128246,
            -2.162958,
            7.047396,
            4.088535,
            -10.840931,
            -6.397787,
            3.899874,
            2.235435,
            1.856423,
            -0.698306,
            0.939781,
            -11.657495,
            -7.698619,
            4.784495,
            1.200304,
            -0.81303,
            -1.454825,
            6.336173,
            2.347724,
            -0.228541,
            2.825413,
            -3.032953,
            -3.051375,
            0.166601,
            2.201228,
            2.839942,
            2.649724,
            1.147031,
            4.33754,
            -3.301813,
            -7.094369,
            -7.259911,
            3.654629,
            7.626758,
            5.288647,
            4.848418,
            3.589194,
            -7.226793,
            -4.465909,
            4.429352,
            -2.005557,
            1.330635,
            -2.004397,
            -1.001363,
            4.569884,
            -4.292252,
            0.76347,
            -2.024179,
            2.143126
        ]
    },
    "image_size": [
        870,
        1918
    ],
    "process_time_in_milliseconds": 751
}
