{
    "props": {
        "face_rect": [
            332,
            643,
            521,
            521
        ],
        "kp_eye_left_inner": [
            527,
            766
        ],
        "kp_eye_left_outer": [
            419,
            755
        ],
        "kp_eye_right_inner": [
            646,
            781
        ],
        "kp_eye_right_outer": [
            723,
            786
        ],
        "kp_mouth_left": [
            682,
            1023
        ],
        "kp_mouth_right": [
            486,
            1018
        ],
        "kp_nose_tip": [
            630,
            858
        ],
        "kp_under_lip_bottom": [
            599,
            1044
        ],
        "kp_upper_lip_top": [
            609,
            971
        ],
        "features": [
            2.623433,
            5.066392,
            7.457751,
            -5.825826,
            4.998376,
            0.41491,
            -6.058628,
            0.789424,
            0.778063,
            5.677835,
            -9.067045,
            -7.814299,
            -3.12735,
            7.028001,
            4.836155,
            -10.051978,
            -7.111257,
            3.137214,
            4.893536,
            1.413057,
            -2.442628,
            2.489283,
            -10.406925,
            -7.886073,
            7.16346,
            2.4702,
            -0.3002,
            -0.651563,
            6.652297,
            3.122709,
            -0.755353,
            3.61365,
            -1.170976,
            -1.041177,
            -1.547158,
            3.617685,
            3.334082,
            3.22803,
            -0.038462,
            4.143439,
            -0.112065,
            -5.302254,
            -9.122795,
            3.540075,
            5.409979,
            10.396457,
            3.826855,
            3.665614,
            -7.805043,
            -5.226566,
            5.595424,
            -2.524442,
            0.542495,
            -0.148501,
            -0.661912,
            3.551796,
            -3.517828,
            -0.976672,
            -0.801688,
            2.14434
        ]
    },
    "image_size": [
        870,
        1918
    ],
    "process_time_in_milliseconds": 728
}
