{
    "props": {
        "face_rect": [
            144,
            751,
            600,
            600
        ],
        "kp_eye_left_inner": [
            371,
            902
        ],
        "kp_eye_left_outer": [
            263,
            906
        ],
        "kp_eye_right_inner": [
            508,
            902
        ],
        "kp_eye_right_outer": [
            611,
            892
        ],
        "kp_mouth_left": [
            557,
            1141
        ],
        "kp_mouth_right": [
            356,
            1151
        ],
        "kp_nose_tip": [
            444,
            1029
        ],
        "kp_under_lip_bottom": [
            459,
            1190
        ],
        "kp_upper_lip_top": [
            449,
            1127
        ],
        "features": [
            5.762235,
            6.424369,
            -2.715432,
            4.701105,
            -0.727176,
            7.028217,
            1.053979,
            0.266783,
            4.99557,
            -6.789152,
            -0.377166,
            -2.762747,
            1.51188,
            -3.942897,
            8.56445,
            -4.388243,
            0.615833,
            -0.320081,
            3.061989,
            2.515012,
            4.102496,
            2.797352,
            0.329337,
            6.068615,
            -4.786509,
            0.059779,
            -6.129076,
            -1.713752,
            6.379186,
            -7.877185,
            0.899602,
            -4.863303,
            -1.563493,
            4.312618,
            -2.350226,
            0.571645,
            0.355876,
            3.06174,
            0.077835,
            -1.08655,
            -0.832897,
            -2.838934,
            8.302743,
            -0.171625,
            6.156325,
            -7.864709,
            -4.588514,
            0.250232,
            6.136549,
            0.913251,
            -0.795309,
            6.015161,
            -4.632806,
            2.631376,
            1.819329,
            -4.254781,
            -2.470455,
            3.821633,
            -1.223459,
            4.148947
        ]
    },
    "image_size": [
        870,
        1918
    ],
    "process_time_in_milliseconds": 931
}
