{
    "props": {
        "face_rect": [
            90,
            742,
            633,
            633
        ],
        "kp_eye_left_inner": [
            344,
            913
        ],
        "kp_eye_left_outer": [
            229,
            903
        ],
        "kp_eye_right_inner": [
            484,
            903
        ],
        "kp_eye_right_outer": [
            589,
            883
        ],
        "kp_mouth_left": [
            524,
            1163
        ],
        "kp_mouth_right": [
            319,
            1173
        ],
        "kp_nose_tip": [
            414,
            1068
        ],
        "kp_under_lip_bottom": [
            429,
            1223
        ],
        "kp_upper_lip_top": [
            424,
            1158
        ],
        "features": [
            -0.981432,
            -0.025215,
            6.50865,
            -3.520426,
            2.785319,
            1.523156,
            -3.086422,
            3.355064,
            -0.58652,
            4.656389,
            -5.376027,
            -5.848616,
            -1.341142,
            4.883607,
            3.955492,
            -10.067517,
            -7.158851,
            3.882057,
            1.270524,
            2.014028,
            -0.227242,
            0.776529,
            -11.635313,
            -6.989216,
            3.268038,
            0.666355,
            1.532208,
            -3.406909,
            6.133506,
            3.629552,
            -0.315664,
            1.353047,
            -3.139737,
            -2.52816,
            1.572295,
            2.206655,
            2.19889,
            2.589401,
            3.593516,
            5.695192,
            -2.502563,
            -8.198868,
            -6.620097,
            3.522352,
            7.615366,
            4.486514,
            3.516839,
            4.101489,
            -4.940418,
            -4.739523,
            3.82411,
            -1.200936,
            1.458817,
            -1.260122,
            -1.38519,
            5.395593,
            -4.641653,
            1.632842,
            -0.213122,
            0.218267
        ]
    },
    "image_size": [
        870,
        1918
    ],
    "process_time_in_milliseconds": 771
}
