{
    "props": {
        "face_rect": [
            312,
            638,
            537,
            537
        ],
        "kp_eye_left_inner": [
            513,
            768
        ],
        "kp_eye_left_outer": [
            402,
            758
        ],
        "kp_eye_right_inner": [
            643,
            778
        ],
        "kp_eye_right_outer": [
            709,
            783
        ],
        "kp_mouth_left": [
            669,
            1019
        ],
        "kp_mouth_right": [
            473,
            1019
        ],
        "kp_nose_tip": [
            613,
            864
        ],
        "kp_under_lip_bottom": [
            588,
            1045
        ],
        "kp_upper_lip_top": [
            598,
            979
        ],
        "features": [
            3.208029,
            6.389724,
            7.190304,
            -6.103205,
            5.237736,
            -0.083162,
            -6.227466,
            0.576157,
            0.980628,
            4.960772,
            -8.621627,
            -7.531419,
            -3.266542,
            7.749032,
            4.214912,
            -9.80683,
            -6.791621,
            3.28408,
            5.014041,
            1.473119,
            -2.521076,
            2.894892,
            -10.681299,
            -9.016431,
            7.299073,
            2.959093,
            -0.309745,
            0.043316,
            7.241732,
            3.296889,
            -0.752148,
            2.922413,
            -0.819049,
            -1.249653,
            -1.134645,
            3.402786,
            3.532516,
            3.162715,
            0.122737,
            4.308681,
            0.114363,
            -5.421263,
            -10.037836,
            2.653305,
            5.351725,
            10.486644,
            3.621212,
            3.408304,
            -7.170151,
            -4.703221,
            5.558078,
            -2.142968,
            0.907243,
            0.374457,
            -0.680992,
            3.275576,
            -2.762854,
            -1.971244,
            -1.516221,
            2.202861
        ]
    },
    "image_size": [
        870,
        1918
    ],
    "process_time_in_milliseconds": 784
}
