{
    "props": {
        "face_rect": [
            133,
            757,
            563,
            563
        ],
        "kp_eye_left_inner": [
            345,
            896
        ],
        "kp_eye_left_outer": [
            242,
            901
        ],
        "kp_eye_right_inner": [
            482,
            896
        ],
        "kp_eye_right_outer": [
            585,
            896
        ],
        "kp_mouth_left": [
            521,
            1137
        ],
        "kp_mouth_right": [
            330,
            1142
        ],
        "kp_nose_tip": [
            414,
            1004
        ],
        "kp_under_lip_bottom": [
            428,
            1171
        ],
        "kp_upper_lip_top": [
            418,
            1112
        ],
        "features": [
            4.76714,
            6.785773,
            -1.848227,
            4.874123,
            -0.325507,
            7.308578,
            -0.268972,
            1.15986,
            4.462523,
            -7.937284,
            0.538697,
            -3.549782,
            2.167237,
            -4.686942,
            9.092378,
            -4.395339,
            -0.058817,
            -0.418464,
            1.860079,
            0.665551,
            3.668456,
            2.814308,
            1.532325,
            4.857354,
            -5.540674,
            0.565058,
            -5.989712,
            -0.825082,
            7.024427,
            -8.278844,
            0.239253,
            -3.584631,
            -1.490751,
            4.404022,
            -3.453346,
            0.120156,
            -0.931151,
            3.75875,
            0.154817,
            -1.749467,
            -1.026713,
            -2.679196,
            6.901625,
            -0.28719,
            5.536958,
            -6.804253,
            -4.628864,
            -0.185068,
            6.088553,
            -0.132117,
            -0.211733,
            6.576478,
            -5.121705,
            2.889193,
            1.174552,
            -4.836454,
            -1.611445,
            2.917612,
            -1.236995,
            4.490477
        ]
    },
    "image_size": [
        870,
        1918
    ],
    "process_time_in_milliseconds": 643
}
