{
    "props": {
        "face_rect": [
            -11,
            595,
            602,
            602
        ],
        "kp_eye_left_inner": [
            248,
            766
        ],
        "kp_eye_left_outer": [
            196,
            766
        ],
        "kp_eye_right_inner": [
            379,
            761
        ],
        "kp_eye_right_outer": [
            498,
            755
        ],
        "kp_mouth_left": [
            384,
            1021
        ],
        "kp_mouth_right": [
            186,
            1006
        ],
        "kp_nose_tip": [
            253,
            854
        ],
        "kp_under_lip_bottom": [
            264,
            1042
        ],
        "kp_upper_lip_top": [
            264,
            964
        ],
        "features": [
            1.620807,
            4.795793,
            5.851982,
            -5.202502,
            4.612866,
            0.568823,
            -5.159469,
            1.852073,
            0.204625,
            5.916902,
            -9.104506,
            -6.119899,
            -2.655926,
            8.028724,
            4.722405,
            -11.459271,
            -5.688735,
            3.089459,
            4.160206,
            -0.110887,
            -1.569003,
            4.251903,
            -11.576511,
            -6.604543,
            8.092101,
            2.351471,
            0.680563,
            -1.240964,
            6.340393,
            1.359311,
            -0.40748,
            3.474791,
            -1.716112,
            -2.095943,
            -1.330963,
            3.845151,
            2.187525,
            1.109924,
            -0.054673,
            2.350562,
            -2.579458,
            -4.183142,
            -8.022832,
            3.635517,
            2.478294,
            7.545176,
            3.550051,
            2.831727,
            -7.915416,
            -3.994694,
            4.516741,
            -1.153555,
            2.150456,
            -1.452671,
            0.819815,
            2.642574,
            -4.802286,
            1.909389,
            -1.490196,
            1.708287
        ]
    },
    "image_size": [
        870,
        1918
    ],
    "process_time_in_milliseconds": 766
}
