{
    "props": {
        "face_rect": [
            316,
            771,
            565,
            565
        ],
        "kp_eye_left_inner": [
            545,
            899
        ],
        "kp_eye_left_outer": [
            427,
            884
        ],
        "kp_eye_right_inner": [
            684,
            930
        ],
        "kp_eye_right_outer": [
            741,
            930
        ],
        "kp_mouth_left": [
            674,
            1146
        ],
        "kp_mouth_right": [
            494,
            1146
        ],
        "kp_nose_tip": [
            648,
            1023
        ],
        "kp_under_lip_bottom": [
            602,
            1193
        ],
        "kp_upper_lip_top": [
            617,
            1131
        ],
        "features": [
            7.436874,
            7.874057,
            -2.558855,
            3.723338,
            -0.102164,
            8.338214,
            1.421804,
            -0.769151,
            4.763615,
            -6.429509,
            -1.228879,
            -1.691088,
            1.899288,
            -4.679113,
            6.027831,
            -0.838665,
            -0.150978,
            -1.437938,
            3.110444,
            2.359553,
            3.160992,
            0.431741,
            0.613849,
            6.575274,
            -4.226413,
            -1.362528,
            -5.642416,
            -0.761884,
            5.56564,
            -7.555795,
            0.299979,
            -4.611502,
            -1.113885,
            3.79322,
            -1.898168,
            -0.063808,
            1.007058,
            2.199954,
            -0.583307,
            -0.942031,
            1.650544,
            -1.563662,
            7.421556,
            0.66172,
            4.203308,
            -4.427906,
            -3.710575,
            -0.614542,
            5.103981,
            -0.524791,
            -0.949002,
            5.331802,
            -4.161365,
            2.043456,
            -0.406204,
            -4.292073,
            -2.153911,
            1.987348,
            -3.539732,
            5.998673
        ]
    },
    "image_size": [
        870,
        1918
    ],
    "process_time_in_milliseconds": 775
}
