{
    "props": {
        "face_rect": [
            98,
            763,
            586,
            586
        ],
        "kp_eye_left_inner": [
            321,
            914
        ],
        "kp_eye_left_outer": [
            222,
            924
        ],
        "kp_eye_right_inner": [
            456,
            904
        ],
        "kp_eye_right_outer": [
            560,
            899
        ],
        "kp_mouth_left": [
            505,
            1143
        ],
        "kp_mouth_right": [
            306,
            1157
        ],
        "kp_nose_tip": [
            376,
            1028
        ],
        "kp_under_lip_bottom": [
            406,
            1192
        ],
        "kp_upper_lip_top": [
            396,
            1133
        ],
        "features": [
            5.048131,
            6.677612,
            -2.598934,
            4.053477,
            0.175984,
            7.28992,
            1.602906,
            0.426679,
            4.29053,
            -7.513503,
            -0.419563,
            -2.943203,
            1.826915,
            -4.0942,
            8.041738,
            -4.397752,
            0.331624,
            -1.182487,
            2.406519,
            1.344024,
            4.50526,
            3.403924,
            0.748273,
            6.392366,
            -4.271404,
            1.393809,
            -6.415874,
            -1.773569,
            6.026542,
            -7.98643,
            0.05368,
            -4.928629,
            -1.43343,
            4.344279,
            -1.827955,
            0.569399,
            0.417207,
            1.76128,
            0.249937,
            -1.71379,
            -1.952935,
            -2.656488,
            8.210688,
            -0.080637,
            5.202199,
            -7.310101,
            -5.260611,
            -0.018392,
            6.20729,
            0.256809,
            -1.875484,
            5.97627,
            -3.203014,
            2.785614,
            1.458158,
            -4.581537,
            -3.064299,
            4.292856,
            -1.480609,
            4.546871
        ]
    },
    "image_size": [
        870,
        1918
    ],
    "process_time_in_milliseconds": 743
}
