{
    "props": {
        "face_rect": [
            184,
            637,
            549,
            549
        ],
        "kp_eye_left_inner": [
            398,
            775
        ],
        "kp_eye_left_outer": [
            292,
            775
        ],
        "kp_eye_right_inner": [
            526,
            770
        ],
        "kp_eye_right_outer": [
            627,
            766
        ],
        "kp_mouth_left": [
            558,
            1023
        ],
        "kp_mouth_right": [
            356,
            1023
        ],
        "kp_nose_tip": [
            462,
            867
        ],
        "kp_under_lip_bottom": [
            457,
            1055
        ],
        "kp_upper_lip_top": [
            462,
            982
        ],
        "features": [
            2.998894,
            4.112421,
            7.190907,
            -5.839909,
            5.106722,
            1.58815,
            -5.222178,
            1.581897,
            0.078889,
            6.036249,
            -8.284372,
            -8.306133,
            -4.185207,
            7.344168,
            5.149223,
            -11.359715,
            -5.995175,
            4.259433,
            4.457182,
            0.221581,
            -2.526684,
            3.386278,
            -9.813862,
            -7.129736,
            7.093489,
            3.013056,
            -0.973275,
            0.204592,
            6.70458,
            1.843387,
            -0.347529,
            3.101309,
            -1.723825,
            -2.676635,
            -2.272835,
            3.386583,
            3.076998,
            4.607536,
            -1.019279,
            4.003106,
            -2.510255,
            -5.815592,
            -8.895262,
            3.022895,
            5.301348,
            9.045517,
            4.895067,
            4.22903,
            -7.152085,
            -3.63212,
            5.748278,
            -1.001549,
            1.377462,
            -0.095282,
            0.707773,
            3.214556,
            -4.172749,
            0.474351,
            -2.001101,
            2.363914
        ]
    },
    "image_size": [
        870,
        1918
    ],
    "process_time_in_milliseconds": 794
}
