{
    "props": {
        "face_rect": [
            126,
            794,
            595,
            595
        ],
        "kp_eye_left_inner": [
            349,
            970
        ],
        "kp_eye_left_outer": [
            237,
            961
        ],
        "kp_eye_right_inner": [
            488,
            961
        ],
        "kp_eye_right_outer": [
            595,
            938
        ],
        "kp_mouth_left": [
            549,
            1217
        ],
        "kp_mouth_right": [
            325,
            1226
        ],
        "kp_nose_tip": [
            428,
            1142
        ],
        "kp_under_lip_bottom": [
            446,
            1305
        ],
        "kp_upper_lip_top": [
            437,
            1221
        ],
        "features": [
            -1.61474,
            2.538944,
            5.676032,
            -3.333922,
            4.566796,
            3.216868,
            -2.226682,
            3.507323,
            0.113055,
            2.350734,
            -8.896505,
            -5.543099,
            -2.194889,
            1.603606,
            2.428161,
            -9.426299,
            -8.456522,
            1.994084,
            -0.317731,
            -1.62198,
            2.095745,
            -0.523957,
            -7.639137,
            -6.277552,
            3.605927,
            0.169844,
            2.36574,
            -1.21514,
            4.395383,
            1.704209,
            0.76472,
            3.873616,
            -3.087098,
            -1.634561,
            0.52627,
            2.027431,
            1.229126,
            0.268553,
            5.06058,
            5.151766,
            -0.547782,
            -11.142933,
            -6.351856,
            3.828424,
            6.390832,
            4.052287,
            0.890911,
            2.980415,
            -5.021517,
            -6.694085,
            4.539685,
            -1.693853,
            2.924436,
            1.939877,
            -2.996753,
            4.817314,
            -6.238031,
            1.782315,
            -1.061252,
            -0.184519
        ]
    },
    "image_size": [
        870,
        1918
    ],
    "process_time_in_milliseconds": 749
}
