{
    "props": {
        "face_rect": [
            180,
            516,
            394,
            394
        ],
        "kp_eye_left_inner": [
            338,
            614
        ],
        "kp_eye_left_outer": [
            266,
            607
        ],
        "kp_eye_right_inner": [
            430,
            614
        ],
        "kp_eye_right_outer": [
            492,
            621
        ],
        "kp_mouth_left": [
            437,
            792
        ],
        "kp_mouth_right": [
            318,
            785
        ],
        "kp_nose_tip": [
            382,
            693
        ],
        "kp_under_lip_bottom": [
            376,
            809
        ],
        "kp_upper_lip_top": [
            379,
            764
        ],
        "features": [
            0.803782,
            8.428363,
            -1.753488,
            -3.368191,
            4.065785,
            -4.044015,
            -0.436062,
            1.955961,
            9.11667,
            -7.09108,
            4.421793,
            -4.348022,
            6.493954,
            -3.372514,
            4.316097,
            -3.698338,
            -1.261721,
            7.663026,
            -7.105795,
            4.713753,
            4.970229,
            -6.797351,
            7.113781,
            1.009941,
            0.562435,
            1.972069,
            -9.216178,
            3.678327,
            -1.273829,
            -4.899564,
            0.430023,
            3.85586,
            -1.318338,
            1.214724,
            -4.205039,
            4.187118,
            1.637157,
            0.164461,
            -1.364749,
            -5.531079,
            0.127514,
            0.02639,
            -0.813935,
            -0.474648,
            7.775671,
            -3.173077,
            -1.216527,
            -0.564413,
            2.148684,
            -1.107534,
            3.211601,
            10.83373,
            2.960778,
            4.379417,
            -0.152457,
            -2.725674,
            -1.896729,
            -1.316601,
            -0.061777,
            0.718165
        ]
    },
    "image_size": [
        720,
        1280
    ],
    "process_time_in_milliseconds": 1392
}
