{
    "props": {
        "face_rect": [
            306,
            770,
            558,
            558
        ],
        "kp_eye_left_inner": [
            528,
            895
        ],
        "kp_eye_left_outer": [
            409,
            885
        ],
        "kp_eye_right_inner": [
            667,
            920
        ],
        "kp_eye_right_outer": [
            722,
            925
        ],
        "kp_mouth_left": [
            667,
            1149
        ],
        "kp_mouth_right": [
            483,
            1144
        ],
        "kp_nose_tip": [
            628,
            1019
        ],
        "kp_under_lip_bottom": [
            588,
            1188
        ],
        "kp_upper_lip_top": [
            598,
            1129
        ],
        "features": [
            6.929014,
            7.595412,
            -1.850406,
            4.700888,
            -0.415338,
            7.780667,
            1.530267,
            -0.268429,
            5.635811,
            -6.892365,
            -1.298694,
            -2.082539,
            2.239163,
            -4.367402,
            6.465138,
            -1.32104,
            0.11659,
            -1.966028,
            2.983669,
            2.33739,
            2.455496,
            0.641226,
            -0.541695,
            6.479014,
            -4.838217,
            -1.834616,
            -5.280243,
            -0.555169,
            6.139678,
            -7.33442,
            0.181553,
            -4.244005,
            -1.190138,
            3.437334,
            -1.619653,
            0.132874,
            0.699232,
            2.662339,
            0.23808,
            -0.538641,
            1.709785,
            -3.130206,
            7.151481,
            0.058868,
            4.145357,
            -5.109669,
            -4.062959,
            -1.418117,
            5.159343,
            0.276987,
            -0.766601,
            5.556565,
            -4.377418,
            1.809557,
            0.342326,
            -3.827841,
            -1.712077,
            2.216578,
            -3.598132,
            5.139896
        ]
    },
    "image_size": [
        870,
        1918
    ],
    "process_time_in_milliseconds": 783
}
