{
    "props": {
        "face_rect": [
            124,
            737,
            624,
            624
        ],
        "kp_eye_left_inner": [
            377,
            900
        ],
        "kp_eye_left_outer": [
            265,
            895
        ],
        "kp_eye_right_inner": [
            514,
            895
        ],
        "kp_eye_right_outer": [
            617,
            875
        ],
        "kp_mouth_left": [
            548,
            1158
        ],
        "kp_mouth_right": [
            343,
            1168
        ],
        "kp_nose_tip": [
            446,
            1056
        ],
        "kp_under_lip_bottom": [
            456,
            1222
        ],
        "kp_upper_lip_top": [
            451,
            1149
        ],
        "features": [
            -0.970384,
            0.481845,
            6.398898,
            -3.173564,
            5.4303,
            1.40549,
            -4.463132,
            5.209137,
            -1.106499,
            5.419105,
            -6.379522,
            -5.105015,
            -3.367326,
            3.907456,
            3.659314,
            -11.704524,
            -6.652663,
            3.36384,
            -0.711063,
            -0.818135,
            0.874412,
            0.902236,
            -10.044197,
            -7.794763,
            3.549021,
            2.605244,
            1.355368,
            -3.261581,
            4.856452,
            3.236516,
            -0.608608,
            2.489307,
            -3.336793,
            -2.075412,
            0.887531,
            1.067035,
            2.106912,
            1.6715,
            4.482299,
            6.294129,
            -3.185367,
            -8.838135,
            -7.325948,
            4.709736,
            5.9009,
            4.723675,
            1.955105,
            3.192335,
            -5.205493,
            -5.16984,
            3.887675,
            -3.018478,
            1.586758,
            -0.733163,
            -2.299539,
            5.779285,
            -4.77971,
            1.070765,
            -0.355746,
            0.224724
        ]
    },
    "image_size": [
        870,
        1918
    ],
    "process_time_in_milliseconds": 756
}
