{
    "props": {
        "face_rect": [
            163,
            769,
            558,
            558
        ],
        "kp_eye_left_inner": [
            372,
            900
        ],
        "kp_eye_left_outer": [
            273,
            905
        ],
        "kp_eye_right_inner": [
            511,
            900
        ],
        "kp_eye_right_outer": [
            615,
            910
        ],
        "kp_mouth_left": [
            550,
            1143
        ],
        "kp_mouth_right": [
            347,
            1143
        ],
        "kp_nose_tip": [
            442,
            1019
        ],
        "kp_under_lip_bottom": [
            451,
            1182
        ],
        "kp_upper_lip_top": [
            446,
            1123
        ],
        "features": [
            5.071797,
            6.059296,
            -2.215007,
            4.146732,
            0.590669,
            7.240311,
            0.907909,
            -0.067073,
            5.202821,
            -7.599207,
            -0.471083,
            -2.466272,
            0.863898,
            -3.953749,
            8.455156,
            -4.1726,
            -1.348805,
            -1.247587,
            2.683001,
            1.427675,
            4.322411,
            3.410821,
            0.825161,
            7.131033,
            -3.485505,
            1.432175,
            -5.104349,
            -1.422023,
            7.140744,
            -8.24727,
            1.349481,
            -5.775321,
            -1.675111,
            3.874553,
            -1.87272,
            0.24193,
            0.841115,
            3.151568,
            -0.653983,
            -0.857593,
            -1.788559,
            -1.678536,
            7.753012,
            0.583207,
            5.97167,
            -7.327527,
            -3.927011,
            -0.337149,
            5.831116,
            1.02163,
            -0.531924,
            6.331303,
            -3.449418,
            3.117184,
            0.224506,
            -4.892317,
            -2.374761,
            3.384478,
            -1.644002,
            4.163021
        ]
    },
    "image_size": [
        870,
        1918
    ],
    "process_time_in_milliseconds": 848
}
