{
    "props": {
        "face_rect": [
            117,
            800,
            599,
            599
        ],
        "kp_eye_left_inner": [
            342,
            952
        ],
        "kp_eye_left_outer": [
            242,
            957
        ],
        "kp_eye_right_inner": [
            480,
            948
        ],
        "kp_eye_right_outer": [
            580,
            943
        ],
        "kp_mouth_left": [
            523,
            1191
        ],
        "kp_mouth_right": [
            332,
            1200
        ],
        "kp_nose_tip": [
            418,
            1091
        ],
        "kp_under_lip_bottom": [
            428,
            1238
        ],
        "kp_upper_lip_top": [
            428,
            1186
        ],
        "features": [
            4.330765,
            6.238947,
            -1.064687,
            4.414686,
            0.63146,
            5.779199,
            1.249082,
            -0.326777,
            6.519555,
            -8.054821,
            -1.177117,
            -2.990513,
            3.156487,
            -4.676202,
            8.219486,
            -3.92315,
            -0.952566,
            -1.83147,
            3.005213,
            3.508541,
            4.307965,
            2.754171,
            -0.120135,
            8.731362,
            -3.686677,
            0.559837,
            -6.619197,
            -1.182855,
            6.775952,
            -7.969682,
            0.640053,
            -5.124832,
            -2.14948,
            4.593743,
            -0.617772,
            0.804594,
            1.203114,
            1.965727,
            -0.51204,
            -0.501858,
            -1.155123,
            -4.657762,
            8.049228,
            -1.384126,
            6.415946,
            -8.954345,
            -4.121822,
            -0.280149,
            4.225715,
            2.716751,
            -1.466874,
            7.615772,
            -3.623966,
            1.611171,
            1.42094,
            -4.036493,
            -5.174807,
            5.825227,
            -2.20447,
            3.490726
        ]
    },
    "image_size": [
        870,
        1918
    ],
    "process_time_in_milliseconds": 830
}
