{
    "props": {
        "face_rect": [
            165,
            633,
            563,
            563
        ],
        "kp_eye_left_inner": [
            386,
            775
        ],
        "kp_eye_left_outer": [
            284,
            775
        ],
        "kp_eye_right_inner": [
            512,
            770
        ],
        "kp_eye_right_outer": [
            614,
            761
        ],
        "kp_mouth_left": [
            546,
            1023
        ],
        "kp_mouth_right": [
            347,
            1028
        ],
        "kp_nose_tip": [
            444,
            867
        ],
        "kp_under_lip_bottom": [
            449,
            1067
        ],
        "kp_upper_lip_top": [
            449,
            989
        ],
        "features": [
            2.553408,
            4.893623,
            6.152909,
            -5.555324,
            3.637845,
            0.648343,
            -6.282847,
            3.550445,
            -0.374639,
            5.930126,
            -7.854603,
            -7.771839,
            -4.700534,
            7.994172,
            3.787709,
            -10.736398,
            -4.303688,
            4.334332,
            1.988309,
            -1.165709,
            -1.638402,
            2.52582,
            -10.042019,
            -7.074659,
            7.503191,
            2.828874,
            -2.59471,
            0.385727,
            6.19996,
            0.653846,
            -0.148894,
            3.837644,
            -2.453336,
            -3.504391,
            -2.021256,
            4.401249,
            2.407066,
            3.034132,
            -0.374062,
            2.534719,
            -3.497787,
            -5.960055,
            -10.530859,
            3.924868,
            4.195046,
            7.660568,
            4.844842,
            4.270446,
            -8.226072,
            -2.394471,
            5.618636,
            -0.449736,
            2.9953,
            -1.38621,
            0.928323,
            2.670648,
            -5.022734,
            1.359233,
            -1.619202,
            1.320006
        ]
    },
    "image_size": [
        870,
        1918
    ],
    "process_time_in_milliseconds": 1475
}
