{
    "props": {
        "face_rect": [
            16,
            758,
            556,
            556
        ],
        "kp_eye_left_inner": [
            235,
            897
        ],
        "kp_eye_left_outer": [
            167,
            902
        ],
        "kp_eye_right_inner": [
            362,
            892
        ],
        "kp_eye_right_outer": [
            479,
            883
        ],
        "kp_mouth_left": [
            411,
            1141
        ],
        "kp_mouth_right": [
            216,
            1136
        ],
        "kp_nose_tip": [
            260,
            1000
        ],
        "kp_under_lip_bottom": [
            299,
            1175
        ],
        "kp_upper_lip_top": [
            284,
            1117
        ],
        "features": [
            8.426551,
            10.229751,
            -1.118078,
            4.568949,
            2.261448,
            6.127499,
            0.597046,
            0.877978,
            1.366928,
            -4.601823,
            -4.219453,
            -1.358375,
            3.233797,
            0.464243,
            5.409788,
            -2.972276,
            0.493155,
            -0.183201,
            4.18826,
            1.313689,
            4.607475,
            0.684908,
            -0.805994,
            5.773581,
            -4.935305,
            -0.152849,
            -4.187336,
            -1.433002,
            4.078706,
            -6.078278,
            -1.743506,
            -0.57926,
            1.28844,
            4.829956,
            -1.738168,
            -0.461009,
            -0.400204,
            0.627963,
            0.286671,
            -0.107804,
            4.504088,
            -2.66196,
            6.678977,
            -1.208273,
            3.737051,
            -3.383839,
            -5.523358,
            -0.792523,
            3.742238,
            0.74112,
            0.108836,
            6.018366,
            -3.214012,
            3.182761,
            0.600514,
            -5.582716,
            -3.542997,
            3.529017,
            -2.445726,
            6.119185
        ]
    },
    "image_size": [
        870,
        1918
    ],
    "process_time_in_milliseconds": 958
}
