{
    "props": {
        "face_rect": [
            130,
            879,
            566,
            566
        ],
        "kp_eye_left_inner": [
            350,
            1035
        ],
        "kp_eye_left_outer": [
            248,
            1021
        ],
        "kp_eye_right_inner": [
            493,
            1035
        ],
        "kp_eye_right_outer": [
            595,
            1021
        ],
        "kp_mouth_left": [
            525,
            1262
        ],
        "kp_mouth_right": [
            336,
            1271
        ],
        "kp_nose_tip": [
            428,
            1220
        ],
        "kp_under_lip_bottom": [
            433,
            1308
        ],
        "kp_upper_lip_top": [
            433,
            1276
        ],
        "features": [
            2.81121,
            4.471469,
            -0.919858,
            4.722143,
            -1.100284,
            5.578903,
            -2.912592,
            0.489672,
            5.733092,
            -6.161067,
            -2.750725,
            -2.189325,
            1.63962,
            -6.284352,
            8.378926,
            -2.855798,
            -3.534562,
            -3.4343,
            2.582481,
            0.321284,
            5.67639,
            0.624092,
            0.867601,
            7.745817,
            -1.592667,
            -0.739195,
            -3.363256,
            -2.301661,
            5.759074,
            -6.534664,
            3.659451,
            -3.672895,
            -3.322565,
            4.646791,
            -3.776438,
            1.203153,
            -0.572745,
            2.163441,
            3.123055,
            1.891637,
            -0.46525,
            -5.564347,
            8.388472,
            2.282363,
            8.592587,
            -8.115693,
            -4.03118,
            1.109561,
            3.272447,
            3.361345,
            0.76756,
            6.370224,
            -4.970263,
            1.088442,
            -1.67032,
            -3.677937,
            -4.447925,
            3.325762,
            -0.346104,
            2.714795
        ]
    },
    "image_size": [
        870,
        1918
    ],
    "process_time_in_milliseconds": 840
}
