{
    "props": {
        "face_rect": [
            169,
            627,
            552,
            552
        ],
        "kp_eye_left_inner": [
            382,
            766
        ],
        "kp_eye_left_outer": [
            284,
            766
        ],
        "kp_eye_right_inner": [
            513,
            761
        ],
        "kp_eye_right_outer": [
            611,
            756
        ],
        "kp_mouth_left": [
            550,
            1009
        ],
        "kp_mouth_right": [
            340,
            1018
        ],
        "kp_nose_tip": [
            443,
            854
        ],
        "kp_under_lip_bottom": [
            447,
            1051
        ],
        "kp_upper_lip_top": [
            447,
            976
        ],
        "features": [
            3.165313,
            4.543087,
            6.074119,
            -5.599211,
            4.272061,
            1.141968,
            -4.320089,
            1.786181,
            -0.02568,
            5.540339,
            -7.997789,
            -7.9492,
            -5.453433,
            7.55928,
            4.479506,
            -11.798814,
            -5.47921,
            3.999113,
            4.293326,
            -0.007229,
            -2.935181,
            3.86215,
            -10.863702,
            -6.893929,
            8.283402,
            3.093043,
            -1.58748,
            0.473367,
            6.862737,
            0.90836,
            -0.244587,
            3.241227,
            -1.354316,
            -3.09149,
            -2.189183,
            3.689022,
            2.951461,
            4.738493,
            -0.560691,
            3.14192,
            -2.989393,
            -7.075546,
            -9.264711,
            2.801618,
            4.218277,
            8.000649,
            4.447709,
            5.050901,
            -7.422137,
            -2.384587,
            4.896628,
            -0.718149,
            2.665119,
            1.284686,
            1.683857,
            2.60833,
            -4.576057,
            0.286519,
            -2.559033,
            1.637662
        ]
    },
    "image_size": [
        870,
        1918
    ],
    "process_time_in_milliseconds": 959
}
