{
    "props": {
        "face_rect": [
            362,
            646,
            505,
            505
        ],
        "kp_eye_left_inner": [
            554,
            761
        ],
        "kp_eye_left_outer": [
            443,
            745
        ],
        "kp_eye_right_inner": [
            675,
            782
        ],
        "kp_eye_right_outer": [
            739,
            787
        ],
        "kp_mouth_left": [
            686,
            1009
        ],
        "kp_mouth_right": [
            501,
            1009
        ],
        "kp_nose_tip": [
            660,
            851
        ],
        "kp_under_lip_bottom": [
            617,
            1036
        ],
        "kp_upper_lip_top": [
            633,
            967
        ],
        "features": [
            3.31545,
            5.406128,
            6.69327,
            -5.465338,
            5.444179,
            0.586689,
            -5.808324,
            -0.19468,
            1.308684,
            5.860249,
            -10.90439,
            -8.616256,
            -2.744568,
            6.646823,
            4.329049,
            -10.193785,
            -7.870601,
            3.091682,
            4.717183,
            1.062462,
            -2.705242,
            2.975695,
            -9.668248,
            -7.847441,
            7.196228,
            3.565154,
            0.452093,
            0.07223,
            5.806674,
            2.654498,
            -0.296941,
            4.403722,
            -0.174803,
            -1.120114,
            -1.365245,
            3.683741,
            2.61641,
            2.674424,
            -0.001388,
            4.726077,
            0.730599,
            -5.757821,
            -9.557016,
            2.571027,
            4.20009,
            10.778857,
            2.98,
            3.010176,
            -7.369554,
            -5.138021,
            5.961243,
            -2.536185,
            0.377731,
            0.266745,
            -0.172408,
            3.644661,
            -4.085859,
            -0.796218,
            -0.824817,
            2.898539
        ]
    },
    "image_size": [
        870,
        1918
    ],
    "process_time_in_milliseconds": 834
}
