{
    "props": {
        "face_rect": [
            127,
            755,
            583,
            583
        ],
        "kp_eye_left_inner": [
            342,
            902
        ],
        "kp_eye_left_outer": [
            242,
            902
        ],
        "kp_eye_right_inner": [
            482,
            902
        ],
        "kp_eye_right_outer": [
            587,
            897
        ],
        "kp_mouth_left": [
            527,
            1142
        ],
        "kp_mouth_right": [
            327,
            1152
        ],
        "kp_nose_tip": [
            417,
            1017
        ],
        "kp_under_lip_bottom": [
            432,
            1182
        ],
        "kp_upper_lip_top": [
            427,
            1122
        ],
        "features": [
            5.251838,
            7.165739,
            -1.571547,
            5.045058,
            -0.000233,
            7.394715,
            0.020554,
            1.063998,
            4.746972,
            -7.585877,
            0.005515,
            -3.276081,
            1.754372,
            -4.16373,
            8.893038,
            -4.642646,
            0.190871,
            -0.099542,
            2.227788,
            1.16678,
            3.652755,
            3.335562,
            0.785392,
            4.987262,
            -5.249706,
            0.355961,
            -6.040795,
            -0.908625,
            7.010759,
            -8.461149,
            0.379252,
            -3.792534,
            -1.116031,
            4.479245,
            -3.478009,
            -0.144996,
            -0.343382,
            3.635401,
            0.182507,
            -1.671631,
            -0.728539,
            -2.275086,
            6.999505,
            0.255175,
            5.630252,
            -6.734249,
            -4.691382,
            -0.269466,
            6.126031,
            -0.00813,
            -0.025556,
            6.621845,
            -4.564042,
            2.848572,
            1.465373,
            -4.668071,
            -1.890042,
            3.001732,
            -0.983359,
            3.797263
        ]
    },
    "image_size": [
        870,
        1918
    ],
    "process_time_in_milliseconds": 843
}
