{
    "props": {
        "face_rect": [
            138,
            915,
            532,
            532
        ],
        "kp_eye_left_inner": [
            358,
            1062
        ],
        "kp_eye_left_outer": [
            251,
            1045
        ],
        "kp_eye_right_inner": [
            494,
            1058
        ],
        "kp_eye_right_outer": [
            593,
            1049
        ],
        "kp_mouth_left": [
            524,
            1284
        ],
        "kp_mouth_right": [
            336,
            1288
        ],
        "kp_nose_tip": [
            422,
            1241
        ],
        "kp_under_lip_bottom": [
            439,
            1327
        ],
        "kp_upper_lip_top": [
            430,
            1297
        ],
        "features": [
            3.754193,
            4.510694,
            -0.892349,
            5.863315,
            -1.182726,
            3.903182,
            -5.040449,
            3.104465,
            4.653339,
            -5.309228,
            -3.287552,
            -2.144501,
            1.511729,
            -6.744435,
            8.377103,
            -2.722502,
            -2.347395,
            -3.346828,
            1.788759,
            -1.495753,
            5.651572,
            -2.043339,
            0.847088,
            6.899416,
            -2.258335,
            -1.425369,
            -3.116008,
            -2.941346,
            5.479733,
            -6.407982,
            2.987966,
            -2.094157,
            -3.712831,
            4.89245,
            -4.566279,
            2.35331,
            -1.32949,
            3.316983,
            4.063833,
            2.607627,
            0.529447,
            -5.854,
            7.505539,
            1.702698,
            7.837897,
            -7.869402,
            -4.432438,
            0.473727,
            3.317778,
            4.16508,
            1.362387,
            5.50235,
            -5.408162,
            0.548083,
            -2.543199,
            -3.750305,
            -1.425881,
            1.642527,
            -1.757086,
            4.587846
        ]
    },
    "image_size": [
        870,
        1918
    ],
    "process_time_in_milliseconds": 750
}
