{
    "props": {
        "face_rect": [
            173,
            633,
            491,
            491
        ],
        "kp_eye_left_inner": [
            361,
            713
        ],
        "kp_eye_left_outer": [
            253,
            784
        ],
        "kp_eye_right_inner": [
            491,
            767
        ],
        "kp_eye_right_outer": [
            583,
            784
        ],
        "kp_mouth_left": [
            534,
            984
        ],
        "kp_mouth_right": [
            318,
            984
        ],
        "kp_nose_tip": [
            420,
            767
        ],
        "kp_under_lip_bottom": [
            426,
            984
        ],
        "kp_upper_lip_top": [
            420,
            924
        ],
        "features": [
            3.386636,
            6.093275,
            -1.375422,
            3.502208,
            -0.876932,
            4.463171,
            -3.233982,
            0.346025,
            2.704145,
            -7.681934,
            -2.329805,
            -1.259946,
            2.704776,
            -1.327764,
            4.467369,
            -0.376482,
            -2.967882,
            -2.709045,
            0.350151,
            -1.435563,
            4.069923,
            3.907468,
            -3.239506,
            4.311245,
            -1.063912,
            1.6023,
            -1.023346,
            -2.204337,
            5.235503,
            -3.727888,
            2.744451,
            -5.490456,
            -0.273922,
            4.132896,
            -0.808826,
            2.322021,
            0.11426,
            -0.081162,
            4.897831,
            1.203642,
            1.179091,
            0.802919,
            4.135783,
            0.946537,
            6.100678,
            -2.267633,
            -3.085454,
            3.606113,
            7.833003,
            1.085393,
            -0.779378,
            7.726184,
            1.110238,
            -0.522208,
            -4.412495,
            -1.3141,
            -1.659944,
            -0.203798,
            1.782627,
            6.091715
        ]
    },
    "image_size": [
        870,
        1918
    ],
    "process_time_in_milliseconds": 798
}
