{
    "props": {
        "face_rect": [
            147,
            510,
            491,
            491
        ],
        "kp_eye_left_inner": [
            362,
            644
        ],
        "kp_eye_left_outer": [
            297,
            613
        ],
        "kp_eye_right_inner": [
            454,
            671
        ],
        "kp_eye_right_outer": [
            520,
            694
        ],
        "kp_mouth_left": [
            408,
            855
        ],
        "kp_mouth_right": [
            277,
            809
        ],
        "kp_nose_tip": [
            366,
            752
        ],
        "kp_under_lip_bottom": [
            331,
            859
        ],
        "kp_upper_lip_top": [
            347,
            817
        ],
        "features": [
            -0.518347,
            7.71557,
            -1.306688,
            -1.74931,
            2.062433,
            -4.873268,
            0.581249,
            3.66202,
            8.904967,
            -7.384789,
            5.053499,
            -3.516181,
            6.379405,
            -4.98953,
            3.676705,
            -3.360212,
            -0.107357,
            8.851853,
            -6.482319,
            4.449047,
            5.74321,
            -7.358489,
            6.596848,
            0.69649,
            0.667124,
            1.676202,
            -8.751667,
            1.561918,
            -0.196213,
            -5.568529,
            -0.214048,
            2.309714,
            -2.190114,
            0.713261,
            -3.71608,
            5.301741,
            0.477326,
            0.519052,
            -1.456723,
            -5.120419,
            -1.648089,
            -1.028081,
            -1.795347,
            -1.678284,
            6.980968,
            -5.156361,
            -2.23526,
            -1.123665,
            1.581677,
            1.522742,
            1.976334,
            11.355732,
            3.490108,
            3.973999,
            2.05845,
            -4.789182,
            -1.988781,
            1.279694,
            -1.62583,
            -0.912967
        ]
    },
    "image_size": [
        720,
        1280
    ],
    "process_time_in_milliseconds": 1469
}
