{
    "props": {
        "face_rect": [
            237,
            571,
            412,
            412
        ],
        "kp_eye_left_inner": [
            384,
            680
        ],
        "kp_eye_left_outer": [
            298,
            690
        ],
        "kp_eye_right_inner": [
            503,
            671
        ],
        "kp_eye_right_outer": [
            593,
            680
        ],
        "kp_mouth_left": [
            545,
            861
        ],
        "kp_mouth_right": [
            346,
            866
        ],
        "kp_nose_tip": [
            446,
            690
        ],
        "kp_under_lip_bottom": [
            441,
            866
        ],
        "kp_upper_lip_top": [
            446,
            804
        ],
        "features": [
            2.30573,
            5.139289,
            8.382886,
            -3.744228,
            3.540654,
            -1.565349,
            -4.213223,
            1.361698,
            4.473778,
            5.49988,
            -9.177906,
            -4.363161,
            -1.519479,
            4.852679,
            4.24231,
            -11.517691,
            -6.712563,
            3.509297,
            6.453617,
            1.127515,
            -4.248995,
            4.018513,
            -8.889575,
            -8.572636,
            8.858037,
            3.759242,
            1.252009,
            -1.478428,
            7.161744,
            0.983204,
            -0.148994,
            2.695875,
            -1.026482,
            -0.854638,
            -3.638917,
            2.717023,
            2.926769,
            4.59715,
            -2.221353,
            5.687672,
            -0.102033,
            -3.009629,
            -6.480071,
            1.476197,
            7.307572,
            7.66003,
            4.982598,
            0.946741,
            -7.021215,
            -3.343166,
            4.460989,
            -3.252402,
            1.318227,
            0.969205,
            -1.899608,
            1.732849,
            -0.607203,
            0.317709,
            -2.11645,
            2.090053
        ]
    },
    "image_size": [
        870,
        1918
    ],
    "process_time_in_milliseconds": 733
}
