{
    "props": {
        "face_rect": [
            140,
            761,
            572,
            572
        ],
        "kp_eye_left_inner": [
            361,
            899
        ],
        "kp_eye_left_outer": [
            252,
            904
        ],
        "kp_eye_right_inner": [
            490,
            899
        ],
        "kp_eye_right_outer": [
            599,
            899
        ],
        "kp_mouth_left": [
            535,
            1138
        ],
        "kp_mouth_right": [
            336,
            1143
        ],
        "kp_nose_tip": [
            421,
            1019
        ],
        "kp_under_lip_bottom": [
            435,
            1183
        ],
        "kp_upper_lip_top": [
            431,
            1123
        ],
        "features": [
            5.225649,
            6.21788,
            -3.440023,
            4.406705,
            -0.095362,
            7.097718,
            0.786499,
            0.498033,
            4.169727,
            -8.012731,
            0.38252,
            -2.620147,
            1.498392,
            -4.055001,
            9.05432,
            -4.383262,
            0.749973,
            -0.495119,
            2.057727,
            1.605877,
            4.843227,
            2.980497,
            1.934409,
            6.0433,
            -4.652226,
            0.009104,
            -5.848164,
            -1.705502,
            7.010921,
            -7.644683,
            0.717902,
            -5.567077,
            -2.520642,
            4.0909,
            -2.47269,
            0.650938,
            -0.299173,
            2.534944,
            -0.176194,
            -2.011567,
            -2.019596,
            -2.453406,
            7.885636,
            0.283388,
            5.923429,
            -7.623005,
            -4.54819,
            0.59469,
            5.930276,
            0.675534,
            -0.94779,
            7.242108,
            -4.380177,
            2.686156,
            1.756243,
            -4.315396,
            -2.570936,
            3.8639,
            -1.783335,
            4.766294
        ]
    },
    "image_size": [
        870,
        1918
    ],
    "process_time_in_milliseconds": 783
}
