{
    "props": {
        "face_rect": [
            84,
            758,
            629,
            629
        ],
        "kp_eye_left_inner": [
            339,
            929
        ],
        "kp_eye_left_outer": [
            231,
            924
        ],
        "kp_eye_right_inner": [
            477,
            924
        ],
        "kp_eye_right_outer": [
            581,
            904
        ],
        "kp_mouth_left": [
            522,
            1185
        ],
        "kp_mouth_right": [
            320,
            1194
        ],
        "kp_nose_tip": [
            418,
            1101
        ],
        "kp_under_lip_bottom": [
            428,
            1263
        ],
        "kp_upper_lip_top": [
            423,
            1185
        ],
        "features": [
            -1.041402,
            1.985244,
            6.337438,
            -3.602583,
            4.428214,
            2.354379,
            -1.727109,
            3.473316,
            -0.337896,
            2.176973,
            -7.6528,
            -5.41472,
            -1.068105,
            2.981759,
            2.996312,
            -10.369671,
            -7.250327,
            3.24493,
            -0.174807,
            1.564734,
            0.184341,
            0.924509,
            -10.797114,
            -6.522112,
            2.594725,
            -0.609819,
            0.671338,
            -1.609322,
            5.685701,
            2.626441,
            -1.181416,
            2.22854,
            -3.431452,
            -1.26088,
            2.381169,
            1.375364,
            2.940082,
            1.211752,
            4.214419,
            5.438488,
            -0.645399,
            -11.959036,
            -7.196428,
            1.667466,
            6.479405,
            3.509844,
            2.90525,
            4.455865,
            -5.247362,
            -6.980904,
            3.083675,
            -1.190842,
            2.623793,
            0.163686,
            -1.512928,
            7.253908,
            -6.780713,
            3.115003,
            -2.537036,
            0.604224
        ]
    },
    "image_size": [
        870,
        1918
    ],
    "process_time_in_milliseconds": 727
}
