{
    "props": {
        "face_rect": [
            314,
            765,
            587,
            587
        ],
        "kp_eye_left_inner": [
            561,
            899
        ],
        "kp_eye_left_outer": [
            441,
            883
        ],
        "kp_eye_right_inner": [
            702,
            937
        ],
        "kp_eye_right_outer": [
            751,
            937
        ],
        "kp_mouth_left": [
            686,
            1155
        ],
        "kp_mouth_right": [
            512,
            1149
        ],
        "kp_nose_tip": [
            670,
            1024
        ],
        "kp_under_lip_bottom": [
            604,
            1204
        ],
        "kp_upper_lip_top": [
            626,
            1139
        ],
        "features": [
            7.163611,
            8.860835,
            -2.399438,
            2.47825,
            -0.020597,
            8.080544,
            0.438631,
            -1.409806,
            4.922962,
            -6.474129,
            -1.730828,
            0.099782,
            2.35165,
            -4.271791,
            6.872162,
            -0.155318,
            -1.418759,
            -1.889512,
            3.232864,
            2.678011,
            5.166324,
            -1.585491,
            -0.232249,
            7.931989,
            -3.610908,
            -1.162865,
            -3.79505,
            -1.704432,
            5.875727,
            -6.409751,
            1.246692,
            -4.5202,
            -1.436795,
            3.859953,
            -1.014943,
            1.074062,
            0.34142,
            2.579327,
            0.342146,
            0.305333,
            2.38151,
            -2.912397,
            6.795003,
            -0.297666,
            3.957308,
            -4.33026,
            -3.683098,
            0.313778,
            4.776923,
            0.524793,
            0.010512,
            6.946965,
            -3.948018,
            2.141388,
            -1.837515,
            -4.407734,
            -4.22768,
            3.111962,
            -2.90304,
            6.440126
        ]
    },
    "image_size": [
        870,
        1918
    ],
    "process_time_in_milliseconds": 811
}
