{
    "props": {
        "face_rect": [
            0,
            600,
            592,
            592
        ],
        "kp_eye_left_inner": [
            256,
            763
        ],
        "kp_eye_left_outer": [
            198,
            769
        ],
        "kp_eye_right_inner": [
            383,
            758
        ],
        "kp_eye_right_outer": [
            494,
            753
        ],
        "kp_mouth_left": [
            383,
            1017
        ],
        "kp_mouth_right": [
            193,
            1007
        ],
        "kp_nose_tip": [
            262,
            848
        ],
        "kp_under_lip_bottom": [
            272,
            1044
        ],
        "kp_upper_lip_top": [
            272,
            970
        ],
        "features": [
            1.956828,
            5.108026,
            5.800794,
            -4.807247,
            4.783617,
            0.817124,
            -5.834244,
            0.690051,
            1.02724,
            5.922806,
            -9.189828,
            -6.365101,
            -2.842148,
            6.812467,
            4.953798,
            -11.328192,
            -6.297132,
            3.331886,
            4.783316,
            -0.001689,
            -1.826638,
            3.985337,
            -10.686348,
            -6.196058,
            8.136777,
            2.53217,
            0.133165,
            -1.535491,
            5.943845,
            1.224129,
            -0.087275,
            3.847103,
            -1.193194,
            -1.867409,
            -2.595939,
            3.589673,
            2.897181,
            1.547897,
            -0.165651,
            2.15696,
            -1.572995,
            -3.65174,
            -7.435668,
            4.52004,
            3.156504,
            8.324198,
            3.479418,
            3.495379,
            -7.569365,
            -4.147063,
            4.822543,
            -1.270896,
            1.474106,
            -0.877573,
            0.524932,
            2.403735,
            -4.661526,
            1.376014,
            -0.755785,
            1.671405
        ]
    },
    "image_size": [
        870,
        1918
    ],
    "process_time_in_milliseconds": 771
}
