{
    "props": {
        "face_rect": [
            178,
            638,
            492,
            492
        ],
        "kp_eye_left_inner": [
            358,
            708
        ],
        "kp_eye_left_outer": [
            253,
            791
        ],
        "kp_eye_right_inner": [
            502,
            775
        ],
        "kp_eye_right_outer": [
            585,
            786
        ],
        "kp_mouth_left": [
            535,
            985
        ],
        "kp_mouth_right": [
            325,
            985
        ],
        "kp_nose_tip": [
            419,
            775
        ],
        "kp_under_lip_bottom": [
            436,
            996
        ],
        "kp_upper_lip_top": [
            430,
            924
        ],
        "features": [
            2.632429,
            6.987627,
            -1.214866,
            3.453479,
            -1.448561,
            4.032849,
            -3.636093,
            0.530891,
            3.96687,
            -7.268192,
            -2.880462,
            -0.674389,
            2.277788,
            -1.148217,
            3.710073,
            -0.139885,
            -3.028981,
            -2.296558,
            0.634328,
            -1.244302,
            3.264061,
            4.722033,
            -3.960764,
            4.602074,
            -0.645675,
            1.564574,
            -1.252805,
            -1.700445,
            6.016637,
            -4.613694,
            1.910826,
            -5.467601,
            -0.187526,
            4.587675,
            0.29176,
            2.412481,
            1.270432,
            -0.176861,
            5.077639,
            1.175933,
            1.664519,
            0.554242,
            3.958945,
            0.885032,
            6.343822,
            -3.098331,
            -2.357984,
            2.554701,
            7.409417,
            0.587775,
            -1.296346,
            6.34029,
            0.838291,
            0.130353,
            -4.578609,
            -1.308575,
            -0.578843,
            0.018519,
            1.432685,
            4.790189
        ]
    },
    "image_size": [
        870,
        1918
    ],
    "process_time_in_milliseconds": 754
}
