{
    "props": {
        "face_rect": [
            246,
            627,
            558,
            558
        ],
        "kp_eye_left_inner": [
            454,
            768
        ],
        "kp_eye_left_outer": [
            348,
            763
        ],
        "kp_eye_right_inner": [
            589,
            773
        ],
        "kp_eye_right_outer": [
            671,
            773
        ],
        "kp_mouth_left": [
            618,
            1019
        ],
        "kp_mouth_right": [
            415,
            1024
        ],
        "kp_nose_tip": [
            550,
            855
        ],
        "kp_under_lip_bottom": [
            536,
            1048
        ],
        "kp_upper_lip_top": [
            541,
            980
        ],
        "features": [
            2.059513,
            5.284375,
            7.29583,
            -4.980278,
            5.113758,
            0.050713,
            -6.538327,
            1.825024,
            1.099973,
            4.789557,
            -7.159062,
            -7.756048,
            -3.880394,
            8.111053,
            5.103171,
            -10.554549,
            -6.245719,
            3.971908,
            3.888123,
            -0.771389,
            -2.705035,
            3.122381,
            -10.452714,
            -8.317801,
            6.53347,
            3.49652,
            -0.733908,
            -0.385934,
            6.772913,
            2.896847,
            -0.118308,
            3.090218,
            -1.958231,
            -2.88309,
            -2.239484,
            3.464635,
            3.300723,
            3.600986,
            0.00999,
            3.445565,
            -1.350855,
            -4.97742,
            -10.398517,
            3.206808,
            4.655404,
            9.781758,
            4.414483,
            3.420396,
            -7.196257,
            -3.381591,
            6.222292,
            -1.275479,
            1.401096,
            -0.399438,
            -0.310923,
            2.77692,
            -2.600937,
            -0.38099,
            -1.062174,
            1.760113
        ]
    },
    "image_size": [
        870,
        1918
    ],
    "process_time_in_milliseconds": 754
}
