{
    "props": {
        "face_rect": [
            89,
            756,
            565,
            565
        ],
        "kp_eye_left_inner": [
            312,
            898
        ],
        "kp_eye_left_outer": [
            218,
            898
        ],
        "kp_eye_right_inner": [
            447,
            893
        ],
        "kp_eye_right_outer": [
            556,
            883
        ],
        "kp_mouth_left": [
            487,
            1137
        ],
        "kp_mouth_right": [
            292,
            1142
        ],
        "kp_nose_tip": [
            347,
            1012
        ],
        "kp_under_lip_bottom": [
            377,
            1171
        ],
        "kp_upper_lip_top": [
            367,
            1117
        ],
        "features": [
            5.564664,
            6.857152,
            -1.307263,
            4.020308,
            0.042616,
            7.890281,
            2.584881,
            0.910744,
            3.486902,
            -6.983619,
            -1.86581,
            -4.158443,
            1.849087,
            -3.433344,
            8.012856,
            -3.477739,
            1.603238,
            -0.80088,
            3.659748,
            1.717013,
            3.073636,
            3.907638,
            -0.354286,
            5.816128,
            -4.937264,
            0.520442,
            -6.382336,
            -1.145022,
            6.300237,
            -7.643076,
            0.027642,
            -4.055,
            0.257129,
            4.480332,
            -2.525537,
            -0.419693,
            0.205123,
            3.337355,
            -0.101271,
            -1.314448,
            -0.174075,
            -2.481665,
            8.542247,
            -0.482318,
            4.810615,
            -5.739672,
            -6.552491,
            0.610887,
            6.838361,
            0.708629,
            -1.794859,
            6.237276,
            -3.177699,
            2.534638,
            2.366501,
            -4.766896,
            -2.593715,
            2.959783,
            -1.194218,
            4.014279
        ]
    },
    "image_size": [
        870,
        1918
    ],
    "process_time_in_milliseconds": 755
}
