{
    "props": {
        "face_rect": [
            -27,
            599,
            621,
            621
        ],
        "kp_eye_left_inner": [
            228,
            762
        ],
        "kp_eye_left_outer": [
            183,
            767
        ],
        "kp_eye_right_inner": [
            357,
            762
        ],
        "kp_eye_right_outer": [
            471,
            753
        ],
        "kp_mouth_left": [
            362,
            1021
        ],
        "kp_mouth_right": [
            173,
            1001
        ],
        "kp_nose_tip": [
            233,
            847
        ],
        "kp_under_lip_bottom": [
            248,
            1036
        ],
        "kp_upper_lip_top": [
            238,
            966
        ],
        "features": [
            3.830359,
            4.258558,
            4.576488,
            -4.359708,
            3.445732,
            1.030696,
            -7.47453,
            0.874669,
            0.926664,
            3.347938,
            -8.119171,
            -6.035661,
            -4.442051,
            5.323496,
            5.806225,
            -10.447196,
            -7.114892,
            5.604966,
            3.641135,
            -0.97382,
            -1.515097,
            4.064359,
            -8.623051,
            -4.224041,
            7.179235,
            1.304761,
            -2.295778,
            -1.588752,
            3.88346,
            1.036966,
            -0.679544,
            0.908003,
            -2.675536,
            -0.382061,
            -2.9998,
            5.415307,
            4.659708,
            2.38495,
            -0.076578,
            2.536714,
            -1.008985,
            -3.943724,
            -8.81455,
            3.258156,
            2.086242,
            8.039816,
            6.071464,
            6.90579,
            -5.863481,
            -5.583969,
            4.904728,
            -0.328981,
            0.373025,
            -0.18149,
            2.258113,
            3.009445,
            -3.809841,
            1.887077,
            -2.823766,
            3.156154
        ]
    },
    "image_size": [
        870,
        1918
    ],
    "process_time_in_milliseconds": 863
}
