{
    "props": {
        "face_rect": [
            253,
            633,
            528,
            528
        ],
        "kp_eye_left_inner": [
            456,
            763
        ],
        "kp_eye_left_outer": [
            346,
            753
        ],
        "kp_eye_right_inner": [
            580,
            768
        ],
        "kp_eye_right_outer": [
            671,
            772
        ],
        "kp_mouth_left": [
            609,
            1017
        ],
        "kp_mouth_right": [
            408,
            1007
        ],
        "kp_nose_tip": [
            537,
            849
        ],
        "kp_under_lip_bottom": [
            518,
            1036
        ],
        "kp_upper_lip_top": [
            528,
            964
        ],
        "features": [
            2.580893,
            4.626132,
            7.257945,
            -5.018198,
            5.094656,
            0.744813,
            -6.023377,
            1.779494,
            0.074634,
            5.410623,
            -7.369028,
            -7.901278,
            -3.954334,
            8.426683,
            4.487434,
            -10.105618,
            -6.506729,
            3.824975,
            3.738214,
            -0.657162,
            -2.542274,
            3.02256,
            -9.11436,
            -7.284903,
            6.691541,
            3.388463,
            -0.285554,
            0.199251,
            6.593715,
            2.608106,
            -0.675081,
            3.555938,
            -2.055564,
            -2.525856,
            -2.194965,
            3.244675,
            2.38443,
            3.546719,
            0.305421,
            3.468185,
            -1.799574,
            -5.843662,
            -10.091803,
            3.92459,
            5.107514,
            9.755711,
            4.911409,
            3.132956,
            -7.857234,
            -3.535188,
            6.352807,
            -0.81876,
            1.163046,
            0.403245,
            -0.048217,
            2.542396,
            -3.103069,
            -0.043389,
            -1.784855,
            1.856832
        ]
    },
    "image_size": [
        870,
        1918
    ],
    "process_time_in_milliseconds": 750
}
