{
    "props": {
        "face_rect": [
            132,
            912,
            527,
            527
        ],
        "kp_eye_left_inner": [
            354,
            1062
        ],
        "kp_eye_left_outer": [
            247,
            1045
        ],
        "kp_eye_right_inner": [
            494,
            1062
        ],
        "kp_eye_right_outer": [
            589,
            1045
        ],
        "kp_mouth_left": [
            523,
            1284
        ],
        "kp_mouth_right": [
            337,
            1288
        ],
        "kp_nose_tip": [
            420,
            1239
        ],
        "kp_under_lip_bottom": [
            432,
            1334
        ],
        "kp_upper_lip_top": [
            428,
            1297
        ],
        "features": [
            2.949021,
            4.61977,
            -1.0683,
            5.386287,
            -1.001584,
            4.895523,
            -3.873322,
            1.769597,
            4.750017,
            -5.755435,
            -3.488154,
            -2.581968,
            1.64546,
            -5.892936,
            8.102597,
            -2.220727,
            -2.919809,
            -3.604184,
            2.348941,
            -0.589709,
            5.205133,
            -0.031619,
            0.821924,
            7.377568,
            -2.215986,
            -1.229402,
            -2.76278,
            -1.724972,
            6.328812,
            -6.610871,
            3.063289,
            -2.718937,
            -2.663432,
            4.654325,
            -3.640898,
            1.023023,
            -1.085363,
            3.160195,
            3.324883,
            2.689718,
            0.625022,
            -5.909928,
            8.301176,
            1.459333,
            8.62458,
            -7.919646,
            -4.479167,
            0.330686,
            3.397981,
            4.291231,
            0.543097,
            5.996038,
            -5.851204,
            1.218759,
            -1.911179,
            -3.895049,
            -2.351201,
            1.748586,
            -1.279732,
            3.450241
        ]
    },
    "image_size": [
        870,
        1918
    ],
    "process_time_in_milliseconds": 770
}
