{
    "props": {
        "face_rect": [
            313,
            765,
            586,
            586
        ],
        "kp_eye_left_inner": [
            555,
            900
        ],
        "kp_eye_left_outer": [
            431,
            883
        ],
        "kp_eye_right_inner": [
            690,
            934
        ],
        "kp_eye_right_outer": [
            746,
            934
        ],
        "kp_mouth_left": [
            678,
            1153
        ],
        "kp_mouth_right": [
            504,
            1147
        ],
        "kp_nose_tip": [
            650,
            1024
        ],
        "kp_under_lip_bottom": [
            600,
            1204
        ],
        "kp_upper_lip_top": [
            616,
            1136
        ],
        "features": [
            6.921977,
            8.171821,
            -2.805969,
            3.260113,
            0.066265,
            8.607696,
            1.1146,
            -0.12507,
            5.030585,
            -6.388937,
            -2.602135,
            -1.349463,
            1.203831,
            -3.592801,
            6.99948,
            -1.643958,
            -1.0697,
            -2.090646,
            2.460452,
            1.233735,
            4.378201,
            -0.216777,
            -1.122507,
            6.97488,
            -3.527509,
            -1.114041,
            -4.230457,
            -1.312262,
            5.715436,
            -6.766946,
            0.930448,
            -4.269387,
            -1.303339,
            2.90201,
            -0.864803,
            1.024566,
            0.366038,
            2.125008,
            1.149733,
            0.501173,
            1.58489,
            -3.738328,
            6.86016,
            0.473304,
            4.003507,
            -4.441761,
            -4.214026,
            -0.150751,
            4.852116,
            0.129599,
            -0.639392,
            5.758197,
            -3.292871,
            2.077962,
            -0.782113,
            -3.550941,
            -3.70312,
            2.563735,
            -2.885274,
            5.943412
        ]
    },
    "image_size": [
        870,
        1918
    ],
    "process_time_in_milliseconds": 735
}
