{
    "props": {
        "face_rect": [
            106,
            455,
            338,
            338
        ],
        "kp_eye_left_inner": [
            247,
            549
        ],
        "kp_eye_left_outer": [
            206,
            556
        ],
        "kp_eye_right_inner": [
            330,
            543
        ],
        "kp_eye_right_outer": [
            393,
            552
        ],
        "kp_mouth_left": [
            327,
            689
        ],
        "kp_mouth_right": [
            209,
            686
        ],
        "kp_nose_tip": [
            260,
            568
        ],
        "kp_under_lip_bottom": [
            257,
            701
        ],
        "kp_upper_lip_top": [
            257,
            648
        ],
        "features": [
            4.967709,
            8.908016,
            0.382273,
            0.094774,
            6.87495,
            -6.192509,
            -0.677446,
            1.137219,
            4.155259,
            -4.552523,
            3.312805,
            -2.444415,
            8.28275,
            0.101326,
            -0.178154,
            -2.075927,
            1.092394,
            7.148746,
            -6.218362,
            6.3861,
            5.12342,
            -6.187541,
            9.780536,
            2.888236,
            -2.497972,
            2.459724,
            -8.603606,
            3.37699,
            -3.957205,
            -2.728192,
            -1.803946,
            5.655424,
            -0.327387,
            4.949401,
            -4.253603,
            1.56779,
            1.301839,
            -2.224324,
            0.294506,
            -4.312417,
            3.867959,
            -0.651851,
            0.224724,
            -0.719236,
            9.9456,
            -1.560108,
            -0.867249,
            -1.237884,
            1.849542,
            0.722865,
            4.431861,
            12.096717,
            2.894606,
            5.806966,
            -1.555048,
            -1.90395,
            -2.076115,
            0.394591,
            0.464059,
            2.659966
        ]
    },
    "image_size": [
        720,
        1280
    ],
    "process_time_in_milliseconds": 762
}
