{
    "props": {
        "face_rect": [
            255,
            576,
            388,
            388
        ],
        "kp_eye_left_inner": [
            387,
            675
        ],
        "kp_eye_left_outer": [
            309,
            689
        ],
        "kp_eye_right_inner": [
            510,
            666
        ],
        "kp_eye_right_outer": [
            592,
            680
        ],
        "kp_mouth_left": [
            556,
            844
        ],
        "kp_mouth_right": [
            355,
            844
        ],
        "kp_nose_tip": [
            451,
            675
        ],
        "kp_under_lip_bottom": [
            451,
            844
        ],
        "kp_upper_lip_top": [
            455,
            785
        ],
        "features": [
            2.997339,
            4.359856,
            6.302087,
            -1.776619,
            4.090539,
            1.226579,
            -3.672925,
            1.221201,
            2.182832,
            6.303158,
            -10.838361,
            -7.568841,
            -1.834256,
            3.976528,
            3.934582,
            -10.405994,
            -5.746655,
            2.611491,
            4.091112,
            0.30221,
            -4.327636,
            4.994522,
            -8.22497,
            -7.767016,
            5.150719,
            6.071322,
            0.936383,
            -0.792996,
            6.321206,
            -0.46782,
            1.507175,
            4.049498,
            1.337783,
            -0.213613,
            -2.791318,
            1.763994,
            1.991544,
            5.326783,
            -3.144826,
            5.854392,
            1.216771,
            -0.890733,
            -5.484385,
            0.534463,
            6.769986,
            8.72157,
            2.684549,
            1.403535,
            -3.73822,
            -3.45139,
            4.106892,
            -3.945881,
            -0.067994,
            -0.361054,
            -3.319709,
            2.561843,
            -1.407009,
            0.162291,
            1.388505,
            6.11594
        ]
    },
    "image_size": [
        870,
        1918
    ],
    "process_time_in_milliseconds": 774
}
