{
    "props": {
        "face_rect": [
            92,
            765,
            632,
            632
        ],
        "kp_eye_left_inner": [
            339,
            938
        ],
        "kp_eye_left_outer": [
            235,
            933
        ],
        "kp_eye_right_inner": [
            482,
            928
        ],
        "kp_eye_right_outer": [
            586,
            908
        ],
        "kp_mouth_left": [
            527,
            1185
        ],
        "kp_mouth_right": [
            319,
            1200
        ],
        "kp_nose_tip": [
            413,
            1101
        ],
        "kp_under_lip_bottom": [
            428,
            1269
        ],
        "kp_upper_lip_top": [
            423,
            1185
        ],
        "features": [
            -1.006525,
            1.413665,
            6.293375,
            -3.19878,
            4.366803,
            2.36537,
            -1.676416,
            4.161099,
            -0.916955,
            2.523442,
            -7.464496,
            -6.157093,
            -1.631904,
            3.534844,
            2.663482,
            -10.896476,
            -6.921462,
            3.298097,
            -0.303107,
            0.779765,
            0.235415,
            0.935402,
            -10.44689,
            -6.991602,
            2.550401,
            -0.103174,
            0.656401,
            -1.321213,
            5.722357,
            2.555549,
            -1.016825,
            2.602483,
            -3.57171,
            -1.752337,
            2.218013,
            1.589433,
            2.517396,
            1.432834,
            4.013703,
            5.339025,
            -1.314849,
            -11.949202,
            -7.33184,
            1.868395,
            7.328485,
            3.222707,
            3.08834,
            4.576488,
            -5.25572,
            -6.449074,
            3.299346,
            -1.467683,
            2.926262,
            0.212291,
            -1.583179,
            6.991824,
            -6.448319,
            2.929925,
            -2.494817,
            0.953059
        ]
    },
    "image_size": [
        870,
        1918
    ],
    "process_time_in_milliseconds": 804
}
