{
    "props": {
        "face_rect": [
            96,
            467,
            347,
            347
        ],
        "kp_eye_left_inner": [
            240,
            567
        ],
        "kp_eye_left_outer": [
            204,
            573
        ],
        "kp_eye_right_inner": [
            326,
            560
        ],
        "kp_eye_right_outer": [
            390,
            573
        ],
        "kp_mouth_left": [
            326,
            714
        ],
        "kp_mouth_right": [
            208,
            711
        ],
        "kp_nose_tip": [
            256,
            595
        ],
        "kp_under_lip_bottom": [
            256,
            733
        ],
        "kp_upper_lip_top": [
            256,
            672
        ],
        "features": [
            1.897389,
            7.803055,
            0.813587,
            -0.187113,
            7.641264,
            -5.822348,
            5.135124,
            3.38866,
            4.394576,
            -7.598969,
            2.105548,
            -4.974237,
            6.552146,
            1.920435,
            2.631909,
            -3.779099,
            -0.05359,
            9.180985,
            -5.812871,
            6.267021,
            6.63975,
            -6.578788,
            8.671271,
            1.27835,
            -2.36896,
            1.355279,
            -6.335944,
            2.880845,
            -2.830616,
            -1.465634,
            -0.86657,
            4.991035,
            -1.208972,
            3.804545,
            -3.976567,
            2.684798,
            1.310171,
            -0.714349,
            -0.778306,
            -4.503486,
            3.510034,
            -2.817343,
            -1.174291,
            -2.378206,
            11.719598,
            -2.681075,
            -1.911968,
            -1.79666,
            0.908869,
            -0.68152,
            4.643899,
            11.202621,
            5.218336,
            7.837614,
            1.247924,
            -2.374122,
            -1.466866,
            2.465995,
            -1.908255,
            0.963541
        ]
    },
    "image_size": [
        720,
        1280
    ],
    "process_time_in_milliseconds": 996
}
