{
    "props": {
        "face_rect": [
            119,
            786,
            598,
            598
        ],
        "kp_eye_left_inner": [
            349,
            936
        ],
        "kp_eye_left_outer": [
            237,
            931
        ],
        "kp_eye_right_inner": [
            482,
            936
        ],
        "kp_eye_right_outer": [
            590,
            925
        ],
        "kp_mouth_left": [
            528,
            1176
        ],
        "kp_mouth_right": [
            334,
            1186
        ],
        "kp_nose_tip": [
            416,
            1064
        ],
        "kp_under_lip_bottom": [
            431,
            1222
        ],
        "kp_upper_lip_top": [
            426,
            1166
        ],
        "features": [
            5.352458,
            6.937853,
            -0.938161,
            4.931824,
            0.108706,
            7.564999,
            0.699677,
            0.757299,
            5.124038,
            -7.249598,
            0.476552,
            -1.461529,
            2.046413,
            -4.758702,
            8.88728,
            -4.488879,
            1.128788,
            -0.88788,
            2.686043,
            2.248797,
            4.420831,
            3.285847,
            0.492942,
            6.162503,
            -5.397794,
            0.070074,
            -5.899827,
            -0.872129,
            6.482085,
            -8.3365,
            0.306962,
            -4.550264,
            -1.203986,
            5.065729,
            -3.170774,
            -0.59412,
            -0.297879,
            3.764014,
            0.321697,
            -0.639392,
            -1.215239,
            -3.276438,
            8.29367,
            -0.732983,
            5.368753,
            -8.142216,
            -4.698334,
            -0.756904,
            6.420431,
            0.808436,
            -0.936016,
            6.626391,
            -4.969434,
            2.478027,
            1.889211,
            -4.081087,
            -2.98259,
            4.338585,
            -1.288898,
            3.095699
        ]
    },
    "image_size": [
        870,
        1918
    ],
    "process_time_in_milliseconds": 800
}
