{
    "props": {
        "face_rect": [
            156,
            812,
            561,
            561
        ],
        "kp_eye_left_inner": [
            366,
            965
        ],
        "kp_eye_left_outer": [
            265,
            956
        ],
        "kp_eye_right_inner": [
            506,
            956
        ],
        "kp_eye_right_outer": [
            607,
            939
        ],
        "kp_mouth_left": [
            559,
            1215
        ],
        "kp_mouth_right": [
            340,
            1223
        ],
        "kp_nose_tip": [
            440,
            1136
        ],
        "kp_under_lip_bottom": [
            454,
            1294
        ],
        "kp_upper_lip_top": [
            449,
            1219
        ],
        "features": [
            -1.418594,
            2.178589,
            6.546287,
            -2.131693,
            4.58289,
            3.449256,
            -2.51199,
            4.621096,
            -0.402902,
            2.507149,
            -8.523778,
            -6.630988,
            -2.602143,
            1.061027,
            3.28024,
            -10.121412,
            -7.564225,
            2.293082,
            -0.751459,
            -1.114547,
            1.470358,
            0.839433,
            -9.338657,
            -5.938131,
            2.913406,
            0.901089,
            0.429805,
            -2.212458,
            4.058764,
            1.28959,
            -0.004198,
            3.720813,
            -2.360595,
            0.004082,
            0.227358,
            1.826679,
            1.832906,
            0.950967,
            5.209028,
            5.103279,
            -0.726406,
            -10.005736,
            -6.112734,
            4.04494,
            6.35393,
            4.652798,
            -0.199904,
            4.592391,
            -4.188532,
            -6.262948,
            3.863287,
            -1.560868,
            3.179918,
            0.542998,
            -2.504504,
            5.371051,
            -7.618836,
            1.989374,
            1.038265,
            0.167449
        ]
    },
    "image_size": [
        870,
        1918
    ],
    "process_time_in_milliseconds": 790
}
