{
    "props": {
        "face_rect": [
            216,
            756,
            571,
            571
        ],
        "kp_eye_left_inner": [
            435,
            894
        ],
        "kp_eye_left_outer": [
            319,
            889
        ],
        "kp_eye_right_inner": [
            569,
            899
        ],
        "kp_eye_right_outer": [
            660,
            899
        ],
        "kp_mouth_left": [
            598,
            1139
        ],
        "kp_mouth_right": [
            401,
            1143
        ],
        "kp_nose_tip": [
            516,
            1014
        ],
        "kp_under_lip_bottom": [
            511,
            1177
        ],
        "kp_upper_lip_top": [
            511,
            1119
        ],
        "features": [
            5.51765,
            7.228538,
            -1.984242,
            5.212628,
            -0.753761,
            8.089392,
            0.79684,
            0.893457,
            4.860547,
            -6.670725,
            -2.19446,
            -4.359835,
            1.588721,
            -4.966065,
            6.89752,
            -2.774988,
            -0.764519,
            -0.313222,
            1.867083,
            -0.054775,
            3.2456,
            2.734818,
            2.014484,
            6.53467,
            -4.917323,
            2.159262,
            -6.669857,
            -0.748311,
            5.67276,
            -9.463874,
            0.188207,
            -3.456088,
            -1.022028,
            4.220433,
            -2.449046,
            0.701599,
            -0.08577,
            2.792441,
            -0.212206,
            -0.601192,
            -0.192635,
            -3.014017,
            6.425453,
            -0.525392,
            5.490431,
            -6.203772,
            -3.980958,
            -1.316326,
            5.305619,
            0.156861,
            -0.859586,
            4.90509,
            -4.097582,
            2.811244,
            0.734147,
            -5.260809,
            -2.220476,
            4.914693,
            -2.140293,
            5.373401
        ]
    },
    "image_size": [
        870,
        1918
    ],
    "process_time_in_milliseconds": 806
}
