{
    "props": {
        "face_rect": [
            251,
            560,
            392,
            392
        ],
        "kp_eye_left_inner": [
            382,
            672
        ],
        "kp_eye_left_outer": [
            296,
            686
        ],
        "kp_eye_right_inner": [
            504,
            663
        ],
        "kp_eye_right_outer": [
            590,
            672
        ],
        "kp_mouth_left": [
            545,
            839
        ],
        "kp_mouth_right": [
            351,
            844
        ],
        "kp_nose_tip": [
            446,
            672
        ],
        "kp_under_lip_bottom": [
            446,
            839
        ],
        "kp_upper_lip_top": [
            450,
            781
        ],
        "features": [
            3.940425,
            6.635284,
            5.985749,
            -3.532996,
            2.843761,
            -2.242857,
            -5.696194,
            0.545447,
            4.034484,
            6.082771,
            -9.623728,
            -0.27117,
            -0.839516,
            3.01492,
            1.97538,
            -9.011856,
            -5.215001,
            3.298479,
            4.657867,
            1.233726,
            -3.543468,
            2.172366,
            -6.704824,
            -7.309015,
            6.288679,
            1.497383,
            2.837023,
            -1.982634,
            6.115647,
            0.837972,
            1.161395,
            0.628421,
            -1.889645,
            -0.775692,
            -1.715036,
            1.995422,
            4.301546,
            3.614289,
            -3.895773,
            7.179399,
            1.753538,
            -0.663833,
            -5.05135,
            -0.453838,
            4.589343,
            7.445047,
            3.207525,
            0.383722,
            -3.675484,
            -1.301415,
            6.629489,
            -1.674907,
            -0.811143,
            0.422665,
            -4.184455,
            0.72474,
            -0.567366,
            0.3118,
            -1.619225,
            4.097492
        ]
    },
    "image_size": [
        870,
        1918
    ],
    "process_time_in_milliseconds": 760
}
