{
    "props": {
        "face_rect": [
            133,
            915,
            521,
            521
        ],
        "kp_eye_left_inner": [
            354,
            1061
        ],
        "kp_eye_left_outer": [
            248,
            1044
        ],
        "kp_eye_right_inner": [
            493,
            1061
        ],
        "kp_eye_right_outer": [
            591,
            1044
        ],
        "kp_mouth_left": [
            526,
            1281
        ],
        "kp_mouth_right": [
            338,
            1289
        ],
        "kp_nose_tip": [
            416,
            1240
        ],
        "kp_under_lip_bottom": [
            428,
            1330
        ],
        "kp_upper_lip_top": [
            428,
            1298
        ],
        "features": [
            3.006733,
            3.944126,
            -0.969093,
            5.665123,
            -1.329892,
            4.421631,
            -4.557455,
            2.288319,
            4.884295,
            -5.599664,
            -3.941886,
            -2.938477,
            1.607856,
            -6.239846,
            8.251104,
            -2.093568,
            -3.970313,
            -3.418213,
            1.889552,
            -1.209592,
            4.870726,
            -0.45949,
            0.377647,
            7.571359,
            -2.070849,
            -0.974524,
            -2.571083,
            -2.550045,
            5.89773,
            -6.445774,
            3.46916,
            -2.894917,
            -3.211705,
            4.670165,
            -3.695369,
            1.398577,
            -0.876726,
            3.207342,
            4.472749,
            3.401911,
            0.746913,
            -6.293529,
            7.768884,
            1.813471,
            8.342818,
            -7.836547,
            -4.272271,
            0.458807,
            3.497273,
            4.368523,
            1.193004,
            5.920808,
            -5.592945,
            0.910928,
            -2.515998,
            -3.729674,
            -1.734212,
            1.519309,
            -1.572489,
            3.814679
        ]
    },
    "image_size": [
        870,
        1918
    ],
    "process_time_in_milliseconds": 806
}
