{
    "props": {
        "face_rect": [
            -5,
            749,
            568,
            568
        ],
        "kp_eye_left_inner": [
            216,
            898
        ],
        "kp_eye_left_outer": [
            156,
            903
        ],
        "kp_eye_right_inner": [
            347,
            893
        ],
        "kp_eye_right_outer": [
            468,
            883
        ],
        "kp_mouth_left": [
            388,
            1140
        ],
        "kp_mouth_right": [
            206,
            1135
        ],
        "kp_nose_tip": [
            241,
            989
        ],
        "kp_under_lip_bottom": [
            272,
            1170
        ],
        "kp_upper_lip_top": [
            256,
            1120
        ],
        "features": [
            8.251824,
            10.560152,
            -1.49652,
            4.664028,
            3.070331,
            5.802156,
            0.788169,
            0.379192,
            2.181807,
            -4.296946,
            -4.488498,
            -0.822342,
            3.173173,
            0.636547,
            4.908617,
            -3.38203,
            0.591354,
            -0.925269,
            3.997759,
            1.473588,
            3.987682,
            1.128811,
            -1.638885,
            5.405704,
            -4.19752,
            0.303413,
            -3.194742,
            -0.513496,
            4.394261,
            -6.127704,
            -1.776613,
            0.194138,
            2.058634,
            4.313454,
            -1.386406,
            -1.130485,
            -0.812808,
            0.492458,
            0.951617,
            -0.02081,
            4.674626,
            -3.550046,
            6.365131,
            -1.335177,
            2.671304,
            -3.623277,
            -5.815967,
            -1.841835,
            3.466471,
            1.090549,
            -0.53206,
            5.622602,
            -3.183321,
            3.479249,
            0.753882,
            -4.810099,
            -3.32302,
            2.733324,
            -3.096011,
            5.635684
        ]
    },
    "image_size": [
        870,
        1918
    ],
    "process_time_in_milliseconds": 801
}
