{
    "props": {
        "face_rect": [
            312,
            762,
            588,
            588
        ],
        "kp_eye_left_inner": [
            556,
            897
        ],
        "kp_eye_left_outer": [
            435,
            881
        ],
        "kp_eye_right_inner": [
            699,
            936
        ],
        "kp_eye_right_outer": [
            748,
            936
        ],
        "kp_mouth_left": [
            682,
            1150
        ],
        "kp_mouth_right": [
            501,
            1150
        ],
        "kp_nose_tip": [
            660,
            1024
        ],
        "kp_under_lip_bottom": [
            605,
            1199
        ],
        "kp_upper_lip_top": [
            611,
            1133
        ],
        "features": [
            7.321832,
            8.916584,
            -2.578541,
            2.071716,
            0.257099,
            8.172257,
            0.321819,
            -1.223646,
            5.229979,
            -5.822344,
            -2.376704,
            -0.079947,
            1.743004,
            -3.701101,
            7.685343,
            -0.713204,
            -0.79629,
            -1.513269,
            3.377692,
            2.623194,
            4.840373,
            -0.504889,
            0.070778,
            8.091225,
            -3.200723,
            -0.984097,
            -3.929868,
            -1.500633,
            5.964623,
            -6.460886,
            0.888105,
            -4.600364,
            -1.592592,
            4.278129,
            -1.233531,
            1.183948,
            0.44214,
            2.726656,
            0.656823,
            0.360608,
            1.955471,
            -3.054344,
            7.15884,
            0.094104,
            3.879124,
            -4.129294,
            -3.597971,
            -0.028095,
            4.685888,
            0.09054,
            -0.134426,
            6.607825,
            -4.39855,
            2.417761,
            -1.037833,
            -3.831954,
            -3.758392,
            3.202951,
            -2.910975,
            6.176594
        ]
    },
    "image_size": [
        870,
        1918
    ],
    "process_time_in_milliseconds": 880
}
