{
    "props": {
        "face_rect": [
            -6,
            743,
            578,
            578
        ],
        "kp_eye_left_inner": [
            222,
            892
        ],
        "kp_eye_left_outer": [
            156,
            897
        ],
        "kp_eye_right_inner": [
            354,
            892
        ],
        "kp_eye_right_outer": [
            470,
            882
        ],
        "kp_mouth_left": [
            389,
            1140
        ],
        "kp_mouth_right": [
            207,
            1135
        ],
        "kp_nose_tip": [
            243,
            993
        ],
        "kp_under_lip_bottom": [
            273,
            1170
        ],
        "kp_upper_lip_top": [
            263,
            1115
        ],
        "features": [
            7.025608,
            10.109237,
            -1.437123,
            4.781642,
            3.160516,
            5.774801,
            0.458818,
            0.373852,
            2.125172,
            -4.517057,
            -4.695232,
            -1.264778,
            3.379454,
            0.620727,
            5.639197,
            -3.658231,
            0.172129,
            -0.804168,
            4.14618,
            0.940122,
            4.71036,
            1.114579,
            -1.787233,
            5.826933,
            -3.911578,
            0.279042,
            -2.587204,
            -1.504953,
            4.595531,
            -5.550181,
            -2.030935,
            0.286132,
            1.899229,
            4.102624,
            -1.288905,
            -0.167808,
            -1.048179,
            0.001867,
            1.462581,
            -0.425843,
            4.161626,
            -3.42619,
            6.433113,
            -0.686126,
            2.860308,
            -3.232825,
            -6.246551,
            -1.387026,
            3.283302,
            1.077001,
            -0.804237,
            6.111406,
            -2.976819,
            3.190894,
            1.244892,
            -4.900276,
            -3.782628,
            3.427714,
            -2.305899,
            5.244645
        ]
    },
    "image_size": [
        870,
        1918
    ],
    "process_time_in_milliseconds": 797
}
