{
    "props": {
        "face_rect": [
            157,
            643,
            562,
            562
        ],
        "kp_eye_left_inner": [
            371,
            789
        ],
        "kp_eye_left_outer": [
            268,
            793
        ],
        "kp_eye_right_inner": [
            501,
            779
        ],
        "kp_eye_right_outer": [
            603,
            779
        ],
        "kp_mouth_left": [
            543,
            1026
        ],
        "kp_mouth_right": [
            338,
            1035
        ],
        "kp_nose_tip": [
            436,
            882
        ],
        "kp_under_lip_bottom": [
            445,
            1063
        ],
        "kp_upper_lip_top": [
            445,
            993
        ],
        "features": [
            2.935329,
            3.943247,
            6.835117,
            -4.954105,
            4.447924,
            1.121555,
            -5.122058,
            2.009244,
            0.186299,
            5.022876,
            -7.487754,
            -8.331818,
            -3.183388,
            7.182326,
            5.610398,
            -11.502495,
            -6.452015,
            4.47664,
            4.154516,
            0.528635,
            -1.908333,
            2.510742,
            -9.672069,
            -7.724141,
            6.416692,
            1.734078,
            -1.028414,
            -0.782049,
            6.481552,
            2.117551,
            -0.018285,
            2.751379,
            -2.760566,
            -2.42258,
            -2.463186,
            3.996593,
            2.728497,
            3.609785,
            -0.956632,
            3.478846,
            -2.19809,
            -5.138047,
            -8.692008,
            3.187315,
            6.223556,
            8.569327,
            4.891232,
            4.365445,
            -7.381006,
            -4.058143,
            6.411765,
            -0.379977,
            1.392969,
            -0.623755,
            0.351179,
            2.937088,
            -4.295117,
            0.740213,
            -1.54055,
            2.872795
        ]
    },
    "image_size": [
        870,
        1918
    ],
    "process_time_in_milliseconds": 770
}
