{
    "props": {
        "face_rect": [
            161,
            769,
            560,
            560
        ],
        "kp_eye_left_inner": [
            375,
            899
        ],
        "kp_eye_left_outer": [
            274,
            909
        ],
        "kp_eye_right_inner": [
            510,
            899
        ],
        "kp_eye_right_outer": [
            611,
            909
        ],
        "kp_mouth_left": [
            551,
            1140
        ],
        "kp_mouth_right": [
            345,
            1145
        ],
        "kp_nose_tip": [
            440,
            1020
        ],
        "kp_under_lip_bottom": [
            450,
            1186
        ],
        "kp_upper_lip_top": [
            445,
            1125
        ],
        "features": [
            5.378247,
            6.295717,
            -2.275081,
            4.148035,
            0.491494,
            7.606203,
            0.779494,
            -0.309161,
            5.460652,
            -8.013484,
            -0.778446,
            -2.424312,
            0.34405,
            -3.84947,
            8.319304,
            -3.749438,
            -1.931773,
            -1.52014,
            2.317486,
            1.007425,
            3.964401,
            3.541387,
            1.032293,
            6.837074,
            -3.177521,
            1.370118,
            -5.075269,
            -1.319787,
            7.036088,
            -7.933167,
            1.73723,
            -5.967237,
            -1.598752,
            3.590441,
            -2.158322,
            -0.03378,
            0.867807,
            3.018992,
            -0.577491,
            -0.60175,
            -1.205658,
            -1.59548,
            7.177938,
            1.329012,
            5.923635,
            -6.15341,
            -3.797332,
            0.102613,
            5.575082,
            0.698231,
            -0.253084,
            6.373066,
            -3.37463,
            3.226375,
            -0.163606,
            -4.821308,
            -2.63445,
            2.77352,
            -1.374061,
            4.164096
        ]
    },
    "image_size": [
        870,
        1918
    ],
    "process_time_in_milliseconds": 794
}
