{
    "props": {
        "face_rect": [
            163,
            625,
            565,
            565
        ],
        "kp_eye_left_inner": [
            381,
            767
        ],
        "kp_eye_left_outer": [
            279,
            771
        ],
        "kp_eye_right_inner": [
            516,
            762
        ],
        "kp_eye_right_outer": [
            613,
            757
        ],
        "kp_mouth_left": [
            548,
            1008
        ],
        "kp_mouth_right": [
            344,
            1017
        ],
        "kp_nose_tip": [
            442,
            864
        ],
        "kp_under_lip_bottom": [
            451,
            1054
        ],
        "kp_upper_lip_top": [
            446,
            980
        ],
        "features": [
            3.162841,
            5.093716,
            5.893044,
            -5.917064,
            4.067495,
            1.46081,
            -5.458326,
            2.390192,
            -0.477317,
            5.674492,
            -7.568666,
            -7.663713,
            -5.284207,
            8.135956,
            4.218019,
            -10.93712,
            -4.83756,
            4.205239,
            3.281837,
            -0.891826,
            -1.959812,
            3.129243,
            -10.32861,
            -7.032146,
            7.871911,
            2.995776,
            -1.975234,
            0.781914,
            6.717641,
            0.921039,
            -0.098816,
            3.130748,
            -1.964445,
            -4.023224,
            -2.176222,
            3.696402,
            2.257688,
            3.966897,
            -0.31172,
            3.159299,
            -3.579385,
            -7.229551,
            -10.254519,
            3.180687,
            3.754537,
            7.936472,
            4.734992,
            4.558584,
            -7.990177,
            -1.771999,
            5.259746,
            0.053475,
            2.524688,
            -0.025462,
            1.809938,
            2.355355,
            -5.199842,
            0.917687,
            -2.767721,
            1.318431
        ]
    },
    "image_size": [
        870,
        1918
    ],
    "process_time_in_milliseconds": 1583
}
