{
    "props": {
        "face_rect": [
            131,
            706,
            566,
            566
        ],
        "kp_eye_left_inner": [
            334,
            854
        ],
        "kp_eye_left_outer": [
            240,
            870
        ],
        "kp_eye_right_inner": [
            476,
            849
        ],
        "kp_eye_right_outer": [
            582,
            854
        ],
        "kp_mouth_left": [
            529,
            1091
        ],
        "kp_mouth_right": [
            324,
            1101
        ],
        "kp_nose_tip": [
            413,
            928
        ],
        "kp_under_lip_bottom": [
            429,
            1128
        ],
        "kp_upper_lip_top": [
            419,
            1054
        ],
        "features": [
            4.802188,
            6.847721,
            -3.351814,
            4.588105,
            0.499265,
            6.461595,
            0.031562,
            1.402946,
            3.688779,
            -8.980638,
            -1.590625,
            -2.791827,
            1.848073,
            -2.979152,
            8.185309,
            -4.126337,
            -1.690153,
            -0.570109,
            0.176799,
            -0.75536,
            5.005249,
            2.067622,
            -0.771843,
            5.630043,
            -3.672075,
            1.629061,
            -4.183102,
            -3.193656,
            6.245949,
            -6.743987,
            1.408149,
            -4.476644,
            -1.500102,
            3.306204,
            -2.13556,
            1.453268,
            0.299134,
            1.763005,
            2.251973,
            -1.529936,
            -0.162069,
            -1.804149,
            5.469858,
            0.975247,
            5.237875,
            -5.754174,
            -4.378598,
            1.72521,
            6.833764,
            -0.451291,
            -0.604451,
            7.183969,
            -0.75476,
            1.970355,
            -1.030856,
            -3.520586,
            -1.863709,
            3.1012,
            -1.750072,
            6.580572
        ]
    },
    "image_size": [
        870,
        1918
    ],
    "process_time_in_milliseconds": 832
}
