{
    "props": {
        "face_rect": [
            217,
            576,
            451,
            451
        ],
        "kp_eye_left_inner": [
            385,
            694
        ],
        "kp_eye_left_outer": [
            292,
            704
        ],
        "kp_eye_right_inner": [
            502,
            694
        ],
        "kp_eye_right_outer": [
            600,
            699
        ],
        "kp_mouth_left": [
            541,
            899
        ],
        "kp_mouth_right": [
            346,
            904
        ],
        "kp_nose_tip": [
            444,
            729
        ],
        "kp_under_lip_bottom": [
            444,
            919
        ],
        "kp_upper_lip_top": [
            449,
            851
        ],
        "features": [
            2.962723,
            5.092482,
            7.153339,
            -6.132572,
            3.691629,
            0.535221,
            -5.083155,
            0.836326,
            3.501877,
            5.578998,
            -8.769426,
            -6.180517,
            -3.662871,
            5.885709,
            6.641831,
            -11.648331,
            -6.045239,
            2.449694,
            6.589073,
            -0.006037,
            -4.87709,
            4.4687,
            -9.899706,
            -7.807572,
            8.937831,
            3.528069,
            -0.131508,
            -0.03611,
            7.931293,
            1.504662,
            0.218931,
            2.469503,
            -2.039293,
            -2.035315,
            -3.34985,
            3.420567,
            2.575285,
            5.833314,
            -1.794608,
            4.823202,
            -1.676951,
            -5.381743,
            -7.251667,
            1.395493,
            4.404715,
            8.852441,
            5.077705,
            3.064566,
            -7.441104,
            -3.432979,
            4.67851,
            -2.660372,
            0.148895,
            0.727434,
            -0.599275,
            2.744455,
            -1.924114,
            -0.53998,
            -2.618693,
            3.167478
        ]
    },
    "image_size": [
        870,
        1918
    ],
    "process_time_in_milliseconds": 748
}
