{
    "props": {
        "face_rect": [
            103,
            763,
            581,
            581
        ],
        "kp_eye_left_inner": [
            326,
            912
        ],
        "kp_eye_left_outer": [
            227,
            916
        ],
        "kp_eye_right_inner": [
            459,
            902
        ],
        "kp_eye_right_outer": [
            563,
            897
        ],
        "kp_mouth_left": [
            509,
            1144
        ],
        "kp_mouth_right": [
            316,
            1159
        ],
        "kp_nose_tip": [
            375,
            1025
        ],
        "kp_under_lip_bottom": [
            410,
            1193
        ],
        "kp_upper_lip_top": [
            395,
            1129
        ],
        "features": [
            4.665038,
            6.598895,
            -2.461315,
            4.214878,
            0.110343,
            7.435028,
            1.133088,
            0.336098,
            4.059254,
            -7.66583,
            -0.035626,
            -2.487699,
            2.122187,
            -4.223306,
            8.261415,
            -3.933633,
            0.477753,
            -1.072444,
            2.657739,
            1.393561,
            4.521151,
            3.429812,
            0.86205,
            6.365752,
            -4.532208,
            0.642721,
            -5.913151,
            -1.807286,
            6.532954,
            -7.704098,
            0.018593,
            -5.067481,
            -1.274254,
            4.319327,
            -2.052372,
            0.163124,
            0.127055,
            2.117868,
            0.106966,
            -1.700501,
            -1.527284,
            -2.093057,
            8.566228,
            0.077015,
            5.456315,
            -7.001194,
            -5.221661,
            0.402118,
            6.308212,
            0.528116,
            -1.967107,
            6.670433,
            -3.752543,
            2.579495,
            1.32476,
            -4.639273,
            -2.974428,
            3.807336,
            -1.103744,
            4.294472
        ]
    },
    "image_size": [
        870,
        1918
    ],
    "process_time_in_milliseconds": 762
}
