{
    "props": {
        "face_rect": [
            116,
            759,
            599,
            599
        ],
        "kp_eye_left_inner": [
            338,
            915
        ],
        "kp_eye_left_outer": [
            237,
            915
        ],
        "kp_eye_right_inner": [
            479,
            911
        ],
        "kp_eye_right_outer": [
            585,
            901
        ],
        "kp_mouth_left": [
            522,
            1152
        ],
        "kp_mouth_right": [
            324,
            1167
        ],
        "kp_nose_tip": [
            416,
            1036
        ],
        "kp_under_lip_bottom": [
            430,
            1196
        ],
        "kp_upper_lip_top": [
            421,
            1138
        ],
        "features": [
            5.296052,
            6.814681,
            -2.506698,
            4.997843,
            -0.310854,
            7.397714,
            0.778816,
            -0.253726,
            5.210135,
            -8.648518,
            -0.025812,
            -3.642096,
            1.985023,
            -4.412367,
            8.390984,
            -3.575835,
            -1.141562,
            -0.521725,
            2.360002,
            2.068779,
            4.225982,
            3.403363,
            1.044442,
            6.919042,
            -4.505906,
            0.676976,
            -7.06058,
            -1.734696,
            6.255023,
            -8.08746,
            0.530463,
            -5.395109,
            -1.652887,
            4.831676,
            -2.093505,
            0.850933,
            0.698749,
            1.839386,
            -0.054272,
            -1.832174,
            -0.695844,
            -2.195332,
            7.386297,
            0.405045,
            6.395965,
            -6.6914,
            -4.151163,
            1.003444,
            5.582156,
            0.242255,
            -1.120749,
            7.228094,
            -4.011969,
            2.588855,
            1.366267,
            -4.796245,
            -3.751085,
            4.197585,
            -0.905671,
            4.603031
        ]
    },
    "image_size": [
        870,
        1918
    ],
    "process_time_in_milliseconds": 781
}
