{
    "props": {
        "face_rect": [
            125,
            763,
            585,
            585
        ],
        "kp_eye_left_inner": [
            343,
            910
        ],
        "kp_eye_left_outer": [
            245,
            910
        ],
        "kp_eye_right_inner": [
            480,
            910
        ],
        "kp_eye_right_outer": [
            588,
            900
        ],
        "kp_mouth_left": [
            524,
            1151
        ],
        "kp_mouth_right": [
            328,
            1160
        ],
        "kp_nose_tip": [
            416,
            1028
        ],
        "kp_under_lip_bottom": [
            431,
            1195
        ],
        "kp_upper_lip_top": [
            421,
            1131
        ],
        "features": [
            5.543557,
            6.976623,
            -1.429893,
            4.436343,
            0.102191,
            7.134766,
            0.028487,
            1.089255,
            4.602271,
            -7.302298,
            0.562333,
            -2.628045,
            2.196292,
            -4.27768,
            8.578321,
            -4.747284,
            0.703302,
            -0.177643,
            2.141044,
            1.538859,
            3.915269,
            3.399351,
            1.431223,
            5.181648,
            -5.156837,
            0.599331,
            -6.397579,
            -1.122234,
            6.921471,
            -8.357071,
            0.044589,
            -4.643245,
            -1.617332,
            4.471895,
            -3.21396,
            -0.462821,
            -0.071931,
            3.209928,
            0.165393,
            -1.405933,
            -1.877305,
            -2.327551,
            7.644437,
            0.370687,
            5.814319,
            -7.275586,
            -4.71794,
            -0.610951,
            6.483299,
            0.341031,
            -0.193627,
            7.053182,
            -4.496084,
            2.6374,
            1.487418,
            -4.82504,
            -1.983721,
            3.281282,
            -1.476265,
            3.653006
        ]
    },
    "image_size": [
        870,
        1918
    ],
    "process_time_in_milliseconds": 904
}
