{
    "props": {
        "face_rect": [
            120,
            744,
            588,
            588
        ],
        "kp_eye_left_inner": [
            339,
            896
        ],
        "kp_eye_left_outer": [
            233,
            901
        ],
        "kp_eye_right_inner": [
            475,
            891
        ],
        "kp_eye_right_outer": [
            581,
            891
        ],
        "kp_mouth_left": [
            520,
            1132
        ],
        "kp_mouth_right": [
            324,
            1142
        ],
        "kp_nose_tip": [
            415,
            996
        ],
        "kp_under_lip_bottom": [
            430,
            1177
        ],
        "kp_upper_lip_top": [
            420,
            1112
        ],
        "features": [
            5.446367,
            6.876133,
            -3.102375,
            5.133485,
            0.282471,
            7.449631,
            0.67061,
            0.722215,
            3.919544,
            -8.487737,
            -0.009152,
            -3.285578,
            1.511454,
            -4.287626,
            8.279441,
            -4.16236,
            -1.547279,
            -0.790878,
            1.31078,
            0.955434,
            4.88165,
            2.460748,
            0.285585,
            6.050654,
            -4.418689,
            0.607827,
            -5.868962,
            -1.746193,
            5.913375,
            -8.152653,
            0.842985,
            -4.555315,
            -1.979791,
            4.781614,
            -2.076422,
            1.208595,
            -0.175635,
            1.789787,
            0.643272,
            -1.860796,
            -0.757464,
            -2.343424,
            6.369756,
            -0.046574,
            5.212994,
            -6.634636,
            -4.17589,
            0.950123,
            5.462842,
            -0.31918,
            -0.592771,
            6.846512,
            -3.181032,
            2.761321,
            0.284606,
            -4.33766,
            -3.662034,
            3.730956,
            -1.425472,
            6.099294
        ]
    },
    "image_size": [
        870,
        1918
    ],
    "process_time_in_milliseconds": 786
}
