{
    "props": {
        "face_rect": [
            152,
            653,
            564,
            564
        ],
        "kp_eye_left_inner": [
            375,
            793
        ],
        "kp_eye_left_outer": [
            271,
            798
        ],
        "kp_eye_right_inner": [
            503,
            789
        ],
        "kp_eye_right_outer": [
            603,
            784
        ],
        "kp_mouth_left": [
            539,
            1044
        ],
        "kp_mouth_right": [
            339,
            1048
        ],
        "kp_nose_tip": [
            439,
            903
        ],
        "kp_under_lip_bottom": [
            444,
            1080
        ],
        "kp_upper_lip_top": [
            439,
            1007
        ],
        "features": [
            2.086707,
            4.243614,
            6.384357,
            -5.310957,
            4.373203,
            0.791382,
            -5.548295,
            1.79825,
            -0.497373,
            5.344141,
            -7.220151,
            -7.99887,
            -3.519544,
            7.567316,
            5.570778,
            -11.377887,
            -5.495124,
            4.55576,
            3.967731,
            0.760594,
            -2.149874,
            3.279521,
            -11.028905,
            -8.276574,
            5.975698,
            1.91296,
            -1.02215,
            -0.972444,
            7.505162,
            2.04185,
            0.205414,
            2.532174,
            -2.698743,
            -2.904635,
            -2.107363,
            3.047052,
            3.082266,
            3.73293,
            -0.0267,
            2.94757,
            -2.626046,
            -5.920721,
            -9.303959,
            3.12224,
            4.950318,
            7.691746,
            4.345922,
            3.99476,
            -7.192216,
            -3.734866,
            6.104313,
            -0.784468,
            1.407085,
            -0.772637,
            0.757053,
            3.515395,
            -3.575711,
            0.935289,
            -1.627016,
            1.555158
        ]
    },
    "image_size": [
        870,
        1918
    ],
    "process_time_in_milliseconds": 768
}
