{
    "props": {
        "face_rect": [
            103,
            765,
            579,
            579
        ],
        "kp_eye_left_inner": [
            327,
            912
        ],
        "kp_eye_left_outer": [
            223,
            917
        ],
        "kp_eye_right_inner": [
            456,
            902
        ],
        "kp_eye_right_outer": [
            565,
            902
        ],
        "kp_mouth_left": [
            506,
            1146
        ],
        "kp_mouth_right": [
            312,
            1156
        ],
        "kp_nose_tip": [
            377,
            1027
        ],
        "kp_under_lip_bottom": [
            406,
            1191
        ],
        "kp_upper_lip_top": [
            397,
            1131
        ],
        "features": [
            4.534659,
            6.703969,
            -2.51011,
            4.247425,
            0.187705,
            7.548596,
            1.240664,
            0.654244,
            3.894997,
            -7.48845,
            -0.037267,
            -2.703041,
            2.01294,
            -4.148253,
            8.416205,
            -4.185434,
            0.653176,
            -0.973981,
            2.457092,
            1.31874,
            4.601212,
            3.628285,
            0.330079,
            6.101886,
            -4.582671,
            0.93315,
            -6.101755,
            -1.866302,
            6.543496,
            -8.057894,
            -0.042203,
            -4.886382,
            -1.032674,
            4.269633,
            -2.063912,
            0.079697,
            0.002239,
            2.119308,
            0.269927,
            -1.807578,
            -1.823471,
            -2.068351,
            8.375477,
            0.038184,
            4.999374,
            -7.185483,
            -5.505306,
            0.010173,
            6.28473,
            0.409749,
            -2.208363,
            6.360909,
            -3.588666,
            2.43584,
            1.620366,
            -4.638978,
            -2.920609,
            3.915628,
            -1.025864,
            4.084085
        ]
    },
    "image_size": [
        870,
        1918
    ],
    "process_time_in_milliseconds": 760
}
