{
    "props": {
        "face_rect": [
            137,
            890,
            553,
            553
        ],
        "kp_eye_left_inner": [
            360,
            1041
        ],
        "kp_eye_left_outer": [
            251,
            1027
        ],
        "kp_eye_right_inner": [
            499,
            1041
        ],
        "kp_eye_right_outer": [
            599,
            1032
        ],
        "kp_mouth_left": [
            529,
            1271
        ],
        "kp_mouth_right": [
            342,
            1280
        ],
        "kp_nose_tip": [
            434,
            1223
        ],
        "kp_under_lip_bottom": [
            434,
            1315
        ],
        "kp_upper_lip_top": [
            438,
            1284
        ],
        "features": [
            3.750282,
            4.656281,
            -1.407563,
            4.250618,
            -1.077532,
            4.968136,
            -4.700162,
            1.644864,
            5.448701,
            -4.968766,
            -2.818945,
            -1.742069,
            1.170618,
            -7.218279,
            8.60067,
            -2.413618,
            -2.266911,
            -3.324318,
            1.504985,
            0.300255,
            5.85842,
            -2.121805,
            0.655401,
            8.189733,
            -1.758206,
            -1.767472,
            -4.35064,
            -2.450088,
            5.265103,
            -6.493461,
            2.278076,
            -2.413999,
            -3.22199,
            4.8304,
            -3.546796,
            2.472298,
            -0.412518,
            3.150657,
            3.530263,
            2.054844,
            0.138708,
            -5.937623,
            7.884674,
            2.479112,
            7.261975,
            -7.403384,
            -4.003254,
            1.207233,
            3.007192,
            2.918949,
            0.265545,
            5.404822,
            -5.868908,
            0.504943,
            -1.729323,
            -2.758878,
            -3.284979,
            1.814717,
            -1.003191,
            3.651837
        ]
    },
    "image_size": [
        870,
        1918
    ],
    "process_time_in_milliseconds": 801
}
