{
    "props": {
        "face_rect": [
            -2,
            601,
            590,
            590
        ],
        "kp_eye_left_inner": [
            253,
            764
        ],
        "kp_eye_left_outer": [
            197,
            769
        ],
        "kp_eye_right_inner": [
            381,
            759
        ],
        "kp_eye_right_outer": [
            489,
            753
        ],
        "kp_mouth_left": [
            386,
            1020
        ],
        "kp_mouth_right": [
            191,
            1010
        ],
        "kp_nose_tip": [
            258,
            851
        ],
        "kp_under_lip_bottom": [
            268,
            1040
        ],
        "kp_upper_lip_top": [
            268,
            969
        ],
        "features": [
            1.894609,
            5.386989,
            5.863941,
            -5.310681,
            4.655298,
            0.918665,
            -6.246404,
            0.932448,
            1.190408,
            6.176635,
            -9.51195,
            -5.717375,
            -2.525078,
            6.649178,
            5.393299,
            -11.448338,
            -6.115273,
            3.345663,
            4.975815,
            -0.099895,
            -1.870109,
            3.839458,
            -11.051021,
            -6.786903,
            8.330581,
            1.982298,
            0.732396,
            -1.393741,
            6.65854,
            1.078867,
            -0.033024,
            3.730524,
            -1.628885,
            -2.160484,
            -2.497051,
            3.528677,
            2.265526,
            1.780505,
            -0.401788,
            2.496351,
            -1.689115,
            -3.787172,
            -7.781145,
            3.965529,
            2.316161,
            8.121373,
            3.71231,
            3.048933,
            -8.108609,
            -4.257165,
            5.004036,
            -1.254182,
            1.20718,
            -1.458227,
            0.404863,
            2.688439,
            -4.698865,
            1.448479,
            -1.353069,
            1.734774
        ]
    },
    "image_size": [
        870,
        1918
    ],
    "process_time_in_milliseconds": 782
}
