{
    "props": {
        "face_rect": [
            172,
            633,
            493,
            493
        ],
        "kp_eye_left_inner": [
            341,
            711
        ],
        "kp_eye_left_outer": [
            250,
            791
        ],
        "kp_eye_right_inner": [
            489,
            764
        ],
        "kp_eye_right_outer": [
            580,
            780
        ],
        "kp_mouth_left": [
            532,
            983
        ],
        "kp_mouth_right": [
            314,
            983
        ],
        "kp_nose_tip": [
            415,
            770
        ],
        "kp_under_lip_bottom": [
            431,
            988
        ],
        "kp_upper_lip_top": [
            426,
            924
        ],
        "features": [
            0.920807,
            6.145669,
            -1.650218,
            2.502565,
            -0.982664,
            3.418183,
            -0.547933,
            1.471635,
            3.220988,
            -8.266288,
            -2.180644,
            -0.107483,
            3.229278,
            -1.119593,
            4.674837,
            -1.212143,
            -2.695842,
            -1.484761,
            0.781724,
            -1.896918,
            4.146019,
            3.876132,
            -2.89537,
            4.165053,
            -0.002183,
            1.517968,
            -0.654746,
            -2.319666,
            4.916628,
            -3.920452,
            2.315869,
            -5.03845,
            -0.401898,
            3.280863,
            -1.043501,
            1.698646,
            0.436161,
            0.025485,
            4.082072,
            0.928462,
            1.016811,
            -0.218947,
            5.628473,
            -0.74134,
            6.698633,
            -4.381787,
            -2.963099,
            3.073159,
            7.06731,
            1.344135,
            -2.585149,
            7.20519,
            2.283143,
            1.290097,
            -3.718039,
            -2.412767,
            -0.939846,
            1.170287,
            -0.022416,
            4.682814
        ]
    },
    "image_size": [
        870,
        1918
    ],
    "process_time_in_milliseconds": 771
}
