{
    "props": {
        "face_rect": [
            335,
            636,
            517,
            517
        ],
        "kp_eye_left_inner": [
            528,
            762
        ],
        "kp_eye_left_outer": [
            417,
            751
        ],
        "kp_eye_right_inner": [
            645,
            772
        ],
        "kp_eye_right_outer": [
            721,
            782
        ],
        "kp_mouth_left": [
            675,
            1010
        ],
        "kp_mouth_right": [
            483,
            1010
        ],
        "kp_nose_tip": [
            635,
            848
        ],
        "kp_under_lip_bottom": [
            599,
            1035
        ],
        "kp_upper_lip_top": [
            614,
            954
        ],
        "features": [
            2.219696,
            5.019795,
            7.760303,
            -6.125528,
            5.639111,
            0.40203,
            -6.074122,
            0.882671,
            1.772414,
            5.852813,
            -9.167904,
            -8.604529,
            -2.842272,
            6.220464,
            5.277789,
            -11.119246,
            -7.197403,
            3.690885,
            5.386902,
            0.959679,
            -2.872369,
            2.646603,
            -10.500121,
            -8.900677,
            7.305188,
            3.019752,
            0.136589,
            0.241805,
            6.980301,
            2.967456,
            -0.681659,
            3.938786,
            -1.220015,
            -1.784042,
            -1.575818,
            3.691721,
            2.795906,
            3.95628,
            0.08907,
            4.813879,
            -0.713611,
            -6.610455,
            -9.497198,
            2.033821,
            4.946117,
            9.865491,
            3.561835,
            3.183428,
            -7.473078,
            -4.588739,
            5.71876,
            -2.282463,
            0.320652,
            -0.039868,
            0.019736,
            3.875967,
            -3.419482,
            -1.230527,
            -1.767052,
            2.130877
        ]
    },
    "image_size": [
        870,
        1918
    ],
    "process_time_in_milliseconds": 734
}
