{
    "props": {
        "face_rect": [
            120,
            793,
            603,
            603
        ],
        "kp_eye_left_inner": [
            348,
            943
        ],
        "kp_eye_left_outer": [
            242,
            938
        ],
        "kp_eye_right_inner": [
            489,
            943
        ],
        "kp_eye_right_outer": [
            595,
            933
        ],
        "kp_mouth_left": [
            524,
            1184
        ],
        "kp_mouth_right": [
            338,
            1194
        ],
        "kp_nose_tip": [
            419,
            1078
        ],
        "kp_under_lip_bottom": [
            434,
            1234
        ],
        "kp_upper_lip_top": [
            429,
            1174
        ],
        "features": [
            5.38018,
            7.157314,
            -1.013359,
            4.798568,
            0.202725,
            7.504914,
            0.34397,
            0.337987,
            5.910573,
            -7.133605,
            0.570172,
            -0.928449,
            2.458102,
            -6.007374,
            8.394507,
            -4.511296,
            0.887293,
            -0.546626,
            2.935668,
            2.366787,
            4.373966,
            2.870163,
            1.333753,
            6.67144,
            -4.63563,
            0.416302,
            -6.378965,
            -1.025322,
            6.350871,
            -8.755323,
            -0.698507,
            -4.30314,
            -0.692429,
            5.001874,
            -3.348068,
            -0.646608,
            -0.106576,
            3.667294,
            0.278497,
            -0.685751,
            -1.203437,
            -3.40219,
            8.729048,
            -0.242217,
            5.523052,
            -8.126459,
            -4.541661,
            -0.639871,
            6.242921,
            0.729859,
            -2.003617,
            6.68295,
            -5.130042,
            2.91276,
            2.135261,
            -4.456792,
            -3.051619,
            4.133771,
            -1.961765,
            2.778517
        ]
    },
    "image_size": [
        870,
        1918
    ],
    "process_time_in_milliseconds": 772
}
