{
    "props": {
        "face_rect": [
            163,
            643,
            547,
            547
        ],
        "kp_eye_left_inner": [
            372,
            786
        ],
        "kp_eye_left_outer": [
            271,
            790
        ],
        "kp_eye_right_inner": [
            500,
            776
        ],
        "kp_eye_right_outer": [
            597,
            772
        ],
        "kp_mouth_left": [
            537,
            1020
        ],
        "kp_mouth_right": [
            335,
            1033
        ],
        "kp_nose_tip": [
            436,
            873
        ],
        "kp_under_lip_bottom": [
            441,
            1052
        ],
        "kp_upper_lip_top": [
            441,
            983
        ],
        "features": [
            2.772465,
            3.764763,
            6.442627,
            -5.185575,
            4.351735,
            1.599631,
            -5.161677,
            1.533734,
            0.085415,
            5.382024,
            -7.56713,
            -8.589912,
            -3.607418,
            7.51153,
            5.522526,
            -11.185366,
            -5.787799,
            3.884715,
            4.470139,
            0.297829,
            -2.507377,
            3.744166,
            -9.521051,
            -6.995114,
            7.106442,
            2.274146,
            -1.019236,
            0.019566,
            7.026378,
            1.712235,
            -0.171399,
            2.800347,
            -2.447686,
            -2.402247,
            -2.649147,
            3.859142,
            2.52453,
            3.859617,
            -0.768236,
            2.894954,
            -2.91477,
            -5.154058,
            -8.198893,
            3.627625,
            6.132086,
            8.443009,
            5.303266,
            4.309078,
            -7.35074,
            -3.807621,
            5.470407,
            -0.494053,
            1.21638,
            -0.608717,
            0.748955,
            3.23379,
            -3.855819,
            0.62091,
            -1.917062,
            2.902674
        ]
    },
    "image_size": [
        870,
        1918
    ],
    "process_time_in_milliseconds": 757
}
