{
    "props": {
        "face_rect": [
            152,
            759,
            573,
            573
        ],
        "kp_eye_left_inner": [
            372,
            900
        ],
        "kp_eye_left_outer": [
            268,
            895
        ],
        "kp_eye_right_inner": [
            511,
            900
        ],
        "kp_eye_right_outer": [
            610,
            890
        ],
        "kp_mouth_left": [
            551,
            1144
        ],
        "kp_mouth_right": [
            347,
            1144
        ],
        "kp_nose_tip": [
            437,
            1020
        ],
        "kp_under_lip_bottom": [
            446,
            1184
        ],
        "kp_upper_lip_top": [
            442,
            1124
        ],
        "features": [
            5.328511,
            6.577636,
            -2.668038,
            3.868194,
            -0.464235,
            7.550669,
            1.238208,
            -0.741997,
            4.711088,
            -7.522981,
            0.60017,
            -2.593565,
            1.668262,
            -4.665304,
            8.487473,
            -3.840826,
            -0.085026,
            -0.493311,
            3.395632,
            2.222616,
            3.973924,
            3.524912,
            1.558819,
            6.435671,
            -4.180513,
            0.836951,
            -6.005214,
            -1.45588,
            6.877399,
            -8.219316,
            0.779189,
            -5.641135,
            -1.719983,
            4.408556,
            -2.77999,
            0.206869,
            0.381002,
            3.168576,
            -0.448505,
            -1.869928,
            -1.872185,
            -2.133478,
            8.287502,
            -0.084757,
            5.741611,
            -7.318299,
            -4.257117,
            0.359075,
            6.358869,
            0.595213,
            -1.009323,
            6.803131,
            -4.388278,
            3.479237,
            1.516202,
            -5.125166,
            -2.429445,
            3.884567,
            -1.779507,
            4.328436
        ]
    },
    "image_size": [
        870,
        1918
    ],
    "process_time_in_milliseconds": 821
}
