{
    "props": {
        "face_rect": [
            134,
            757,
            564,
            564
        ],
        "kp_eye_left_inner": [
            347,
            896
        ],
        "kp_eye_left_outer": [
            244,
            901
        ],
        "kp_eye_right_inner": [
            479,
            896
        ],
        "kp_eye_right_outer": [
            587,
            896
        ],
        "kp_mouth_left": [
            523,
            1137
        ],
        "kp_mouth_right": [
            332,
            1142
        ],
        "kp_nose_tip": [
            416,
            1004
        ],
        "kp_under_lip_bottom": [
            425,
            1176
        ],
        "kp_upper_lip_top": [
            420,
            1112
        ],
        "features": [
            4.943743,
            6.774459,
            -1.631184,
            5.064119,
            -0.026806,
            7.034157,
            -0.181447,
            1.078568,
            4.164762,
            -8.027581,
            0.849522,
            -3.348653,
            2.200236,
            -4.594374,
            8.94538,
            -4.513803,
            0.090374,
            -0.372264,
            1.864695,
            1.092304,
            3.726869,
            3.026248,
            1.285765,
            4.799566,
            -5.545311,
            0.616685,
            -6.135778,
            -1.041102,
            6.894496,
            -8.108501,
            0.346167,
            -3.726775,
            -1.301401,
            4.705844,
            -3.620657,
            -0.150361,
            -0.697082,
            3.735508,
            0.07526,
            -1.830378,
            -0.937651,
            -2.305037,
            6.934107,
            -0.252116,
            5.704135,
            -6.678667,
            -4.695474,
            0.255413,
            6.26728,
            0.101119,
            -0.24004,
            6.950122,
            -4.826909,
            2.841521,
            1.093648,
            -4.778641,
            -1.878399,
            2.857721,
            -0.923379,
            4.518274
        ]
    },
    "image_size": [
        870,
        1918
    ],
    "process_time_in_milliseconds": 725
}
