{
    "props": {
        "face_rect": [
            150,
            756,
            592,
            592
        ],
        "kp_eye_left_inner": [
            372,
            907
        ],
        "kp_eye_left_outer": [
            266,
            907
        ],
        "kp_eye_right_inner": [
            512,
            902
        ],
        "kp_eye_right_outer": [
            613,
            898
        ],
        "kp_mouth_left": [
            555,
            1139
        ],
        "kp_mouth_right": [
            357,
            1154
        ],
        "kp_nose_tip": [
            444,
            1028
        ],
        "kp_under_lip_bottom": [
            459,
            1187
        ],
        "kp_upper_lip_top": [
            454,
            1129
        ],
        "features": [
            5.884163,
            6.512706,
            -2.344303,
            4.756419,
            -1.118131,
            7.313049,
            0.440214,
            -0.516222,
            4.796021,
            -7.19475,
            -0.034452,
            -2.117615,
            1.471593,
            -4.187353,
            8.556812,
            -3.455459,
            0.287402,
            -0.758978,
            3.754849,
            2.071769,
            4.234945,
            2.931627,
            1.363786,
            6.487592,
            -4.606849,
            -0.046814,
            -5.682143,
            -1.959283,
            6.743743,
            -7.487046,
            0.954353,
            -5.74277,
            -2.02458,
            4.365172,
            -2.780812,
            0.781955,
            0.006356,
            3.109271,
            -0.406684,
            -0.943889,
            -0.966928,
            -2.355152,
            8.081167,
            -0.066451,
            6.130167,
            -6.954672,
            -4.071656,
            0.535579,
            5.81702,
            1.330328,
            -0.52802,
            6.62737,
            -5.11552,
            2.66185,
            1.608226,
            -4.922056,
            -2.654231,
            4.271405,
            -1.21304,
            4.33848
        ]
    },
    "image_size": [
        870,
        1918
    ],
    "process_time_in_milliseconds": 1642
}
