{
    "props": {
        "face_rect": [
            103,
            771,
            614,
            614
        ],
        "kp_eye_left_inner": [
            342,
            938
        ],
        "kp_eye_left_outer": [
            232,
            934
        ],
        "kp_eye_right_inner": [
            477,
            929
        ],
        "kp_eye_right_outer": [
            582,
            910
        ],
        "kp_mouth_left": [
            525,
            1188
        ],
        "kp_mouth_right": [
            323,
            1197
        ],
        "kp_nose_tip": [
            414,
            1106
        ],
        "kp_under_lip_bottom": [
            429,
            1265
        ],
        "kp_upper_lip_top": [
            424,
            1193
        ],
        "features": [
            -0.83417,
            2.057322,
            5.749641,
            -3.029774,
            5.209427,
            2.333831,
            -1.564511,
            3.792782,
            -0.767027,
            2.117211,
            -7.476488,
            -5.817432,
            -2.068392,
            3.487402,
            3.569156,
            -11.407351,
            -7.404401,
            3.314014,
            0.016997,
            0.696981,
            1.385586,
            0.330307,
            -10.036709,
            -6.367604,
            2.377732,
            0.051398,
            0.891879,
            -2.320054,
            5.014156,
            2.823216,
            -0.429293,
            2.929459,
            -3.835884,
            -0.873846,
            1.574115,
            1.683203,
            2.990238,
            0.865592,
            4.432483,
            4.433178,
            -0.612151,
            -11.3499,
            -6.619686,
            2.711687,
            7.184504,
            3.173752,
            1.926608,
            5.013517,
            -4.898626,
            -6.947695,
            4.339146,
            -1.499227,
            3.100266,
            1.107659,
            -2.219574,
            6.426958,
            -6.898893,
            3.077515,
            -1.52262,
            1.109997
        ]
    },
    "image_size": [
        870,
        1918
    ],
    "process_time_in_milliseconds": 871
}
