{
    "props": {
        "face_rect": [
            -9,
            745,
            579,
            579
        ],
        "kp_eye_left_inner": [
            216,
            895
        ],
        "kp_eye_left_outer": [
            151,
            905
        ],
        "kp_eye_right_inner": [
            347,
            890
        ],
        "kp_eye_right_outer": [
            468,
            885
        ],
        "kp_mouth_left": [
            382,
            1137
        ],
        "kp_mouth_right": [
            201,
            1137
        ],
        "kp_nose_tip": [
            241,
            986
        ],
        "kp_under_lip_bottom": [
            267,
            1172
        ],
        "kp_upper_lip_top": [
            251,
            1122
        ],
        "features": [
            8.24577,
            10.557521,
            -1.399862,
            4.531155,
            3.137475,
            5.731158,
            0.471855,
            0.33327,
            2.809704,
            -4.417908,
            -4.274184,
            -0.950379,
            3.400758,
            0.62097,
            5.591707,
            -3.420615,
            0.423866,
            -0.71013,
            4.177299,
            1.702618,
            4.316677,
            1.048911,
            -1.5569,
            5.78128,
            -4.046318,
            0.497596,
            -3.19291,
            -0.730255,
            4.475566,
            -6.082597,
            -1.91112,
            -0.066643,
            1.844187,
            4.694939,
            -1.312762,
            -0.4027,
            -0.86123,
            0.495831,
            1.134644,
            -0.15925,
            4.383836,
            -3.104643,
            6.402831,
            -1.203202,
            2.81434,
            -3.65255,
            -5.63324,
            -2.062411,
            3.590839,
            0.811062,
            -0.45834,
            5.850576,
            -3.338249,
            3.253316,
            0.881032,
            -4.785478,
            -3.11803,
            2.824107,
            -2.92982,
            5.724133
        ]
    },
    "image_size": [
        870,
        1918
    ],
    "process_time_in_milliseconds": 777
}
