{
    "props": {
        "face_rect": [
            148,
            753,
            596,
            596
        ],
        "kp_eye_left_inner": [
            372,
            908
        ],
        "kp_eye_left_outer": [
            266,
            908
        ],
        "kp_eye_right_inner": [
            507,
            903
        ],
        "kp_eye_right_outer": [
            613,
            898
        ],
        "kp_mouth_left": [
            555,
            1140
        ],
        "kp_mouth_right": [
            357,
            1150
        ],
        "kp_nose_tip": [
            444,
            1029
        ],
        "kp_under_lip_bottom": [
            464,
            1188
        ],
        "kp_upper_lip_top": [
            454,
            1130
        ],
        "features": [
            5.922224,
            6.479482,
            -2.319475,
            4.82198,
            -0.996534,
            7.321444,
            0.650412,
            -0.376677,
            4.60892,
            -7.102252,
            0.065811,
            -2.445818,
            1.618597,
            -4.060502,
            8.319082,
            -3.551797,
            0.602429,
            -0.780042,
            3.285919,
            2.36264,
            4.36735,
            3.046674,
            1.029706,
            6.520185,
            -4.831835,
            0.267617,
            -6.078496,
            -1.945964,
            6.65981,
            -7.785014,
            0.860376,
            -5.752801,
            -1.794108,
            4.268218,
            -2.501862,
            0.784125,
            0.184834,
            2.877239,
            -0.555605,
            -1.133767,
            -1.482184,
            -2.146092,
            7.90147,
            -0.052398,
            5.935886,
            -7.182933,
            -4.256999,
            0.082893,
            6.022552,
            1.335511,
            -0.737546,
            6.586682,
            -4.878164,
            2.179772,
            1.950418,
            -4.912583,
            -2.773329,
            4.63126,
            -1.19984,
            4.284774
        ]
    },
    "image_size": [
        870,
        1918
    ],
    "process_time_in_milliseconds": 1663
}
