{
    "props": {
        "face_rect": [
            231,
            566,
            423,
            423
        ],
        "kp_eye_left_inner": [
            385,
            680
        ],
        "kp_eye_left_outer": [
            294,
            694
        ],
        "kp_eye_right_inner": [
            503,
            680
        ],
        "kp_eye_right_outer": [
            593,
            685
        ],
        "kp_mouth_left": [
            541,
            870
        ],
        "kp_mouth_right": [
            347,
            874
        ],
        "kp_nose_tip": [
            441,
            704
        ],
        "kp_under_lip_bottom": [
            446,
            884
        ],
        "kp_upper_lip_top": [
            446,
            818
        ],
        "features": [
            2.12226,
            5.480688,
            7.54938,
            -5.463522,
            3.194091,
            -1.41324,
            -3.219781,
            0.335911,
            5.136884,
            4.940288,
            -9.2083,
            -4.002483,
            -1.289595,
            5.566183,
            5.068481,
            -10.938708,
            -6.417206,
            2.286915,
            6.688323,
            1.896213,
            -5.446409,
            3.991456,
            -9.656029,
            -7.997616,
            8.50639,
            1.674306,
            1.706888,
            -0.37089,
            7.33979,
            1.733435,
            0.209883,
            2.413448,
            -1.498922,
            -1.342194,
            -2.601404,
            2.628736,
            3.670693,
            4.576202,
            -2.761178,
            5.061218,
            0.437979,
            -3.601687,
            -5.450207,
            0.581689,
            5.194248,
            7.959128,
            4.321676,
            0.748828,
            -6.609845,
            -3.950419,
            5.018608,
            -3.03848,
            0.335973,
            1.363507,
            -1.54711,
            2.095262,
            -0.438268,
            -0.622383,
            -2.422047,
            1.940134
        ]
    },
    "image_size": [
        870,
        1918
    ],
    "process_time_in_milliseconds": 762
}
