{
    "props": {
        "face_rect": [
            367,
            641,
            508,
            508
        ],
        "kp_eye_left_inner": [
            564,
            760
        ],
        "kp_eye_left_outer": [
            457,
            744
        ],
        "kp_eye_right_inner": [
            682,
            776
        ],
        "kp_eye_right_outer": [
            746,
            792
        ],
        "kp_mouth_left": [
            698,
            1016
        ],
        "kp_mouth_right": [
            521,
            1000
        ],
        "kp_nose_tip": [
            671,
            850
        ],
        "kp_under_lip_bottom": [
            623,
            1032
        ],
        "kp_upper_lip_top": [
            628,
            963
        ],
        "features": [
            2.942105,
            3.894717,
            7.126313,
            -5.209725,
            5.71698,
            -0.392524,
            -6.526102,
            -0.215542,
            2.059288,
            6.726958,
            -10.472956,
            -6.574175,
            -2.284931,
            5.339296,
            4.995314,
            -11.275784,
            -6.921426,
            3.734346,
            5.925439,
            1.956163,
            -1.816997,
            1.911001,
            -9.629228,
            -6.397979,
            7.773304,
            3.331988,
            1.452407,
            -1.283242,
            6.247963,
            3.007429,
            -0.864885,
            4.175993,
            -0.383968,
            -0.944322,
            -1.349278,
            4.489491,
            2.674752,
            3.947959,
            -0.754088,
            4.925615,
            0.182552,
            -5.129776,
            -8.304715,
            2.330976,
            4.453457,
            9.069527,
            3.815943,
            3.972792,
            -7.085153,
            -4.181479,
            5.004125,
            -2.331425,
            -0.018573,
            -0.493824,
            0.091525,
            4.1546,
            -3.871321,
            0.095906,
            -1.377957,
            2.820589
        ]
    },
    "image_size": [
        870,
        1918
    ],
    "process_time_in_milliseconds": 774
}
