{
    "props": {
        "face_rect": [
            118,
            759,
            632,
            632
        ],
        "kp_eye_left_inner": [
            375,
            931
        ],
        "kp_eye_left_outer": [
            266,
            922
        ],
        "kp_eye_right_inner": [
            513,
            927
        ],
        "kp_eye_right_outer": [
            617,
            907
        ],
        "kp_mouth_left": [
            558,
            1189
        ],
        "kp_mouth_right": [
            345,
            1194
        ],
        "kp_nose_tip": [
            449,
            1100
        ],
        "kp_under_lip_bottom": [
            459,
            1268
        ],
        "kp_upper_lip_top": [
            454,
            1184
        ],
        "features": [
            -1.472408,
            1.426814,
            6.955718,
            -2.66576,
            4.743835,
            1.912873,
            -2.349865,
            3.982361,
            -0.751726,
            2.647087,
            -7.520195,
            -5.458211,
            -2.165311,
            2.245212,
            2.732455,
            -11.047486,
            -7.000486,
            2.437718,
            -0.184797,
            -0.320813,
            0.483318,
            1.150295,
            -10.350225,
            -6.923534,
            3.399101,
            1.082679,
            1.559496,
            -2.600759,
            5.010325,
            2.75182,
            -0.431434,
            3.18467,
            -2.897096,
            -0.879735,
            0.569894,
            1.571414,
            2.288979,
            1.377814,
            5.279674,
            4.749978,
            -1.506216,
            -10.50233,
            -7.035048,
            3.547248,
            6.05134,
            4.27574,
            1.045523,
            4.924058,
            -4.130926,
            -6.113566,
            3.875096,
            -1.563036,
            3.952451,
            0.549432,
            -2.396465,
            6.334065,
            -6.289809,
            2.08416,
            -0.546643,
            0.156915
        ]
    },
    "image_size": [
        870,
        1918
    ],
    "process_time_in_milliseconds": 785
}
