{
    "props": {
        "face_rect": [
            135,
            791,
            591,
            591
        ],
        "kp_eye_left_inner": [
            370,
            956
        ],
        "kp_eye_left_outer": [
            269,
            951
        ],
        "kp_eye_right_inner": [
            505,
            951
        ],
        "kp_eye_right_outer": [
            611,
            928
        ],
        "kp_mouth_left": [
            560,
            1210
        ],
        "kp_mouth_right": [
            343,
            1220
        ],
        "kp_nose_tip": [
            449,
            1127
        ],
        "kp_under_lip_bottom": [
            458,
            1303
        ],
        "kp_upper_lip_top": [
            449,
            1210
        ],
        "features": [
            -0.74658,
            1.485372,
            6.368583,
            -2.367535,
            5.093719,
            3.45844,
            -1.949347,
            4.205727,
            0.288262,
            2.628697,
            -8.626524,
            -6.236773,
            -2.588312,
            1.250962,
            3.01305,
            -10.557633,
            -6.580319,
            1.676476,
            -1.103022,
            -0.274291,
            0.815714,
            0.978343,
            -8.511341,
            -5.692579,
            2.808758,
            0.121525,
            1.344557,
            -0.538127,
            4.759792,
            1.524374,
            -0.61097,
            3.609456,
            -2.616104,
            -0.452652,
            1.039872,
            1.664807,
            1.413336,
            1.531858,
            4.93842,
            5.446852,
            -1.380876,
            -11.434068,
            -6.022213,
            3.609236,
            6.149693,
            3.998672,
            0.307349,
            3.505064,
            -3.981324,
            -6.287861,
            3.8433,
            -1.374843,
            2.421537,
            0.75093,
            -1.542821,
            6.773437,
            -7.066946,
            1.555986,
            -0.629475,
            0.080371
        ]
    },
    "image_size": [
        870,
        1918
    ],
    "process_time_in_milliseconds": 771
}
