{
    "props": {
        "face_rect": [
            125,
            756,
            575,
            575
        ],
        "kp_eye_left_inner": [
            348,
            895
        ],
        "kp_eye_left_outer": [
            242,
            895
        ],
        "kp_eye_right_inner": [
            483,
            895
        ],
        "kp_eye_right_outer": [
            594,
            890
        ],
        "kp_mouth_left": [
            523,
            1136
        ],
        "kp_mouth_right": [
            328,
            1141
        ],
        "kp_nose_tip": [
            403,
            1016
        ],
        "kp_under_lip_bottom": [
            423,
            1182
        ],
        "kp_upper_lip_top": [
            413,
            1121
        ],
        "features": [
            4.710051,
            6.751848,
            -2.984631,
            4.061994,
            -0.439587,
            7.42444,
            1.259219,
            -0.227556,
            3.899813,
            -7.67431,
            0.189557,
            -2.799998,
            2.305943,
            -4.492565,
            8.173289,
            -3.718597,
            0.550553,
            -0.863207,
            2.921245,
            1.933478,
            4.551149,
            3.24954,
            0.607845,
            5.73343,
            -4.629185,
            0.56269,
            -5.849319,
            -1.672796,
            6.597135,
            -7.880761,
            0.590842,
            -4.982305,
            -0.857214,
            4.145852,
            -2.334178,
            0.191038,
            -0.099341,
            2.379802,
            -0.101439,
            -1.981404,
            -1.414983,
            -1.970912,
            8.376554,
            -0.454536,
            5.206723,
            -7.274254,
            -5.537836,
            0.540403,
            6.684758,
            0.652084,
            -1.916026,
            6.63519,
            -4.03089,
            2.574566,
            1.744944,
            -4.89519,
            -2.807903,
            3.575403,
            -1.086718,
            4.309512
        ]
    },
    "image_size": [
        870,
        1918
    ],
    "process_time_in_milliseconds": 775
}
