{
    "props": {
        "face_rect": [
            146,
            757,
            577,
            577
        ],
        "kp_eye_left_inner": [
            367,
            899
        ],
        "kp_eye_left_outer": [
            265,
            899
        ],
        "kp_eye_right_inner": [
            499,
            899
        ],
        "kp_eye_right_outer": [
            611,
            889
        ],
        "kp_mouth_left": [
            540,
            1143
        ],
        "kp_mouth_right": [
            341,
            1148
        ],
        "kp_nose_tip": [
            428,
            1021
        ],
        "kp_under_lip_bottom": [
            443,
            1183
        ],
        "kp_upper_lip_top": [
            438,
            1122
        ],
        "features": [
            5.144397,
            6.403142,
            -2.646863,
            4.017247,
            -0.465043,
            7.405537,
            1.115039,
            -0.859705,
            4.486575,
            -7.547097,
            0.686604,
            -2.733958,
            1.90865,
            -4.793709,
            8.287719,
            -3.698958,
            -0.131301,
            -0.796162,
            3.464777,
            2.35693,
            4.022408,
            3.135364,
            1.248983,
            6.366449,
            -4.263335,
            0.521916,
            -6.010456,
            -1.717504,
            6.721527,
            -7.71559,
            0.584328,
            -5.352259,
            -1.384927,
            4.289856,
            -2.613301,
            0.205232,
            0.329157,
            2.904149,
            -0.175472,
            -1.858103,
            -1.529403,
            -2.29595,
            8.514972,
            0.154785,
            5.838751,
            -6.939329,
            -4.791649,
            0.863261,
            6.356918,
            0.8313,
            -1.310629,
            6.942221,
            -4.472322,
            3.325625,
            1.538151,
            -5.103937,
            -2.777249,
            3.368162,
            -1.301827,
            4.196181
        ]
    },
    "image_size": [
        870,
        1918
    ],
    "process_time_in_milliseconds": 769
}
