{
    "props": {
        "face_rect": [
            149,
            755,
            583,
            583
        ],
        "kp_eye_left_inner": [
            373,
            898
        ],
        "kp_eye_left_outer": [
            264,
            898
        ],
        "kp_eye_right_inner": [
            510,
            898
        ],
        "kp_eye_right_outer": [
            619,
            893
        ],
        "kp_mouth_left": [
            550,
            1144
        ],
        "kp_mouth_right": [
            348,
            1144
        ],
        "kp_nose_tip": [
            437,
            1021
        ],
        "kp_under_lip_bottom": [
            451,
            1183
        ],
        "kp_upper_lip_top": [
            446,
            1124
        ],
        "features": [
            5.650733,
            6.225046,
            -3.117388,
            4.467385,
            -0.578272,
            7.274859,
            1.30705,
            -0.171796,
            4.786965,
            -7.351926,
            0.637111,
            -2.514421,
            1.229564,
            -4.854236,
            8.250432,
            -4.223603,
            0.110861,
            -0.344689,
            2.594575,
            2.168103,
            4.031443,
            3.169709,
            1.592254,
            6.249763,
            -4.370491,
            0.581795,
            -6.253266,
            -1.878748,
            6.31571,
            -8.037581,
            0.727946,
            -5.733856,
            -2.381417,
            4.486922,
            -2.387524,
            0.599932,
            0.322533,
            2.589233,
            0.001157,
            -1.711023,
            -1.988806,
            -2.648235,
            7.922244,
            0.173063,
            5.541009,
            -7.428423,
            -4.366153,
            0.532746,
            6.1192,
            0.593244,
            -0.851808,
            6.610895,
            -4.392451,
            3.336058,
            1.615169,
            -4.662443,
            -2.854883,
            4.106627,
            -1.69837,
            4.624207
        ]
    },
    "image_size": [
        870,
        1918
    ],
    "process_time_in_milliseconds": 822
}
