{
    "props": {
        "face_rect": [
            158,
            634,
            547,
            547
        ],
        "kp_eye_left_inner": [
            373,
            775
        ],
        "kp_eye_left_outer": [
            270,
            775
        ],
        "kp_eye_right_inner": [
            500,
            765
        ],
        "kp_eye_right_outer": [
            604,
            760
        ],
        "kp_mouth_left": [
            533,
            1020
        ],
        "kp_mouth_right": [
            331,
            1029
        ],
        "kp_nose_tip": [
            425,
            864
        ],
        "kp_under_lip_bottom": [
            434,
            1052
        ],
        "kp_upper_lip_top": [
            430,
            977
        ],
        "features": [
            2.336196,
            4.746981,
            6.397141,
            -5.252474,
            4.338354,
            1.205566,
            -5.056685,
            2.536023,
            0.323293,
            5.398669,
            -8.438947,
            -9.020417,
            -4.172564,
            6.973978,
            5.071412,
            -11.678526,
            -6.038234,
            4.666741,
            4.127265,
            -1.079596,
            -2.725275,
            2.690768,
            -10.187106,
            -8.122142,
            7.005136,
            2.642837,
            -1.67803,
            -0.118996,
            6.594209,
            1.110911,
            0.012247,
            3.905943,
            -2.087765,
            -3.574061,
            -2.711043,
            3.770063,
            2.921043,
            4.060483,
            -1.033784,
            3.103258,
            -2.09235,
            -6.066628,
            -9.362341,
            2.770361,
            4.866733,
            8.443323,
            4.287857,
            4.222931,
            -7.721349,
            -3.38289,
            5.854145,
            -1.382269,
            2.071649,
            -0.013074,
            0.69719,
            2.304079,
            -3.851485,
            0.544259,
            -2.226996,
            2.354307
        ]
    },
    "image_size": [
        870,
        1918
    ],
    "process_time_in_milliseconds": 756
}
