{
    "props": {
        "face_rect": [
            298,
            495,
            384,
            384
        ],
        "kp_eye_left_inner": [
            441,
            591
        ],
        "kp_eye_left_outer": [
            365,
            588
        ],
        "kp_eye_right_inner": [
            524,
            598
        ],
        "kp_eye_right_outer": [
            569,
            602
        ],
        "kp_mouth_left": [
            545,
            761
        ],
        "kp_mouth_right": [
            441,
            765
        ],
        "kp_nose_tip": [
            520,
            664
        ],
        "kp_under_lip_bottom": [
            506,
            782
        ],
        "kp_upper_lip_top": [
            510,
            737
        ],
        "features": [
            2.542248,
            6.350404,
            -1.520318,
            -1.191698,
            4.62631,
            -3.559559,
            0.743029,
            4.889289,
            4.457325,
            -8.28092,
            1.532173,
            -5.812506,
            6.88441,
            -1.851809,
            4.559994,
            -3.248228,
            -1.044912,
            5.929764,
            -6.328632,
            2.314019,
            6.235908,
            -7.265259,
            6.847483,
            1.912907,
            -1.424115,
            -1.243285,
            -9.412058,
            0.225958,
            -2.959709,
            -1.951064,
            -0.668557,
            1.288326,
            -3.242712,
            1.533205,
            -3.612949,
            3.792789,
            2.421177,
            -2.862919,
            -0.059301,
            -2.95653,
            0.909381,
            -1.747061,
            2.043833,
            0.170967,
            8.918547,
            -2.178744,
            -3.566074,
            1.009752,
            2.149681,
            -0.119906,
            2.362806,
            11.261154,
            2.986046,
            2.222929,
            0.648748,
            -3.279525,
            -2.252219,
            -0.598463,
            -2.799149,
            3.691065
        ]
    },
    "image_size": [
        720,
        1280
    ],
    "process_time_in_milliseconds": 1359
}
