{
    "props": {
        "face_rect": [
            131,
            909,
            538,
            538
        ],
        "kp_eye_left_inner": [
            356,
            1056
        ],
        "kp_eye_left_outer": [
            250,
            1043
        ],
        "kp_eye_right_inner": [
            496,
            1060
        ],
        "kp_eye_right_outer": [
            593,
            1043
        ],
        "kp_mouth_left": [
            526,
            1281
        ],
        "kp_mouth_right": [
            339,
            1290
        ],
        "kp_nose_tip": [
            424,
            1239
        ],
        "kp_under_lip_bottom": [
            441,
            1328
        ],
        "kp_upper_lip_top": [
            432,
            1298
        ],
        "features": [
            3.342727,
            4.210343,
            -1.118918,
            6.120427,
            -1.125254,
            4.311256,
            -5.070554,
            3.161436,
            5.212151,
            -5.317281,
            -3.833271,
            -2.682596,
            1.358748,
            -6.82381,
            8.389922,
            -2.607074,
            -2.839247,
            -3.539174,
            1.285347,
            -1.73644,
            5.420859,
            -1.616311,
            1.06809,
            6.909492,
            -2.283721,
            -1.119809,
            -2.887561,
            -2.502988,
            5.866982,
            -6.747602,
            2.95288,
            -2.057326,
            -3.525647,
            4.530119,
            -3.972374,
            2.118348,
            -1.720243,
            3.120255,
            4.043664,
            2.932996,
            0.475111,
            -6.041288,
            7.199517,
            2.098902,
            7.782722,
            -7.848847,
            -4.520885,
            -0.302958,
            2.882796,
            3.979941,
            1.138374,
            5.113426,
            -5.855451,
            0.366442,
            -2.405047,
            -3.551843,
            -1.500883,
            1.455677,
            -1.610038,
            4.1428
        ]
    },
    "image_size": [
        870,
        1918
    ],
    "process_time_in_milliseconds": 745
}
