{
    "props": {
        "face_rect": [
            184,
            639,
            473,
            473
        ],
        "kp_eye_left_inner": [
            357,
            720
        ],
        "kp_eye_left_outer": [
            253,
            782
        ],
        "kp_eye_right_inner": [
            493,
            767
        ],
        "kp_eye_right_outer": [
            581,
            782
        ],
        "kp_mouth_left": [
            529,
            975
        ],
        "kp_mouth_right": [
            316,
            975
        ],
        "kp_nose_tip": [
            415,
            767
        ],
        "kp_under_lip_bottom": [
            430,
            975
        ],
        "kp_upper_lip_top": [
            425,
            918
        ],
        "features": [
            3.62327,
            6.673194,
            -1.330389,
            1.99302,
            -1.084837,
            4.283987,
            -3.065277,
            -0.003934,
            0.985624,
            -7.358608,
            -2.480057,
            -0.423964,
            3.105184,
            -1.357864,
            5.150685,
            -0.421785,
            -2.88571,
            -1.701162,
            1.635255,
            -1.772111,
            4.271483,
            3.084485,
            -3.054693,
            3.251739,
            -0.425057,
            1.711658,
            -0.221799,
            -3.441745,
            4.987073,
            -2.230276,
            2.042881,
            -4.975379,
            -0.249507,
            4.260497,
            -2.123038,
            2.372947,
            -0.941974,
            0.740737,
            6.191912,
            1.5085,
            1.681947,
            -1.143927,
            3.634457,
            -0.138218,
            5.044568,
            -0.908263,
            -3.341911,
            5.374088,
            7.55885,
            0.585907,
            -1.150305,
            8.286342,
            1.38068,
            0.987191,
            -3.786314,
            -1.43349,
            -1.657797,
            0.115822,
            0.495117,
            6.766334
        ]
    },
    "image_size": [
        870,
        1918
    ],
    "process_time_in_milliseconds": 844
}
