{
    "props": {
        "face_rect": [
            -26,
            588,
            631,
            631
        ],
        "kp_eye_left_inner": [
            243,
            761
        ],
        "kp_eye_left_outer": [
            192,
            766
        ],
        "kp_eye_right_inner": [
            371,
            756
        ],
        "kp_eye_right_outer": [
            483,
            751
        ],
        "kp_mouth_left": [
            371,
            1017
        ],
        "kp_mouth_right": [
            187,
            996
        ],
        "kp_nose_tip": [
            243,
            843
        ],
        "kp_under_lip_bottom": [
            259,
            1037
        ],
        "kp_upper_lip_top": [
            259,
            966
        ],
        "features": [
            3.838438,
            4.355245,
            5.751304,
            -4.916544,
            3.875931,
            0.590719,
            -7.570143,
            0.768407,
            0.843062,
            4.3951,
            -7.422216,
            -4.794056,
            -4.446794,
            6.182599,
            5.626387,
            -10.869814,
            -6.590352,
            5.361803,
            4.362527,
            -0.561467,
            -1.286994,
            3.902045,
            -9.038731,
            -5.457813,
            7.423049,
            1.252471,
            -0.969793,
            -1.51894,
            3.707451,
            2.780836,
            -0.454644,
            0.938419,
            -3.118417,
            -0.285085,
            -3.012428,
            5.324234,
            4.039477,
            2.525779,
            0.656822,
            3.728361,
            -1.173246,
            -4.701488,
            -8.853098,
            2.708909,
            2.821496,
            8.784947,
            6.212819,
            7.129822,
            -5.922236,
            -4.899172,
            5.605717,
            -0.060018,
            0.33851,
            -0.049428,
            1.619732,
            3.791466,
            -4.520608,
            1.749633,
            -1.949106,
            2.921563
        ]
    },
    "image_size": [
        870,
        1918
    ],
    "process_time_in_milliseconds": 740
}
