{
    "props": {
        "face_rect": [
            139,
            745,
            608,
            608
        ],
        "kp_eye_left_inner": [
            367,
            900
        ],
        "kp_eye_left_outer": [
            263,
            900
        ],
        "kp_eye_right_inner": [
            506,
            900
        ],
        "kp_eye_right_outer": [
            610,
            885
        ],
        "kp_mouth_left": [
            555,
            1143
        ],
        "kp_mouth_right": [
            357,
            1152
        ],
        "kp_nose_tip": [
            442,
            1029
        ],
        "kp_under_lip_bottom": [
            461,
            1187
        ],
        "kp_upper_lip_top": [
            451,
            1128
        ],
        "features": [
            5.496323,
            6.331122,
            -2.755861,
            4.450539,
            -0.557595,
            6.972515,
            1.517822,
            0.37668,
            4.762039,
            -6.829946,
            -0.104061,
            -3.278996,
            1.478075,
            -4.391193,
            8.68734,
            -4.581929,
            0.458834,
            0.118455,
            3.167211,
            2.697724,
            3.946011,
            2.356393,
            0.031785,
            5.460568,
            -4.864659,
            -0.357074,
            -6.544877,
            -1.862676,
            6.059827,
            -7.594934,
            1.154528,
            -4.70604,
            -1.828045,
            4.139971,
            -2.619539,
            0.364519,
            0.651509,
            3.146515,
            0.170664,
            -1.153611,
            -0.623165,
            -3.393798,
            8.306625,
            -0.474284,
            6.266501,
            -7.727891,
            -4.832127,
            0.937524,
            5.98154,
            0.90206,
            -0.708157,
            6.083773,
            -4.441226,
            2.835663,
            1.824828,
            -4.11691,
            -2.81867,
            3.57712,
            -1.358956,
            4.239214
        ]
    },
    "image_size": [
        870,
        1918
    ],
    "process_time_in_milliseconds": 778
}
