{
    "props": {
        "face_rect": [
            315,
            765,
            583,
            583
        ],
        "kp_eye_left_inner": [
            561,
            899
        ],
        "kp_eye_left_outer": [
            441,
            883
        ],
        "kp_eye_right_inner": [
            697,
            932
        ],
        "kp_eye_right_outer": [
            746,
            932
        ],
        "kp_mouth_left": [
            686,
            1149
        ],
        "kp_mouth_right": [
            512,
            1149
        ],
        "kp_nose_tip": [
            670,
            1024
        ],
        "kp_under_lip_bottom": [
            604,
            1198
        ],
        "kp_upper_lip_top": [
            610,
            1139
        ],
        "features": [
            7.167996,
            8.947068,
            -2.204143,
            2.184401,
            0.203116,
            8.180237,
            0.143213,
            -0.729951,
            4.626613,
            -5.63405,
            -2.54315,
            -0.296853,
            1.871005,
            -4.123072,
            7.03036,
            -0.367668,
            -1.383238,
            -1.356871,
            3.166047,
            2.30262,
            4.783281,
            -1.025582,
            -0.282424,
            7.973153,
            -3.417931,
            -0.873414,
            -4.214015,
            -1.636497,
            5.594386,
            -6.697478,
            0.679368,
            -4.086671,
            -1.531743,
            4.589743,
            -1.012642,
            1.0301,
            0.556078,
            2.609908,
            0.878679,
            0.535239,
            2.513876,
            -3.220448,
            6.707235,
            -0.119589,
            3.767202,
            -4.001519,
            -3.527687,
            0.285698,
            4.380062,
            -0.169831,
            -0.055532,
            6.205212,
            -4.010014,
            2.408065,
            -1.844196,
            -3.9784,
            -4.032975,
            3.158648,
            -2.924213,
            6.473378
        ]
    },
    "image_size": [
        870,
        1918
    ],
    "process_time_in_milliseconds": 784
}
