{
    "props": {
        "face_rect": [
            218,
            625,
            546,
            546
        ],
        "kp_eye_left_inner": [
            431,
            760
        ],
        "kp_eye_left_outer": [
            327,
            755
        ],
        "kp_eye_right_inner": [
            559,
            764
        ],
        "kp_eye_right_outer": [
            653,
            769
        ],
        "kp_mouth_left": [
            582,
            1010
        ],
        "kp_mouth_right": [
            379,
            1010
        ],
        "kp_nose_tip": [
            507,
            854
        ],
        "kp_under_lip_bottom": [
            488,
            1039
        ],
        "kp_upper_lip_top": [
            497,
            968
        ],
        "features": [
            3.270255,
            5.608214,
            7.342885,
            -5.62316,
            5.227036,
            1.292213,
            -6.313237,
            1.515394,
            0.366353,
            6.37766,
            -8.436123,
            -7.611962,
            -4.526539,
            7.865098,
            4.887458,
            -10.896276,
            -6.226907,
            3.930676,
            4.88081,
            -0.524016,
            -2.508404,
            3.195916,
            -9.694036,
            -7.133239,
            6.722401,
            3.615881,
            -0.851476,
            0.124636,
            6.552903,
            2.091993,
            -0.794888,
            3.74134,
            -1.756925,
            -1.978571,
            -1.995358,
            3.330225,
            3.0187,
            4.080587,
            -0.045642,
            4.163187,
            -1.390218,
            -6.442184,
            -9.331904,
            2.995863,
            4.591022,
            9.609482,
            4.369322,
            3.579067,
            -7.537052,
            -3.597658,
            6.385827,
            -1.677123,
            0.575856,
            0.897311,
            -0.087474,
            2.497023,
            -3.894827,
            0.309621,
            -1.448731,
            2.17435
        ]
    },
    "image_size": [
        870,
        1918
    ],
    "process_time_in_milliseconds": 749
}
