{
    "props": {
        "face_rect": [
            265,
            632,
            547,
            547
        ],
        "kp_eye_left_inner": [
            469,
            770
        ],
        "kp_eye_left_outer": [
            361,
            765
        ],
        "kp_eye_right_inner": [
            600,
            774
        ],
        "kp_eye_right_outer": [
            673,
            774
        ],
        "kp_mouth_left": [
            634,
            1018
        ],
        "kp_mouth_right": [
            439,
            1013
        ],
        "kp_nose_tip": [
            566,
            857
        ],
        "kp_under_lip_bottom": [
            547,
            1047
        ],
        "kp_upper_lip_top": [
            551,
            974
        ],
        "features": [
            2.570841,
            5.551546,
            7.640111,
            -6.036332,
            4.703692,
            0.319253,
            -6.973146,
            1.554937,
            0.919796,
            5.342809,
            -7.331402,
            -7.314244,
            -4.002789,
            8.014697,
            4.503963,
            -10.11139,
            -6.148265,
            3.489459,
            4.871793,
            -0.201702,
            -2.023809,
            3.020025,
            -10.783563,
            -8.167208,
            7.408933,
            3.523716,
            -0.835056,
            0.060633,
            6.956227,
            2.793694,
            -0.322095,
            2.469241,
            -1.726746,
            -2.303486,
            -1.785885,
            3.865446,
            3.547453,
            3.642276,
            0.241064,
            4.118646,
            -1.882422,
            -5.232177,
            -9.900608,
            3.024898,
            5.350377,
            9.203053,
            4.694689,
            3.61132,
            -6.896363,
            -3.370279,
            5.659873,
            -1.78349,
            1.412909,
            -0.565307,
            -0.46924,
            2.760921,
            -2.713971,
            -0.835413,
            -1.610238,
            1.61669
        ]
    },
    "image_size": [
        870,
        1918
    ],
    "process_time_in_milliseconds": 737
}
