{
    "props": {
        "face_rect": [
            317,
            768,
            582,
            582
        ],
        "kp_eye_left_inner": [
            565,
            901
        ],
        "kp_eye_left_outer": [
            441,
            885
        ],
        "kp_eye_right_inner": [
            704,
            939
        ],
        "kp_eye_right_outer": [
            747,
            933
        ],
        "kp_mouth_left": [
            683,
            1154
        ],
        "kp_mouth_right": [
            506,
            1148
        ],
        "kp_nose_tip": [
            661,
            1030
        ],
        "kp_under_lip_bottom": [
            608,
            1202
        ],
        "kp_upper_lip_top": [
            618,
            1138
        ],
        "features": [
            7.635543,
            9.258389,
            -2.544965,
            2.246445,
            0.099868,
            8.345206,
            0.470143,
            -1.349963,
            5.19897,
            -5.859962,
            -1.959229,
            -0.367163,
            2.339919,
            -4.089988,
            7.597487,
            -0.603702,
            -1.520616,
            -1.840418,
            3.315752,
            2.625673,
            4.659291,
            -1.887253,
            -1.131313,
            8.101523,
            -3.18941,
            -1.295777,
            -4.457714,
            -1.804304,
            5.306186,
            -6.675481,
            0.969661,
            -3.528488,
            -1.344065,
            3.689441,
            -1.762193,
            1.175581,
            0.261659,
            2.575867,
            1.184318,
            -0.007611,
            2.522246,
            -3.688924,
            6.827156,
            0.167123,
            3.048848,
            -3.887873,
            -3.651072,
            0.048115,
            4.03588,
            0.108361,
            -0.039461,
            6.724524,
            -3.903355,
            2.160713,
            -1.282774,
            -4.112601,
            -4.394594,
            3.079446,
            -3.228817,
            6.517105
        ]
    },
    "image_size": [
        870,
        1918
    ],
    "process_time_in_milliseconds": 774
}
