{
    "props": {
        "face_rect": [
            141,
            782,
            599,
            599
        ],
        "kp_eye_left_inner": [
            374,
            941
        ],
        "kp_eye_left_outer": [
            253,
            931
        ],
        "kp_eye_right_inner": [
            510,
            936
        ],
        "kp_eye_right_outer": [
            613,
            917
        ],
        "kp_mouth_left": [
            552,
            1198
        ],
        "kp_mouth_right": [
            342,
            1207
        ],
        "kp_nose_tip": [
            449,
            1109
        ],
        "kp_under_lip_bottom": [
            454,
            1278
        ],
        "kp_upper_lip_top": [
            449,
            1198
        ],
        "features": [
            -1.598029,
            1.845381,
            6.160312,
            -2.033324,
            5.620127,
            3.228143,
            -1.639862,
            3.747812,
            -0.811259,
            2.063952,
            -8.856623,
            -6.420963,
            -1.65236,
            1.494463,
            3.235589,
            -10.551351,
            -7.123955,
            2.693756,
            -1.485195,
            0.088732,
            0.345838,
            2.302925,
            -9.200164,
            -6.132017,
            1.88704,
            0.313547,
            1.549427,
            -1.424597,
            4.685585,
            1.966989,
            -0.437895,
            3.559845,
            -2.023977,
            -0.123731,
            0.90132,
            0.215505,
            1.849817,
            1.163303,
            5.375041,
            5.45436,
            -0.233105,
            -11.520801,
            -6.184182,
            2.790563,
            5.756778,
            4.629577,
            -0.277091,
            4.441345,
            -3.501975,
            -6.402954,
            3.6259,
            -0.202849,
            2.386516,
            0.995515,
            -1.361533,
            6.944523,
            -7.662072,
            2.413925,
            -0.059145,
            0.200123
        ]
    },
    "image_size": [
        870,
        1918
    ],
    "process_time_in_milliseconds": 745
}
