{
    "props": {
        "face_rect": [
            300,
            634,
            539,
            539
        ],
        "kp_eye_left_inner": [
            502,
            768
        ],
        "kp_eye_left_outer": [
            388,
            759
        ],
        "kp_eye_right_inner": [
            630,
            778
        ],
        "kp_eye_right_outer": [
            699,
            778
        ],
        "kp_mouth_left": [
            655,
            1020
        ],
        "kp_mouth_right": [
            462,
            1020
        ],
        "kp_nose_tip": [
            601,
            862
        ],
        "kp_under_lip_bottom": [
            576,
            1045
        ],
        "kp_upper_lip_top": [
            591,
            966
        ],
        "features": [
            2.854182,
            6.091347,
            7.010832,
            -6.530528,
            4.957666,
            0.358174,
            -6.794103,
            0.933576,
            1.480344,
            4.856905,
            -7.84375,
            -7.015336,
            -3.809095,
            7.569839,
            5.173507,
            -10.192251,
            -7.139927,
            3.381813,
            5.165023,
            0.96778,
            -2.091083,
            2.839365,
            -10.686067,
            -8.488228,
            7.943138,
            2.424774,
            -0.644017,
            0.208059,
            7.246481,
            2.991589,
            -0.170728,
            2.459127,
            -1.739817,
            -1.470818,
            -1.629099,
            3.572253,
            3.533179,
            3.462065,
            0.009529,
            4.300795,
            -0.550778,
            -5.412599,
            -9.448095,
            2.993656,
            5.770642,
            9.652844,
            4.61248,
            4.250656,
            -7.664536,
            -4.387293,
            5.662302,
            -1.690599,
            0.684824,
            0.145532,
            -0.95744,
            3.231592,
            -3.446507,
            -1.894133,
            -1.493844,
            2.005497
        ]
    },
    "image_size": [
        870,
        1918
    ],
    "process_time_in_milliseconds": 757
}
