{
    "props": {
        "face_rect": [
            315,
            768,
            576,
            576
        ],
        "kp_eye_left_inner": [
            543,
            895
        ],
        "kp_eye_left_outer": [
            426,
            884
        ],
        "kp_eye_right_inner": [
            688,
            934
        ],
        "kp_eye_right_outer": [
            739,
            934
        ],
        "kp_mouth_left": [
            677,
            1157
        ],
        "kp_mouth_right": [
            504,
            1146
        ],
        "kp_nose_tip": [
            649,
            1023
        ],
        "kp_under_lip_bottom": [
            599,
            1196
        ],
        "kp_upper_lip_top": [
            616,
            1135
        ],
        "features": [
            7.121642,
            8.084071,
            -2.460397,
            3.705595,
            0.138899,
            7.947544,
            0.820312,
            0.038568,
            4.659161,
            -6.702907,
            -2.303807,
            -1.489654,
            1.862972,
            -4.195947,
            6.889808,
            -1.334789,
            -0.35816,
            -1.87824,
            2.170869,
            1.601841,
            3.769854,
            -0.244527,
            -0.327332,
            7.36976,
            -4.234329,
            -1.211791,
            -5.001475,
            -1.302974,
            5.823386,
            -7.132369,
            0.401926,
            -3.938053,
            -1.266241,
            3.637961,
            -1.310413,
            0.771624,
            0.564324,
            2.57661,
            0.437377,
            -0.234118,
            1.913338,
            -3.112621,
            6.831566,
            0.156782,
            3.723962,
            -4.440134,
            -4.172837,
            -0.064053,
            5.041487,
            0.128846,
            -0.594343,
            6.187518,
            -3.578197,
            1.921407,
            -0.76795,
            -3.736087,
            -3.038411,
            2.648721,
            -3.134014,
            6.396383
        ]
    },
    "image_size": [
        870,
        1918
    ],
    "process_time_in_milliseconds": 783
}
