{
    "props": {
        "face_rect": [
            307,
            631,
            531,
            531
        ],
        "kp_eye_left_inner": [
            504,
            761
        ],
        "kp_eye_left_outer": [
            398,
            751
        ],
        "kp_eye_right_inner": [
            626,
            771
        ],
        "kp_eye_right_outer": [
            702,
            776
        ],
        "kp_mouth_left": [
            661,
            1009
        ],
        "kp_mouth_right": [
            474,
            1004
        ],
        "kp_nose_tip": [
            605,
            847
        ],
        "kp_under_lip_bottom": [
            580,
            1034
        ],
        "kp_upper_lip_top": [
            595,
            968
        ],
        "features": [
            2.999993,
            5.829365,
            7.206301,
            -6.272738,
            4.858956,
            -0.301056,
            -6.496877,
            0.121115,
            1.629129,
            4.97596,
            -8.168409,
            -6.85253,
            -2.448339,
            6.990438,
            5.022617,
            -9.707539,
            -6.831622,
            3.712995,
            5.335466,
            1.852236,
            -2.472109,
            1.893727,
            -10.434621,
            -8.657953,
            7.412048,
            2.213827,
            0.159191,
            -0.645842,
            6.993808,
            3.827963,
            -0.825223,
            2.946813,
            -1.075878,
            -1.581797,
            -1.710919,
            3.996879,
            3.196679,
            3.589538,
            -0.195545,
            4.178201,
            0.282884,
            -4.918445,
            -9.802045,
            2.586875,
            4.878729,
            10.748471,
            4.131328,
            3.794915,
            -7.284298,
            -4.860571,
            5.512669,
            -1.625165,
            0.415991,
            -0.226185,
            -0.310975,
            3.488933,
            -2.705088,
            -1.653984,
            -1.623335,
            2.344347
        ]
    },
    "image_size": [
        870,
        1918
    ],
    "process_time_in_milliseconds": 758
}
