{
    "props": {
        "face_rect": [
            164,
            772,
            555,
            555
        ],
        "kp_eye_left_inner": [
            376,
            902
        ],
        "kp_eye_left_outer": [
            275,
            912
        ],
        "kp_eye_right_inner": [
            508,
            902
        ],
        "kp_eye_right_outer": [
            609,
            912
        ],
        "kp_mouth_left": [
            553,
            1144
        ],
        "kp_mouth_right": [
            346,
            1144
        ],
        "kp_nose_tip": [
            437,
            1018
        ],
        "kp_under_lip_bottom": [
            452,
            1185
        ],
        "kp_upper_lip_top": [
            447,
            1124
        ],
        "features": [
            5.047379,
            6.01827,
            -1.694129,
            3.772992,
            0.73351,
            7.365332,
            1.539745,
            -0.417113,
            5.56551,
            -8.1721,
            -1.328029,
            -3.146698,
            0.741488,
            -3.754287,
            8.058019,
            -3.354432,
            -2.106461,
            -1.593027,
            2.581345,
            1.497907,
            2.988796,
            3.599426,
            0.179787,
            6.576886,
            -3.011855,
            1.400793,
            -5.100418,
            -0.903847,
            7.322403,
            -7.686618,
            2.263,
            -5.677687,
            -1.0748,
            3.189436,
            -2.062804,
            -0.673951,
            1.248354,
            3.621686,
            -1.155152,
            -0.448101,
            -0.392132,
            -1.524621,
            7.00205,
            0.80719,
            6.083874,
            -5.763218,
            -3.790538,
            0.574536,
            5.473477,
            1.040414,
            -0.329542,
            6.481057,
            -2.612538,
            2.801001,
            -0.653957,
            -4.472592,
            -2.648756,
            2.146999,
            -1.537505,
            4.215568
        ]
    },
    "image_size": [
        870,
        1918
    ],
    "process_time_in_milliseconds": 785
}
