{
    "props": {
        "face_rect": [
            144,
            634,
            539,
            539
        ],
        "kp_eye_left_inner": [
            359,
            773
        ],
        "kp_eye_left_outer": [
            259,
            778
        ],
        "kp_eye_right_inner": [
            483,
            763
        ],
        "kp_eye_right_outer": [
            588,
            754
        ],
        "kp_mouth_left": [
            516,
            1016
        ],
        "kp_mouth_right": [
            316,
            1021
        ],
        "kp_nose_tip": [
            397,
            854
        ],
        "kp_under_lip_bottom": [
            412,
            1049
        ],
        "kp_upper_lip_top": [
            412,
            973
        ],
        "features": [
            2.629202,
            4.355927,
            6.487278,
            -5.287893,
            4.329298,
            2.001892,
            -5.35921,
            1.92029,
            0.965571,
            5.956837,
            -8.652542,
            -8.324776,
            -5.067843,
            6.784342,
            5.162751,
            -11.817102,
            -6.282118,
            4.202597,
            4.579708,
            -0.980021,
            -2.314724,
            2.991532,
            -10.640409,
            -7.165951,
            7.201416,
            2.93768,
            -1.101385,
            -0.03249,
            6.558356,
            0.865348,
            0.463367,
            3.416727,
            -1.869032,
            -3.460546,
            -2.364428,
            3.898561,
            3.281444,
            4.438165,
            -0.87075,
            3.529439,
            -2.409027,
            -5.769635,
            -8.927386,
            3.358851,
            4.547997,
            7.928349,
            4.518172,
            4.182768,
            -7.072402,
            -3.517398,
            6.04986,
            -2.083722,
            1.798662,
            -0.117111,
            0.52245,
            2.677388,
            -4.110351,
            0.640247,
            -1.691736,
            1.818496
        ]
    },
    "image_size": [
        870,
        1918
    ],
    "process_time_in_milliseconds": 798
}
