{
    "props": {
        "face_rect": [
            317,
            768,
            585,
            585
        ],
        "kp_eye_left_inner": [
            567,
            903
        ],
        "kp_eye_left_outer": [
            441,
            886
        ],
        "kp_eye_right_inner": [
            704,
            941
        ],
        "kp_eye_right_outer": [
            748,
            936
        ],
        "kp_mouth_left": [
            682,
            1155
        ],
        "kp_mouth_right": [
            512,
            1150
        ],
        "kp_nose_tip": [
            660,
            1029
        ],
        "kp_under_lip_bottom": [
            605,
            1205
        ],
        "kp_upper_lip_top": [
            622,
            1139
        ],
        "features": [
            7.307313,
            9.099808,
            -2.621251,
            2.497759,
            0.171945,
            8.300129,
            0.499108,
            -0.793817,
            4.9122,
            -5.981067,
            -2.279495,
            -0.459449,
            2.431687,
            -3.878206,
            7.626265,
            -0.947991,
            -1.567436,
            -1.795571,
            3.126925,
            1.959857,
            4.890241,
            -1.656156,
            -1.392295,
            8.027412,
            -3.243722,
            -1.175269,
            -4.092532,
            -2.028412,
            5.334383,
            -6.652262,
            0.888806,
            -3.562966,
            -1.407328,
            3.491544,
            -1.519832,
            1.242268,
            0.030414,
            2.325791,
            1.679529,
            0.266684,
            2.304707,
            -4.0188,
            6.926067,
            -0.023725,
            3.087045,
            -4.242683,
            -3.954382,
            0.054972,
            4.260671,
            0.403079,
            -0.19434,
            6.926103,
            -3.485413,
            2.098861,
            -1.244871,
            -4.094296,
            -4.415457,
            3.280317,
            -3.318098,
            6.567066
        ]
    },
    "image_size": [
        870,
        1918
    ],
    "process_time_in_milliseconds": 755
}
