{
    "props": {
        "face_rect": [
            167,
            658,
            520,
            520
        ],
        "kp_eye_left_inner": [
            361,
            791
        ],
        "kp_eye_left_outer": [
            248,
            802
        ],
        "kp_eye_right_inner": [
            490,
            791
        ],
        "kp_eye_right_outer": [
            586,
            796
        ],
        "kp_mouth_left": [
            541,
            1016
        ],
        "kp_mouth_right": [
            327,
            1016
        ],
        "kp_nose_tip": [
            428,
            813
        ],
        "kp_under_lip_bottom": [
            440,
            1033
        ],
        "kp_upper_lip_top": [
            434,
            966
        ],
        "features": [
            2.67908,
            5.421198,
            -3.674678,
            5.881735,
            -3.819495,
            4.48656,
            -1.558031,
            -0.815751,
            2.658422,
            -8.936481,
            0.564479,
            0.370852,
            2.722363,
            -3.969816,
            0.831397,
            0.416201,
            -3.336126,
            -1.129744,
            -1.29852,
            -1.340258,
            3.501586,
            2.039587,
            -0.890612,
            4.325783,
            -3.310134,
            1.261616,
            -2.150405,
            -1.523745,
            3.820327,
            -6.296185,
            2.801676,
            -4.664933,
            1.477954,
            1.995722,
            -0.645645,
            1.374094,
            0.751899,
            0.882455,
            0.423377,
            -0.305736,
            2.654281,
            2.761989,
            3.947498,
            -1.07901,
            6.059611,
            -4.63157,
            -1.721469,
            4.249107,
            8.900848,
            1.459031,
            -1.79405,
            6.345052,
            0.251132,
            1.540691,
            -4.277452,
            -4.105987,
            -1.178117,
            0.915121,
            1.979779,
            5.745048
        ]
    },
    "image_size": [
        870,
        1918
    ],
    "process_time_in_milliseconds": 784
}
