{
    "props": {
        "face_rect": [
            186,
            640,
            468,
            468
        ],
        "kp_eye_left_inner": [
            357,
            716
        ],
        "kp_eye_left_outer": [
            252,
            784
        ],
        "kp_eye_right_inner": [
            493,
            768
        ],
        "kp_eye_right_outer": [
            577,
            778
        ],
        "kp_mouth_left": [
            530,
            977
        ],
        "kp_mouth_right": [
            315,
            977
        ],
        "kp_nose_tip": [
            415,
            768
        ],
        "kp_under_lip_bottom": [
            430,
            977
        ],
        "kp_upper_lip_top": [
            425,
            915
        ],
        "features": [
            3.300153,
            6.429927,
            -1.357738,
            3.098928,
            -0.865025,
            3.897846,
            -3.114273,
            0.600256,
            1.069908,
            -7.716374,
            -3.318244,
            -1.158229,
            2.998962,
            -0.623644,
            5.116331,
            -0.776202,
            -3.067007,
            -1.99194,
            1.294553,
            -2.416828,
            3.700205,
            3.342608,
            -3.925247,
            3.401827,
            -1.098868,
            1.181227,
            0.107735,
            -3.399442,
            5.282922,
            -2.102281,
            2.011861,
            -4.643023,
            0.033389,
            3.669729,
            -1.547376,
            2.228482,
            -0.43678,
            0.723688,
            6.413602,
            1.889216,
            2.445611,
            -1.52932,
            3.808424,
            -0.17287,
            5.426734,
            -1.064916,
            -3.805379,
            5.024416,
            7.821432,
            1.23809,
            -0.945003,
            8.199289,
            1.390286,
            0.89874,
            -3.738201,
            -1.290442,
            -0.933467,
            -0.315032,
            0.589702,
            6.629228
        ]
    },
    "image_size": [
        870,
        1918
    ],
    "process_time_in_milliseconds": 801
}
