{
    "props": {
        "face_rect": [
            187,
            626,
            525,
            525
        ],
        "kp_eye_left_inner": [
            387,
            763
        ],
        "kp_eye_left_outer": [
            286,
            772
        ],
        "kp_eye_right_inner": [
            507,
            758
        ],
        "kp_eye_right_outer": [
            604,
            758
        ],
        "kp_mouth_left": [
            553,
            998
        ],
        "kp_mouth_right": [
            350,
            1003
        ],
        "kp_nose_tip": [
            452,
            837
        ],
        "kp_under_lip_bottom": [
            456,
            1026
        ],
        "kp_upper_lip_top": [
            456,
            948
        ],
        "features": [
            2.478035,
            4.827861,
            7.353836,
            -4.774759,
            5.613294,
            1.589269,
            -6.256511,
            2.102792,
            1.288694,
            6.666656,
            -9.490639,
            -8.738352,
            -3.908138,
            6.951967,
            5.60734,
            -12.442884,
            -5.695616,
            3.54749,
            6.05428,
            -2.319715,
            -3.178885,
            3.814945,
            -10.176215,
            -6.940032,
            6.462674,
            4.229203,
            -0.591438,
            0.022834,
            6.985851,
            1.267247,
            -0.068254,
            4.183505,
            -1.792965,
            -3.175237,
            -2.51916,
            3.23179,
            3.285989,
            4.619992,
            -0.853333,
            4.218431,
            -1.849488,
            -5.776446,
            -7.243564,
            2.183322,
            5.002815,
            8.048118,
            3.78797,
            3.439837,
            -6.330475,
            -2.230032,
            6.038554,
            -2.121592,
            0.882393,
            -0.344944,
            -0.599514,
            2.346843,
            -3.094203,
            0.557538,
            -1.739786,
            3.299643
        ]
    },
    "image_size": [
        870,
        1918
    ],
    "process_time_in_milliseconds": 637
}
