{
    "props": {
        "face_rect": [
            0,
            604,
            583,
            583
        ],
        "kp_eye_left_inner": [
            245,
            767
        ],
        "kp_eye_left_outer": [
            194,
            767
        ],
        "kp_eye_right_inner": [
            377,
            762
        ],
        "kp_eye_right_outer": [
            489,
            752
        ],
        "kp_mouth_left": [
            382,
            1017
        ],
        "kp_mouth_right": [
            189,
            1006
        ],
        "kp_nose_tip": [
            255,
            849
        ],
        "kp_under_lip_bottom": [
            270,
            1037
        ],
        "kp_upper_lip_top": [
            270,
            971
        ],
        "features": [
            1.63493,
            5.069627,
            5.855746,
            -4.976554,
            4.704702,
            0.538315,
            -5.782564,
            1.393371,
            0.868625,
            6.159221,
            -10.068017,
            -6.359422,
            -2.704786,
            7.283524,
            5.102291,
            -11.258093,
            -6.226605,
            3.544974,
            4.727891,
            -0.087888,
            -1.534354,
            4.004916,
            -10.686852,
            -6.173898,
            8.48424,
            2.453383,
            0.640601,
            -1.446254,
            6.253024,
            1.161804,
            -0.352531,
            4.038675,
            -1.234328,
            -1.7041,
            -2.24006,
            3.790213,
            2.314268,
            1.519866,
            0.015199,
            2.651312,
            -1.554307,
            -4.225079,
            -7.630738,
            4.188712,
            3.297814,
            7.907609,
            3.510843,
            2.953434,
            -8.236429,
            -4.033364,
            4.544608,
            -1.374136,
            1.465118,
            -0.968883,
            0.878137,
            2.445366,
            -4.531705,
            1.727591,
            -1.342185,
            1.419216
        ]
    },
    "image_size": [
        870,
        1918
    ],
    "process_time_in_milliseconds": 761
}
