{
    "props": {
        "face_rect": [
            147,
            752,
            595,
            595
        ],
        "kp_eye_left_inner": [
            373,
            903
        ],
        "kp_eye_left_outer": [
            264,
            903
        ],
        "kp_eye_right_inner": [
            505,
            903
        ],
        "kp_eye_right_outer": [
            614,
            893
        ],
        "kp_mouth_left": [
            555,
            1139
        ],
        "kp_mouth_right": [
            358,
            1154
        ],
        "kp_nose_tip": [
            442,
            1026
        ],
        "kp_under_lip_bottom": [
            461,
            1188
        ],
        "kp_upper_lip_top": [
            451,
            1124
        ],
        "features": [
            5.108303,
            6.285692,
            -2.032624,
            4.203596,
            -0.758352,
            6.837109,
            0.442624,
            0.393477,
            4.580379,
            -5.989925,
            0.182213,
            -2.559874,
            1.646424,
            -5.297657,
            8.868999,
            -4.164711,
            0.792903,
            0.204215,
            4.232083,
            2.454171,
            3.919109,
            2.267171,
            0.461569,
            5.690033,
            -4.386273,
            -0.273957,
            -6.025041,
            -2.333045,
            6.660033,
            -7.54876,
            0.490983,
            -4.699667,
            -1.826785,
            4.67022,
            -3.133012,
            0.470796,
            0.142577,
            3.894389,
            0.505204,
            -0.885239,
            -1.014129,
            -3.163908,
            8.793186,
            -0.315144,
            6.097462,
            -7.381686,
            -4.965868,
            0.974996,
            5.936125,
            1.508343,
            -1.016451,
            6.300172,
            -5.118626,
            2.987702,
            1.701542,
            -4.662454,
            -2.292715,
            3.280644,
            -1.326608,
            3.864213
        ]
    },
    "image_size": [
        870,
        1918
    ],
    "process_time_in_milliseconds": 768
}
