{
    "props": {
        "face_rect": [
            128,
            895,
            553,
            553
        ],
        "kp_eye_left_inner": [
            354,
            1048
        ],
        "kp_eye_left_outer": [
            245,
            1034
        ],
        "kp_eye_right_inner": [
            489,
            1048
        ],
        "kp_eye_right_outer": [
            589,
            1034
        ],
        "kp_mouth_left": [
            524,
            1274
        ],
        "kp_mouth_right": [
            332,
            1282
        ],
        "kp_nose_tip": [
            424,
            1230
        ],
        "kp_under_lip_bottom": [
            432,
            1322
        ],
        "kp_upper_lip_top": [
            432,
            1291
        ],
        "features": [
            3.140609,
            4.230672,
            -1.443893,
            4.75667,
            -1.335803,
            4.750343,
            -3.997996,
            1.801094,
            5.149774,
            -5.394045,
            -3.530139,
            -2.173944,
            1.095151,
            -6.722945,
            8.257549,
            -1.958658,
            -3.137558,
            -3.881822,
            1.766267,
            -0.295564,
            5.436423,
            -0.308961,
            0.222473,
            7.408388,
            -1.246988,
            -1.132141,
            -2.821882,
            -2.481559,
            5.554734,
            -6.459072,
            3.96873,
            -3.479207,
            -3.451229,
            5.202389,
            -3.549248,
            1.83957,
            -0.92122,
            2.542221,
            3.894674,
            2.676256,
            -0.04358,
            -5.258,
            7.842968,
            2.090742,
            7.283119,
            -7.620139,
            -4.657278,
            0.796762,
            3.413512,
            3.815675,
            0.782511,
            5.676065,
            -5.330991,
            0.317286,
            -2.409217,
            -3.345533,
            -2.996756,
            1.631131,
            -0.877786,
            3.832442
        ]
    },
    "image_size": [
        870,
        1918
    ],
    "process_time_in_milliseconds": 791
}
