{
    "props": {
        "face_rect": [
            194,
            633,
            549,
            549
        ],
        "kp_eye_left_inner": [
            404,
            770
        ],
        "kp_eye_left_outer": [
            301,
            770
        ],
        "kp_eye_right_inner": [
            535,
            770
        ],
        "kp_eye_right_outer": [
            634,
            765
        ],
        "kp_mouth_left": [
            568,
            1018
        ],
        "kp_mouth_right": [
            367,
            1022
        ],
        "kp_nose_tip": [
            474,
            858
        ],
        "kp_under_lip_bottom": [
            470,
            1050
        ],
        "kp_upper_lip_top": [
            474,
            980
        ],
        "features": [
            3.218291,
            4.834481,
            6.873694,
            -5.863785,
            4.917205,
            1.928322,
            -5.895022,
            1.063436,
            0.21008,
            6.132547,
            -8.068946,
            -7.867348,
            -4.587169,
            7.558071,
            4.761482,
            -11.02716,
            -6.052787,
            3.977935,
            4.853487,
            -0.145514,
            -2.660155,
            3.741504,
            -9.949795,
            -6.924017,
            7.205449,
            3.572856,
            -1.145069,
            0.367109,
            7.124828,
            1.495363,
            -0.418443,
            3.004314,
            -1.655973,
            -2.67,
            -2.009942,
            3.305303,
            3.263512,
            4.409649,
            -1.136464,
            3.54106,
            -2.357207,
            -5.425943,
            -9.176092,
            3.237095,
            4.848458,
            9.085338,
            5.273929,
            4.309446,
            -7.27914,
            -3.695523,
            5.644399,
            -1.440351,
            1.113388,
            0.02663,
            0.157064,
            2.823483,
            -4.118176,
            0.474066,
            -1.930259,
            2.559861
        ]
    },
    "image_size": [
        870,
        1918
    ],
    "process_time_in_milliseconds": 754
}
