{
    "props": {
        "face_rect": [
            254,
            589,
            387,
            387
        ],
        "kp_eye_left_inner": [
            386,
            673
        ],
        "kp_eye_left_outer": [
            301,
            686
        ],
        "kp_eye_right_inner": [
            517,
            668
        ],
        "kp_eye_right_outer": [
            585,
            673
        ],
        "kp_mouth_left": [
            553,
            839
        ],
        "kp_mouth_right": [
            355,
            839
        ],
        "kp_nose_tip": [
            454,
            664
        ],
        "kp_under_lip_bottom": [
            450,
            835
        ],
        "kp_upper_lip_top": [
            450,
            781
        ],
        "features": [
            2.946077,
            5.212004,
            6.561269,
            -1.539258,
            3.706808,
            1.022356,
            -3.858852,
            1.73093,
            1.94618,
            6.065657,
            -10.638113,
            -6.722265,
            -2.156937,
            3.910728,
            3.731267,
            -9.694522,
            -5.230989,
            2.448781,
            4.10396,
            0.368956,
            -4.049665,
            4.802139,
            -8.750367,
            -7.714337,
            4.956359,
            5.849322,
            0.614829,
            -0.896812,
            6.859354,
            -1.267864,
            2.022738,
            3.918875,
            1.047641,
            0.430151,
            -3.124681,
            1.412277,
            2.264733,
            5.626154,
            -3.348692,
            5.370176,
            1.655673,
            -0.312598,
            -5.835872,
            0.413205,
            6.591242,
            7.879848,
            2.87046,
            1.008706,
            -4.036732,
            -3.315929,
            4.405312,
            -4.392805,
            0.371332,
            -0.519263,
            -4.269666,
            2.140871,
            -0.936893,
            0.536917,
            1.305053,
            5.825031
        ]
    },
    "image_size": [
        870,
        1918
    ],
    "process_time_in_milliseconds": 726
}
