{
    "props": {
        "face_rect": [
            175,
            635,
            552,
            552
        ],
        "kp_eye_left_inner": [
            393,
            774
        ],
        "kp_eye_left_outer": [
            286,
            774
        ],
        "kp_eye_right_inner": [
            520,
            769
        ],
        "kp_eye_right_outer": [
            623,
            764
        ],
        "kp_mouth_left": [
            548,
            1022
        ],
        "kp_mouth_right": [
            346,
            1026
        ],
        "kp_nose_tip": [
            449,
            867
        ],
        "kp_under_lip_bottom": [
            449,
            1054
        ],
        "kp_upper_lip_top": [
            454,
            984
        ],
        "features": [
            2.782814,
            4.194048,
            6.607999,
            -6.29922,
            4.480735,
            1.429613,
            -5.034089,
            1.860626,
            0.068223,
            6.130682,
            -8.379264,
            -8.42547,
            -4.427664,
            7.206126,
            5.319405,
            -11.436961,
            -5.714287,
            4.746421,
            4.557125,
            0.143798,
            -2.235139,
            2.777562,
            -10.219629,
            -7.360663,
            7.186219,
            2.403025,
            -1.363241,
            0.02481,
            6.479033,
            1.589181,
            0.015979,
            3.036752,
            -1.961115,
            -3.169678,
            -2.266801,
            3.89994,
            3.379416,
            4.641854,
            -1.198707,
            3.77646,
            -2.610222,
            -5.897722,
            -8.788463,
            2.654015,
            4.983481,
            8.388772,
            4.654974,
            4.462229,
            -7.094667,
            -3.500826,
            5.825114,
            -1.30798,
            1.662001,
            -0.124433,
            1.115521,
            2.990513,
            -4.034495,
            0.549404,
            -2.122584,
            2.041034
        ]
    },
    "image_size": [
        870,
        1918
    ],
    "process_time_in_milliseconds": 752
}
