{
    "props": {
        "face_rect": [
            131,
            912,
            533,
            533
        ],
        "kp_eye_left_inner": [
            351,
            1060
        ],
        "kp_eye_left_outer": [
            246,
            1047
        ],
        "kp_eye_right_inner": [
            492,
            1060
        ],
        "kp_eye_right_outer": [
            584,
            1043
        ],
        "kp_mouth_left": [
            522,
            1285
        ],
        "kp_mouth_right": [
            334,
            1289
        ],
        "kp_nose_tip": [
            417,
            1243
        ],
        "kp_under_lip_bottom": [
            430,
            1327
        ],
        "kp_upper_lip_top": [
            426,
            1297
        ],
        "features": [
            2.978229,
            4.072843,
            -0.87274,
            5.204731,
            -1.02037,
            4.773747,
            -4.117918,
            2.261928,
            5.052426,
            -5.252391,
            -3.300393,
            -3.0268,
            1.412379,
            -6.835074,
            8.016404,
            -2.294615,
            -3.350016,
            -3.712651,
            2.325673,
            -1.564705,
            5.808973,
            -1.77714,
            1.547642,
            7.103272,
            -1.456533,
            -0.73912,
            -2.841434,
            -1.94642,
            5.330583,
            -6.424026,
            3.829406,
            -1.846231,
            -3.536207,
            4.316398,
            -4.51579,
            1.920825,
            -1.990415,
            2.985733,
            4.035377,
            2.61965,
            0.242688,
            -6.339347,
            7.912292,
            2.088586,
            8.815131,
            -7.861104,
            -4.497306,
            0.809792,
            2.683655,
            4.681563,
            1.387597,
            5.842105,
            -4.858224,
            1.034349,
            -2.92253,
            -3.935237,
            -3.001456,
            1.423798,
            -1.021007,
            3.845305
        ]
    },
    "image_size": [
        870,
        1918
    ],
    "process_time_in_milliseconds": 742
}
