{
    "props": {
        "face_rect": [
            87,
            625,
            550,
            550
        ],
        "kp_eye_left_inner": [
            310,
            768
        ],
        "kp_eye_left_outer": [
            228,
            777
        ],
        "kp_eye_right_inner": [
            434,
            758
        ],
        "kp_eye_right_outer": [
            545,
            749
        ],
        "kp_mouth_left": [
            463,
            1008
        ],
        "kp_mouth_right": [
            266,
            1017
        ],
        "kp_nose_tip": [
            334,
            849
        ],
        "kp_under_lip_bottom": [
            358,
            1046
        ],
        "kp_upper_lip_top": [
            353,
            974
        ],
        "features": [
            1.438343,
            4.4405,
            6.168906,
            -5.992852,
            3.543682,
            2.533437,
            -5.754776,
            1.573397,
            0.921172,
            6.052251,
            -8.407887,
            -7.470468,
            -5.40554,
            7.136389,
            5.455408,
            -10.81206,
            -6.199975,
            3.297189,
            5.083683,
            -1.416187,
            -2.180994,
            4.414421,
            -10.619665,
            -6.717031,
            7.795653,
            2.639648,
            -0.907233,
            -0.246289,
            6.753919,
            0.93653,
            0.499936,
            2.37683,
            -2.543364,
            -2.776545,
            -2.067602,
            3.935687,
            3.41923,
            3.136033,
            -0.939629,
            2.802164,
            -3.119815,
            -4.432659,
            -8.150467,
            4.240063,
            3.7652,
            8.049797,
            4.702652,
            3.826845,
            -7.679351,
            -4.413435,
            5.266515,
            -3.069414,
            0.958092,
            -0.698736,
            0.340481,
            2.326431,
            -4.085897,
            1.156025,
            -0.950599,
            1.112169
        ]
    },
    "image_size": [
        870,
        1918
    ],
    "process_time_in_milliseconds": 766
}
