{
    "props": {
        "face_rect": [
            238,
            578,
            426,
            426
        ],
        "kp_eye_left_inner": [
            393,
            698
        ],
        "kp_eye_left_outer": [
            297,
            712
        ],
        "kp_eye_right_inner": [
            508,
            693
        ],
        "kp_eye_right_outer": [
            594,
            702
        ],
        "kp_mouth_left": [
            556,
            885
        ],
        "kp_mouth_right": [
            354,
            889
        ],
        "kp_nose_tip": [
            450,
            717
        ],
        "kp_under_lip_bottom": [
            455,
            894
        ],
        "kp_upper_lip_top": [
            460,
            832
        ],
        "features": [
            1.750477,
            5.573111,
            7.552535,
            -6.087475,
            3.291564,
            -2.155181,
            -3.378687,
            -0.019637,
            4.007334,
            4.523571,
            -8.87726,
            -4.401979,
            -0.462109,
            5.734769,
            4.877802,
            -9.905341,
            -6.735906,
            2.348654,
            7.104945,
            2.157019,
            -4.925652,
            4.397762,
            -9.774018,
            -8.914486,
            8.222762,
            1.4639,
            1.339934,
            -0.524973,
            6.255211,
            2.590934,
            1.180466,
            1.315876,
            -1.981574,
            -0.561163,
            -2.840594,
            2.344074,
            4.307376,
            3.355941,
            -2.624624,
            5.392144,
            0.841066,
            -2.731533,
            -5.263799,
            -0.712027,
            5.473666,
            8.04911,
            4.157656,
            1.198054,
            -6.225924,
            -3.878212,
            5.15073,
            -3.016754,
            0.539894,
            0.578134,
            -2.121665,
            2.271459,
            -0.344287,
            -0.725516,
            -2.133841,
            2.52524
        ]
    },
    "image_size": [
        870,
        1918
    ],
    "process_time_in_milliseconds": 854
}
