{
    "props": {
        "face_rect": [
            -8,
            747,
            573,
            573
        ],
        "kp_eye_left_inner": [
            212,
            899
        ],
        "kp_eye_left_outer": [
            151,
            904
        ],
        "kp_eye_right_inner": [
            348,
            888
        ],
        "kp_eye_right_outer": [
            465,
            883
        ],
        "kp_mouth_left": [
            384,
            1141
        ],
        "kp_mouth_right": [
            202,
            1136
        ],
        "kp_nose_tip": [
            242,
            984
        ],
        "kp_under_lip_bottom": [
            267,
            1171
        ],
        "kp_upper_lip_top": [
            252,
            1121
        ],
        "features": [
            8.370792,
            10.610988,
            -1.077549,
            4.370533,
            2.569549,
            5.525521,
            -0.511862,
            0.395312,
            2.939974,
            -3.674703,
            -4.283833,
            -0.29448,
            3.42172,
            0.275945,
            5.211874,
            -2.942383,
            0.065352,
            -1.459603,
            4.018799,
            1.531951,
            4.066684,
            0.181688,
            -2.654631,
            6.111802,
            -3.628915,
            -0.028995,
            -2.917347,
            -0.908201,
            4.212075,
            -6.023268,
            -1.851647,
            0.222149,
            1.829108,
            4.507748,
            -1.186384,
            0.013745,
            -0.690066,
            0.645785,
            1.784982,
            0.510156,
            4.476823,
            -3.363161,
            6.316473,
            -1.031923,
            2.155273,
            -3.300997,
            -5.427229,
            -2.21157,
            3.495363,
            1.260507,
            -0.248682,
            5.653562,
            -3.525178,
            2.718876,
            0.22138,
            -4.70776,
            -3.084208,
            2.330487,
            -2.832545,
            5.759215
        ]
    },
    "image_size": [
        870,
        1918
    ],
    "process_time_in_milliseconds": 786
}
