{
    "props": {
        "face_rect": [
            58,
            753,
            570,
            570
        ],
        "kp_eye_left_inner": [
            285,
            898
        ],
        "kp_eye_left_outer": [
            196,
            898
        ],
        "kp_eye_right_inner": [
            419,
            888
        ],
        "kp_eye_right_outer": [
            529,
            883
        ],
        "kp_mouth_left": [
            464,
            1137
        ],
        "kp_mouth_right": [
            265,
            1142
        ],
        "kp_nose_tip": [
            315,
            1008
        ],
        "kp_under_lip_bottom": [
            350,
            1177
        ],
        "kp_upper_lip_top": [
            335,
            1117
        ],
        "features": [
            7.397446,
            8.285422,
            -1.753343,
            4.221786,
            0.349492,
            8.114799,
            2.018015,
            0.520832,
            2.545761,
            -7.107506,
            -2.043333,
            -3.233709,
            1.239187,
            -2.929555,
            7.372541,
            -2.253215,
            1.604757,
            -0.276913,
            3.605634,
            2.285334,
            3.219671,
            3.198364,
            -0.138833,
            6.400446,
            -4.647413,
            -0.782352,
            -6.758406,
            -0.907256,
            6.019047,
            -8.329284,
            -0.062256,
            -3.891406,
            0.824483,
            5.189315,
            -3.444676,
            -0.639798,
            0.91118,
            3.381887,
            -1.54978,
            -2.362639,
            1.449991,
            -0.323352,
            7.617839,
            0.365811,
            3.767413,
            -4.357166,
            -5.615613,
            0.883211,
            6.09237,
            -0.0606,
            -1.169432,
            6.558099,
            -3.435682,
            2.561701,
            2.257632,
            -5.686333,
            -2.295284,
            2.416684,
            -2.243969,
            4.933464
        ]
    },
    "image_size": [
        870,
        1918
    ],
    "process_time_in_milliseconds": 751
}
