{
    "props": {
        "face_rect": [
            150,
            515,
            479,
            479
        ],
        "kp_eye_left_inner": [
            355,
            642
        ],
        "kp_eye_left_outer": [
            292,
            623
        ],
        "kp_eye_right_inner": [
            453,
            675
        ],
        "kp_eye_right_outer": [
            516,
            702
        ],
        "kp_mouth_left": [
            408,
            855
        ],
        "kp_mouth_right": [
            273,
            806
        ],
        "kp_nose_tip": [
            363,
            754
        ],
        "kp_under_lip_bottom": [
            329,
            863
        ],
        "kp_upper_lip_top": [
            344,
            818
        ],
        "features": [
            -3.072809,
            5.112598,
            0.386984,
            -4.235819,
            1.557006,
            -4.993541,
            2.564029,
            4.785704,
            6.5784,
            -4.716238,
            1.751088,
            -4.89321,
            5.993216,
            -2.269085,
            3.541716,
            -2.347734,
            -0.343151,
            8.706202,
            -4.182365,
            3.255832,
            4.994128,
            -6.513257,
            6.330672,
            1.475898,
            2.222895,
            0.186987,
            -5.933088,
            1.69481,
            -0.362414,
            -3.778788,
            0.531711,
            2.659696,
            -2.764821,
            0.035622,
            -3.284869,
            5.486341,
            0.807268,
            0.874038,
            -1.889017,
            -3.735647,
            -2.009196,
            -0.722972,
            0.741825,
            -1.360626,
            8.81636,
            -4.160164,
            -2.325808,
            -1.015535,
            0.676132,
            2.287692,
            2.847817,
            10.413411,
            4.905302,
            4.164479,
            1.569888,
            -5.019459,
            -1.126589,
            1.33082,
            -1.120373,
            -2.288609
        ]
    },
    "image_size": [
        720,
        1280
    ],
    "process_time_in_milliseconds": 1366
}
