{
    "props": {
        "face_rect": [
            130,
            795,
            573,
            573
        ],
        "kp_eye_left_inner": [
            350,
            932
        ],
        "kp_eye_left_outer": [
            248,
            947
        ],
        "kp_eye_right_inner": [
            477,
            927
        ],
        "kp_eye_right_outer": [
            579,
            937
        ],
        "kp_mouth_left": [
            528,
            1171
        ],
        "kp_mouth_right": [
            329,
            1181
        ],
        "kp_nose_tip": [
            411,
            1059
        ],
        "kp_under_lip_bottom": [
            431,
            1217
        ],
        "kp_upper_lip_top": [
            421,
            1161
        ],
        "features": [
            5.262457,
            6.480716,
            -0.95306,
            4.199129,
            -0.100202,
            7.09617,
            2.413964,
            -0.002589,
            6.158679,
            -7.620012,
            -1.720218,
            -3.388632,
            1.197859,
            -3.125991,
            6.92463,
            -2.547451,
            -1.692715,
            -1.968257,
            2.865425,
            2.41164,
            3.273988,
            3.340828,
            -0.977569,
            6.903597,
            -3.402758,
            1.513466,
            -5.996171,
            -0.2838,
            6.199078,
            -7.899284,
            2.597028,
            -5.419421,
            -1.121964,
            3.871109,
            -0.827218,
            -0.04715,
            1.071833,
            2.614503,
            -1.011968,
            0.423002,
            0.280302,
            -2.490755,
            6.877845,
            -0.774829,
            6.626741,
            -6.800784,
            -3.75696,
            -0.009202,
            4.750192,
            2.114925,
            -0.410544,
            5.94925,
            -2.15606,
            1.919185,
            -0.707973,
            -4.328383,
            -4.416869,
            3.60432,
            -0.677361,
            3.88558
        ]
    },
    "image_size": [
        870,
        1918
    ],
    "process_time_in_milliseconds": 761
}
