{
    "props": {
        "face_rect": [
            159,
            512,
            442,
            442
        ],
        "kp_eye_left_inner": [
            348,
            622
        ],
        "kp_eye_left_outer": [
            286,
            594
        ],
        "kp_eye_right_inner": [
            442,
            650
        ],
        "kp_eye_right_outer": [
            504,
            670
        ],
        "kp_mouth_left": [
            404,
            829
        ],
        "kp_mouth_right": [
            283,
            791
        ],
        "kp_nose_tip": [
            355,
            719
        ],
        "kp_under_lip_bottom": [
            331,
            836
        ],
        "kp_upper_lip_top": [
            338,
            791
        ],
        "features": [
            0.747845,
            7.854767,
            -2.115483,
            -0.944597,
            2.525843,
            -3.635254,
            0.117944,
            2.340706,
            9.484247,
            -8.273708,
            5.119073,
            -4.265162,
            6.574499,
            -5.203434,
            2.984999,
            -2.512877,
            -1.217559,
            7.902488,
            -7.726034,
            4.641851,
            5.856529,
            -7.447272,
            8.501865,
            1.539044,
            -0.366782,
            2.50388,
            -9.336046,
            2.413422,
            -0.685862,
            -5.53591,
            -0.834516,
            2.320115,
            -1.575411,
            0.96069,
            -2.876604,
            5.039985,
            0.302194,
            -0.555773,
            -1.424987,
            -5.069442,
            -0.918684,
            -1.1203,
            -2.173512,
            -0.542588,
            7.562557,
            -4.032635,
            -1.955733,
            -1.563763,
            1.828001,
            0.136267,
            1.773122,
            11.199374,
            2.057852,
            4.069689,
            1.76327,
            -4.443787,
            -2.570394,
            0.778306,
            -1.33702,
            0.173631
        ]
    },
    "image_size": [
        720,
        1280
    ],
    "process_time_in_milliseconds": 1545
}
