{
    "props": {
        "face_rect": [
            136,
            761,
            578,
            578
        ],
        "kp_eye_left_inner": [
            360,
            906
        ],
        "kp_eye_left_outer": [
            252,
            906
        ],
        "kp_eye_right_inner": [
            492,
            901
        ],
        "kp_eye_right_outer": [
            595,
            896
        ],
        "kp_mouth_left": [
            536,
            1137
        ],
        "kp_mouth_right": [
            340,
            1151
        ],
        "kp_nose_tip": [
            414,
            1024
        ],
        "kp_under_lip_bottom": [
            438,
            1186
        ],
        "kp_upper_lip_top": [
            429,
            1127
        ],
        "features": [
            5.574456,
            6.613794,
            -2.875251,
            4.311578,
            -0.162477,
            7.479763,
            0.973439,
            -0.44467,
            4.254959,
            -7.310609,
            0.583502,
            -2.841676,
            1.966245,
            -4.470963,
            8.431005,
            -4.064428,
            0.805407,
            -0.409183,
            2.809125,
            2.617418,
            4.338986,
            2.976279,
            0.860718,
            5.694381,
            -4.770341,
            0.337041,
            -6.286299,
            -1.744436,
            6.506042,
            -7.659812,
            0.410164,
            -4.880633,
            -0.815356,
            4.14529,
            -2.766577,
            0.082136,
            -0.012667,
            2.789618,
            0.055171,
            -1.999864,
            -1.306667,
            -2.001867,
            8.207259,
            0.465183,
            5.542244,
            -6.729156,
            -5.291073,
            0.767616,
            6.618968,
            0.512667,
            -1.469208,
            6.944555,
            -4.427672,
            2.669022,
            2.143366,
            -4.458736,
            -2.850827,
            3.077945,
            -0.807398,
            4.074619
        ]
    },
    "image_size": [
        870,
        1918
    ],
    "process_time_in_milliseconds": 823
}
