{
    "props": {
        "face_rect": [
            313,
            769,
            569,
            569
        ],
        "kp_eye_left_inner": [
            538,
            895
        ],
        "kp_eye_left_outer": [
            418,
            884
        ],
        "kp_eye_right_inner": [
            679,
            928
        ],
        "kp_eye_right_outer": [
            733,
            928
        ],
        "kp_mouth_left": [
            674,
            1151
        ],
        "kp_mouth_right": [
            494,
            1145
        ],
        "kp_nose_tip": [
            641,
            1020
        ],
        "kp_under_lip_bottom": [
            597,
            1194
        ],
        "kp_upper_lip_top": [
            608,
            1134
        ],
        "features": [
            7.256097,
            7.531749,
            -2.5589,
            4.056427,
            -0.490659,
            8.353664,
            2.421062,
            -0.907955,
            5.735152,
            -6.75797,
            -0.661491,
            -1.298664,
            1.488703,
            -4.660295,
            6.129573,
            -1.516105,
            -0.219637,
            -1.702055,
            2.102618,
            3.350847,
            3.021713,
            0.412794,
            -1.083,
            6.753692,
            -4.660286,
            -1.41547,
            -5.00441,
            -0.251842,
            5.882655,
            -8.230164,
            1.306008,
            -4.559746,
            -1.215587,
            3.449156,
            -1.032793,
            0.253891,
            0.834527,
            2.921023,
            -0.443194,
            -1.210972,
            1.071543,
            -2.310935,
            6.301395,
            -0.088229,
            2.857492,
            -5.866056,
            -3.664045,
            -1.258047,
            5.584629,
            -0.430364,
            -0.00457,
            5.472,
            -3.485353,
            2.051651,
            -0.131663,
            -3.548952,
            -2.867893,
            2.803822,
            -3.078687,
            5.144621
        ]
    },
    "image_size": [
        870,
        1918
    ],
    "process_time_in_milliseconds": 742
}
