{
    "props": {
        "face_rect": [
            154,
            687,
            533,
            533
        ],
        "kp_eye_left_inner": [
            350,
            823
        ],
        "kp_eye_left_outer": [
            250,
            845
        ],
        "kp_eye_right_inner": [
            484,
            823
        ],
        "kp_eye_right_outer": [
            584,
            834
        ],
        "kp_mouth_left": [
            534,
            1056
        ],
        "kp_mouth_right": [
            328,
            1067
        ],
        "kp_nose_tip": [
            417,
            884
        ],
        "kp_under_lip_bottom": [
            434,
            1090
        ],
        "kp_upper_lip_top": [
            428,
            1012
        ],
        "features": [
            4.560405,
            7.107469,
            -3.615078,
            4.582243,
            -0.366238,
            7.021499,
            -0.184267,
            2.344451,
            3.414408,
            -8.799859,
            -2.802128,
            -2.955101,
            1.834211,
            -3.400768,
            6.607253,
            -2.00004,
            -2.228146,
            0.139799,
            -0.499464,
            -1.635869,
            5.210224,
            0.946815,
            -1.22509,
            5.498198,
            -3.651034,
            1.837764,
            -4.172038,
            -2.585306,
            5.504121,
            -7.26197,
            1.336183,
            -3.780834,
            -0.272929,
            3.266764,
            -1.549559,
            1.432476,
            0.061048,
            1.900539,
            3.266672,
            -0.516884,
            1.885868,
            -1.82855,
            4.638494,
            0.648938,
            5.611615,
            -5.715921,
            -3.783649,
            1.982552,
            6.992159,
            -1.128194,
            -1.757829,
            5.896185,
            0.078378,
            1.592396,
            -2.181699,
            -3.079547,
            -1.030015,
            2.052404,
            -2.294991,
            6.742117
        ]
    },
    "image_size": [
        870,
        1918
    ],
    "process_time_in_milliseconds": 799
}
