{
    "props": {
        "face_rect": [
            176,
            621,
            526,
            526
        ],
        "kp_eye_left_inner": [
            377,
            750
        ],
        "kp_eye_left_outer": [
            281,
            759
        ],
        "kp_eye_right_inner": [
            506,
            750
        ],
        "kp_eye_right_outer": [
            607,
            746
        ],
        "kp_mouth_left": [
            538,
            989
        ],
        "kp_mouth_right": [
            341,
            998
        ],
        "kp_nose_tip": [
            437,
            833
        ],
        "kp_under_lip_bottom": [
            437,
            1021
        ],
        "kp_upper_lip_top": [
            442,
            952
        ],
        "features": [
            2.929842,
            4.552987,
            7.32692,
            -5.489664,
            4.959731,
            1.247332,
            -5.316469,
            1.744502,
            0.680995,
            6.044149,
            -9.018941,
            -8.228205,
            -4.146595,
            6.717284,
            5.315688,
            -11.701872,
            -5.379626,
            4.13364,
            4.97323,
            -0.367306,
            -3.228912,
            3.335045,
            -9.928048,
            -7.438404,
            7.008275,
            3.184168,
            -1.27637,
            0.147648,
            7.034418,
            1.387106,
            -0.587949,
            3.54312,
            -1.542983,
            -2.957716,
            -2.606127,
            3.568725,
            3.282042,
            5.201027,
            -2.015916,
            3.992414,
            -1.97423,
            -5.647854,
            -8.942137,
            2.029354,
            4.673251,
            8.993125,
            4.85435,
            3.822147,
            -7.339054,
            -3.497383,
            5.324654,
            -2.070919,
            1.244406,
            -0.26713,
            0.713756,
            3.130604,
            -3.345758,
            0.824108,
            -2.45375,
            2.811835
        ]
    },
    "image_size": [
        870,
        1918
    ],
    "process_time_in_milliseconds": 765
}
