{
    "props": {
        "face_rect": [
            71,
            753,
            568,
            568
        ],
        "kp_eye_left_inner": [
            295,
            897
        ],
        "kp_eye_left_outer": [
            206,
            897
        ],
        "kp_eye_right_inner": [
            429,
            887
        ],
        "kp_eye_right_outer": [
            543,
            887
        ],
        "kp_mouth_left": [
            469,
            1136
        ],
        "kp_mouth_right": [
            275,
            1141
        ],
        "kp_nose_tip": [
            330,
            1007
        ],
        "kp_under_lip_bottom": [
            360,
            1171
        ],
        "kp_upper_lip_top": [
            350,
            1116
        ],
        "features": [
            6.216807,
            7.877886,
            -1.527419,
            4.253758,
            0.134113,
            8.36103,
            2.251931,
            0.907793,
            3.225243,
            -7.397082,
            -2.048373,
            -3.913736,
            1.283519,
            -3.087655,
            7.641252,
            -2.942746,
            0.816234,
            -0.318129,
            3.513834,
            1.650979,
            2.800466,
            4.01883,
            -0.422657,
            5.999163,
            -4.658116,
            -0.224714,
            -6.548223,
            -0.633149,
            6.396729,
            -8.495625,
            -0.080309,
            -3.688049,
            0.673514,
            5.044539,
            -3.025742,
            -0.862086,
            0.679406,
            3.355731,
            -0.601599,
            -2.119965,
            1.043004,
            -1.409268,
            7.852904,
            0.345185,
            4.426839,
            -5.065644,
            -5.841417,
            0.803572,
            6.265436,
            -0.329659,
            -1.274103,
            6.281613,
            -3.26507,
            3.12366,
            2.027777,
            -5.470997,
            -2.353732,
            2.297653,
            -1.756516,
            4.146346
        ]
    },
    "image_size": [
        870,
        1918
    ],
    "process_time_in_milliseconds": 775
}
