{
    "props": {
        "face_rect": [
            130,
            726,
            559,
            559
        ],
        "kp_eye_left_inner": [
            341,
            870
        ],
        "kp_eye_left_outer": [
            235,
            875
        ],
        "kp_eye_right_inner": [
            476,
            865
        ],
        "kp_eye_right_outer": [
            582,
            865
        ],
        "kp_mouth_left": [
            522,
            1101
        ],
        "kp_mouth_right": [
            321,
            1111
        ],
        "kp_nose_tip": [
            406,
            961
        ],
        "kp_under_lip_bottom": [
            421,
            1142
        ],
        "kp_upper_lip_top": [
            411,
            1071
        ],
        "features": [
            4.92443,
            7.088743,
            -3.499106,
            4.301346,
            -0.046005,
            8.159835,
            1.10983,
            0.115689,
            3.293115,
            -8.377799,
            -0.719915,
            -3.889784,
            0.833168,
            -4.225186,
            8.875457,
            -2.769014,
            1.098778,
            -0.820522,
            1.892125,
            0.704401,
            3.394885,
            3.564209,
            0.994152,
            5.304303,
            -4.385231,
            -0.001443,
            -6.074085,
            -0.999099,
            7.316055,
            -8.294445,
            1.24555,
            -4.223373,
            -0.583813,
            3.75913,
            -4.135145,
            -0.163853,
            -0.229129,
            3.516163,
            -0.732471,
            -3.49961,
            -0.314639,
            -0.39792,
            6.835286,
            1.145681,
            4.25447,
            -4.999667,
            -5.081792,
            0.946734,
            5.978657,
            -0.572475,
            -1.498544,
            6.293202,
            -3.395403,
            2.347447,
            1.415895,
            -4.180679,
            -1.2996,
            2.208585,
            -1.287561,
            5.008591
        ]
    },
    "image_size": [
        870,
        1918
    ],
    "process_time_in_milliseconds": 793
}
