{
    "props": {
        "face_rect": [
            168,
            608,
            511,
            511
        ],
        "kp_eye_left_inner": [
            358,
            712
        ],
        "kp_eye_left_outer": [
            243,
            790
        ],
        "kp_eye_right_inner": [
            494,
            764
        ],
        "kp_eye_right_outer": [
            578,
            780
        ],
        "kp_mouth_left": [
            531,
            973
        ],
        "kp_mouth_right": [
            321,
            973
        ],
        "kp_nose_tip": [
            421,
            764
        ],
        "kp_under_lip_bottom": [
            431,
            979
        ],
        "kp_upper_lip_top": [
            426,
            916
        ],
        "features": [
            3.203499,
            3.927244,
            -1.617973,
            1.035085,
            -0.769175,
            4.840609,
            -1.704394,
            0.132739,
            1.872958,
            -6.888591,
            -3.298512,
            -2.908342,
            4.332253,
            -1.609289,
            6.67441,
            -0.815591,
            -3.811927,
            -1.126153,
            -0.461058,
            -1.151691,
            1.99827,
            5.077837,
            -2.130856,
            4.194844,
            -0.419442,
            2.102782,
            -2.015513,
            -2.766756,
            3.580877,
            -2.954417,
            2.724852,
            -5.776507,
            0.146923,
            2.938441,
            -2.714931,
            0.713228,
            0.035341,
            1.076217,
            5.120014,
            2.968656,
            0.407786,
            -0.222757,
            5.724686,
            0.482694,
            5.780498,
            -0.433522,
            -2.398779,
            4.260339,
            8.037089,
            -0.059142,
            -2.066989,
            8.858292,
            0.809954,
            -0.506844,
            -2.661675,
            -0.075661,
            -1.122641,
            -0.29107,
            0.567852,
            6.736961
        ]
    },
    "image_size": [
        870,
        1918
    ],
    "process_time_in_milliseconds": 772
}
