{
    "props": {
        "face_rect": [
            252,
            766,
            561,
            561
        ],
        "kp_eye_left_inner": [
            467,
            893
        ],
        "kp_eye_left_outer": [
            356,
            883
        ],
        "kp_eye_right_inner": [
            602,
            912
        ],
        "kp_eye_right_outer": [
            684,
            917
        ],
        "kp_mouth_left": [
            626,
            1149
        ],
        "kp_mouth_right": [
            428,
            1139
        ],
        "kp_nose_tip": [
            559,
            1018
        ],
        "kp_under_lip_bottom": [
            539,
            1183
        ],
        "kp_upper_lip_top": [
            544,
            1125
        ],
        "features": [
            5.368547,
            6.668614,
            -2.009411,
            5.904093,
            -1.118274,
            8.353401,
            1.820783,
            1.195857,
            5.088706,
            -7.991119,
            -0.213384,
            -3.46144,
            1.326238,
            -5.46432,
            6.3217,
            -1.60078,
            -0.690912,
            -1.259101,
            1.134134,
            0.622417,
            3.247421,
            1.873323,
            1.367025,
            6.207129,
            -4.811688,
            0.422626,
            -6.18576,
            -0.743848,
            5.601435,
            -8.602797,
            0.340375,
            -4.253838,
            -1.54827,
            4.384718,
            -2.118235,
            0.750887,
            -0.586446,
            2.267652,
            0.231041,
            -1.302647,
            -0.054482,
            -2.503527,
            6.048627,
            0.504196,
            5.131772,
            -5.571569,
            -4.039137,
            -0.695438,
            5.077775,
            -0.104749,
            -1.347488,
            5.603871,
            -3.784609,
            2.326959,
            0.33842,
            -5.004803,
            -2.71867,
            3.528722,
            -2.189064,
            5.234012
        ]
    },
    "image_size": [
        870,
        1918
    ],
    "process_time_in_milliseconds": 762
}
