{
    "props": {
        "face_rect": [
            100,
            761,
            577,
            577
        ],
        "kp_eye_left_inner": [
            320,
            905
        ],
        "kp_eye_left_outer": [
            223,
            915
        ],
        "kp_eye_right_inner": [
            457,
            900
        ],
        "kp_eye_right_outer": [
            564,
            894
        ],
        "kp_mouth_left": [
            503,
            1144
        ],
        "kp_mouth_right": [
            310,
            1154
        ],
        "kp_nose_tip": [
            371,
            1022
        ],
        "kp_under_lip_bottom": [
            401,
            1184
        ],
        "kp_upper_lip_top": [
            391,
            1128
        ],
        "features": [
            5.0464,
            6.547697,
            -2.562989,
            4.346964,
            0.034859,
            7.102424,
            1.806092,
            0.203717,
            4.076093,
            -8.404628,
            0.786228,
            -2.68563,
            2.685365,
            -4.093178,
            8.350467,
            -3.895037,
            0.591045,
            -1.270505,
            2.381308,
            2.202211,
            4.451524,
            3.046646,
            0.454913,
            6.493006,
            -4.995311,
            0.245571,
            -6.361142,
            -1.964256,
            6.258869,
            -7.350245,
            -0.090699,
            -5.345599,
            -1.455572,
            4.404294,
            -1.786396,
            0.319957,
            0.244783,
            1.850132,
            0.364186,
            -2.067923,
            -1.62257,
            -2.564632,
            8.550834,
            -0.288743,
            5.190099,
            -7.194561,
            -5.556104,
            0.505478,
            6.631242,
            0.649222,
            -1.933003,
            7.434134,
            -3.582354,
            2.535896,
            1.794731,
            -4.651845,
            -3.217482,
            3.819009,
            -1.394341,
            4.51757
        ]
    },
    "image_size": [
        870,
        1918
    ],
    "process_time_in_milliseconds": 791
}
