{
    "props": {
        "face_rect": [
            131,
            915,
            535,
            535
        ],
        "kp_eye_left_inner": [
            353,
            1061
        ],
        "kp_eye_left_outer": [
            248,
            1049
        ],
        "kp_eye_right_inner": [
            495,
            1061
        ],
        "kp_eye_right_outer": [
            591,
            1049
        ],
        "kp_mouth_left": [
            524,
            1287
        ],
        "kp_mouth_right": [
            336,
            1291
        ],
        "kp_nose_tip": [
            424,
            1245
        ],
        "kp_under_lip_bottom": [
            436,
            1329
        ],
        "kp_upper_lip_top": [
            432,
            1300
        ],
        "features": [
            3.288535,
            3.689716,
            -0.8664,
            6.027859,
            -1.131319,
            4.400875,
            -5.049806,
            3.445705,
            4.831125,
            -5.224047,
            -4.570213,
            -3.522837,
            1.314703,
            -7.059513,
            8.158526,
            -2.155197,
            -3.726093,
            -3.832294,
            1.304124,
            -1.761736,
            5.13526,
            -1.958631,
            0.237075,
            7.660672,
            -2.115702,
            -1.735997,
            -3.062562,
            -2.287648,
            5.505034,
            -6.920359,
            3.527035,
            -1.988108,
            -3.464626,
            4.63258,
            -3.600908,
            2.222473,
            -1.033618,
            3.339708,
            3.728074,
            3.491003,
            1.040974,
            -5.939734,
            7.558668,
            1.806938,
            8.067709,
            -7.725932,
            -4.452588,
            0.51814,
            2.888016,
            4.536534,
            1.463399,
            5.373389,
            -5.519437,
            -0.128343,
            -3.106319,
            -3.581172,
            -2.097715,
            0.950819,
            -1.579902,
            4.750564
        ]
    },
    "image_size": [
        870,
        1918
    ],
    "process_time_in_milliseconds": 794
}
