{
    "props": {
        "face_rect": [
            92,
            744,
            632,
            632
        ],
        "kp_eye_left_inner": [
            339,
            915
        ],
        "kp_eye_left_outer": [
            235,
            910
        ],
        "kp_eye_right_inner": [
            482,
            905
        ],
        "kp_eye_right_outer": [
            586,
            890
        ],
        "kp_mouth_left": [
            522,
            1167
        ],
        "kp_mouth_right": [
            319,
            1177
        ],
        "kp_nose_tip": [
            413,
            1073
        ],
        "kp_under_lip_bottom": [
            428,
            1231
        ],
        "kp_upper_lip_top": [
            423,
            1162
        ],
        "features": [
            -0.667695,
            -0.009782,
            6.675376,
            -3.808475,
            3.265405,
            2.241511,
            -2.767128,
            4.000895,
            -0.901364,
            4.648223,
            -5.214058,
            -6.0828,
            -1.962966,
            4.751666,
            4.105052,
            -10.517159,
            -7.13413,
            3.517073,
            0.635381,
            1.637051,
            0.094119,
            0.837784,
            -11.901507,
            -6.587262,
            2.987655,
            0.875766,
            0.510847,
            -3.181274,
            5.757411,
            3.066948,
            -0.518354,
            1.022755,
            -3.288133,
            -2.614887,
            1.909792,
            1.936148,
            2.767415,
            2.590332,
            3.598382,
            6.081022,
            -3.324976,
            -8.696442,
            -6.293311,
            3.571731,
            7.399597,
            4.196208,
            3.303249,
            3.867532,
            -4.695588,
            -4.908532,
            3.650502,
            -1.469147,
            1.798044,
            -1.207123,
            -1.435986,
            5.449143,
            -5.221552,
            1.749313,
            -0.306733,
            0.225393
        ]
    },
    "image_size": [
        870,
        1918
    ],
    "process_time_in_milliseconds": 792
}
