{
    "props": {
        "face_rect": [
            140,
            690,
            589,
            589
        ],
        "kp_eye_left_inner": [
            368,
            844
        ],
        "kp_eye_left_outer": [
            267,
            840
        ],
        "kp_eye_right_inner": [
            497,
            835
        ],
        "kp_eye_right_outer": [
            602,
            821
        ],
        "kp_mouth_left": [
            535,
            1089
        ],
        "kp_mouth_right": [
            334,
            1098
        ],
        "kp_nose_tip": [
            435,
            969
        ],
        "kp_under_lip_bottom": [
            439,
            1132
        ],
        "kp_upper_lip_top": [
            439,
            1065
        ],
        "features": [
            1.903705,
            3.265618,
            5.505356,
            -5.807365,
            4.149086,
            1.595385,
            -4.882785,
            2.394439,
            -1.812894,
            5.96377,
            -6.11369,
            -7.553925,
            -2.737104,
            7.303495,
            4.835444,
            -10.947492,
            -5.944842,
            3.956512,
            3.429246,
            1.499949,
            -0.634716,
            1.488035,
            -12.002739,
            -7.96877,
            5.430059,
            1.408689,
            -0.567466,
            -1.339434,
            7.426745,
            1.872205,
            0.403618,
            2.313441,
            -3.158808,
            -3.264492,
            -0.728549,
            2.337209,
            2.614909,
            3.057843,
            1.535211,
            3.403373,
            -3.481648,
            -7.12703,
            -7.966313,
            3.498296,
            5.857347,
            5.339487,
            4.222406,
            3.616025,
            -6.878575,
            -3.812989,
            5.418488,
            -0.999809,
            1.715378,
            -1.256025,
            -0.536888,
            3.827045,
            -4.021218,
            0.512423,
            -2.546419,
            1.862427
        ]
    },
    "image_size": [
        870,
        1918
    ],
    "process_time_in_milliseconds": 747
}
