{
    "props": {
        "face_rect": [
            283,
            639,
            523,
            523
        ],
        "kp_eye_left_inner": [
            482,
            760
        ],
        "kp_eye_left_outer": [
            376,
            755
        ],
        "kp_eye_right_inner": [
            607,
            774
        ],
        "kp_eye_right_outer": [
            689,
            774
        ],
        "kp_mouth_left": [
            627,
            1010
        ],
        "kp_mouth_right": [
            434,
            1006
        ],
        "kp_nose_tip": [
            569,
            856
        ],
        "kp_under_lip_bottom": [
            545,
            1039
        ],
        "kp_upper_lip_top": [
            559,
            972
        ],
        "features": [
            2.373188,
            5.340312,
            7.63403,
            -5.580729,
            5.262059,
            -0.068252,
            -6.742197,
            1.80879,
            1.1575,
            5.216341,
            -6.916648,
            -7.501607,
            -3.133186,
            7.863432,
            4.928251,
            -10.619045,
            -6.239932,
            3.399043,
            4.101474,
            -0.017402,
            -2.157091,
            2.409814,
            -10.674647,
            -8.253704,
            6.661231,
            3.699047,
            -0.777096,
            -0.222169,
            6.626275,
            2.943567,
            -0.637213,
            3.307541,
            -1.741342,
            -2.292234,
            -1.715667,
            3.798128,
            3.233459,
            3.463864,
            0.193985,
            3.805256,
            -1.69393,
            -5.134356,
            -9.860747,
            2.83918,
            5.009844,
            9.28511,
            4.416964,
            2.894911,
            -6.961733,
            -3.829523,
            5.765933,
            -1.754123,
            1.127702,
            -0.729388,
            -0.696891,
            2.951624,
            -2.569643,
            -0.702022,
            -1.359091,
            2.194494
        ]
    },
    "image_size": [
        870,
        1918
    ],
    "process_time_in_milliseconds": 823
}
