{
    "props": {
        "face_rect": [
            148,
            497,
            453,
            453
        ],
        "kp_eye_left_inner": [
            344,
            614
        ],
        "kp_eye_left_outer": [
            276,
            589
        ],
        "kp_eye_right_inner": [
            432,
            635
        ],
        "kp_eye_right_outer": [
            496,
            656
        ],
        "kp_mouth_left": [
            393,
            816
        ],
        "kp_mouth_right": [
            276,
            780
        ],
        "kp_nose_tip": [
            347,
            702
        ],
        "kp_under_lip_bottom": [
            326,
            823
        ],
        "kp_upper_lip_top": [
            333,
            777
        ],
        "features": [
            0.28634,
            8.130289,
            -2.02918,
            -1.258602,
            2.906655,
            -3.458127,
            0.185548,
            2.437319,
            9.239858,
            -8.174344,
            3.967323,
            -4.157203,
            6.673268,
            -4.854416,
            3.295161,
            -2.310399,
            -1.525943,
            7.996192,
            -7.888913,
            4.438896,
            6.508636,
            -7.595609,
            8.158898,
            1.430381,
            -0.380203,
            2.460544,
            -8.297318,
            2.404085,
            -1.096141,
            -5.022615,
            -0.66735,
            2.944224,
            -1.314329,
            1.495097,
            -2.61947,
            5.448894,
            -0.12773,
            -0.844615,
            -0.974336,
            -4.765707,
            -0.028162,
            -1.244488,
            -2.666759,
            -1.031217,
            7.045362,
            -3.511763,
            -2.159209,
            -1.520754,
            1.672594,
            -0.813843,
            1.871662,
            10.778711,
            2.185512,
            3.924073,
            1.565676,
            -3.740694,
            -3.016998,
            1.25242,
            -0.923766,
            0.425628
        ]
    },
    "image_size": [
        720,
        1280
    ],
    "process_time_in_milliseconds": 1509
}
