{
    "props": {
        "face_rect": [
            114,
            756,
            603,
            603
        ],
        "kp_eye_left_inner": [
            338,
            911
        ],
        "kp_eye_left_outer": [
            236,
            916
        ],
        "kp_eye_right_inner": [
            479,
            906
        ],
        "kp_eye_right_outer": [
            586,
            901
        ],
        "kp_mouth_left": [
            522,
            1154
        ],
        "kp_mouth_right": [
            324,
            1163
        ],
        "kp_nose_tip": [
            416,
            1032
        ],
        "kp_under_lip_bottom": [
            430,
            1197
        ],
        "kp_upper_lip_top": [
            421,
            1139
        ],
        "features": [
            5.304686,
            6.648715,
            -2.209824,
            4.909784,
            0.11007,
            6.905175,
            0.750207,
            0.013137,
            5.476613,
            -8.112617,
            -0.096843,
            -2.984384,
            2.030099,
            -4.687471,
            8.207613,
            -4.06094,
            -0.80296,
            -0.392402,
            2.164338,
            2.122808,
            4.301244,
            3.188838,
            0.969581,
            7.258686,
            -4.471996,
            1.343482,
            -6.90987,
            -1.835932,
            6.104849,
            -8.362775,
            0.456596,
            -5.244009,
            -1.46435,
            4.759692,
            -1.912724,
            0.675264,
            0.986938,
            2.313377,
            -0.209525,
            -1.404674,
            -0.992484,
            -2.159799,
            7.584902,
            -0.015166,
            6.102483,
            -7.371502,
            -4.19303,
            0.529927,
            6.026378,
            0.72356,
            -1.135149,
            7.001595,
            -3.665349,
            2.629314,
            1.081044,
            -4.68392,
            -3.475053,
            4.445293,
            -1.048653,
            4.451953
        ]
    },
    "image_size": [
        870,
        1918
    ],
    "process_time_in_milliseconds": 819
}
