{
    "props": {
        "face_rect": [
            147,
            753,
            598,
            598
        ],
        "kp_eye_left_inner": [
            372,
            907
        ],
        "kp_eye_left_outer": [
            266,
            912
        ],
        "kp_eye_right_inner": [
            512,
            902
        ],
        "kp_eye_right_outer": [
            613,
            893
        ],
        "kp_mouth_left": [
            555,
            1139
        ],
        "kp_mouth_right": [
            362,
            1154
        ],
        "kp_nose_tip": [
            444,
            1028
        ],
        "kp_under_lip_bottom": [
            459,
            1187
        ],
        "kp_upper_lip_top": [
            454,
            1129
        ],
        "features": [
            6.092706,
            6.410088,
            -2.374981,
            4.741082,
            -0.75193,
            7.259215,
            0.700573,
            -0.62581,
            4.931614,
            -7.056282,
            0.241484,
            -2.107151,
            1.291139,
            -4.093472,
            8.17876,
            -3.916455,
            0.111289,
            -0.605429,
            3.370248,
            2.427717,
            4.185451,
            3.077791,
            1.103171,
            6.575875,
            -4.494497,
            0.531549,
            -5.977641,
            -2.068694,
            6.574883,
            -7.590366,
            0.885655,
            -5.801299,
            -1.982183,
            4.325735,
            -2.44711,
            0.604556,
            0.477653,
            2.887461,
            -0.163666,
            -1.091985,
            -1.328708,
            -2.45524,
            7.897577,
            0.346293,
            6.233896,
            -7.141179,
            -3.916678,
            0.58503,
            5.998634,
            1.120073,
            -0.52637,
            6.5777,
            -4.596465,
            2.852782,
            1.445411,
            -4.675346,
            -2.914267,
            4.360087,
            -1.189152,
            4.267797
        ]
    },
    "image_size": [
        870,
        1918
    ],
    "process_time_in_milliseconds": 1620
}
