{
    "props": {
        "face_rect": [
            -29,
            588,
            638,
            638
        ],
        "kp_eye_left_inner": [
            238,
            764
        ],
        "kp_eye_left_outer": [
            191,
            770
        ],
        "kp_eye_right_inner": [
            373,
            759
        ],
        "kp_eye_right_outer": [
            482,
            754
        ],
        "kp_mouth_left": [
            373,
            1019
        ],
        "kp_mouth_right": [
            180,
            1004
        ],
        "kp_nose_tip": [
            248,
            848
        ],
        "kp_under_lip_bottom": [
            258,
            1040
        ],
        "kp_upper_lip_top": [
            253,
            973
        ],
        "features": [
            3.927056,
            3.829635,
            5.049459,
            -4.547015,
            3.300138,
            0.922877,
            -6.848614,
            0.522249,
            0.969253,
            3.361852,
            -7.592764,
            -5.776057,
            -4.554974,
            6.201235,
            5.738655,
            -10.554421,
            -6.672691,
            4.971755,
            3.54531,
            -0.324412,
            -1.559501,
            4.313724,
            -8.689469,
            -4.843645,
            7.020713,
            0.511131,
            -1.804794,
            -1.267524,
            3.546534,
            2.434788,
            -0.533942,
            0.300228,
            -3.385819,
            -0.584936,
            -2.661009,
            5.665047,
            4.400883,
            1.857099,
            0.192276,
            3.099645,
            -1.621801,
            -4.932693,
            -9.026663,
            3.079606,
            2.392678,
            8.6036,
            6.177698,
            6.754831,
            -6.072409,
            -5.471459,
            5.336684,
            -0.073114,
            0.04592,
            -0.394187,
            2.972841,
            3.841187,
            -4.577039,
            2.298435,
            -2.454896,
            2.701453
        ]
    },
    "image_size": [
        870,
        1918
    ],
    "process_time_in_milliseconds": 774
}
