{
    "props": {
        "face_rect": [
            -30,
            591,
            634,
            634
        ],
        "kp_eye_left_inner": [
            235,
            761
        ],
        "kp_eye_left_outer": [
            189,
            766
        ],
        "kp_eye_right_inner": [
            370,
            761
        ],
        "kp_eye_right_outer": [
            483,
            750
        ],
        "kp_mouth_left": [
            375,
            1018
        ],
        "kp_mouth_right": [
            184,
            998
        ],
        "kp_nose_tip": [
            241,
            843
        ],
        "kp_under_lip_bottom": [
            256,
            1039
        ],
        "kp_upper_lip_top": [
            251,
            967
        ],
        "features": [
            3.683366,
            4.13317,
            5.188409,
            -5.189387,
            2.760975,
            0.564309,
            -8.102585,
            0.995359,
            0.406172,
            4.412335,
            -8.473618,
            -5.923738,
            -3.709935,
            5.836073,
            5.459028,
            -11.070951,
            -6.706884,
            6.078202,
            4.250226,
            -0.96113,
            -1.822746,
            3.881844,
            -8.482235,
            -4.701343,
            6.926587,
            0.363976,
            -2.200638,
            -1.688382,
            3.957943,
            1.664547,
            -1.298916,
            1.325823,
            -3.236958,
            -0.805408,
            -2.805148,
            5.481945,
            4.759788,
            2.185452,
            0.518258,
            2.978399,
            -1.381377,
            -5.278504,
            -8.160318,
            3.180894,
            2.795008,
            7.773411,
            5.985863,
            7.255242,
            -5.785912,
            -5.327946,
            5.818111,
            0.121522,
            0.157306,
            0.070465,
            2.58823,
            3.059455,
            -3.995235,
            2.162967,
            -2.620289,
            2.283192
        ]
    },
    "image_size": [
        870,
        1918
    ],
    "process_time_in_milliseconds": 827
}
