{
    "props": {
        "face_rect": [
            175,
            629,
            539,
            539
        ],
        "kp_eye_left_inner": [
            388,
            764
        ],
        "kp_eye_left_outer": [
            285,
            764
        ],
        "kp_eye_right_inner": [
            513,
            764
        ],
        "kp_eye_right_outer": [
            611,
            764
        ],
        "kp_mouth_left": [
            541,
            1010
        ],
        "kp_mouth_right": [
            341,
            1010
        ],
        "kp_nose_tip": [
            443,
            852
        ],
        "kp_under_lip_bottom": [
            443,
            1038
        ],
        "kp_upper_lip_top": [
            448,
            968
        ],
        "features": [
            2.732835,
            4.422762,
            6.895516,
            -5.697212,
            4.521273,
            1.574885,
            -5.762205,
            1.487,
            0.095844,
            6.266022,
            -8.005824,
            -8.115901,
            -3.695745,
            7.380387,
            5.342237,
            -11.265043,
            -5.856863,
            4.062475,
            4.937558,
            0.042353,
            -2.603586,
            3.593852,
            -10.122152,
            -6.944337,
            7.132816,
            2.929437,
            -1.025137,
            -0.192718,
            6.976368,
            1.605219,
            -0.547598,
            3.259164,
            -2.066026,
            -2.391652,
            -2.390032,
            3.611777,
            2.817656,
            4.122449,
            -0.4334,
            3.407896,
            -2.662004,
            -5.709846,
            -8.379492,
            3.224144,
            5.212292,
            8.585712,
            4.971936,
            4.098686,
            -7.356027,
            -3.641296,
            5.536288,
            -1.042986,
            1.04231,
            -0.32547,
            0.521251,
            2.957596,
            -3.987341,
            0.837688,
            -1.84988,
            2.51481
        ]
    },
    "image_size": [
        870,
        1918
    ],
    "process_time_in_milliseconds": 742
}
