{
    "props": {
        "face_rect": [
            -5,
            749,
            569,
            569
        ],
        "kp_eye_left_inner": [
            213,
            896
        ],
        "kp_eye_left_outer": [
            152,
            906
        ],
        "kp_eye_right_inner": [
            350,
            891
        ],
        "kp_eye_right_outer": [
            467,
            886
        ],
        "kp_mouth_left": [
            386,
            1140
        ],
        "kp_mouth_right": [
            203,
            1140
        ],
        "kp_nose_tip": [
            249,
            982
        ],
        "kp_under_lip_bottom": [
            269,
            1170
        ],
        "kp_upper_lip_top": [
            259,
            1119
        ],
        "features": [
            7.90305,
            10.547151,
            -1.392775,
            4.643954,
            2.750953,
            5.897609,
            0.367894,
            0.63443,
            2.344303,
            -4.217084,
            -4.634055,
            -0.833917,
            3.011877,
            0.36785,
            5.219796,
            -3.363664,
            0.415747,
            -1.107044,
            3.92901,
            1.152961,
            4.174583,
            0.862281,
            -2.218711,
            5.668958,
            -3.931728,
            0.098422,
            -3.188674,
            -0.844716,
            4.369796,
            -6.224818,
            -1.757845,
            0.380641,
            1.976487,
            4.378933,
            -1.398287,
            -0.503243,
            -0.828288,
            0.507853,
            1.271078,
            -0.097006,
            4.556149,
            -3.492373,
            6.278527,
            -1.063444,
            2.34997,
            -3.515704,
            -5.886073,
            -1.637574,
            3.344595,
            0.981229,
            -0.585943,
            5.485537,
            -3.107883,
            3.138469,
            0.692263,
            -4.809941,
            -3.516409,
            2.83073,
            -2.704843,
            5.529028
        ]
    },
    "image_size": [
        870,
        1918
    ],
    "process_time_in_milliseconds": 801
}
