{
    "props": {
        "face_rect": [
            198,
            642,
            543,
            543
        ],
        "kp_eye_left_inner": [
            408,
            777
        ],
        "kp_eye_left_outer": [
            307,
            777
        ],
        "kp_eye_right_inner": [
            537,
            772
        ],
        "kp_eye_right_outer": [
            633,
            772
        ],
        "kp_mouth_left": [
            571,
            1026
        ],
        "kp_mouth_right": [
            365,
            1026
        ],
        "kp_nose_tip": [
            475,
            868
        ],
        "kp_under_lip_bottom": [
            470,
            1060
        ],
        "kp_upper_lip_top": [
            470,
            983
        ],
        "features": [
            2.710837,
            4.361559,
            6.792516,
            -5.876933,
            4.555607,
            1.667391,
            -5.523494,
            1.823365,
            -0.039394,
            6.193717,
            -8.117338,
            -8.396774,
            -4.379386,
            7.415049,
            5.031835,
            -11.095722,
            -5.909008,
            4.110896,
            4.764205,
            -0.326111,
            -2.582484,
            3.495535,
            -10.344675,
            -6.971041,
            7.364044,
            2.994175,
            -1.393372,
            0.183454,
            6.914331,
            1.155529,
            0.043732,
            3.117487,
            -2.079451,
            -2.82533,
            -2.432906,
            3.418424,
            3.224896,
            4.341147,
            -0.796762,
            3.359675,
            -2.748777,
            -5.54698,
            -8.647043,
            3.276829,
            5.120533,
            8.241885,
            5.06299,
            4.195037,
            -7.412597,
            -3.311464,
            5.690284,
            -1.323333,
            1.686486,
            -0.328788,
            0.268891,
            2.743066,
            -3.862513,
            0.503337,
            -2.133785,
            2.286448
        ]
    },
    "image_size": [
        870,
        1918
    ],
    "process_time_in_milliseconds": 730
}
