{
    "props": {
        "face_rect": [
            369,
            639,
            511,
            511
        ],
        "kp_eye_left_inner": [
            571,
            760
        ],
        "kp_eye_left_outer": [
            459,
            738
        ],
        "kp_eye_right_inner": [
            683,
            776
        ],
        "kp_eye_right_outer": [
            748,
            792
        ],
        "kp_mouth_left": [
            699,
            1011
        ],
        "kp_mouth_right": [
            528,
            995
        ],
        "kp_nose_tip": [
            678,
            851
        ],
        "kp_under_lip_bottom": [
            625,
            1033
        ],
        "kp_upper_lip_top": [
            635,
            963
        ],
        "features": [
            3.736603,
            4.2336,
            7.130325,
            -4.889024,
            6.034114,
            -0.489247,
            -6.055599,
            -0.356618,
            2.456534,
            6.53569,
            -10.314748,
            -6.532933,
            -2.523932,
            5.335508,
            4.608726,
            -11.3302,
            -7.024298,
            2.915077,
            5.470915,
            1.94582,
            -2.295214,
            1.829072,
            -9.466166,
            -6.318385,
            7.948475,
            3.511696,
            0.916164,
            -1.000428,
            5.526381,
            2.947628,
            -0.854508,
            4.301026,
            -0.465307,
            -0.850182,
            -1.532187,
            4.418529,
            2.935499,
            3.469002,
            -1.003114,
            4.896732,
            0.263712,
            -5.150239,
            -8.429179,
            2.467044,
            4.022345,
            9.713549,
            3.761382,
            3.466672,
            -7.38066,
            -4.20149,
            5.135545,
            -2.595685,
            0.129561,
            -0.326939,
            -0.137584,
            4.076843,
            -4.14575,
            -0.06155,
            -1.527114,
            3.400515
        ]
    },
    "image_size": [
        870,
        1918
    ],
    "process_time_in_milliseconds": 760
}
