{
    "props": {
        "face_rect": [
            152,
            630,
            544,
            544
        ],
        "kp_eye_left_inner": [
            363,
            767
        ],
        "kp_eye_left_outer": [
            261,
            772
        ],
        "kp_eye_right_inner": [
            492,
            763
        ],
        "kp_eye_right_outer": [
            585,
            758
        ],
        "kp_mouth_left": [
            529,
            1012
        ],
        "kp_mouth_right": [
            326,
            1017
        ],
        "kp_nose_tip": [
            423,
            860
        ],
        "kp_under_lip_bottom": [
            427,
            1045
        ],
        "kp_upper_lip_top": [
            427,
            971
        ],
        "features": [
            2.680278,
            4.08447,
            6.891282,
            -5.49771,
            4.414072,
            1.561554,
            -5.181183,
            2.087143,
            -0.065297,
            6.025467,
            -8.395123,
            -8.424045,
            -4.00095,
            6.913941,
            5.153029,
            -11.729847,
            -5.697043,
            4.881689,
            4.372112,
            -0.249617,
            -2.269977,
            3.076752,
            -9.957822,
            -7.877662,
            6.800374,
            2.750226,
            -0.875527,
            -0.342264,
            6.828286,
            1.650267,
            -0.396299,
            3.144861,
            -2.033029,
            -3.151461,
            -2.240436,
            3.884895,
            2.45941,
            4.458069,
            -0.69427,
            3.984958,
            -2.785006,
            -6.279246,
            -9.261288,
            2.607096,
            5.056522,
            8.566126,
            4.48491,
            4.33486,
            -7.106709,
            -3.456828,
            5.785849,
            -0.909521,
            1.684482,
            -0.222934,
            1.200153,
            3.099763,
            -4.310502,
            1.067024,
            -1.958904,
            2.192172
        ]
    },
    "image_size": [
        870,
        1918
    ],
    "process_time_in_milliseconds": 755
}
