{
    "props": {
        "face_rect": [
            346,
            644,
            513,
            513
        ],
        "kp_eye_left_inner": [
            542,
            760
        ],
        "kp_eye_left_outer": [
            432,
            749
        ],
        "kp_eye_right_inner": [
            662,
            782
        ],
        "kp_eye_right_outer": [
            733,
            787
        ],
        "kp_mouth_left": [
            678,
            1011
        ],
        "kp_mouth_right": [
            509,
            1006
        ],
        "kp_nose_tip": [
            646,
            858
        ],
        "kp_under_lip_bottom": [
            607,
            1039
        ],
        "kp_upper_lip_top": [
            613,
            968
        ],
        "features": [
            2.487476,
            5.058741,
            7.199242,
            -6.110272,
            5.868838,
            0.448957,
            -5.388836,
            1.054201,
            0.824642,
            6.243555,
            -10.338433,
            -8.284514,
            -3.471886,
            6.859799,
            4.753577,
            -10.963064,
            -7.132417,
            3.455953,
            4.885983,
            0.729762,
            -1.903136,
            2.499412,
            -9.628456,
            -8.007114,
            7.684758,
            3.637241,
            0.035308,
            -0.102851,
            6.027252,
            2.600018,
            0.004982,
            4.500522,
            -0.855744,
            -1.30649,
            -1.900309,
            3.502645,
            3.008445,
            3.353325,
            -0.66094,
            4.547742,
            -0.186201,
            -5.619507,
            -8.888536,
            2.765628,
            5.622412,
            9.758154,
            3.448894,
            3.520358,
            -7.853671,
            -4.765078,
            5.746029,
            -2.965619,
            1.210794,
            0.284704,
            -0.819604,
            3.490899,
            -4.123025,
            -0.425051,
            -0.959037,
            2.573335
        ]
    },
    "image_size": [
        870,
        1918
    ],
    "process_time_in_milliseconds": 747
}
