{
    "props": {
        "face_rect": [
            144,
            651,
            575,
            575
        ],
        "kp_eye_left_inner": [
            373,
            797
        ],
        "kp_eye_left_outer": [
            265,
            801
        ],
        "kp_eye_right_inner": [
            504,
            792
        ],
        "kp_eye_right_outer": [
            608,
            783
        ],
        "kp_mouth_left": [
            541,
            1041
        ],
        "kp_mouth_right": [
            337,
            1050
        ],
        "kp_nose_tip": [
            437,
            905
        ],
        "kp_under_lip_bottom": [
            441,
            1082
        ],
        "kp_upper_lip_top": [
            441,
            1009
        ],
        "features": [
            2.157749,
            4.142381,
            6.434496,
            -5.239345,
            3.864532,
            0.665797,
            -5.038878,
            1.787636,
            -0.683945,
            4.878327,
            -7.136763,
            -7.601568,
            -3.169786,
            7.837764,
            5.369971,
            -11.079845,
            -5.984797,
            4.539047,
            4.152055,
            1.248231,
            -1.686236,
            2.824585,
            -11.067189,
            -8.343188,
            5.938163,
            1.084681,
            -0.516383,
            -1.334994,
            7.431156,
            2.575226,
            0.278723,
            2.08689,
            -2.825475,
            -2.761158,
            -1.703276,
            3.260684,
            2.851219,
            3.413693,
            0.168974,
            3.407728,
            -2.190971,
            -6.146403,
            -9.009847,
            2.997572,
            5.807919,
            7.667014,
            4.210211,
            4.428514,
            -7.186409,
            -3.618711,
            6.316616,
            -0.184868,
            1.646682,
            -0.417505,
            0.612751,
            3.265934,
            -4.086632,
            0.849346,
            -1.332285,
            1.364945
        ]
    },
    "image_size": [
        870,
        1918
    ],
    "process_time_in_milliseconds": 762
}
