{
    "props": {
        "face_rect": [
            -21,
            599,
            619,
            619
        ],
        "kp_eye_left_inner": [
            229,
            762
        ],
        "kp_eye_left_outer": [
            189,
            767
        ],
        "kp_eye_right_inner": [
            362,
            757
        ],
        "kp_eye_right_outer": [
            476,
            752
        ],
        "kp_mouth_left": [
            367,
            1019
        ],
        "kp_mouth_right": [
            174,
            999
        ],
        "kp_nose_tip": [
            239,
            846
        ],
        "kp_under_lip_bottom": [
            254,
            1034
        ],
        "kp_upper_lip_top": [
            244,
            964
        ],
        "features": [
            3.787052,
            4.110929,
            4.787006,
            -5.017895,
            3.533192,
            0.948907,
            -7.617434,
            0.246723,
            0.797905,
            4.53421,
            -7.625668,
            -5.589803,
            -4.523849,
            5.95084,
            5.858662,
            -11.041327,
            -6.879831,
            5.974186,
            4.553065,
            -0.334185,
            -1.434897,
            4.369967,
            -8.585273,
            -4.65521,
            7.643005,
            1.417722,
            -1.54046,
            -1.566259,
            3.99765,
            1.807523,
            -0.55757,
            1.021735,
            -2.891799,
            -0.330746,
            -3.274278,
            5.291197,
            4.458966,
            2.606221,
            0.638782,
            2.809464,
            -1.565576,
            -4.525634,
            -8.202396,
            3.504804,
            3.140159,
            7.990182,
            6.421141,
            7.240293,
            -5.759995,
            -5.298253,
            5.317213,
            -0.0863,
            0.041425,
            0.431414,
            2.294814,
            3.409241,
            -4.007099,
            1.873942,
            -2.361651,
            2.710215
        ]
    },
    "image_size": [
        870,
        1918
    ],
    "process_time_in_milliseconds": 1039
}
