{
    "props": {
        "face_rect": [
            264,
            769,
            555,
            555
        ],
        "kp_eye_left_inner": [
            480,
            894
        ],
        "kp_eye_left_outer": [
            364,
            885
        ],
        "kp_eye_right_inner": [
            615,
            912
        ],
        "kp_eye_right_outer": [
            694,
            917
        ],
        "kp_mouth_left": [
            629,
            1145
        ],
        "kp_mouth_right": [
            443,
            1140
        ],
        "kp_nose_tip": [
            573,
            1019
        ],
        "kp_under_lip_bottom": [
            554,
            1182
        ],
        "kp_upper_lip_top": [
            554,
            1122
        ],
        "features": [
            5.751064,
            7.163814,
            -1.822118,
            5.969095,
            -0.072658,
            8.504361,
            2.240073,
            1.122629,
            5.439051,
            -8.477473,
            -0.544267,
            -3.39467,
            1.044719,
            -4.908898,
            6.798521,
            -1.915184,
            -0.350491,
            -1.993634,
            0.756578,
            0.700323,
            2.84433,
            2.307346,
            0.910558,
            6.500813,
            -4.967425,
            0.359904,
            -6.632576,
            -0.385592,
            5.917506,
            -8.772726,
            0.437365,
            -4.317196,
            -1.349908,
            4.011057,
            -2.314594,
            -0.07861,
            0.171218,
            2.379491,
            -0.350764,
            -1.466419,
            0.131323,
            -2.376616,
            6.110185,
            0.807799,
            4.661164,
            -5.285967,
            -4.080358,
            -1.551798,
            4.851621,
            -0.292849,
            -1.414493,
            5.392043,
            -3.571813,
            2.102156,
            0.32887,
            -4.597756,
            -2.458585,
            3.472777,
            -2.628122,
            5.177142
        ]
    },
    "image_size": [
        870,
        1918
    ],
    "process_time_in_milliseconds": 793
}
