{
    "props": {
        "face_rect": [
            128,
            756,
            578,
            578
        ],
        "kp_eye_left_inner": [
            341,
            902
        ],
        "kp_eye_left_outer": [
            240,
            907
        ],
        "kp_eye_right_inner": [
            482,
            902
        ],
        "kp_eye_right_outer": [
            583,
            897
        ],
        "kp_mouth_left": [
            527,
            1138
        ],
        "kp_mouth_right": [
            326,
            1148
        ],
        "kp_nose_tip": [
            417,
            1012
        ],
        "kp_under_lip_bottom": [
            432,
            1178
        ],
        "kp_upper_lip_top": [
            422,
            1118
        ],
        "features": [
            5.683085,
            7.029301,
            -1.713648,
            5.49872,
            -0.347268,
            7.754125,
            0.241617,
            1.076393,
            4.157815,
            -7.704931,
            0.228424,
            -3.563776,
            1.45215,
            -4.419446,
            8.546562,
            -3.910453,
            0.314449,
            -0.121632,
            2.108882,
            1.302331,
            3.971434,
            2.982723,
            1.42306,
            5.008721,
            -5.69974,
            0.493036,
            -6.173907,
            -1.018259,
            6.893304,
            -8.48481,
            0.279022,
            -4.005698,
            -1.411437,
            5.107466,
            -3.347916,
            0.339554,
            -0.79092,
            3.561675,
            -0.026411,
            -1.8966,
            -0.698757,
            -2.12687,
            6.329556,
            0.149337,
            5.625772,
            -6.436957,
            -4.470702,
            -0.245398,
            5.898772,
            -0.442807,
            -0.042849,
            6.218569,
            -4.881949,
            2.791469,
            1.44951,
            -4.808461,
            -1.924901,
            3.479954,
            -1.169036,
            4.592519
        ]
    },
    "image_size": [
        870,
        1918
    ],
    "process_time_in_milliseconds": 727
}
