{
    "props": {
        "face_rect": [
            171,
            663,
            506,
            506
        ],
        "kp_eye_left_inner": [
            356,
            782
        ],
        "kp_eye_left_outer": [
            252,
            815
        ],
        "kp_eye_right_inner": [
            486,
            788
        ],
        "kp_eye_right_outer": [
            579,
            804
        ],
        "kp_mouth_left": [
            535,
            1011
        ],
        "kp_mouth_right": [
            323,
            1016
        ],
        "kp_nose_tip": [
            421,
            815
        ],
        "kp_under_lip_bottom": [
            437,
            1027
        ],
        "kp_upper_lip_top": [
            432,
            962
        ],
        "features": [
            4.001539,
            6.641328,
            -3.173931,
            3.732636,
            -2.68274,
            5.311086,
            -1.548193,
            1.773032,
            3.150568,
            -7.672162,
            -4.153456,
            -0.970087,
            2.404379,
            -1.950558,
            3.997925,
            0.078895,
            -3.383848,
            0.047152,
            0.049296,
            -1.41334,
            5.217515,
            0.78841,
            -2.618834,
            5.185381,
            -2.244806,
            1.541836,
            -1.920902,
            -2.186656,
            4.978258,
            -6.464864,
            3.684632,
            -4.460382,
            0.725253,
            2.691798,
            -0.477578,
            1.822822,
            0.531978,
            1.977363,
            2.081267,
            1.856575,
            3.738579,
            0.538959,
            4.319941,
            -0.887292,
            7.105802,
            -5.985688,
            -2.034766,
            3.379934,
            7.597014,
            0.952732,
            -0.937007,
            5.775981,
            0.997979,
            0.194794,
            -4.654145,
            -3.398362,
            -0.929061,
            1.348352,
            -0.696081,
            6.492661
        ]
    },
    "image_size": [
        870,
        1918
    ],
    "process_time_in_milliseconds": 769
}
