{
    "props": {
        "face_rect": [
            175,
            634,
            528,
            528
        ],
        "kp_eye_left_inner": [
            377,
            771
        ],
        "kp_eye_left_outer": [
            278,
            775
        ],
        "kp_eye_right_inner": [
            503,
            762
        ],
        "kp_eye_right_outer": [
            593,
            762
        ],
        "kp_mouth_left": [
            543,
            1000
        ],
        "kp_mouth_right": [
            341,
            1009
        ],
        "kp_nose_tip": [
            440,
            843
        ],
        "kp_under_lip_bottom": [
            444,
            1032
        ],
        "kp_upper_lip_top": [
            444,
            964
        ],
        "features": [
            3.082101,
            4.733276,
            7.306516,
            -5.558671,
            4.673976,
            1.371719,
            -5.446836,
            1.236355,
            1.0086,
            5.795273,
            -8.687335,
            -8.329453,
            -4.095623,
            7.352828,
            5.24923,
            -10.851333,
            -5.190636,
            3.471992,
            5.708992,
            -0.534668,
            -3.309258,
            3.849642,
            -9.114657,
            -7.180072,
            7.169183,
            3.217212,
            -0.849689,
            0.579205,
            7.323905,
            1.789785,
            -0.449267,
            2.990323,
            -1.887615,
            -2.568461,
            -2.756137,
            3.828075,
            3.127245,
            4.790264,
            -1.66861,
            3.618753,
            -2.165421,
            -5.100141,
            -8.348063,
            2.586423,
            5.401911,
            9.204422,
            4.944931,
            3.312883,
            -6.984214,
            -3.442646,
            5.537967,
            -1.963192,
            0.829146,
            -0.143385,
            0.468366,
            2.730741,
            -2.417646,
            0.313706,
            -2.472173,
            2.898613
        ]
    },
    "image_size": [
        870,
        1918
    ],
    "process_time_in_milliseconds": 778
}
