{
    "props": {
        "face_rect": [
            149,
            675,
            576,
            576
        ],
        "kp_eye_left_inner": [
            373,
            817
        ],
        "kp_eye_left_outer": [
            277,
            817
        ],
        "kp_eye_right_inner": [
            504,
            812
        ],
        "kp_eye_right_outer": [
            600,
            798
        ],
        "kp_mouth_left": [
            542,
            1068
        ],
        "kp_mouth_right": [
            340,
            1078
        ],
        "kp_nose_tip": [
            436,
            943
        ],
        "kp_under_lip_bottom": [
            441,
            1112
        ],
        "kp_upper_lip_top": [
            436,
            1039
        ],
        "features": [
            1.950323,
            3.043882,
            5.498286,
            -5.23537,
            4.632953,
            1.079635,
            -5.213923,
            3.276804,
            -2.335363,
            6.665534,
            -8.197922,
            -8.068642,
            -4.512013,
            7.306305,
            4.795313,
            -11.771676,
            -5.335121,
            4.935192,
            3.748992,
            -0.227034,
            -1.450548,
            1.795639,
            -11.096065,
            -9.144948,
            5.699211,
            1.003134,
            -0.36582,
            -1.203152,
            6.913298,
            2.318684,
            0.664246,
            3.310155,
            -3.342821,
            -3.589345,
            -1.931086,
            2.17294,
            2.718754,
            3.65728,
            0.776241,
            3.821086,
            -2.152292,
            -7.609406,
            -8.88087,
            3.376269,
            5.37165,
            6.490039,
            4.059349,
            4.702485,
            -7.860259,
            -3.620636,
            6.094536,
            -2.287631,
            1.576093,
            -0.638567,
            0.002134,
            4.230954,
            -3.501194,
            0.301343,
            -2.870985,
            1.932872
        ]
    },
    "image_size": [
        870,
        1918
    ],
    "process_time_in_milliseconds": 749
}
