{
    "props": {
        "face_rect": [
            160,
            620,
            556,
            556
        ],
        "kp_eye_left_inner": [
            377,
            761
        ],
        "kp_eye_left_outer": [
            281,
            761
        ],
        "kp_eye_right_inner": [
            511,
            757
        ],
        "kp_eye_right_outer": [
            612,
            757
        ],
        "kp_mouth_left": [
            540,
            1016
        ],
        "kp_mouth_right": [
            334,
            1011
        ],
        "kp_nose_tip": [
            435,
            848
        ],
        "kp_under_lip_bottom": [
            435,
            1040
        ],
        "kp_upper_lip_top": [
            439,
            972
        ],
        "features": [
            2.920607,
            4.663066,
            6.543693,
            -5.777383,
            5.060989,
            1.316144,
            -4.572299,
            2.008806,
            0.468924,
            5.790195,
            -8.348692,
            -8.508165,
            -4.869516,
            6.803042,
            4.987978,
            -11.582133,
            -5.227834,
            4.462542,
            4.552402,
            -0.042143,
            -2.403938,
            3.207885,
            -10.182351,
            -6.310123,
            8.291842,
            3.032561,
            -1.623489,
            0.593186,
            6.418359,
            0.870247,
            -0.713254,
            3.722837,
            -1.380481,
            -2.438292,
            -2.458548,
            4.618243,
            3.07166,
            4.768726,
            -0.993556,
            2.914115,
            -2.884792,
            -6.129893,
            -8.893566,
            2.582855,
            4.44886,
            8.490976,
            4.517886,
            4.711879,
            -7.265344,
            -2.907652,
            4.714494,
            -0.671721,
            2.410208,
            0.553312,
            1.733817,
            2.773729,
            -4.452519,
            0.602269,
            -2.735944,
            2.447855
        ]
    },
    "image_size": [
        870,
        1918
    ],
    "process_time_in_milliseconds": 958
}
