{
    "props": {
        "face_rect": [
            78,
            622,
            552,
            552
        ],
        "kp_eye_left_inner": [
            304,
            766
        ],
        "kp_eye_left_outer": [
            226,
            776
        ],
        "kp_eye_right_inner": [
            427,
            757
        ],
        "kp_eye_right_outer": [
            540,
            747
        ],
        "kp_mouth_left": [
            457,
            1012
        ],
        "kp_mouth_right": [
            260,
            1017
        ],
        "kp_nose_tip": [
            319,
            850
        ],
        "kp_under_lip_bottom": [
            349,
            1042
        ],
        "kp_upper_lip_top": [
            344,
            973
        ],
        "features": [
            1.437356,
            5.135181,
            6.16115,
            -6.493155,
            3.622543,
            2.49842,
            -6.042134,
            1.452235,
            1.333491,
            5.963001,
            -8.723828,
            -6.864602,
            -5.064591,
            6.16264,
            5.421478,
            -10.418966,
            -7.090641,
            3.440298,
            5.063744,
            -1.392622,
            -1.814881,
            4.109262,
            -9.947352,
            -6.746087,
            8.521626,
            2.55913,
            -1.162592,
            -0.333734,
            6.187324,
            0.638013,
            0.556068,
            2.243511,
            -2.581019,
            -2.252406,
            -2.46851,
            3.621057,
            3.419932,
            2.639276,
            -0.796779,
            3.467378,
            -2.635722,
            -4.527835,
            -7.880964,
            4.170959,
            3.852957,
            8.305235,
            4.60788,
            3.783769,
            -8.221087,
            -4.593976,
            5.132267,
            -2.887354,
            0.847398,
            -0.322554,
            -0.16048,
            1.963836,
            -4.800669,
            0.990981,
            -1.042852,
            0.972734
        ]
    },
    "image_size": [
        870,
        1918
    ],
    "process_time_in_milliseconds": 796
}
