{
    "props": {
        "face_rect": [
            153,
            652,
            564,
            564
        ],
        "kp_eye_left_inner": [
            372,
            797
        ],
        "kp_eye_left_outer": [
            272,
            797
        ],
        "kp_eye_right_inner": [
            500,
            787
        ],
        "kp_eye_right_outer": [
            600,
            783
        ],
        "kp_mouth_left": [
            537,
            1038
        ],
        "kp_mouth_right": [
            340,
            1047
        ],
        "kp_nose_tip": [
            436,
            897
        ],
        "kp_under_lip_bottom": [
            441,
            1079
        ],
        "kp_upper_lip_top": [
            441,
            1006
        ],
        "features": [
            2.131449,
            4.002739,
            6.48956,
            -5.167868,
            4.540852,
            0.595876,
            -5.736078,
            1.815858,
            -0.385266,
            5.760548,
            -7.4791,
            -8.134112,
            -3.265787,
            7.444245,
            5.273984,
            -11.450143,
            -5.39625,
            4.502468,
            4.048191,
            0.828997,
            -2.157141,
            2.947933,
            -10.699984,
            -8.094304,
            6.194259,
            2.019667,
            -0.9458,
            -0.851943,
            7.26878,
            2.18442,
            -0.168738,
            3.076344,
            -2.331742,
            -2.874179,
            -2.043163,
            3.33545,
            2.956305,
            3.726887,
            -0.329709,
            3.120491,
            -2.441995,
            -5.736612,
            -9.022719,
            3.15782,
            5.441442,
            7.947181,
            4.465793,
            4.077762,
            -7.319709,
            -3.572851,
            5.719488,
            -0.910859,
            1.168587,
            -0.978029,
            0.76246,
            3.578688,
            -3.622832,
            0.749312,
            -1.571577,
            1.915711
        ]
    },
    "image_size": [
        870,
        1918
    ],
    "process_time_in_milliseconds": 750
}
