{
    "props": {
        "face_rect": [
            14,
            596,
            598,
            598
        ],
        "kp_eye_left_inner": [
            270,
            761
        ],
        "kp_eye_left_outer": [
            213,
            766
        ],
        "kp_eye_right_inner": [
            399,
            756
        ],
        "kp_eye_right_outer": [
            517,
            756
        ],
        "kp_mouth_left": [
            404,
            1018
        ],
        "kp_mouth_right": [
            208,
            1003
        ],
        "kp_nose_tip": [
            280,
            843
        ],
        "kp_under_lip_bottom": [
            291,
            1039
        ],
        "kp_upper_lip_top": [
            291,
            972
        ],
        "features": [
            1.394505,
            5.55106,
            6.163715,
            -5.867383,
            3.80252,
            1.465724,
            -4.998466,
            1.206109,
            0.250657,
            5.748325,
            -9.180246,
            -6.710188,
            -3.066387,
            7.988951,
            4.603842,
            -9.057407,
            -6.470553,
            3.174743,
            5.240441,
            0.554259,
            -1.621802,
            4.202913,
            -11.250875,
            -5.987829,
            8.519482,
            1.551773,
            0.002514,
            -0.664655,
            6.501768,
            1.085089,
            0.241508,
            3.003349,
            -1.376278,
            -1.253546,
            -2.07147,
            3.351469,
            2.966403,
            1.528646,
            0.028409,
            2.377543,
            -1.261326,
            -3.497904,
            -7.256792,
            4.535288,
            4.417501,
            8.270405,
            4.044754,
            3.099061,
            -8.317933,
            -4.283256,
            4.5162,
            -1.375319,
            1.813511,
            -0.910336,
            0.035173,
            1.935932,
            -4.400945,
            0.938212,
            -1.070839,
            0.892265
        ]
    },
    "image_size": [
        870,
        1918
    ],
    "process_time_in_milliseconds": 1211
}
