{
    "props": {
        "face_rect": [
            243,
            587,
            414,
            414
        ],
        "kp_eye_left_inner": [
            389,
            695
        ],
        "kp_eye_left_outer": [
            299,
            704
        ],
        "kp_eye_right_inner": [
            513,
            685
        ],
        "kp_eye_right_outer": [
            598,
            695
        ],
        "kp_mouth_left": [
            560,
            875
        ],
        "kp_mouth_right": [
            356,
            875
        ],
        "kp_nose_tip": [
            456,
            699
        ],
        "kp_under_lip_bottom": [
            451,
            875
        ],
        "kp_upper_lip_top": [
            456,
            813
        ],
        "features": [
            2.132759,
            4.478277,
            7.8923,
            -3.397939,
            3.646168,
            -0.042523,
            -3.778042,
            1.149907,
            2.676715,
            6.159606,
            -9.657104,
            -4.972323,
            -1.674394,
            5.379271,
            4.412519,
            -10.692813,
            -6.744893,
            3.18255,
            5.626488,
            1.22734,
            -3.611714,
            3.758214,
            -9.33758,
            -8.27907,
            7.442608,
            4.275443,
            1.728663,
            -1.737027,
            6.799002,
            1.41003,
            0.42978,
            3.40796,
            0.060068,
            -1.03689,
            -2.970944,
            2.251042,
            1.858834,
            4.952351,
            -2.795497,
            6.226451,
            0.811083,
            -2.486217,
            -6.648978,
            1.157712,
            7.113138,
            8.8995,
            4.700687,
            1.833583,
            -7.052757,
            -3.600955,
            3.983736,
            -3.532182,
            0.67679,
            0.113777,
            -2.428106,
            2.384064,
            -2.2963,
            0.970606,
            -0.086742,
            3.336523
        ]
    },
    "image_size": [
        870,
        1918
    ],
    "process_time_in_milliseconds": 838
}
