{
    "props": {
        "face_rect": [
            185,
            639,
            547,
            547
        ],
        "kp_eye_left_inner": [
            399,
            775
        ],
        "kp_eye_left_outer": [
            294,
            775
        ],
        "kp_eye_right_inner": [
            528,
            770
        ],
        "kp_eye_right_outer": [
            628,
            770
        ],
        "kp_mouth_left": [
            560,
            1022
        ],
        "kp_mouth_right": [
            353,
            1027
        ],
        "kp_nose_tip": [
            459,
            866
        ],
        "kp_under_lip_bottom": [
            459,
            1054
        ],
        "kp_upper_lip_top": [
            463,
            986
        ],
        "features": [
            2.884506,
            3.814253,
            6.841595,
            -6.35977,
            4.743453,
            1.507163,
            -4.916075,
            1.729727,
            -0.312435,
            6.465611,
            -8.295549,
            -8.738557,
            -4.156886,
            7.331135,
            5.237944,
            -11.432175,
            -5.985511,
            4.761949,
            4.37727,
            0.462733,
            -2.471198,
            3.001297,
            -9.755083,
            -7.178427,
            6.901168,
            2.719755,
            -1.344607,
            0.258675,
            6.292974,
            1.670271,
            -0.164886,
            3.247944,
            -1.863832,
            -2.8986,
            -2.227012,
            3.429589,
            3.236443,
            4.754908,
            -1.135988,
            4.078003,
            -2.714466,
            -6.225751,
            -8.607079,
            2.620176,
            5.300187,
            8.540374,
            4.791989,
            4.262267,
            -7.119035,
            -3.590835,
            5.97085,
            -1.138136,
            1.238394,
            0.129673,
            1.091754,
            3.065871,
            -4.163455,
            0.594199,
            -2.093955,
            2.177583
        ]
    },
    "image_size": [
        870,
        1918
    ],
    "process_time_in_milliseconds": 760
}
