{
    "props": {
        "face_rect": [
            172,
            629,
            550,
            550
        ],
        "kp_eye_left_inner": [
            385,
            765
        ],
        "kp_eye_left_outer": [
            286,
            765
        ],
        "kp_eye_right_inner": [
            516,
            760
        ],
        "kp_eye_right_outer": [
            609,
            760
        ],
        "kp_mouth_left": [
            548,
            1013
        ],
        "kp_mouth_right": [
            342,
            1022
        ],
        "kp_nose_tip": [
            450,
            858
        ],
        "kp_under_lip_bottom": [
            450,
            1050
        ],
        "kp_upper_lip_top": [
            450,
            980
        ],
        "features": [
            2.74189,
            4.29554,
            6.622646,
            -5.539239,
            5.164398,
            0.868093,
            -4.617798,
            2.094525,
            0.232254,
            5.400465,
            -8.692023,
            -8.686386,
            -4.790059,
            7.652935,
            5.384586,
            -11.457522,
            -5.483305,
            4.079957,
            4.265003,
            0.136467,
            -2.42274,
            3.615239,
            -10.377943,
            -5.886778,
            7.922655,
            2.804952,
            -1.752496,
            0.448028,
            6.366689,
            1.293315,
            -0.589788,
            3.49947,
            -1.382845,
            -2.375381,
            -2.315166,
            4.095976,
            3.384839,
            4.519977,
            -0.675129,
            3.299689,
            -2.520687,
            -6.674837,
            -8.699724,
            2.774547,
            4.784518,
            8.233079,
            4.446752,
            4.465647,
            -7.564214,
            -2.732236,
            4.723831,
            -0.679148,
            2.103486,
            0.474313,
            2.011325,
            3.004353,
            -4.211967,
            0.700643,
            -2.623462,
            1.838403
        ]
    },
    "image_size": [
        870,
        1918
    ],
    "process_time_in_milliseconds": 1229
}
