{
    "props": {
        "face_rect": [
            169,
            628,
            555,
            555
        ],
        "kp_eye_left_inner": [
            384,
            767
        ],
        "kp_eye_left_outer": [
            282,
            772
        ],
        "kp_eye_right_inner": [
            514,
            762
        ],
        "kp_eye_right_outer": [
            617,
            758
        ],
        "kp_mouth_left": [
            552,
            1013
        ],
        "kp_mouth_right": [
            342,
            1018
        ],
        "kp_nose_tip": [
            445,
            860
        ],
        "kp_under_lip_bottom": [
            449,
            1050
        ],
        "kp_upper_lip_top": [
            449,
            976
        ],
        "features": [
            3.278084,
            4.753835,
            5.886503,
            -5.744893,
            3.879181,
            0.972085,
            -4.641133,
            2.167658,
            -0.278374,
            5.54451,
            -7.472509,
            -8.025827,
            -5.299537,
            7.962852,
            4.721361,
            -11.644074,
            -5.394155,
            4.51186,
            4.53241,
            -0.139661,
            -2.88717,
            3.608238,
            -10.805781,
            -7.010464,
            8.234177,
            2.395844,
            -2.255084,
            0.323958,
            6.543588,
            1.084292,
            -0.261062,
            3.043076,
            -2.092403,
            -3.100918,
            -2.470693,
            3.838677,
            3.03898,
            4.329091,
            -0.55059,
            2.931973,
            -2.935127,
            -7.142022,
            -9.123419,
            2.739659,
            4.466177,
            7.89951,
            4.866878,
            5.542593,
            -7.971211,
            -2.110893,
            5.124274,
            -0.236115,
            2.346283,
            1.048022,
            1.862604,
            2.187988,
            -4.784686,
            0.442691,
            -2.840343,
            1.831321
        ]
    },
    "image_size": [
        870,
        1918
    ],
    "process_time_in_milliseconds": 998
}
