{
    "props": {
        "face_rect": [
            187,
            621,
            518,
            518
        ],
        "kp_eye_left_inner": [
            383,
            757
        ],
        "kp_eye_left_outer": [
            281,
            762
        ],
        "kp_eye_right_inner": [
            507,
            753
        ],
        "kp_eye_right_outer": [
            604,
            753
        ],
        "kp_mouth_left": [
            549,
            983
        ],
        "kp_mouth_right": [
            346,
            993
        ],
        "kp_nose_tip": [
            452,
            822
        ],
        "kp_under_lip_bottom": [
            452,
            1011
        ],
        "kp_upper_lip_top": [
            452,
            942
        ],
        "features": [
            3.298173,
            4.334184,
            6.993403,
            -4.432743,
            4.917955,
            1.913856,
            -6.14323,
            1.589493,
            1.321393,
            5.614139,
            -7.862573,
            -8.216408,
            -4.817852,
            6.89843,
            5.915634,
            -11.933935,
            -5.533023,
            4.24062,
            5.02586,
            -1.393099,
            -2.617209,
            3.334327,
            -9.099028,
            -7.139803,
            6.334544,
            3.223298,
            -0.820845,
            -0.085715,
            6.684232,
            1.860933,
            0.144135,
            3.139936,
            -2.374472,
            -3.019517,
            -3.437057,
            3.857438,
            2.987092,
            4.986826,
            -0.682402,
            3.564733,
            -2.265563,
            -5.512924,
            -8.624447,
            3.451779,
            5.37047,
            8.772828,
            4.892723,
            4.264618,
            -6.301796,
            -3.25392,
            6.578774,
            -1.306033,
            0.661062,
            -0.100983,
            0.535018,
            2.944676,
            -3.117121,
            0.601005,
            -1.715605,
            2.794438
        ]
    },
    "image_size": [
        870,
        1918
    ],
    "process_time_in_milliseconds": 771
}
