{
    "props": {
        "face_rect": [
            195,
            639,
            548,
            548
        ],
        "kp_eye_left_inner": [
            410,
            775
        ],
        "kp_eye_left_outer": [
            303,
            775
        ],
        "kp_eye_right_inner": [
            536,
            775
        ],
        "kp_eye_right_outer": [
            638,
            770
        ],
        "kp_mouth_left": [
            570,
            1027
        ],
        "kp_mouth_right": [
            362,
            1027
        ],
        "kp_nose_tip": [
            473,
            867
        ],
        "kp_under_lip_bottom": [
            468,
            1056
        ],
        "kp_upper_lip_top": [
            473,
            984
        ],
        "features": [
            3.011059,
            4.527271,
            6.771142,
            -6.065219,
            4.616239,
            1.806681,
            -5.38931,
            1.718779,
            -0.065551,
            6.077208,
            -8.198465,
            -8.598355,
            -4.335665,
            7.56474,
            5.24164,
            -10.929109,
            -6.120798,
            4.287659,
            4.434357,
            0.111499,
            -2.55978,
            3.218441,
            -10.376797,
            -6.861633,
            7.007113,
            2.808859,
            -1.521749,
            0.413649,
            6.784438,
            1.110033,
            0.132189,
            3.270228,
            -1.82934,
            -2.702703,
            -2.345969,
            3.366416,
            3.315729,
            4.654834,
            -0.902303,
            3.482344,
            -2.329547,
            -5.611382,
            -8.841769,
            3.100193,
            5.068691,
            8.475652,
            5.042686,
            4.138249,
            -7.25747,
            -3.653452,
            6.061954,
            -1.152959,
            1.528892,
            -0.136559,
            0.317518,
            2.849975,
            -3.94428,
            0.330477,
            -1.955838,
            2.325292
        ]
    },
    "image_size": [
        870,
        1918
    ],
    "process_time_in_milliseconds": 765
}
