{
    "props": {
        "face_rect": [
            147,
            809,
            576,
            576
        ],
        "kp_eye_left_inner": [
            363,
            971
        ],
        "kp_eye_left_outer": [
            255,
            957
        ],
        "kp_eye_right_inner": [
            502,
            962
        ],
        "kp_eye_right_outer": [
            606,
            944
        ],
        "kp_mouth_left": [
            556,
            1218
        ],
        "kp_mouth_right": [
            336,
            1227
        ],
        "kp_nose_tip": [
            439,
            1146
        ],
        "kp_under_lip_bottom": [
            453,
            1308
        ],
        "kp_upper_lip_top": [
            444,
            1223
        ],
        "features": [
            -1.408925,
            2.033511,
            6.250086,
            -3.079414,
            4.754035,
            3.863635,
            -1.767371,
            3.887456,
            0.350851,
            2.441573,
            -8.647543,
            -6.053493,
            -2.301346,
            0.526435,
            2.983291,
            -9.62806,
            -7.211428,
            1.97183,
            -0.60624,
            -1.317521,
            1.429904,
            0.004029,
            -7.411002,
            -5.672496,
            3.578519,
            -0.067984,
            1.646527,
            -0.881877,
            4.409276,
            1.548662,
            0.107743,
            3.931772,
            -2.630057,
            -1.233419,
            0.073442,
            2.437759,
            0.930345,
            1.481367,
            5.000686,
            5.445202,
            -1.206916,
            -11.547404,
            -5.609088,
            3.581494,
            6.537682,
            4.939497,
            0.765089,
            3.702096,
            -4.237262,
            -6.325541,
            3.332011,
            -0.584314,
            2.538714,
            1.776983,
            -1.907616,
            5.482519,
            -6.638246,
            1.678409,
            -0.882522,
            0.329899
        ]
    },
    "image_size": [
        870,
        1918
    ],
    "process_time_in_milliseconds": 774
}
