{
    "props": {
        "face_rect": [
            193,
            595,
            502,
            502
        ],
        "kp_eye_left_inner": [
            383,
            726
        ],
        "kp_eye_left_outer": [
            288,
            736
        ],
        "kp_eye_right_inner": [
            506,
            721
        ],
        "kp_eye_right_outer": [
            606,
            721
        ],
        "kp_mouth_left": [
            549,
            953
        ],
        "kp_mouth_right": [
            345,
            958
        ],
        "kp_nose_tip": [
            445,
            783
        ],
        "kp_under_lip_bottom": [
            445,
            977
        ],
        "kp_upper_lip_top": [
            449,
            906
        ],
        "features": [
            3.194398,
            5.420054,
            7.425081,
            -5.951005,
            4.918234,
            1.865101,
            -5.956172,
            1.166853,
            1.769046,
            6.019331,
            -9.173601,
            -7.813456,
            -4.931099,
            7.291134,
            6.411242,
            -11.763646,
            -5.276958,
            3.809706,
            6.537067,
            -1.076834,
            -3.167865,
            4.442004,
            -10.027738,
            -7.029456,
            7.333165,
            3.507327,
            -0.90236,
            0.064535,
            7.513514,
            1.901467,
            -0.123967,
            2.50651,
            -2.009308,
            -2.769267,
            -2.872308,
            3.605496,
            3.513764,
            5.267353,
            -0.892349,
            4.390749,
            -2.154173,
            -6.198439,
            -8.036093,
            2.429311,
            4.583517,
            9.049575,
            4.278535,
            4.003456,
            -6.583734,
            -2.876653,
            5.865653,
            -1.725262,
            0.557045,
            0.284602,
            0.861164,
            2.709241,
            -3.229645,
            0.591212,
            -2.084578,
            2.157474
        ]
    },
    "image_size": [
        870,
        1918
    ],
    "process_time_in_milliseconds": 731
}
