{
    "props": {
        "face_rect": [
            22,
            754,
            559,
            559
        ],
        "kp_eye_left_inner": [
            244,
            898
        ],
        "kp_eye_left_outer": [
            166,
            903
        ],
        "kp_eye_right_inner": [
            374,
            888
        ],
        "kp_eye_right_outer": [
            490,
            883
        ],
        "kp_mouth_left": [
            408,
            1135
        ],
        "kp_mouth_right": [
            229,
            1139
        ],
        "kp_nose_tip": [
            273,
            995
        ],
        "kp_under_lip_bottom": [
            302,
            1168
        ],
        "kp_upper_lip_top": [
            292,
            1115
        ],
        "features": [
            8.094253,
            10.078049,
            -1.453223,
            4.079243,
            1.728148,
            6.635646,
            0.715006,
            0.833701,
            1.638647,
            -4.712199,
            -4.188954,
            -1.346193,
            2.632527,
            -0.153745,
            6.344594,
            -2.664561,
            0.855305,
            0.165938,
            4.661633,
            1.334801,
            4.453014,
            1.050234,
            -0.667353,
            6.408373,
            -4.502096,
            -0.129119,
            -4.411384,
            -1.684302,
            4.936463,
            -6.742233,
            -1.962737,
            -1.210459,
            1.150821,
            5.071714,
            -2.05419,
            -0.029462,
            -0.200118,
            1.671197,
            0.000083,
            -0.689048,
            3.909917,
            -2.200753,
            6.912022,
            -0.977963,
            3.338988,
            -3.654569,
            -5.137506,
            -0.787675,
            3.868657,
            0.126393,
            -0.63428,
            5.534639,
            -3.463068,
            3.423699,
            1.120165,
            -5.679752,
            -2.476961,
            3.709,
            -3.072949,
            5.962338
        ]
    },
    "image_size": [
        870,
        1918
    ],
    "process_time_in_milliseconds": 1288
}
