{
    "props": {
        "face_rect": [
            148,
            656,
            568,
            568
        ],
        "kp_eye_left_inner": [
            373,
            801
        ],
        "kp_eye_left_outer": [
            270,
            805
        ],
        "kp_eye_right_inner": [
            504,
            792
        ],
        "kp_eye_right_outer": [
            603,
            787
        ],
        "kp_mouth_left": [
            535,
            1044
        ],
        "kp_mouth_right": [
            337,
            1053
        ],
        "kp_nose_tip": [
            436,
            904
        ],
        "kp_under_lip_bottom": [
            441,
            1084
        ],
        "kp_upper_lip_top": [
            441,
            1012
        ],
        "features": [
            2.608017,
            4.155217,
            6.375113,
            -5.246719,
            4.047923,
            0.321249,
            -4.966721,
            2.07938,
            -0.46944,
            5.169177,
            -7.026838,
            -7.804706,
            -2.970437,
            7.953503,
            4.932693,
            -11.5252,
            -5.784076,
            4.355166,
            3.729332,
            1.209261,
            -2.146339,
            2.83453,
            -10.665624,
            -8.608724,
            6.242205,
            1.381176,
            -0.87597,
            -0.872634,
            7.147753,
            2.209973,
            0.110883,
            2.587701,
            -2.740476,
            -2.819888,
            -1.866762,
            3.199352,
            2.826882,
            3.181776,
            -0.178445,
            3.150289,
            -2.524846,
            -5.728742,
            -8.841639,
            3.265012,
            5.926131,
            7.687199,
            4.28684,
            3.942068,
            -7.210009,
            -3.664015,
            6.408165,
            -0.267132,
            1.820045,
            -0.413616,
            0.407142,
            3.085417,
            -3.768496,
            0.290179,
            -1.528664,
            1.773058
        ]
    },
    "image_size": [
        870,
        1918
    ],
    "process_time_in_milliseconds": 791
}
