{
    "props": {
        "face_rect": [
            185,
            627,
            523,
            523
        ],
        "kp_eye_left_inner": [
            386,
            764
        ],
        "kp_eye_left_outer": [
            284,
            773
        ],
        "kp_eye_right_inner": [
            510,
            759
        ],
        "kp_eye_right_outer": [
            603,
            754
        ],
        "kp_mouth_left": [
            547,
            994
        ],
        "kp_mouth_right": [
            344,
            1004
        ],
        "kp_nose_tip": [
            450,
            833
        ],
        "kp_under_lip_bottom": [
            450,
            1022
        ],
        "kp_upper_lip_top": [
            450,
            953
        ],
        "features": [
            2.660824,
            4.703154,
            7.210215,
            -4.855774,
            5.248162,
            1.48742,
            -6.197829,
            2.053488,
            1.219069,
            6.713435,
            -9.127749,
            -8.409428,
            -3.797614,
            6.941,
            5.55763,
            -12.234221,
            -5.602991,
            3.721343,
            5.905185,
            -1.853555,
            -3.020316,
            3.407162,
            -10.143274,
            -7.334275,
            6.555508,
            3.928427,
            -0.528108,
            -0.262987,
            7.026666,
            1.398967,
            0.04553,
            3.950748,
            -1.923746,
            -3.269181,
            -2.703593,
            3.283058,
            3.096503,
            4.606837,
            -0.879933,
            4.143517,
            -1.934616,
            -5.440209,
            -7.470888,
            2.514529,
            5.172624,
            8.082493,
            4.065246,
            3.353611,
            -6.507275,
            -2.520117,
            6.059596,
            -2.187903,
            0.913727,
            -0.570134,
            -0.597168,
            2.443188,
            -2.869385,
            0.452945,
            -1.816875,
            3.214392
        ]
    },
    "image_size": [
        870,
        1918
    ],
    "process_time_in_milliseconds": 629
}
