{
    "props": {
        "face_rect": [
            185,
            763,
            566,
            566
        ],
        "kp_eye_left_inner": [
            402,
            897
        ],
        "kp_eye_left_outer": [
            288,
            897
        ],
        "kp_eye_right_inner": [
            535,
            902
        ],
        "kp_eye_right_outer": [
            638,
            907
        ],
        "kp_mouth_left": [
            571,
            1144
        ],
        "kp_mouth_right": [
            376,
            1144
        ],
        "kp_nose_tip": [
            474,
            1015
        ],
        "kp_under_lip_bottom": [
            479,
            1180
        ],
        "kp_upper_lip_top": [
            474,
            1123
        ],
        "features": [
            5.555366,
            5.916179,
            -2.997738,
            4.820033,
            0.160538,
            7.675437,
            0.977414,
            0.82352,
            4.971008,
            -6.964727,
            -0.651018,
            -2.515214,
            1.365035,
            -4.717463,
            8.561856,
            -4.417002,
            -0.056068,
            -0.468956,
            1.315149,
            0.881681,
            4.336462,
            3.043956,
            2.736178,
            6.753693,
            -4.38589,
            1.418673,
            -5.553797,
            -1.177833,
            6.233091,
            -8.801302,
            0.669501,
            -4.749537,
            -1.83082,
            3.917582,
            -2.774627,
            0.038483,
            -0.730127,
            3.100649,
            -0.107657,
            -0.642944,
            -1.945319,
            -2.717492,
            7.93887,
            0.42879,
            5.795636,
            -7.608676,
            -4.041754,
            -1.0311,
            5.768503,
            0.642306,
            -0.954301,
            6.403692,
            -4.437317,
            3.043881,
            1.253815,
            -4.360637,
            -2.384938,
            4.232928,
            -2.065968,
            4.741777
        ]
    },
    "image_size": [
        870,
        1918
    ],
    "process_time_in_milliseconds": 768
}
