{
    "props": {
        "face_rect": [
            117,
            788,
            609,
            609
        ],
        "kp_eye_left_inner": [
            344,
            938
        ],
        "kp_eye_left_outer": [
            244,
            938
        ],
        "kp_eye_right_inner": [
            486,
            938
        ],
        "kp_eye_right_outer": [
            591,
            928
        ],
        "kp_mouth_left": [
            526,
            1185
        ],
        "kp_mouth_right": [
            334,
            1195
        ],
        "kp_nose_tip": [
            420,
            1079
        ],
        "kp_under_lip_bottom": [
            435,
            1230
        ],
        "kp_upper_lip_top": [
            430,
            1175
        ],
        "features": [
            5.309454,
            6.978541,
            -0.84666,
            4.620193,
            0.148097,
            7.404766,
            0.450839,
            -0.118308,
            6.020006,
            -6.817486,
            0.698772,
            -0.980038,
            2.381513,
            -6.049252,
            8.53158,
            -4.419999,
            0.877987,
            -0.769304,
            3.097278,
            3.051746,
            4.180709,
            2.796366,
            0.784368,
            6.784037,
            -4.859901,
            0.33087,
            -6.222119,
            -1.032336,
            6.456793,
            -8.648979,
            -0.174097,
            -4.380788,
            -0.73627,
            5.069789,
            -3.135791,
            -0.614277,
            0.218298,
            4.039309,
            -0.043903,
            -0.66942,
            -1.21736,
            -3.224253,
            8.702617,
            -0.533462,
            5.2407,
            -8.14376,
            -4.609948,
            -0.73609,
            6.413574,
            0.891248,
            -1.513002,
            6.520483,
            -5.382638,
            2.721097,
            1.965657,
            -4.281539,
            -3.167377,
            4.242212,
            -1.459035,
            2.711972
        ]
    },
    "image_size": [
        870,
        1918
    ],
    "process_time_in_milliseconds": 770
}
