{
    "props": {
        "face_rect": [
            110,
            754,
            582,
            582
        ],
        "kp_eye_left_inner": [
            333,
            906
        ],
        "kp_eye_left_outer": [
            228,
            906
        ],
        "kp_eye_right_inner": [
            468,
            897
        ],
        "kp_eye_right_outer": [
            573,
            887
        ],
        "kp_mouth_left": [
            511,
            1136
        ],
        "kp_mouth_right": [
            314,
            1151
        ],
        "kp_nose_tip": [
            391,
            1017
        ],
        "kp_under_lip_bottom": [
            415,
            1180
        ],
        "kp_upper_lip_top": [
            401,
            1122
        ],
        "features": [
            5.196709,
            6.924743,
            -2.913124,
            4.123284,
            -0.316895,
            7.917162,
            0.704046,
            0.3956,
            3.84783,
            -7.385586,
            -0.210362,
            -2.497345,
            1.54573,
            -4.326591,
            8.62854,
            -4.081111,
            0.462496,
            -0.543683,
            2.577117,
            1.2031,
            4.397593,
            3.671345,
            1.028036,
            5.87766,
            -4.637642,
            0.329302,
            -5.717073,
            -1.490359,
            6.717594,
            -8.313379,
            0.47055,
            -5.025586,
            -1.531573,
            4.625282,
            -2.616521,
            0.219653,
            -0.207832,
            2.652878,
            0.141824,
            -1.851863,
            -1.502282,
            -1.965496,
            8.068665,
            0.038352,
            4.888892,
            -7.047575,
            -4.943449,
            0.433496,
            6.455816,
            -0.064849,
            -1.108964,
            6.544007,
            -4.274406,
            2.881087,
            1.443204,
            -4.634491,
            -2.642392,
            3.700162,
            -1.271373,
            4.58991
        ]
    },
    "image_size": [
        870,
        1918
    ],
    "process_time_in_milliseconds": 763
}
