{
    "props": {
        "face_rect": [
            128,
            755,
            572,
            572
        ],
        "kp_eye_left_inner": [
            346,
            898
        ],
        "kp_eye_left_outer": [
            238,
            903
        ],
        "kp_eye_right_inner": [
            480,
            898
        ],
        "kp_eye_right_outer": [
            583,
            893
        ],
        "kp_mouth_left": [
            524,
            1135
        ],
        "kp_mouth_right": [
            332,
            1145
        ],
        "kp_nose_tip": [
            416,
            1007
        ],
        "kp_under_lip_bottom": [
            425,
            1175
        ],
        "kp_upper_lip_top": [
            420,
            1116
        ],
        "features": [
            5.50715,
            7.15486,
            -1.886478,
            5.166233,
            -0.003545,
            7.407562,
            -0.030445,
            1.054348,
            4.108723,
            -7.715757,
            0.295032,
            -3.351115,
            1.724801,
            -4.343685,
            8.829219,
            -4.606326,
            0.232276,
            -0.114778,
            1.942926,
            0.911942,
            4.140823,
            3.03649,
            1.409941,
            4.828645,
            -5.304536,
            0.887659,
            -6.072404,
            -1.126549,
            6.712953,
            -8.364614,
            0.218575,
            -3.759496,
            -1.273301,
            4.706454,
            -3.589559,
            0.368885,
            -0.925149,
            3.464319,
            0.027168,
            -1.809726,
            -1.094866,
            -2.315295,
            6.424903,
            -0.168082,
            5.333503,
            -6.451559,
            -4.61279,
            -0.088036,
            5.982804,
            -0.135295,
            -0.230055,
            6.620175,
            -4.667681,
            2.895298,
            1.606552,
            -4.859294,
            -2.138127,
            3.528226,
            -1.211719,
            4.738303
        ]
    },
    "image_size": [
        870,
        1918
    ],
    "process_time_in_milliseconds": 572
}
