{
    "props": {
        "face_rect": [
            4,
            601,
            592,
            592
        ],
        "kp_eye_left_inner": [
            260,
            764
        ],
        "kp_eye_left_outer": [
            204,
            769
        ],
        "kp_eye_right_inner": [
            385,
            758
        ],
        "kp_eye_right_outer": [
            499,
            753
        ],
        "kp_mouth_left": [
            390,
            1017
        ],
        "kp_mouth_right": [
            193,
            1007
        ],
        "kp_nose_tip": [
            266,
            852
        ],
        "kp_under_lip_bottom": [
            281,
            1043
        ],
        "kp_upper_lip_top": [
            271,
            971
        ],
        "features": [
            1.296895,
            4.827711,
            5.90784,
            -5.960296,
            3.878822,
            1.344373,
            -4.930294,
            1.168425,
            0.308646,
            6.015484,
            -8.75149,
            -6.630527,
            -2.746643,
            8.07725,
            4.918773,
            -9.780611,
            -6.451373,
            3.244051,
            4.525666,
            0.709293,
            -1.43706,
            3.830962,
            -11.268302,
            -6.132303,
            8.367634,
            1.600486,
            0.336246,
            -0.863659,
            6.049077,
            1.37957,
            0.172482,
            3.388986,
            -1.395394,
            -1.781318,
            -2.07195,
            3.578221,
            2.53703,
            1.404403,
            0.386626,
            2.26843,
            -1.938044,
            -3.720945,
            -7.320785,
            4.818941,
            3.967865,
            8.095471,
            4.055861,
            2.826711,
            -8.128026,
            -4.692549,
            4.616164,
            -1.293956,
            1.762504,
            -1.116789,
            0.53845,
            2.466815,
            -4.454429,
            1.083268,
            -0.84778,
            0.729225
        ]
    },
    "image_size": [
        870,
        1918
    ],
    "process_time_in_milliseconds": 725
}
