{
    "props": {
        "face_rect": [
            140,
            744,
            609,
            609
        ],
        "kp_eye_left_inner": [
            367,
            900
        ],
        "kp_eye_left_outer": [
            263,
            900
        ],
        "kp_eye_right_inner": [
            506,
            900
        ],
        "kp_eye_right_outer": [
            610,
            885
        ],
        "kp_mouth_left": [
            555,
            1143
        ],
        "kp_mouth_right": [
            357,
            1152
        ],
        "kp_nose_tip": [
            446,
            1029
        ],
        "kp_under_lip_bottom": [
            461,
            1187
        ],
        "kp_upper_lip_top": [
            451,
            1128
        ],
        "features": [
            5.410225,
            6.219333,
            -2.782545,
            4.552518,
            -0.56864,
            6.764271,
            1.557576,
            0.525608,
            4.729789,
            -6.835618,
            -0.086898,
            -3.059616,
            1.600821,
            -4.119545,
            8.715985,
            -4.760693,
            0.585165,
            0.014715,
            3.072931,
            2.666423,
            4.090401,
            2.35331,
            -0.087557,
            5.411779,
            -5.04194,
            -0.455017,
            -6.202393,
            -1.920004,
            6.032135,
            -7.400779,
            1.192883,
            -4.719885,
            -1.959635,
            4.138148,
            -2.404154,
            0.428045,
            0.521446,
            3.008394,
            0.384318,
            -1.046426,
            -0.67524,
            -3.535961,
            8.412145,
            -0.649814,
            6.267076,
            -8.038303,
            -4.952142,
            0.781259,
            6.143456,
            1.009312,
            -0.570371,
            6.121334,
            -4.404949,
            2.811389,
            1.796788,
            -3.975692,
            -2.75253,
            3.685502,
            -1.250154,
            4.186241
        ]
    },
    "image_size": [
        870,
        1918
    ],
    "process_time_in_milliseconds": 768
}
