{
    "props": {
        "face_rect": [
            181,
            638,
            485,
            485
        ],
        "kp_eye_left_inner": [
            362,
            713
        ],
        "kp_eye_left_outer": [
            255,
            789
        ],
        "kp_eye_right_inner": [
            501,
            772
        ],
        "kp_eye_right_outer": [
            582,
            783
        ],
        "kp_mouth_left": [
            533,
            981
        ],
        "kp_mouth_right": [
            319,
            981
        ],
        "kp_nose_tip": [
            421,
            772
        ],
        "kp_under_lip_bottom": [
            432,
            987
        ],
        "kp_upper_lip_top": [
            426,
            923
        ],
        "features": [
            3.322765,
            6.914013,
            -1.033718,
            2.958254,
            -1.624849,
            4.524518,
            -3.968708,
            -0.16791,
            2.271183,
            -6.899982,
            -3.234344,
            -0.08114,
            2.908092,
            -1.190678,
            4.424124,
            0.230711,
            -2.608135,
            -2.129763,
            1.264802,
            -1.612688,
            3.960006,
            3.989355,
            -2.998342,
            4.130566,
            -1.1144,
            1.63524,
            -0.475075,
            -2.648394,
            5.540316,
            -3.268028,
            2.159351,
            -5.122941,
            -0.222347,
            4.39798,
            -1.135544,
            2.097503,
            -0.463724,
            0.265957,
            5.620605,
            1.7726,
            2.110911,
            -0.523894,
            3.589736,
            0.363933,
            5.492898,
            -1.80203,
            -2.689241,
            3.878703,
            7.169275,
            0.769081,
            -0.876211,
            7.337667,
            0.473942,
            0.025511,
            -4.139554,
            -1.088556,
            -1.698639,
            1.00371,
            1.553793,
            5.536583
        ]
    },
    "image_size": [
        870,
        1918
    ],
    "process_time_in_milliseconds": 772
}
