{
    "props": {
        "face_rect": [
            337,
            636,
            530,
            530
        ],
        "kp_eye_left_inner": [
            537,
            766
        ],
        "kp_eye_left_outer": [
            425,
            750
        ],
        "kp_eye_right_inner": [
            654,
            776
        ],
        "kp_eye_right_outer": [
            723,
            782
        ],
        "kp_mouth_left": [
            680,
            1016
        ],
        "kp_mouth_right": [
            494,
            1016
        ],
        "kp_nose_tip": [
            643,
            856
        ],
        "kp_under_lip_bottom": [
            611,
            1042
        ],
        "kp_upper_lip_top": [
            622,
            973
        ],
        "features": [
            2.267585,
            4.873879,
            7.326174,
            -5.170488,
            4.55424,
            0.168113,
            -5.739158,
            0.907912,
            1.906114,
            5.34883,
            -10.332723,
            -8.998753,
            -2.933634,
            6.802636,
            4.404624,
            -10.897651,
            -8.036216,
            3.146994,
            4.936426,
            0.331055,
            -2.52777,
            2.28641,
            -9.891117,
            -8.205542,
            7.104796,
            3.172807,
            0.263986,
            -0.297056,
            6.567398,
            2.683287,
            -0.371742,
            4.362248,
            -1.119538,
            -1.944491,
            -1.113765,
            4.392237,
            2.879103,
            2.909333,
            0.039682,
            4.521142,
            -0.068456,
            -6.480156,
            -9.475597,
            2.96457,
            5.834792,
            9.494947,
            3.202418,
            2.989542,
            -7.601488,
            -4.74635,
            6.374765,
            -2.894132,
            0.936896,
            0.420245,
            -0.394264,
            2.93651,
            -3.477817,
            -0.554586,
            -0.881774,
            1.861904
        ]
    },
    "image_size": [
        870,
        1918
    ],
    "process_time_in_milliseconds": 718
}
