{
    "props": {
        "face_rect": [
            -10,
            750,
            570,
            570
        ],
        "kp_eye_left_inner": [
            208,
            901
        ],
        "kp_eye_left_outer": [
            148,
            906
        ],
        "kp_eye_right_inner": [
            343,
            891
        ],
        "kp_eye_right_outer": [
            463,
            891
        ],
        "kp_mouth_left": [
            378,
            1141
        ],
        "kp_mouth_right": [
            198,
            1141
        ],
        "kp_nose_tip": [
            233,
            991
        ],
        "kp_under_lip_bottom": [
            263,
            1171
        ],
        "kp_upper_lip_top": [
            248,
            1116
        ],
        "features": [
            8.011051,
            10.049314,
            -0.752175,
            4.789327,
            3.15917,
            5.364605,
            -0.042138,
            -0.136187,
            2.432445,
            -4.411013,
            -4.186693,
            -0.336618,
            4.215165,
            0.942013,
            5.082665,
            -3.136663,
            -0.388261,
            -1.948939,
            4.023545,
            1.976912,
            3.978706,
            1.245153,
            -2.860915,
            5.56426,
            -3.882376,
            0.078249,
            -2.076183,
            -0.876282,
            4.65514,
            -5.199522,
            -1.39792,
            -0.310492,
            2.051774,
            4.206233,
            -1.067962,
            -1.208889,
            -1.076732,
            0.164748,
            1.882096,
            0.977799,
            4.507783,
            -3.727059,
            6.353285,
            -1.222764,
            2.830245,
            -3.345044,
            -5.524628,
            -2.045821,
            3.491258,
            1.75599,
            -0.409337,
            6.610228,
            -3.423737,
            2.37438,
            0.281978,
            -4.291965,
            -3.681471,
            2.442356,
            -2.823868,
            5.55392
        ]
    },
    "image_size": [
        870,
        1918
    ],
    "process_time_in_milliseconds": 805
}
