{
    "props": {
        "face_rect": [
            129,
            752,
            572,
            572
        ],
        "kp_eye_left_inner": [
            345,
            894
        ],
        "kp_eye_left_outer": [
            239,
            903
        ],
        "kp_eye_right_inner": [
            480,
            894
        ],
        "kp_eye_right_outer": [
            582,
            894
        ],
        "kp_mouth_left": [
            524,
            1135
        ],
        "kp_mouth_right": [
            331,
            1145
        ],
        "kp_nose_tip": [
            413,
            1000
        ],
        "kp_under_lip_bottom": [
            427,
            1174
        ],
        "kp_upper_lip_top": [
            422,
            1111
        ],
        "features": [
            5.301382,
            7.513206,
            -1.53169,
            5.047327,
            -0.093988,
            7.140989,
            0.024692,
            1.252846,
            3.928984,
            -7.728267,
            0.61462,
            -3.012107,
            2.229471,
            -4.239995,
            8.670508,
            -4.306225,
            0.436543,
            -0.097632,
            2.076047,
            1.309027,
            4.257752,
            2.492977,
            0.809278,
            4.737421,
            -5.785528,
            0.810354,
            -5.981253,
            -1.128574,
            6.945872,
            -8.371875,
            0.015965,
            -3.35794,
            -1.14362,
            5.062186,
            -3.296383,
            0.2785,
            -0.906319,
            3.747401,
            0.308108,
            -1.970853,
            -0.599537,
            -2.466237,
            6.357521,
            -0.750725,
            5.377419,
            -6.939107,
            -4.599174,
            -0.318784,
            6.137506,
            -0.348857,
            -0.214459,
            6.39663,
            -4.452087,
            2.975422,
            1.026094,
            -4.79183,
            -1.737338,
            3.529935,
            -1.229812,
            4.694127
        ]
    },
    "image_size": [
        870,
        1918
    ],
    "process_time_in_milliseconds": 796
}
