{
    "props": {
        "face_rect": [
            118,
            797,
            595,
            595
        ],
        "kp_eye_left_inner": [
            339,
            940
        ],
        "kp_eye_left_outer": [
            241,
            949
        ],
        "kp_eye_right_inner": [
            480,
            940
        ],
        "kp_eye_right_outer": [
            582,
            940
        ],
        "kp_mouth_left": [
            523,
            1183
        ],
        "kp_mouth_right": [
            329,
            1192
        ],
        "kp_nose_tip": [
            416,
            1081
        ],
        "kp_under_lip_bottom": [
            431,
            1231
        ],
        "kp_upper_lip_top": [
            421,
            1173
        ],
        "features": [
            5.272752,
            5.866553,
            -0.85155,
            4.539968,
            0.488297,
            5.6208,
            1.282553,
            0.412751,
            6.655647,
            -7.888068,
            -1.421717,
            -2.75163,
            2.31503,
            -3.946493,
            7.531444,
            -3.361197,
            -0.755485,
            -2.120959,
            2.106954,
            2.989418,
            4.125812,
            2.824719,
            -0.312449,
            8.541882,
            -3.374769,
            1.374027,
            -6.708956,
            -0.989162,
            6.266905,
            -8.009015,
            1.313191,
            -5.895862,
            -1.979695,
            4.20033,
            -0.518453,
            0.729547,
            1.371405,
            2.114579,
            -0.522993,
            0.396147,
            -1.346784,
            -3.648765,
            7.287803,
            -0.8488,
            6.282382,
            -8.623466,
            -3.716215,
            -0.881878,
            4.675237,
            3.032351,
            -1.191739,
            7.015693,
            -2.639766,
            0.89119,
            0.747416,
            -3.852512,
            -4.268901,
            5.010892,
            -2.266619,
            3.595122
        ]
    },
    "image_size": [
        870,
        1918
    ],
    "process_time_in_milliseconds": 780
}
