{
    "props": {
        "face_rect": [
            -6,
            744,
            579,
            579
        ],
        "kp_eye_left_inner": [
            220,
            894
        ],
        "kp_eye_left_outer": [
            160,
            899
        ],
        "kp_eye_right_inner": [
            355,
            889
        ],
        "kp_eye_right_outer": [
            470,
            884
        ],
        "kp_mouth_left": [
            390,
            1139
        ],
        "kp_mouth_right": [
            205,
            1139
        ],
        "kp_nose_tip": [
            245,
            994
        ],
        "kp_under_lip_bottom": [
            275,
            1174
        ],
        "kp_upper_lip_top": [
            260,
            1119
        ],
        "features": [
            7.39227,
            10.65624,
            -1.010643,
            5.008487,
            3.113075,
            5.218851,
            0.630817,
            0.263155,
            2.348604,
            -4.031025,
            -5.372674,
            -1.065543,
            3.596372,
            1.065118,
            4.533715,
            -3.13413,
            0.431074,
            -1.073225,
            4.309952,
            1.043219,
            3.817252,
            1.249237,
            -2.057046,
            5.232717,
            -3.89931,
            0.281042,
            -2.52897,
            -0.801747,
            4.263617,
            -5.651996,
            -1.558349,
            0.855674,
            2.550761,
            3.847769,
            -1.536122,
            -1.039916,
            -0.824473,
            -0.046955,
            1.045079,
            0.094061,
            5.318533,
            -3.163033,
            6.334432,
            -1.109572,
            2.891136,
            -2.945698,
            -6.306198,
            -2.10884,
            3.101651,
            1.761441,
            -0.43598,
            5.62656,
            -2.738911,
            3.09272,
            0.695723,
            -5.003484,
            -3.352051,
            2.883224,
            -2.228229,
            4.948812
        ]
    },
    "image_size": [
        870,
        1918
    ],
    "process_time_in_milliseconds": 800
}
