{
    "props": {
        "face_rect": [
            122,
            755,
            574,
            574
        ],
        "kp_eye_left_inner": [
            343,
            895
        ],
        "kp_eye_left_outer": [
            245,
            900
        ],
        "kp_eye_right_inner": [
            480,
            890
        ],
        "kp_eye_right_outer": [
            593,
            885
        ],
        "kp_mouth_left": [
            519,
            1136
        ],
        "kp_mouth_right": [
            318,
            1140
        ],
        "kp_nose_tip": [
            397,
            1013
        ],
        "kp_under_lip_bottom": [
            416,
            1180
        ],
        "kp_upper_lip_top": [
            407,
            1121
        ],
        "features": [
            4.832229,
            6.73391,
            -2.781016,
            4.078429,
            -0.267144,
            7.378941,
            1.424804,
            0.066062,
            3.859934,
            -7.612768,
            0.695273,
            -2.982063,
            2.287793,
            -4.761487,
            8.242546,
            -4.03373,
            0.713762,
            -0.767704,
            2.744071,
            1.973476,
            4.144079,
            3.01143,
            0.449794,
            5.621327,
            -4.947213,
            0.245584,
            -6.292897,
            -1.540364,
            6.384192,
            -8.057267,
            0.293677,
            -4.661561,
            -1.054651,
            4.236923,
            -2.491629,
            0.101937,
            0.136912,
            2.589166,
            -0.04149,
            -2.333739,
            -1.549064,
            -2.123911,
            8.414788,
            -0.48671,
            4.776222,
            -7.237554,
            -5.661782,
            0.435015,
            6.784164,
            0.413786,
            -1.616212,
            6.625875,
            -3.99084,
            2.823837,
            1.780329,
            -4.875381,
            -2.635664,
            3.295122,
            -1.204937,
            4.328375
        ]
    },
    "image_size": [
        870,
        1918
    ],
    "process_time_in_milliseconds": 776
}
