{
    "props": {
        "face_rect": [
            170,
            627,
            554,
            554
        ],
        "kp_eye_left_inner": [
            384,
            767
        ],
        "kp_eye_left_outer": [
            285,
            767
        ],
        "kp_eye_right_inner": [
            511,
            762
        ],
        "kp_eye_right_outer": [
            615,
            757
        ],
        "kp_mouth_left": [
            549,
            1012
        ],
        "kp_mouth_right": [
            342,
            1016
        ],
        "kp_nose_tip": [
            445,
            856
        ],
        "kp_under_lip_bottom": [
            450,
            1049
        ],
        "kp_upper_lip_top": [
            450,
            979
        ],
        "features": [
            2.882889,
            4.699767,
            6.016596,
            -5.62171,
            4.907684,
            1.229879,
            -4.479171,
            1.897941,
            -0.21384,
            5.29979,
            -8.391412,
            -8.608829,
            -5.242697,
            7.52299,
            4.987436,
            -11.658129,
            -5.755342,
            4.591667,
            3.972541,
            0.201949,
            -2.378181,
            3.624684,
            -10.610003,
            -6.523347,
            7.722822,
            2.859841,
            -1.842349,
            0.314111,
            6.615527,
            1.00987,
            -0.399271,
            3.451881,
            -1.381931,
            -2.615757,
            -2.065999,
            3.756222,
            3.319355,
            4.436738,
            -0.410308,
            2.936077,
            -2.499654,
            -7.089517,
            -9.36356,
            2.90383,
            4.347867,
            8.157116,
            4.156175,
            5.075948,
            -7.456715,
            -2.990741,
            5.105133,
            -0.499049,
            2.358135,
            1.175709,
            1.938544,
            2.782945,
            -4.793984,
            0.617661,
            -2.444109,
            1.649735
        ]
    },
    "image_size": [
        870,
        1918
    ],
    "process_time_in_milliseconds": 942
}
