{
    "props": {
        "face_rect": [
            150,
            631,
            546,
            546
        ],
        "kp_eye_left_inner": [
            364,
            771
        ],
        "kp_eye_left_outer": [
            263,
            775
        ],
        "kp_eye_right_inner": [
            488,
            761
        ],
        "kp_eye_right_outer": [
            589,
            757
        ],
        "kp_mouth_left": [
            525,
            1009
        ],
        "kp_mouth_right": [
            323,
            1018
        ],
        "kp_nose_tip": [
            419,
            858
        ],
        "kp_under_lip_bottom": [
            424,
            1046
        ],
        "kp_upper_lip_top": [
            424,
            977
        ],
        "features": [
            2.783448,
            4.216034,
            6.931458,
            -5.823705,
            4.598974,
            1.448472,
            -5.181916,
            1.952895,
            -0.098795,
            6.203018,
            -8.295446,
            -8.123636,
            -3.993466,
            7.036163,
            5.331739,
            -11.870618,
            -5.620557,
            4.957682,
            4.595571,
            -0.053847,
            -2.216647,
            3.01209,
            -9.881196,
            -7.565598,
            6.831521,
            2.675585,
            -1.043388,
            -0.409598,
            6.722875,
            1.670852,
            -0.564156,
            3.095428,
            -2.15399,
            -3.049712,
            -2.24963,
            3.833344,
            2.807351,
            4.50699,
            -0.947378,
            3.927901,
            -2.844078,
            -6.249286,
            -8.961729,
            2.482986,
            4.927979,
            8.484663,
            4.615636,
            4.284831,
            -7.188773,
            -3.501288,
            5.842693,
            -0.944077,
            1.541377,
            -0.018361,
            1.242253,
            2.991099,
            -4.31484,
            1.284082,
            -2.09726,
            2.172436
        ]
    },
    "image_size": [
        870,
        1918
    ],
    "process_time_in_milliseconds": 758
}
