{
    "props": {
        "face_rect": [
            156,
            761,
            570,
            570
        ],
        "kp_eye_left_inner": [
            371,
            898
        ],
        "kp_eye_left_outer": [
            272,
            898
        ],
        "kp_eye_right_inner": [
            508,
            898
        ],
        "kp_eye_right_outer": [
            617,
            898
        ],
        "kp_mouth_left": [
            548,
            1139
        ],
        "kp_mouth_right": [
            346,
            1144
        ],
        "kp_nose_tip": [
            440,
            1021
        ],
        "kp_under_lip_bottom": [
            449,
            1183
        ],
        "kp_upper_lip_top": [
            444,
            1124
        ],
        "features": [
            5.125324,
            6.27266,
            -2.567375,
            4.130415,
            -0.625469,
            7.192037,
            1.0792,
            -0.474907,
            4.726437,
            -7.424328,
            0.97357,
            -2.574749,
            1.743254,
            -4.992298,
            8.426945,
            -3.879179,
            0.413474,
            -0.493231,
            3.315451,
            2.432928,
            3.947675,
            3.236586,
            1.355528,
            6.436811,
            -4.384361,
            0.607918,
            -6.184617,
            -1.800688,
            7.068863,
            -8.13513,
            0.544902,
            -5.706737,
            -1.877362,
            4.39252,
            -2.566938,
            0.46618,
            0.447846,
            3.240454,
            -0.452145,
            -2.067289,
            -2.166079,
            -2.027519,
            8.326271,
            0.010548,
            5.683055,
            -7.522753,
            -4.512533,
            0.410334,
            6.466237,
            0.938708,
            -1.167582,
            6.848389,
            -4.452857,
            3.126749,
            1.665626,
            -5.104517,
            -2.266071,
            3.833808,
            -1.609842,
            4.155242
        ]
    },
    "image_size": [
        870,
        1918
    ],
    "process_time_in_milliseconds": 792
}
