{
    "props": {
        "face_rect": [
            140,
            502,
            487,
            487
        ],
        "kp_eye_left_inner": [
            359,
            639
        ],
        "kp_eye_left_outer": [
            286,
            608
        ],
        "kp_eye_right_inner": [
            447,
            665
        ],
        "kp_eye_right_outer": [
            515,
            685
        ],
        "kp_mouth_left": [
            405,
            841
        ],
        "kp_mouth_right": [
            283,
            803
        ],
        "kp_nose_tip": [
            359,
            738
        ],
        "kp_under_lip_bottom": [
            332,
            852
        ],
        "kp_upper_lip_top": [
            344,
            810
        ],
        "features": [
            -0.804783,
            7.825986,
            -2.471621,
            -1.86478,
            2.23893,
            -4.559276,
            0.389101,
            2.494943,
            9.533027,
            -8.202352,
            5.160772,
            -4.015603,
            6.915187,
            -5.180376,
            3.709376,
            -2.886795,
            -0.708775,
            7.735889,
            -7.393737,
            4.325597,
            5.480178,
            -7.713655,
            7.622415,
            0.637186,
            0.018725,
            2.054242,
            -8.525465,
            2.016111,
            -0.123926,
            -4.923028,
            -0.56033,
            2.78514,
            -2.277656,
            0.461228,
            -2.827733,
            5.536469,
            0.145545,
            -0.482608,
            -1.259778,
            -5.850132,
            -1.15423,
            -1.417552,
            -2.184512,
            -1.41985,
            6.507197,
            -4.353566,
            -2.360005,
            -1.620311,
            1.488573,
            -0.04943,
            1.631055,
            10.604551,
            2.415638,
            4.088166,
            1.543076,
            -4.035112,
            -1.743498,
            0.843468,
            -1.408147,
            0.074392
        ]
    },
    "image_size": [
        720,
        1280
    ],
    "process_time_in_milliseconds": 1481
}
