{
    "props": {
        "face_rect": [
            237,
            414,
            396,
            396
        ],
        "kp_eye_left_inner": [
            375,
            535
        ],
        "kp_eye_left_outer": [
            306,
            545
        ],
        "kp_eye_right_inner": [
            458,
            531
        ],
        "kp_eye_right_outer": [
            499,
            542
        ],
        "kp_mouth_left": [
            509,
            659
        ],
        "kp_mouth_right": [
            406,
            669
        ],
        "kp_nose_tip": [
            444,
            552
        ],
        "kp_under_lip_bottom": [
            472,
            673
        ],
        "kp_upper_lip_top": [
            461,
            628
        ],
        "features": [
            3.142926,
            10.477832,
            1.734278,
            0.021037,
            6.082245,
            -2.582452,
            -2.252371,
            2.728537,
            7.576657,
            -5.55,
            -0.622629,
            -6.000291,
            5.591489,
            -1.216512,
            3.596948,
            -3.657877,
            -3.555694,
            5.812878,
            -3.528448,
            3.508159,
            7.290559,
            -5.386005,
            6.007673,
            3.059762,
            -0.661545,
            2.336972,
            -8.825013,
            2.315696,
            -2.7575,
            -4.097534,
            -1.658088,
            4.790727,
            0.338997,
            5.602363,
            -2.8252,
            5.007176,
            2.23717,
            -2.6472,
            0.685554,
            -1.810821,
            3.538701,
            -1.379794,
            0.719426,
            0.397824,
            10.493594,
            -0.678098,
            -3.593694,
            -1.523227,
            1.0981,
            -0.96998,
            3.931896,
            8.995543,
            0.854114,
            4.954685,
            -0.28275,
            -4.608266,
            -4.404714,
            0.081906,
            2.319169,
            1.124792
        ]
    },
    "image_size": [
        720,
        1280
    ],
    "process_time_in_milliseconds": 715
}
