{
    "props": {
        "face_rect": [
            233,
            444,
            373,
            373
        ],
        "kp_eye_left_inner": [
            367,
            555
        ],
        "kp_eye_left_outer": [
            296,
            561
        ],
        "kp_eye_right_inner": [
            448,
            552
        ],
        "kp_eye_right_outer": [
            497,
            555
        ],
        "kp_mouth_left": [
            487,
            691
        ],
        "kp_mouth_right": [
            383,
            704
        ],
        "kp_nose_tip": [
            438,
            591
        ],
        "kp_under_lip_bottom": [
            451,
            714
        ],
        "kp_upper_lip_top": [
            445,
            668
        ],
        "features": [
            3.583342,
            9.263917,
            0.623446,
            -2.351317,
            5.433424,
            -4.733131,
            -2.091471,
            2.022909,
            7.440642,
            -5.707013,
            2.100567,
            -1.509945,
            8.6024,
            -1.922665,
            2.941575,
            -4.632616,
            -2.299328,
            6.114571,
            -6.783137,
            4.739536,
            5.23825,
            -6.882313,
            6.727858,
            2.954238,
            -0.526566,
            1.276958,
            -8.452964,
            3.012447,
            -3.38163,
            -4.080981,
            -0.57027,
            5.183586,
            -1.203649,
            3.15199,
            -4.070245,
            2.320071,
            1.956218,
            -1.527916,
            -0.396107,
            -2.798357,
            2.620021,
            -1.608266,
            0.639016,
            -1.041677,
            7.640081,
            -2.946173,
            -0.893246,
            -0.289292,
            1.675009,
            -0.497917,
            5.232155,
            12.075884,
            2.668208,
            4.0169,
            -2.157075,
            -2.410657,
            -4.811929,
            0.497093,
            0.158714,
            1.998637
        ]
    },
    "image_size": [
        720,
        1280
    ],
    "process_time_in_milliseconds": 748
}
