{
    "props": {
        "face_rect": [
            115,
            798,
            598,
            598
        ],
        "kp_eye_left_inner": [
            343,
            952
        ],
        "kp_eye_left_outer": [
            241,
            957
        ],
        "kp_eye_right_inner": [
            484,
            948
        ],
        "kp_eye_right_outer": [
            586,
            943
        ],
        "kp_mouth_left": [
            526,
            1195
        ],
        "kp_mouth_right": [
            329,
            1205
        ],
        "kp_nose_tip": [
            418,
            1102
        ],
        "kp_under_lip_bottom": [
            432,
            1242
        ],
        "kp_upper_lip_top": [
            428,
            1191
        ],
        "features": [
            4.418704,
            6.303663,
            -1.409547,
            4.846524,
            0.991559,
            5.915052,
            1.012883,
            -0.442554,
            6.344756,
            -7.873763,
            -0.937926,
            -2.687945,
            3.379184,
            -5.256484,
            8.012047,
            -4.555177,
            -0.841398,
            -1.261606,
            2.734209,
            3.399651,
            4.5157,
            3.024487,
            0.774872,
            8.124269,
            -3.740471,
            0.299162,
            -6.443624,
            -1.138845,
            6.274945,
            -8.023778,
            0.235811,
            -4.691363,
            -1.668235,
            4.610947,
            -1.264513,
            0.204715,
            0.628424,
            1.547535,
            -0.129093,
            -0.481775,
            -1.130341,
            -4.719919,
            8.473605,
            -0.917488,
            6.468281,
            -8.712753,
            -4.728108,
            -0.049502,
            4.486219,
            2.67904,
            -1.616566,
            8.269267,
            -4.06574,
            2.147329,
            2.112926,
            -4.071335,
            -5.691381,
            5.410375,
            -1.80486,
            3.029515
        ]
    },
    "image_size": [
        870,
        1918
    ],
    "process_time_in_milliseconds": 800
}
