{
    "props": {
        "face_rect": [
            162,
            627,
            543,
            543
        ],
        "kp_eye_left_inner": [
            371,
            765
        ],
        "kp_eye_left_outer": [
            268,
            770
        ],
        "kp_eye_right_inner": [
            501,
            760
        ],
        "kp_eye_right_outer": [
            603,
            756
        ],
        "kp_mouth_left": [
            538,
            1007
        ],
        "kp_mouth_right": [
            333,
            1016
        ],
        "kp_nose_tip": [
            431,
            853
        ],
        "kp_under_lip_bottom": [
            436,
            1040
        ],
        "kp_upper_lip_top": [
            436,
            960
        ],
        "features": [
            2.992342,
            4.076609,
            7.025118,
            -5.305279,
            4.612598,
            1.592026,
            -5.076807,
            2.154948,
            0.095031,
            5.876714,
            -8.621485,
            -8.607455,
            -4.147069,
            6.790716,
            5.20084,
            -11.789045,
            -5.646283,
            4.330227,
            4.702478,
            -0.507047,
            -2.419092,
            2.997141,
            -9.892766,
            -7.64843,
            6.85274,
            2.875441,
            -0.973878,
            -0.030267,
            6.812297,
            1.523884,
            -0.247247,
            3.230143,
            -2.019179,
            -3.064074,
            -2.356979,
            3.951372,
            2.534602,
            4.725574,
            -1.223233,
            4.10144,
            -2.623145,
            -6.234209,
            -9.015665,
            2.210767,
            5.072298,
            8.472928,
            4.507131,
            4.301076,
            -7.115825,
            -3.150504,
            5.729651,
            -1.212109,
            1.586295,
            -0.324094,
            0.948781,
            2.9407,
            -4.178954,
            0.902858,
            -2.341076,
            2.828335
        ]
    },
    "image_size": [
        870,
        1918
    ],
    "process_time_in_milliseconds": 750
}
