{
    "props": {
        "face_rect": [
            128,
            758,
            580,
            580
        ],
        "kp_eye_left_inner": [
            345,
            907
        ],
        "kp_eye_left_outer": [
            245,
            907
        ],
        "kp_eye_right_inner": [
            480,
            902
        ],
        "kp_eye_right_outer": [
            585,
            897
        ],
        "kp_mouth_left": [
            525,
            1142
        ],
        "kp_mouth_right": [
            330,
            1152
        ],
        "kp_nose_tip": [
            415,
            1022
        ],
        "kp_under_lip_bottom": [
            435,
            1182
        ],
        "kp_upper_lip_top": [
            425,
            1122
        ],
        "features": [
            5.593124,
            6.747053,
            -1.280928,
            5.252326,
            -0.254942,
            7.21003,
            -0.259259,
            1.010521,
            4.448416,
            -7.816482,
            0.631418,
            -2.820686,
            1.731796,
            -4.595578,
            8.755131,
            -4.499029,
            0.635918,
            -0.369409,
            2.055202,
            0.94041,
            3.483092,
            3.385645,
            1.793734,
            5.556534,
            -5.496254,
            0.780157,
            -6.47033,
            -1.387984,
            6.993631,
            -8.25737,
            -0.067019,
            -4.333003,
            -1.3411,
            4.572511,
            -3.703424,
            -0.168763,
            -0.321465,
            3.943538,
            -0.141272,
            -1.657274,
            -1.358589,
            -2.192688,
            7.141992,
            0.450836,
            5.494665,
            -6.442654,
            -4.696991,
            0.175342,
            6.531243,
            0.49561,
            -0.167029,
            7.132975,
            -4.810488,
            2.949098,
            1.579058,
            -5.155001,
            -1.824103,
            3.314424,
            -1.004394,
            4.00278
        ]
    },
    "image_size": [
        870,
        1918
    ],
    "process_time_in_milliseconds": 874
}
