{
    "props": {
        "face_rect": [
            260,
            592,
            382,
            382
        ],
        "kp_eye_left_inner": [
            387,
            673
        ],
        "kp_eye_left_outer": [
            310,
            682
        ],
        "kp_eye_right_inner": [
            515,
            664
        ],
        "kp_eye_right_outer": [
            597,
            677
        ],
        "kp_mouth_left": [
            556,
            837
        ],
        "kp_mouth_right": [
            355,
            837
        ],
        "kp_nose_tip": [
            460,
            659
        ],
        "kp_under_lip_bottom": [
            451,
            837
        ],
        "kp_upper_lip_top": [
            456,
            778
        ],
        "features": [
            3.184441,
            4.777159,
            5.764684,
            -1.773408,
            3.375353,
            1.05694,
            -3.269633,
            0.753462,
            2.460164,
            6.222988,
            -10.198743,
            -5.634622,
            -2.330828,
            3.678012,
            3.893418,
            -8.995304,
            -5.196572,
            2.828997,
            4.299241,
            1.186053,
            -4.00812,
            4.298781,
            -8.049868,
            -7.098804,
            5.215449,
            5.518291,
            1.58116,
            -1.05348,
            6.729417,
            -0.942288,
            2.557519,
            3.469352,
            0.966743,
            0.132466,
            -3.271053,
            1.267046,
            1.767452,
            6.060991,
            -3.423546,
            5.279801,
            1.932105,
            -0.189372,
            -5.743463,
            0.613144,
            5.819235,
            7.82689,
            3.0887,
            1.039137,
            -4.060174,
            -3.047067,
            4.574017,
            -3.895254,
            -0.080826,
            0.020264,
            -3.877602,
            2.163615,
            -0.886427,
            0.528649,
            1.059895,
            5.403997
        ]
    },
    "image_size": [
        870,
        1918
    ],
    "process_time_in_milliseconds": 774
}
