{
    "props": {
        "face_rect": [
            136,
            721,
            554,
            554
        ],
        "kp_eye_left_inner": [
            345,
            865
        ],
        "kp_eye_left_outer": [
            239,
            870
        ],
        "kp_eye_right_inner": [
            482,
            859
        ],
        "kp_eye_right_outer": [
            583,
            859
        ],
        "kp_mouth_left": [
            522,
            1097
        ],
        "kp_mouth_right": [
            325,
            1107
        ],
        "kp_nose_tip": [
            411,
            950
        ],
        "kp_under_lip_bottom": [
            421,
            1132
        ],
        "kp_upper_lip_top": [
            416,
            1067
        ],
        "features": [
            4.893754,
            7.410543,
            -3.755223,
            4.023759,
            0.254034,
            8.0674,
            0.809938,
            -0.431584,
            3.659908,
            -8.593376,
            -0.658992,
            -3.150374,
            1.022212,
            -4.262903,
            8.640648,
            -2.962507,
            0.304988,
            -0.790385,
            1.545455,
            0.926621,
            3.805512,
            3.396431,
            0.707116,
            5.153284,
            -4.03409,
            0.265837,
            -5.505931,
            -1.182305,
            7.135998,
            -7.919586,
            1.37853,
            -4.267887,
            -0.333702,
            3.691716,
            -3.73405,
            -0.266255,
            -0.161487,
            3.041304,
            -0.141575,
            -3.25139,
            0.026452,
            -0.536276,
            6.496265,
            1.330379,
            4.140004,
            -4.840481,
            -5.074043,
            1.357346,
            6.191305,
            -0.927486,
            -1.422218,
            6.600588,
            -3.095762,
            2.588732,
            0.905881,
            -3.813473,
            -1.964681,
            1.966418,
            -0.934799,
            4.896787
        ]
    },
    "image_size": [
        870,
        1918
    ],
    "process_time_in_milliseconds": 787
}
