{
    "props": {
        "face_rect": [
            69,
            447,
            451,
            451
        ],
        "kp_eye_left_inner": [
            221,
            607
        ],
        "kp_eye_left_outer": [
            159,
            640
        ],
        "kp_eye_right_inner": [
            301,
            574
        ],
        "kp_eye_right_outer": [
            352,
            556
        ],
        "kp_mouth_left": [
            385,
            710
        ],
        "kp_mouth_right": [
            272,
            765
        ],
        "kp_nose_tip": [
            287,
            637
        ],
        "kp_under_lip_bottom": [
            345,
            750
        ],
        "kp_upper_lip_top": [
            323,
            702
        ],
        "features": [
            0.726185,
            8.126305,
            -1.84609,
            -5.320048,
            4.425098,
            -4.353292,
            0.019076,
            2.153136,
            5.756989,
            -6.32281,
            3.670271,
            -3.436068,
            8.778008,
            -1.727514,
            2.827329,
            -1.713998,
            1.122978,
            7.206174,
            -6.766006,
            5.439987,
            5.616177,
            -5.669902,
            9.300226,
            2.493032,
            -0.215083,
            -1.789066,
            -7.728148,
            6.762156,
            -3.049215,
            -4.628771,
            1.303986,
            4.283143,
            -1.890707,
            3.681463,
            -4.378226,
            3.099903,
            1.410788,
            -1.575344,
            -2.539573,
            -6.717558,
            0.801063,
            2.62535,
            3.040948,
            -1.983765,
            8.018779,
            -4.445381,
            -1.670643,
            0.2796,
            3.90532,
            -0.72072,
            4.925316,
            13.625723,
            2.948644,
            3.407859,
            -0.952564,
            -2.465395,
            -2.719782,
            -1.900859,
            0.266246,
            1.606744
        ]
    },
    "image_size": [
        720,
        1280
    ],
    "process_time_in_milliseconds": 511
}
