{
    "props": {
        "face_rect": [
            147,
            751,
            596,
            596
        ],
        "kp_eye_left_inner": [
            373,
            903
        ],
        "kp_eye_left_outer": [
            264,
            903
        ],
        "kp_eye_right_inner": [
            510,
            898
        ],
        "kp_eye_right_outer": [
            609,
            893
        ],
        "kp_mouth_left": [
            555,
            1139
        ],
        "kp_mouth_right": [
            353,
            1154
        ],
        "kp_nose_tip": [
            446,
            1026
        ],
        "kp_under_lip_bottom": [
            461,
            1188
        ],
        "kp_upper_lip_top": [
            451,
            1124
        ],
        "features": [
            5.093524,
            6.381584,
            -2.163818,
            4.249559,
            -0.617715,
            6.869751,
            1.037223,
            0.298807,
            4.717597,
            -6.313177,
            0.121506,
            -2.876474,
            1.530988,
            -4.671216,
            8.610763,
            -4.487635,
            0.340147,
            -0.064125,
            4.042874,
            2.51387,
            3.953131,
            2.436596,
            -0.127157,
            5.482944,
            -4.467038,
            -0.161968,
            -6.009391,
            -2.122662,
            6.452444,
            -7.394855,
            0.721988,
            -4.712694,
            -1.913383,
            4.441646,
            -2.617521,
            0.429589,
            0.429698,
            3.312822,
            0.887072,
            -0.882534,
            -0.986192,
            -3.808844,
            8.58784,
            -0.404498,
            6.295457,
            -7.69828,
            -5.014917,
            0.784669,
            5.917308,
            1.278291,
            -0.828336,
            6.034642,
            -4.629753,
            3.229577,
            1.634441,
            -4.438903,
            -2.596585,
            3.425047,
            -1.358166,
            3.741182
        ]
    },
    "image_size": [
        870,
        1918
    ],
    "process_time_in_milliseconds": 908
}
