{
    "props": {
        "face_rect": [
            298,
            630,
            539,
            539
        ],
        "kp_eye_left_inner": [
            498,
            760
        ],
        "kp_eye_left_outer": [
            389,
            755
        ],
        "kp_eye_right_inner": [
            630,
            774
        ],
        "kp_eye_right_outer": [
            699,
            774
        ],
        "kp_mouth_left": [
            650,
            1010
        ],
        "kp_mouth_right": [
            453,
            1010
        ],
        "kp_nose_tip": [
            601,
            848
        ],
        "kp_under_lip_bottom": [
            576,
            1040
        ],
        "kp_upper_lip_top": [
            581,
            971
        ],
        "features": [
            3.386612,
            5.760787,
            6.689922,
            -5.713569,
            5.176435,
            -0.447707,
            -6.336573,
            0.807338,
            1.05108,
            5.053133,
            -7.222085,
            -7.241381,
            -2.842412,
            7.83409,
            4.431038,
            -10.223602,
            -6.192817,
            3.445821,
            4.536359,
            1.540678,
            -2.348375,
            2.352499,
            -10.65871,
            -8.908283,
            7.166436,
            3.072667,
            -0.414809,
            -0.25851,
            6.789597,
            3.517188,
            -0.640691,
            2.999199,
            -1.051662,
            -1.777032,
            -1.505433,
            3.590591,
            3.072034,
            3.159157,
            0.305561,
            3.879203,
            -0.63066,
            -5.094943,
            -9.701041,
            2.817717,
            5.280691,
            9.909638,
            3.883353,
            3.616879,
            -6.793673,
            -3.962084,
            5.317545,
            -1.341539,
            0.799057,
            -0.238099,
            -0.388816,
            3.252623,
            -2.650067,
            -2.025528,
            -1.643238,
            2.701082
        ]
    },
    "image_size": [
        870,
        1918
    ],
    "process_time_in_milliseconds": 775
}
