{
    "props": {
        "face_rect": [
            127,
            752,
            578,
            578
        ],
        "kp_eye_left_inner": [
            344,
            898
        ],
        "kp_eye_left_outer": [
            236,
            903
        ],
        "kp_eye_right_inner": [
            483,
            898
        ],
        "kp_eye_right_outer": [
            581,
            893
        ],
        "kp_mouth_left": [
            522,
            1135
        ],
        "kp_mouth_right": [
            330,
            1145
        ],
        "kp_nose_tip": [
            418,
            1007
        ],
        "kp_under_lip_bottom": [
            428,
            1175
        ],
        "kp_upper_lip_top": [
            423,
            1116
        ],
        "features": [
            5.048461,
            7.520608,
            -1.582794,
            5.257223,
            -0.582237,
            7.45337,
            0.122013,
            0.953022,
            4.257181,
            -8.051493,
            0.28026,
            -3.532584,
            2.018406,
            -4.109302,
            8.710142,
            -3.936302,
            0.159753,
            -0.128042,
            2.234544,
            1.217056,
            3.866712,
            3.079814,
            0.413322,
            4.54227,
            -5.717967,
            0.492575,
            -5.799732,
            -0.842965,
            7.280694,
            -8.556519,
            0.544644,
            -3.659979,
            -1.038828,
            4.754486,
            -3.286847,
            0.446703,
            -0.933312,
            3.754208,
            -0.000805,
            -2.081385,
            -0.435388,
            -2.072379,
            5.932409,
            -0.744406,
            5.202295,
            -6.643393,
            -4.535616,
            -0.341431,
            6.063306,
            -0.290391,
            0.007001,
            6.448974,
            -4.477495,
            2.65676,
            1.356154,
            -4.866253,
            -1.776806,
            3.539175,
            -0.916606,
            4.361474
        ]
    },
    "image_size": [
        870,
        1918
    ],
    "process_time_in_milliseconds": 731
}
