{
    "props": {
        "face_rect": [
            148,
            635,
            543,
            543
        ],
        "kp_eye_left_inner": [
            359,
            771
        ],
        "kp_eye_left_outer": [
            258,
            776
        ],
        "kp_eye_right_inner": [
            488,
            766
        ],
        "kp_eye_right_outer": [
            589,
            762
        ],
        "kp_mouth_left": [
            524,
            1010
        ],
        "kp_mouth_right": [
            322,
            1019
        ],
        "kp_nose_tip": [
            414,
            858
        ],
        "kp_under_lip_bottom": [
            419,
            1047
        ],
        "kp_upper_lip_top": [
            423,
            978
        ],
        "features": [
            2.436001,
            4.171471,
            6.679427,
            -6.077521,
            4.731361,
            1.41559,
            -5.024133,
            1.93429,
            0.072614,
            5.96645,
            -8.274441,
            -8.541414,
            -3.712473,
            7.022202,
            5.327332,
            -12.281632,
            -5.893363,
            4.817989,
            4.338181,
            -0.292779,
            -2.467162,
            2.618242,
            -10.000104,
            -7.992804,
            6.563795,
            2.609073,
            -1.322772,
            -0.19471,
            6.633946,
            1.818701,
            -0.534749,
            3.527052,
            -2.265881,
            -3.734525,
            -1.946393,
            3.730612,
            3.072703,
            4.272079,
            -1.430752,
            3.717525,
            -2.673981,
            -6.525949,
            -9.005693,
            2.148568,
            4.886094,
            8.412415,
            4.65239,
            4.402829,
            -7.377223,
            -3.859693,
            5.826058,
            -1.352587,
            1.511662,
            -0.158708,
            0.973609,
            3.121382,
            -4.441472,
            1.177264,
            -2.224769,
            2.515435
        ]
    },
    "image_size": [
        870,
        1918
    ],
    "process_time_in_milliseconds": 764
}
