{
    "props": {
        "face_rect": [
            111,
            757,
            604,
            604
        ],
        "kp_eye_left_inner": [
            338,
            915
        ],
        "kp_eye_left_outer": [
            232,
            920
        ],
        "kp_eye_right_inner": [
            479,
            911
        ],
        "kp_eye_right_outer": [
            580,
            906
        ],
        "kp_mouth_left": [
            522,
            1157
        ],
        "kp_mouth_right": [
            324,
            1167
        ],
        "kp_nose_tip": [
            411,
            1041
        ],
        "kp_under_lip_bottom": [
            430,
            1201
        ],
        "kp_upper_lip_top": [
            421,
            1143
        ],
        "features": [
            5.019712,
            6.878517,
            -2.338134,
            5.12824,
            -0.769987,
            7.843113,
            1.033226,
            -0.20881,
            5.112164,
            -8.363805,
            0.635453,
            -3.814455,
            1.737197,
            -4.602788,
            8.024511,
            -3.588251,
            -1.043081,
            -0.622516,
            2.352179,
            1.966094,
            4.082155,
            3.466707,
            0.520159,
            6.383587,
            -4.909702,
            0.77626,
            -7.129263,
            -1.521536,
            6.339344,
            -8.516809,
            0.672132,
            -5.322645,
            -1.81854,
            4.604909,
            -1.965809,
            0.842219,
            0.566501,
            1.877211,
            -0.009397,
            -2.103922,
            -1.301719,
            -2.335496,
            6.98875,
            0.199188,
            5.945236,
            -6.999828,
            -4.216184,
            0.451727,
            5.655427,
            0.152973,
            -0.861375,
            6.687364,
            -4.041456,
            2.575454,
            1.404369,
            -5.040184,
            -3.820467,
            4.568376,
            -0.681916,
            4.258455
        ]
    },
    "image_size": [
        870,
        1918
    ],
    "process_time_in_milliseconds": 802
}
