{
    "props": {
        "face_rect": [
            306,
            762,
            593,
            593
        ],
        "kp_eye_left_inner": [
            563,
            901
        ],
        "kp_eye_left_outer": [
            444,
            880
        ],
        "kp_eye_right_inner": [
            702,
            939
        ],
        "kp_eye_right_outer": [
            756,
            939
        ],
        "kp_mouth_left": [
            692,
            1154
        ],
        "kp_mouth_right": [
            509,
            1149
        ],
        "kp_nose_tip": [
            670,
            1025
        ],
        "kp_under_lip_bottom": [
            606,
            1203
        ],
        "kp_upper_lip_top": [
            622,
            1138
        ],
        "features": [
            7.856531,
            8.899384,
            -2.896878,
            2.64481,
            -0.324224,
            8.521406,
            0.979397,
            -1.013757,
            4.481472,
            -5.894885,
            -2.368122,
            -0.392296,
            1.865461,
            -3.762717,
            6.658823,
            -0.307759,
            -0.598213,
            -1.540204,
            3.202289,
            2.363266,
            4.724676,
            -0.461936,
            0.401023,
            7.383251,
            -3.73726,
            -1.29656,
            -4.201883,
            -1.061579,
            5.378311,
            -7.039636,
            1.381211,
            -4.646268,
            -1.496033,
            4.108852,
            -1.406381,
            0.840827,
            0.077609,
            2.235923,
            -0.12385,
            0.294614,
            2.187943,
            -2.375278,
            7.118501,
            -0.427633,
            3.826504,
            -4.324669,
            -3.68035,
            -0.181001,
            4.809959,
            0.229159,
            0.099967,
            6.385001,
            -4.146723,
            2.136279,
            -1.161129,
            -4.372561,
            -3.938651,
            3.252647,
            -2.970985,
            6.744371
        ]
    },
    "image_size": [
        870,
        1918
    ],
    "process_time_in_milliseconds": 780
}
