{
    "props": {
        "face_rect": [
            173,
            628,
            544,
            544
        ],
        "kp_eye_left_inner": [
            384,
            762
        ],
        "kp_eye_left_outer": [
            285,
            767
        ],
        "kp_eye_right_inner": [
            516,
            762
        ],
        "kp_eye_right_outer": [
            615,
            762
        ],
        "kp_mouth_left": [
            544,
            1012
        ],
        "kp_mouth_right": [
            342,
            1016
        ],
        "kp_nose_tip": [
            445,
            856
        ],
        "kp_under_lip_bottom": [
            445,
            1044
        ],
        "kp_upper_lip_top": [
            445,
            964
        ],
        "features": [
            2.52316,
            4.371151,
            6.388221,
            -5.866582,
            5.103611,
            1.083019,
            -4.844374,
            1.860893,
            0.714963,
            5.904489,
            -8.090811,
            -8.224483,
            -5.129183,
            6.828409,
            5.148473,
            -11.467574,
            -5.276436,
            4.511897,
            4.656259,
            0.077463,
            -2.388073,
            3.063949,
            -10.219263,
            -6.072011,
            8.300024,
            2.667308,
            -1.456356,
            0.725918,
            6.3284,
            1.077283,
            -0.33805,
            3.691873,
            -1.437958,
            -2.566842,
            -2.462189,
            4.454619,
            3.442844,
            4.971881,
            -1.287751,
            2.882672,
            -2.612397,
            -5.798422,
            -8.587976,
            2.67518,
            4.518033,
            8.235461,
            4.696809,
            4.949217,
            -7.28288,
            -2.643521,
            4.83774,
            -0.823949,
            1.95629,
            0.501569,
            1.589677,
            2.83054,
            -4.271756,
            0.259861,
            -2.458907,
            2.062735
        ]
    },
    "image_size": [
        870,
        1918
    ],
    "process_time_in_milliseconds": 952
}
