{
    "props": {
        "face_rect": [
            201,
            587,
            485,
            485
        ],
        "kp_eye_left_inner": [
            383,
            717
        ],
        "kp_eye_left_outer": [
            286,
            722
        ],
        "kp_eye_right_inner": [
            504,
            712
        ],
        "kp_eye_right_outer": [
            600,
            712
        ],
        "kp_mouth_left": [
            542,
            934
        ],
        "kp_mouth_right": [
            344,
            939
        ],
        "kp_nose_tip": [
            451,
            765
        ],
        "kp_under_lip_bottom": [
            446,
            954
        ],
        "kp_upper_lip_top": [
            446,
            886
        ],
        "features": [
            3.233146,
            6.026014,
            7.40372,
            -6.433649,
            4.933544,
            1.674408,
            -5.895304,
            0.836189,
            2.522283,
            5.671924,
            -9.318913,
            -6.90859,
            -4.715086,
            6.230625,
            6.767846,
            -11.157497,
            -5.063752,
            2.777921,
            6.677318,
            -1.110649,
            -3.487085,
            3.970516,
            -9.298455,
            -7.138238,
            8.215803,
            3.682724,
            -0.744449,
            0.318061,
            7.549441,
            1.965531,
            -0.088568,
            2.930235,
            -1.961601,
            -2.20446,
            -3.681401,
            3.580723,
            2.791233,
            5.58957,
            -1.104262,
            4.347322,
            -1.608635,
            -6.293344,
            -7.950648,
            2.089626,
            3.81886,
            9.696661,
            4.209074,
            3.738045,
            -7.265892,
            -3.260347,
            5.127779,
            -2.227772,
            0.245154,
            0.50405,
            0.211191,
            2.863299,
            -3.001425,
            0.078263,
            -2.563913,
            2.770303
        ]
    },
    "image_size": [
        870,
        1918
    ],
    "process_time_in_milliseconds": 739
}
