{
    "props": {
        "face_rect": [
            171,
            633,
            541,
            541
        ],
        "kp_eye_left_inner": [
            377,
            773
        ],
        "kp_eye_left_outer": [
            279,
            777
        ],
        "kp_eye_right_inner": [
            503,
            768
        ],
        "kp_eye_right_outer": [
            601,
            763
        ],
        "kp_mouth_left": [
            545,
            1011
        ],
        "kp_mouth_right": [
            340,
            1020
        ],
        "kp_nose_tip": [
            443,
            857
        ],
        "kp_under_lip_bottom": [
            447,
            1044
        ],
        "kp_upper_lip_top": [
            447,
            969
        ],
        "features": [
            2.795331,
            3.649247,
            6.763223,
            -4.643728,
            5.118473,
            1.737192,
            -5.428434,
            2.058675,
            -0.16056,
            6.642342,
            -8.296841,
            -8.630522,
            -4.316435,
            6.717754,
            4.621117,
            -11.945213,
            -6.101486,
            4.427361,
            4.810952,
            -1.087764,
            -2.438531,
            2.926789,
            -9.717951,
            -7.757542,
            6.343629,
            3.18896,
            -0.471696,
            -0.087875,
            6.249802,
            1.487772,
            0.182555,
            3.64663,
            -2.146071,
            -3.207115,
            -2.464304,
            3.2651,
            2.827286,
            4.289037,
            -1.015024,
            4.014495,
            -2.335397,
            -5.567161,
            -8.51784,
            2.73143,
            5.316629,
            8.161678,
            4.624272,
            4.011331,
            -6.87188,
            -3.104208,
            6.262803,
            -1.940678,
            1.209603,
            -0.298435,
            -0.052792,
            2.84116,
            -3.74772,
            0.600101,
            -2.006527,
            3.133964
        ]
    },
    "image_size": [
        870,
        1918
    ],
    "process_time_in_milliseconds": 742
}
