{
    "props": {
        "face_rect": [
            157,
            648,
            564,
            564
        ],
        "kp_eye_left_inner": [
            374,
            792
        ],
        "kp_eye_left_outer": [
            272,
            796
        ],
        "kp_eye_right_inner": [
            503,
            787
        ],
        "kp_eye_right_outer": [
            605,
            778
        ],
        "kp_mouth_left": [
            540,
            1037
        ],
        "kp_mouth_right": [
            341,
            1041
        ],
        "kp_nose_tip": [
            438,
            893
        ],
        "kp_under_lip_bottom": [
            443,
            1074
        ],
        "kp_upper_lip_top": [
            443,
            1000
        ],
        "features": [
            2.371912,
            4.078521,
            6.861677,
            -4.868851,
            4.518098,
            0.513635,
            -5.890694,
            2.089524,
            -0.335133,
            5.589569,
            -7.473305,
            -8.367037,
            -3.498531,
            7.670835,
            5.408768,
            -11.502768,
            -5.423344,
            4.499819,
            3.640859,
            0.66136,
            -2.230517,
            3.019393,
            -10.74811,
            -8.114388,
            5.730828,
            2.207572,
            -1.298388,
            -0.836314,
            7.079486,
            2.073282,
            0.012431,
            3.104227,
            -2.455637,
            -2.715196,
            -2.212536,
            3.342285,
            3.111831,
            3.857497,
            -0.220106,
            3.171334,
            -2.385936,
            -5.757278,
            -9.522895,
            3.23059,
            5.311976,
            8.018597,
            4.452152,
            3.810174,
            -7.210431,
            -3.675569,
            6.377122,
            -1.010521,
            1.280089,
            -1.017823,
            0.711836,
            3.588531,
            -3.492913,
            0.946396,
            -1.207167,
            1.729902
        ]
    },
    "image_size": [
        870,
        1918
    ],
    "process_time_in_milliseconds": 829
}
