{
    "props": {
        "face_rect": [
            119,
            785,
            601,
            601
        ],
        "kp_eye_left_inner": [
            345,
            935
        ],
        "kp_eye_left_outer": [
            243,
            935
        ],
        "kp_eye_right_inner": [
            484,
            935
        ],
        "kp_eye_right_outer": [
            591,
            924
        ],
        "kp_mouth_left": [
            530,
            1180
        ],
        "kp_mouth_right": [
            330,
            1185
        ],
        "kp_nose_tip": [
            417,
            1068
        ],
        "kp_under_lip_bottom": [
            432,
            1226
        ],
        "kp_upper_lip_top": [
            427,
            1165
        ],
        "features": [
            5.227686,
            6.912805,
            -0.661364,
            4.608374,
            0.211589,
            7.426908,
            0.74974,
            0.5037,
            5.482081,
            -7.143286,
            0.829736,
            -1.488847,
            2.237301,
            -5.167357,
            8.84494,
            -4.433418,
            0.929892,
            -0.819431,
            2.89537,
            2.590131,
            4.100875,
            3.195319,
            0.566758,
            6.136374,
            -5.235594,
            0.202252,
            -6.071626,
            -0.832287,
            6.555166,
            -8.371195,
            0.33053,
            -4.623229,
            -1.368421,
            5.135137,
            -3.266671,
            -0.745584,
            0.031688,
            3.93361,
            0.27537,
            -0.726985,
            -1.367035,
            -3.223729,
            8.397195,
            -0.701549,
            5.495586,
            -8.125387,
            -4.536895,
            -0.878658,
            6.435709,
            0.732476,
            -0.812041,
            6.620462,
            -4.942354,
            2.612754,
            1.581401,
            -4.105107,
            -2.801827,
            4.152651,
            -1.417897,
            2.985967
        ]
    },
    "image_size": [
        870,
        1918
    ],
    "process_time_in_milliseconds": 749
}
