{
    "props": {
        "face_rect": [
            117,
            786,
            608,
            608
        ],
        "kp_eye_left_inner": [
            345,
            938
        ],
        "kp_eye_left_outer": [
            240,
            933
        ],
        "kp_eye_right_inner": [
            485,
            938
        ],
        "kp_eye_right_outer": [
            595,
            928
        ],
        "kp_mouth_left": [
            530,
            1183
        ],
        "kp_mouth_right": [
            330,
            1188
        ],
        "kp_nose_tip": [
            420,
            1073
        ],
        "kp_under_lip_bottom": [
            435,
            1228
        ],
        "kp_upper_lip_top": [
            430,
            1173
        ],
        "features": [
            5.334937,
            7.153742,
            -1.249108,
            4.560705,
            0.206071,
            7.460431,
            0.689159,
            0.244567,
            5.844315,
            -7.094756,
            0.390427,
            -1.003711,
            2.380822,
            -5.725134,
            8.488715,
            -4.371542,
            1.065909,
            -0.72852,
            2.833987,
            2.790747,
            4.195275,
            3.038273,
            1.051475,
            6.706216,
            -4.813001,
            -0.022084,
            -6.172557,
            -0.649821,
            6.621696,
            -8.896013,
            -0.326074,
            -4.512473,
            -0.903038,
            4.975412,
            -2.901876,
            -0.698172,
            0.024051,
            3.702104,
            -0.308126,
            -0.802753,
            -1.256203,
            -3.224888,
            8.664242,
            -0.70344,
            5.00772,
            -8.351974,
            -4.618828,
            -1.060009,
            6.14858,
            0.787512,
            -1.664211,
            6.634978,
            -5.346218,
            2.721848,
            2.220095,
            -4.366671,
            -3.066692,
            4.232824,
            -2.074004,
            2.838458
        ]
    },
    "image_size": [
        870,
        1918
    ],
    "process_time_in_milliseconds": 807
}
