{
    "props": {
        "face_rect": [
            181,
            653,
            493,
            493
        ],
        "kp_eye_left_inner": [
            358,
            779
        ],
        "kp_eye_left_outer": [
            248,
            790
        ],
        "kp_eye_right_inner": [
            502,
            779
        ],
        "kp_eye_right_outer": [
            591,
            790
        ],
        "kp_mouth_left": [
            541,
            994
        ],
        "kp_mouth_right": [
            325,
            1000
        ],
        "kp_nose_tip": [
            425,
            784
        ],
        "kp_under_lip_bottom": [
            436,
            1000
        ],
        "kp_upper_lip_top": [
            436,
            939
        ],
        "features": [
            2.514327,
            6.449751,
            -1.787438,
            4.419623,
            -2.137251,
            5.223701,
            -2.542245,
            -0.89672,
            1.253696,
            -7.591076,
            -1.582895,
            0.931298,
            2.659023,
            -3.27467,
            2.268098,
            1.326121,
            -3.205135,
            -1.379992,
            -0.009582,
            -0.898419,
            4.565141,
            2.622307,
            -1.063937,
            3.870686,
            -2.399732,
            2.155374,
            -1.011213,
            -2.7976,
            5.343647,
            -4.905973,
            2.087234,
            -4.960435,
            1.886014,
            3.127077,
            -1.195369,
            0.361819,
            -0.143285,
            1.273782,
            1.03837,
            1.434567,
            2.927723,
            2.281903,
            3.130343,
            -0.217239,
            6.052659,
            -1.864697,
            -2.223877,
            3.561965,
            6.894654,
            0.775913,
            -2.485085,
            5.99781,
            -0.419851,
            0.713919,
            -4.39011,
            -3.464719,
            -1.938605,
            1.755071,
            1.922929,
            5.303741
        ]
    },
    "image_size": [
        870,
        1918
    ],
    "process_time_in_milliseconds": 722
}
