{
    "props": {
        "face_rect": [
            234,
            513,
            365,
            365
        ],
        "kp_eye_left_inner": [
            374,
            599
        ],
        "kp_eye_left_outer": [
            302,
            593
        ],
        "kp_eye_right_inner": [
            459,
            603
        ],
        "kp_eye_right_outer": [
            518,
            609
        ],
        "kp_mouth_left": [
            469,
            773
        ],
        "kp_mouth_right": [
            357,
            770
        ],
        "kp_nose_tip": [
            433,
            672
        ],
        "kp_under_lip_bottom": [
            420,
            793
        ],
        "kp_upper_lip_top": [
            423,
            744
        ],
        "features": [
            0.649168,
            8.381312,
            -2.117032,
            -2.783307,
            3.331192,
            -4.071557,
            -1.291203,
            1.842871,
            7.72129,
            -7.878485,
            3.975351,
            -4.24867,
            7.08047,
            -3.766988,
            3.555118,
            -1.530872,
            -1.73084,
            7.81037,
            -6.619751,
            5.280015,
            6.265811,
            -7.590541,
            8.413795,
            2.359325,
            -0.759319,
            0.337301,
            -8.143752,
            3.383666,
            -0.063516,
            -5.106232,
            0.135925,
            2.651446,
            -2.432956,
            2.838086,
            -2.671645,
            4.911892,
            1.724129,
            -0.447771,
            -1.801022,
            -5.993132,
            0.846335,
            0.660442,
            -0.967821,
            -0.819356,
            8.372978,
            -4.240149,
            -1.19133,
            -0.719656,
            2.252548,
            -1.289837,
            4.186648,
            11.392391,
            1.759941,
            4.179584,
            -0.76269,
            -3.741976,
            -1.358391,
            -0.553549,
            -1.037334,
            1.334856
        ]
    },
    "image_size": [
        720,
        1280
    ],
    "process_time_in_milliseconds": 1428
}
