{
  "props": {
    "face_rect": [
      299,
      492,
      387,
      387
    ],
    "kp_eye_left_inner": [
      450,
      590
    ],
    "kp_eye_left_outer": [
      380,
      580
    ],
    "kp_eye_right_inner": [
      531,
      594
    ],
    "kp_eye_right_outer": [
      585,
      594
    ],
    "kp_mouth_left": [
      548,
      762
    ],
    "kp_mouth_right": [
      447,
      762
    ],
    "kp_nose_tip": [
      534,
      664
    ],
    "kp_under_lip_bottom": [
      511,
      782
    ],
    "kp_upper_lip_top": [
      518,
      738
    ],
    "features": [
      2.468238,
      8.070971,
      -0.882326,
      -0.736697,
      5.934841,
      -3.147089,
      -0.210116,
      4.173082,
      5.699039,
      -7.926661,
      -0.260826,
      -7.607951,
      6.948499,
      -1.469259,
      5.187499,
      -3.693479,
      -2.153722,
      6.139352,
      -6.006476,
      2.593601,
      6.123666,
      -6.236829,
      3.938334,
      1.703372,
      -0.777369,
      0.418284,
      -9.577444,
      0.113656,
      -3.282097,
      -2.112307,
      -0.333432,
      2.964724,
      -0.89907,
      1.99936,
      -3.902589,
      3.817504,
      2.641967,
      -3.353942,
      1.544883,
      -2.944985,
      2.336535,
      -1.91371,
      0.661742,
      0.80395,
      7.557931,
      -0.551455,
      -5.223998,
      1.046378,
      2.175364,
      -0.169645,
      2.247561,
      11.407664,
      3.144498,
      1.282251,
      1.606564,
      -3.049212,
      -3.814324,
      -0.881557,
      -1.285231,
      2.992893
    ]
  },
  "image_size": [
    720,
    1280
  ],
  "process_time_in_milliseconds": 1362,
  "ground_truth": {
    "yaw": 27.0,
    "pitch": 3.0,
    "roll": 3.0
  }
}
