{
    "props": {
        "face_rect": [
            128,
            485,
            466,
            466
        ],
        "kp_eye_left_inner": [
            334,
            601
        ],
        "kp_eye_left_outer": [
            272,
            576
        ],
        "kp_eye_right_inner": [
            421,
            626
        ],
        "kp_eye_right_outer": [
            487,
            645
        ],
        "kp_mouth_left": [
            385,
            801
        ],
        "kp_mouth_right": [
            265,
            761
        ],
        "kp_nose_tip": [
            337,
            685
        ],
        "kp_under_lip_bottom": [
            312,
            805
        ],
        "kp_upper_lip_top": [
            319,
            761
        ],
        "features": [
            0.788797,
            8.450215,
            -0.902879,
            -2.123883,
            3.768279,
            -3.385813,
            -0.098927,
            3.274121,
            7.775578,
            -7.623964,
            4.287481,
            -4.238486,
            6.810716,
            -4.085238,
            3.167144,
            -2.15979,
            -1.141278,
            7.900374,
            -7.978773,
            4.446543,
            6.891254,
            -7.553375,
            8.197634,
            1.733042,
            -0.486056,
            2.889526,
            -9.273283,
            2.838567,
            -1.345578,
            -5.274549,
            -0.936654,
            3.178529,
            -1.252825,
            2.331232,
            -2.961303,
            4.79578,
            0.29899,
            -0.504634,
            -1.134093,
            -4.576168,
            -0.346914,
            -0.632822,
            -2.16374,
            -1.044039,
            7.974324,
            -3.320056,
            -1.72088,
            -1.381523,
            1.722677,
            -0.834726,
            2.141825,
            11.10484,
            3.030603,
            3.830864,
            0.374596,
            -3.813405,
            -3.125913,
            0.925518,
            -0.677934,
            0.903569
        ]
    },
    "image_size": [
        720,
        1280
    ],
    "process_time_in_milliseconds": 1519
}
