{
    "props": {
        "face_rect": [
            72,
            474,
            384,
            384
        ],
        "kp_eye_left_inner": [
            239,
            579
        ],
        "kp_eye_left_outer": [
            190,
            585
        ],
        "kp_eye_right_inner": [
            322,
            579
        ],
        "kp_eye_right_outer": [
            387,
            588
        ],
        "kp_mouth_left": [
            322,
            746
        ],
        "kp_mouth_right": [
            200,
            733
        ],
        "kp_nose_tip": [
            242,
            630
        ],
        "kp_under_lip_bottom": [
            245,
            759
        ],
        "kp_upper_lip_top": [
            248,
            711
        ],
        "features": [
            5.715476,
            7.453462,
            -0.404518,
            -1.958008,
            6.02363,
            -5.386271,
            2.417223,
            1.667226,
            3.601805,
            -4.666767,
            1.495661,
            -2.29347,
            6.520852,
            -1.334531,
            1.544251,
            -1.705503,
            1.385559,
            9.420031,
            -5.401529,
            7.391943,
            6.50814,
            -7.873918,
            9.355944,
            2.07237,
            -1.183343,
            1.970333,
            -6.465254,
            1.3727,
            -3.978782,
            -1.763715,
            -0.425961,
            2.505669,
            -0.345403,
            4.148465,
            -4.383204,
            3.447297,
            1.439369,
            0.758209,
            -1.907792,
            -2.198349,
            2.79652,
            0.033433,
            -0.976036,
            -2.920816,
            7.941494,
            -0.795759,
            -1.776174,
            -0.128419,
            3.506575,
            0.403854,
            3.973465,
            11.535685,
            3.527331,
            5.30109,
            1.118725,
            -2.361576,
            -1.335987,
            1.272464,
            -2.871911,
            4.003763
        ]
    },
    "image_size": [
        720,
        1280
    ],
    "process_time_in_milliseconds": 1008
}
