{
  "props": {
    "face_rect": [
      50,
      495,
      405,
      405
    ],
    "kp_eye_left_inner": [
      224,
      603
    ],
    "kp_eye_left_outer": [
      167,
      603
    ],
    "kp_eye_right_inner": [
      305,
      603
    ],
    "kp_eye_right_outer": [
      376,
      610
    ],
    "kp_mouth_left": [
      309,
      775
    ],
    "kp_mouth_right": [
      191,
      768
    ],
    "kp_nose_tip": [
      228,
      667
    ],
    "kp_under_lip_bottom": [
      238,
      795
    ],
    "kp_upper_lip_top": [
      234,
      748
    ],
    "features": [
      3.41891,
      8.02414,
      0.064255,
      -3.419862,
      4.821396,
      -3.680915,
      2.732513,
      1.156751,
      5.368494,
      -6.447268,
      1.929963,
      -3.783549,
      7.690302,
      -0.42865,
      2.696244,
      -1.300127,
      0.050371,
      9.209311,
      -5.275651,
      6.859717,
      6.885896,
      -6.497568,
      8.227301,
      2.022364,
      -0.177015,
      1.946625,
      -6.84689,
      2.630343,
      -3.020968,
      -2.672328,
      0.437737,
      2.552176,
      0.207663,
      3.000956,
      -4.573132,
      4.059488,
      0.910346,
      -0.090551,
      -1.803125,
      -3.936968,
      1.811783,
      1.449313,
      -0.840885,
      -1.678759,
      8.987881,
      -1.151799,
      -1.250648,
      -0.091542,
      3.423338,
      -1.017811,
      3.721162,
      12.650751,
      5.097189,
      4.118922,
      1.337863,
      -2.775218,
      -2.561217,
      1.376052,
      -0.972301,
      1.797868
    ]
  },
  "image_size": [
    720,
    1280
  ],
  "process_time_in_milliseconds": 959,
  "ground_truth": {
    "yaw": -15.0,
    "pitch": 5.0,
    "roll": 0.0
  }
}
