{
    "props": {
        "face_rect": [
            195,
            517,
            395,
            395
        ],
        "kp_eye_left_inner": [
            349,
            614
        ],
        "kp_eye_left_outer": [
            279,
            608
        ],
        "kp_eye_right_inner": [
            442,
            614
        ],
        "kp_eye_right_outer": [
            509,
            618
        ],
        "kp_mouth_left": [
            449,
            791
        ],
        "kp_mouth_right": [
            332,
            791
        ],
        "kp_nose_tip": [
            399,
            698
        ],
        "kp_under_lip_bottom": [
            392,
            811
        ],
        "kp_upper_lip_top": [
            395,
            767
        ],
        "features": [
            0.368501,
            8.427423,
            -2.950239,
            -3.162863,
            3.798425,
            -2.423077,
            0.108423,
            1.546259,
            8.093936,
            -7.602705,
            4.729916,
            -3.658756,
            4.703078,
            -3.686944,
            4.525604,
            -2.67909,
            -1.646291,
            8.28365,
            -6.809707,
            4.320255,
            6.379548,
            -5.973624,
            8.343999,
            1.572775,
            0.722491,
            2.176363,
            -7.911791,
            3.863802,
            -0.441943,
            -5.705753,
            1.076112,
            2.701039,
            -1.596278,
            2.002087,
            -4.298699,
            3.971925,
            0.589585,
            0.627555,
            -1.278265,
            -6.044937,
            -0.277579,
            0.243076,
            -1.352908,
            -0.157793,
            7.494923,
            -3.847672,
            -0.931877,
            -0.257669,
            1.980647,
            -1.562975,
            3.024898,
            10.768698,
            2.532345,
            5.803314,
            0.162396,
            -3.318611,
            -2.164387,
            -0.503985,
            -0.461857,
            0.32314
        ]
    },
    "image_size": [
        720,
        1280
    ],
    "process_time_in_milliseconds": 1398
}
