{
  "props": {
    "face_rect": [
      82,
      476,
      390,
      390
    ],
    "kp_eye_left_inner": [
      246,
      578
    ],
    "kp_eye_left_outer": [
      190,
      582
    ],
    "kp_eye_right_inner": [
      330,
      575
    ],
    "kp_eye_right_outer": [
      406,
      578
    ],
    "kp_mouth_left": [
      333,
      748
    ],
    "kp_mouth_right": [
      223,
      745
    ],
    "kp_nose_tip": [
      260,
      642
    ],
    "kp_under_lip_bottom": [
      270,
      768
    ],
    "kp_upper_lip_top": [
      270,
      718
    ],
    "features": [
      3.181619,
      8.723879,
      0.277518,
      -3.506822,
      4.113192,
      -2.849495,
      0.890718,
      2.126206,
      5.485034,
      -6.286973,
      1.970353,
      -5.252192,
      6.86493,
      -1.542201,
      3.90051,
      -1.574122,
      -0.719862,
      9.234931,
      -5.145098,
      5.844061,
      6.594856,
      -6.212266,
      8.539096,
      2.200441,
      -1.140723,
      3.27828,
      -8.383283,
      2.670105,
      -2.084927,
      -3.974675,
      -0.423357,
      3.217804,
      -0.24867,
      4.932798,
      -4.119384,
      4.837452,
      0.966857,
      1.021245,
      -1.272703,
      -4.128677,
      1.737292,
      0.723801,
      -1.108981,
      -1.991876,
      9.157804,
      -1.390114,
      -1.427546,
      0.251134,
      3.621233,
      -2.45465,
      4.038093,
      11.11561,
      3.257391,
      5.042044,
      0.261592,
      -3.512557,
      -1.953516,
      1.097777,
      -0.076432,
      2.764171
    ]
  },
  "image_size": [
    720,
    1280
  ],
  "process_time_in_milliseconds": 1763,
  "ground_truth": {
    "yaw": -15.0,
    "pitch": 6.0,
    "roll": -1.0
  }
}
