{
  "props": {
    "face_rect": [
      154,
      495,
      376,
      376
    ],
    "kp_eye_left_inner": [
      295,
      589
    ],
    "kp_eye_left_outer": [
      232,
      589
    ],
    "kp_eye_right_inner": [
      390,
      585
    ],
    "kp_eye_right_outer": [
      450,
      585
    ],
    "kp_mouth_left": [
      405,
      755
    ],
    "kp_mouth_right": [
      288,
      758
    ],
    "kp_nose_tip": [
      341,
      659
    ],
    "kp_under_lip_bottom": [
      348,
      779
    ],
    "kp_upper_lip_top": [
      345,
      730
    ],
    "features": [
      1.126811,
      8.191236,
      -0.898175,
      -2.103818,
      3.160378,
      -3.358217,
      0.011828,
      1.059632,
      8.648428,
      -7.844716,
      5.276966,
      -4.921862,
      7.178253,
      -3.017787,
      4.383747,
      -2.44521,
      -1.993858,
      7.755546,
      -5.551571,
      4.718025,
      4.978355,
      -6.011755,
      7.305439,
      0.867923,
      -0.701513,
      3.011999,
      -7.960231,
      2.718584,
      -0.997925,
      -4.338957,
      0.79201,
      2.885981,
      -1.152862,
      2.304904,
      -4.712191,
      4.429548,
      0.772273,
      0.401908,
      -0.562021,
      -5.760035,
      0.453958,
      1.216999,
      -1.092301,
      -0.682561,
      8.22105,
      -2.613563,
      -1.371494,
      -0.872813,
      3.551787,
      -1.448505,
      4.028642,
      11.091232,
      2.698536,
      4.600755,
      -0.363653,
      -3.900659,
      -0.701483,
      -0.692638,
      0.518944,
      1.297472
    ]
  },
  "image_size": [
    720,
    1280
  ],
  "process_time_in_milliseconds": 1767,
  "ground_truth": {
    "yaw": 0.0,
    "pitch": 0.0,
    "roll": 0.0
  }
}
