{
  "props": {
    "face_rect": [
      70,
      481,
      389,
      389
    ],
    "kp_eye_left_inner": [
      237,
      584
    ],
    "kp_eye_left_outer": [
      177,
      587
    ],
    "kp_eye_right_inner": [
      316,
      577
    ],
    "kp_eye_right_outer": [
      393,
      581
    ],
    "kp_mouth_left": [
      326,
      753
    ],
    "kp_mouth_right": [
      210,
      750
    ],
    "kp_nose_tip": [
      243,
      647
    ],
    "kp_under_lip_bottom": [
      260,
      773
    ],
    "kp_upper_lip_top": [
      253,
      723
    ],
    "features": [
      4.392538,
      9.366982,
      -0.127656,
      -2.919405,
      3.730284,
      -2.405786,
      0.007266,
      0.783321,
      6.507923,
      -6.117825,
      2.606672,
      -3.690927,
      6.504985,
      -2.516048,
      2.654805,
      -1.004134,
      -1.570598,
      8.651807,
      -4.664715,
      5.833744,
      6.110107,
      -7.277037,
      8.197184,
      2.251507,
      -0.177567,
      1.390432,
      -8.931983,
      2.153545,
      -2.912101,
      -3.56975,
      -0.868611,
      2.570814,
      -0.06165,
      3.405221,
      -4.459176,
      4.473335,
      1.731484,
      -0.242596,
      -1.237154,
      -3.565835,
      2.562447,
      0.787664,
      -0.843677,
      -0.168825,
      8.512938,
      0.354949,
      -1.135945,
      0.768019,
      2.602197,
      -1.74705,
      3.672634,
      11.535553,
      2.675052,
      4.901278,
      0.534237,
      -3.99029,
      -3.155432,
      -0.138859,
      -0.238613,
      1.947681
    ]
  },
  "image_size": [
    720,
    1280
  ],
  "process_time_in_milliseconds": 1676,
  "ground_truth": {
    "yaw": -20.0,
    "pitch": 5.0,
    "roll": -1.0
  }
}
