{
    "props": {
        "face_rect": [
            186,
            503,
            383,
            383
        ],
        "kp_eye_left_inner": [
            337,
            597
        ],
        "kp_eye_left_outer": [
            268,
            591
        ],
        "kp_eye_right_inner": [
            427,
            601
        ],
        "kp_eye_right_outer": [
            490,
            607
        ],
        "kp_mouth_left": [
            434,
            773
        ],
        "kp_mouth_right": [
            318,
            767
        ],
        "kp_nose_tip": [
            384,
            670
        ],
        "kp_under_lip_bottom": [
            377,
            790
        ],
        "kp_upper_lip_top": [
            381,
            743
        ],
        "features": [
            1.453708,
            8.26894,
            -1.672743,
            -2.571691,
            3.476134,
            -3.563576,
            -1.110911,
            1.536636,
            8.570509,
            -7.225969,
            4.259034,
            -4.225646,
            6.038785,
            -3.438992,
            4.280729,
            -2.414269,
            -1.517236,
            7.926965,
            -6.259264,
            5.13244,
            5.921549,
            -6.918213,
            7.63175,
            1.60894,
            -0.056261,
            1.507005,
            -8.192156,
            3.261869,
            -0.546778,
            -4.855957,
            1.011408,
            2.574919,
            -1.518932,
            2.067848,
            -4.094851,
            4.632045,
            1.375459,
            0.687636,
            -1.333178,
            -5.016166,
            0.461177,
            0.735784,
            -1.073232,
            -0.296913,
            8.510886,
            -3.341935,
            -1.119632,
            -0.526955,
            2.771769,
            -0.601229,
            4.113957,
            11.279518,
            2.042489,
            4.220933,
            -0.143118,
            -3.364673,
            -1.41178,
            -1.106642,
            -0.087321,
            0.832835
        ]
    },
    "image_size": [
        720,
        1280
    ],
    "process_time_in_milliseconds": 1422
}
