{
    "props": {
        "face_rect": [
            242,
            401,
            402,
            402
        ],
        "kp_eye_left_inner": [
            378,
            534
        ],
        "kp_eye_left_outer": [
            306,
            541
        ],
        "kp_eye_right_inner": [
            461,
            534
        ],
        "kp_eye_right_outer": [
            501,
            541
        ],
        "kp_mouth_left": [
            512,
            657
        ],
        "kp_mouth_right": [
            407,
            664
        ],
        "kp_nose_tip": [
            447,
            545
        ],
        "kp_under_lip_bottom": [
            472,
            671
        ],
        "kp_upper_lip_top": [
            465,
            621
        ],
        "features": [
            3.162303,
            10.600226,
            1.512338,
            0.493728,
            6.515419,
            -2.009101,
            -2.10353,
            2.363519,
            6.980024,
            -5.795529,
            -1.546896,
            -6.471059,
            5.377968,
            -1.0315,
            2.953191,
            -3.82667,
            -3.61256,
            4.620119,
            -3.171873,
            3.927021,
            8.09134,
            -5.282287,
            4.419549,
            2.924864,
            -0.898611,
            1.740167,
            -8.348068,
            2.09143,
            -1.797537,
            -4.369527,
            -1.23191,
            4.438153,
            1.446976,
            5.011676,
            -1.758756,
            4.641519,
            2.892147,
            -3.302721,
            0.093329,
            -1.938534,
            3.560517,
            -0.449994,
            1.290481,
            1.213843,
            10.63019,
            -1.018033,
            -5.218459,
            -1.72662,
            1.787949,
            -0.609144,
            3.719591,
            8.607811,
            1.263151,
            4.059405,
            -0.336272,
            -4.974952,
            -4.910226,
            -0.736111,
            2.960762,
            0.606718
        ]
    },
    "image_size": [
        720,
        1280
    ],
    "process_time_in_milliseconds": 677
}
