{
    "props": {
        "face_rect": [
            74,
            455,
            439,
            439
        ],
        "kp_eye_left_inner": [
            226,
            606
        ],
        "kp_eye_left_outer": [
            162,
            641
        ],
        "kp_eye_right_inner": [
            307,
            574
        ],
        "kp_eye_right_outer": [
            356,
            553
        ],
        "kp_mouth_left": [
            394,
            704
        ],
        "kp_mouth_right": [
            282,
            760
        ],
        "kp_nose_tip": [
            296,
            634
        ],
        "kp_under_lip_bottom": [
            352,
            743
        ],
        "kp_upper_lip_top": [
            331,
            697
        ],
        "features": [
            0.598398,
            8.7048,
            -1.992622,
            -6.060267,
            4.518797,
            -4.346741,
            0.314935,
            2.112063,
            6.137896,
            -6.875546,
            3.082544,
            -3.680876,
            8.738492,
            -1.759056,
            2.740313,
            -1.492106,
            0.565916,
            7.164112,
            -6.603979,
            5.548307,
            5.289146,
            -5.808912,
            9.143438,
            1.83684,
            0.560132,
            -2.27254,
            -7.944335,
            7.34358,
            -2.355921,
            -4.674352,
            1.346624,
            3.951848,
            -2.111057,
            3.103622,
            -4.162924,
            2.791727,
            1.738747,
            -1.617119,
            -3.022493,
            -6.350142,
            1.11795,
            1.778027,
            2.515764,
            -2.366988,
            8.374599,
            -4.335253,
            -1.246055,
            0.159331,
            2.899564,
            -0.88968,
            4.550854,
            13.434342,
            3.097538,
            3.495334,
            -0.996579,
            -2.391516,
            -2.733527,
            -2.312664,
            -1.19877,
            1.589981
        ]
    },
    "image_size": [
        720,
        1280
    ],
    "process_time_in_milliseconds": 520
}
