{
    "props": {
        "face_rect": [
            132,
            507,
            499,
            499
        ],
        "kp_eye_left_inner": [
            356,
            647
        ],
        "kp_eye_left_outer": [
            286,
            616
        ],
        "kp_eye_right_inner": [
            442,
            674
        ],
        "kp_eye_right_outer": [
            512,
            694
        ],
        "kp_mouth_left": [
            403,
            857
        ],
        "kp_mouth_right": [
            270,
            811
        ],
        "kp_nose_tip": [
            356,
            752
        ],
        "kp_under_lip_bottom": [
            321,
            865
        ],
        "kp_upper_lip_top": [
            340,
            818
        ],
        "features": [
            -0.869941,
            8.163925,
            -1.793863,
            -2.629346,
            2.310996,
            -4.674504,
            1.699035,
            3.442517,
            8.303675,
            -7.601084,
            5.780813,
            -3.621955,
            6.254249,
            -3.870688,
            4.969116,
            -4.109182,
            -0.118439,
            9.158323,
            -6.053897,
            4.249361,
            5.323435,
            -6.657929,
            6.571154,
            -0.443777,
            0.881487,
            0.794548,
            -8.014153,
            1.880262,
            -0.66286,
            -4.75142,
            0.223709,
            2.819556,
            -2.749885,
            0.81297,
            -4.866974,
            5.020392,
            -0.249481,
            0.337788,
            -1.074094,
            -6.110097,
            -1.712973,
            -1.315777,
            -1.462245,
            -2.015369,
            6.053393,
            -4.227292,
            -2.72971,
            -0.694891,
            1.280799,
            0.784783,
            2.860572,
            12.094515,
            3.388986,
            5.298425,
            2.722537,
            -4.913843,
            -2.308228,
            1.006083,
            -1.285981,
            -0.848004
        ]
    },
    "image_size": [
        720,
        1280
    ],
    "process_time_in_milliseconds": 1446
}
