{
  "props": {
    "face_rect": [
      150,
      491,
      377,
      377
    ],
    "kp_eye_left_inner": [
      292,
      587
    ],
    "kp_eye_left_outer": [
      225,
      591
    ],
    "kp_eye_right_inner": [
      384,
      584
    ],
    "kp_eye_right_outer": [
      447,
      584
    ],
    "kp_mouth_left": [
      402,
      757
    ],
    "kp_mouth_right": [
      285,
      757
    ],
    "kp_nose_tip": [
      338,
      651
    ],
    "kp_under_lip_bottom": [
      345,
      774
    ],
    "kp_upper_lip_top": [
      342,
      728
    ],
    "features": [
      1.794642,
      8.792476,
      -1.241189,
      -1.950546,
      2.931207,
      -3.263264,
      -0.96575,
      2.064435,
      8.543779,
      -6.941585,
      3.457787,
      -5.440156,
      6.63372,
      -2.885831,
      3.764462,
      -2.511129,
      -1.632035,
      7.883816,
      -6.100839,
      3.790026,
      4.976146,
      -6.621835,
      7.902514,
      1.639012,
      -1.115816,
      1.748885,
      -8.60737,
      3.485751,
      -1.598226,
      -5.140392,
      0.09958,
      3.840029,
      -1.208781,
      2.268708,
      -3.989555,
      5.007359,
      1.211265,
      -0.140096,
      -0.898002,
      -5.312954,
      1.080247,
      0.586332,
      -0.774262,
      -0.480561,
      7.805405,
      -2.59305,
      -2.108872,
      -1.226789,
      3.278021,
      -1.054386,
      4.95485,
      10.882163,
      1.930507,
      4.640075,
      0.146903,
      -4.395927,
      -1.214515,
      -0.841096,
      0.571506,
      1.120099
    ]
  },
  "image_size": [
    720,
    1280
  ],
  "process_time_in_milliseconds": 1443,
  "ground_truth": {
    "yaw": -4.0,
    "pitch": 5.0,
    "roll": -1.0
  }
}
