{
  "props": {
    "face_rect": [
      190,
      494,
      376,
      376
    ],
    "kp_eye_left_inner": [
      331,
      588
    ],
    "kp_eye_left_outer": [
      260,
      588
    ],
    "kp_eye_right_inner": [
      419,
      588
    ],
    "kp_eye_right_outer": [
      483,
      592
    ],
    "kp_mouth_left": [
      439,
      751
    ],
    "kp_mouth_right": [
      324,
      757
    ],
    "kp_nose_tip": [
      385,
      656
    ],
    "kp_under_lip_bottom": [
      385,
      774
    ],
    "kp_upper_lip_top": [
      388,
      730
    ],
    "features": [
      1.653967,
      8.932654,
      -2.913736,
      -3.363779,
      3.988998,
      -3.228328,
      -0.470306,
      0.759685,
      9.26189,
      -7.50573,
      3.520299,
      -4.18435,
      6.125317,
      -2.403939,
      5.01,
      -3.032358,
      -1.498661,
      7.398794,
      -6.633225,
      5.267493,
      5.991879,
      -6.899226,
      7.574134,
      1.683936,
      -0.032236,
      2.190176,
      -7.932624,
      3.592116,
      -0.168,
      -4.924913,
      1.442732,
      3.108106,
      -1.049678,
      1.176757,
      -3.917786,
      4.111261,
      1.53748,
      0.52009,
      -1.475151,
      -5.616513,
      0.769626,
      0.499468,
      -0.719854,
      0.03508,
      8.202745,
      -3.768393,
      -1.356866,
      -1.353595,
      2.903425,
      -1.589367,
      4.013156,
      10.530649,
      2.161436,
      4.576045,
      -0.305562,
      -2.864404,
      -0.96191,
      -1.155398,
      -0.339724,
      1.031093
    ]
  },
  "image_size": [
    720,
    1280
  ],
  "process_time_in_milliseconds": 1409,
  "ground_truth": {
    "yaw": 4.0,
    "pitch": 5.0,
    "roll": 1.0
  }
}
