{
  "props": {
    "face_rect": [
      156,
      566,
      425,
      425
    ],
    "kp_eye_left_inner": [
      332,
      674
    ],
    "kp_eye_left_outer": [
      258,
      657
    ],
    "kp_eye_right_inner": [
      426,
      674
    ],
    "kp_eye_right_outer": [
      497,
      674
    ],
    "kp_mouth_left": [
      433,
      852
    ],
    "kp_mouth_right": [
      308,
      852
    ],
    "kp_nose_tip": [
      376,
      785
    ],
    "kp_under_lip_bottom": [
      372,
      879
    ],
    "kp_upper_lip_top": [
      372,
      842
    ],
    "features": [
      -1.734625,
      7.327401,
      -2.596806,
      -4.11798,
      3.365615,
      -4.067449,
      0.541429,
      2.197352,
      8.644102,
      -7.723398,
      6.175552,
      -2.789746,
      6.268392,
      -5.793914,
      5.28156,
      -3.249847,
      -0.007354,
      8.419257,
      -7.122047,
      5.758181,
      5.916092,
      -6.352913,
      8.799741,
      0.532985,
      0.945208,
      0.698824,
      -7.681637,
      3.08296,
      1.192262,
      -4.910206,
      -0.121169,
      1.68158,
      -3.796414,
      1.737162,
      -3.353151,
      4.206155,
      -0.488244,
      0.462486,
      -1.183501,
      -6.259427,
      -2.827269,
      -2.010635,
      -1.419999,
      -1.356329,
      6.20704,
      -5.082743,
      -1.935285,
      -0.882167,
      0.817776,
      -0.561804,
      2.046433,
      12.18782,
      1.704212,
      5.082364,
      1.812835,
      -2.679505,
      -2.79143,
      0.539329,
      -1.80735,
      -1.088907
    ]
  },
  "image_size": [
    720,
    1280
  ],
  "process_time_in_milliseconds": 1470,
  "ground_truth": {
    "yaw": -1.0,
    "pitch": -15.0,
    "roll": 3.0
  }
}
