{
  "props": {
    "face_rect": [
      172,
      528,
      407,
      407
    ],
    "kp_eye_left_inner": [
      334,
      628
    ],
    "kp_eye_left_outer": [
      265,
      621
    ],
    "kp_eye_right_inner": [
      428,
      631
    ],
    "kp_eye_right_outer": [
      497,
      635
    ],
    "kp_mouth_left": [
      434,
      808
    ],
    "kp_mouth_right": [
      317,
      805
    ],
    "kp_nose_tip": [
      379,
      718
    ],
    "kp_under_lip_bottom": [
      376,
      829
    ],
    "kp_upper_lip_top": [
      376,
      784
    ],
    "features": [
      0.05376,
      8.171337,
      -1.60964,
      -3.791514,
      3.951071,
      -3.79014,
      0.064634,
      2.887104,
      8.947655,
      -6.26623,
      4.546503,
      -4.359504,
      6.557152,
      -3.622167,
      4.714942,
      -4.07383,
      -0.709696,
      8.539728,
      -6.727864,
      4.933872,
      5.534084,
      -6.588553,
      7.204963,
      1.47133,
      0.779923,
      2.284906,
      -9.18051,
      3.476452,
      -0.658039,
      -5.782952,
      -0.086434,
      3.812995,
      -1.90599,
      1.632107,
      -3.829439,
      4.282922,
      1.02423,
      0.384625,
      -0.958783,
      -5.733594,
      -1.26354,
      -0.674923,
      -0.31829,
      -0.596826,
      7.822662,
      -4.768223,
      -1.385514,
      -1.277625,
      1.724945,
      -0.814344,
      2.851282,
      11.005947,
      3.050851,
      4.599852,
      0.492952,
      -3.175461,
      -2.170023,
      -0.152488,
      -0.683179,
      -0.099935
    ]
  },
  "image_size": [
    720,
    1280
  ],
  "process_time_in_milliseconds": 1390,
  "ground_truth": {
    "yaw": -1.0,
    "pitch": -5.0,
    "roll": 3.0
  }
}
