{
  "props": {
    "face_rect": [
      128,
      571,
      444,
      444
    ],
    "kp_eye_left_inner": [
      306,
      681
    ],
    "kp_eye_left_outer": [
      236,
      666
    ],
    "kp_eye_right_inner": [
      405,
      684
    ],
    "kp_eye_right_outer": [
      475,
      684
    ],
    "kp_mouth_left": [
      408,
      867
    ],
    "kp_mouth_right": [
      285,
      863
    ],
    "kp_nose_tip": [
      348,
      800
    ],
    "kp_under_lip_bottom": [
      345,
      891
    ],
    "kp_upper_lip_top": [
      345,
      856
    ],
    "features": [
      -1.298054,
      6.790198,
      -2.188488,
      -2.90311,
      3.252971,
      -4.932808,
      0.816681,
      1.497097,
      8.567582,
      -7.83633,
      6.226585,
      -2.990304,
      7.708321,
      -6.34693,
      3.968822,
      -2.527988,
      -0.751332,
      8.168048,
      -7.251429,
      5.829794,
      4.671891,
      -6.902918,
      9.018145,
      0.763933,
      0.080517,
      1.518905,
      -7.592844,
      2.075636,
      0.041378,
      -3.727743,
      -1.241545,
      2.009017,
      -3.368671,
      1.799203,
      -2.802227,
      4.221119,
      -0.376482,
      -0.16354,
      -0.335463,
      -5.440129,
      -1.608867,
      -2.920028,
      -1.782836,
      -2.186493,
      5.942133,
      -3.716944,
      -1.944307,
      -0.860033,
      1.16647,
      -0.358587,
      1.410499,
      12.17053,
      1.522977,
      5.25026,
      1.550075,
      -2.515328,
      -2.374658,
      0.902833,
      -2.236286,
      0.244704
    ]
  },
  "image_size": [
    720,
    1280
  ],
  "process_time_in_milliseconds": 1348,
  "ground_truth": {
    "yaw": -4.0,
    "pitch": -15.0,
    "roll": 3.0
  }
}
