{
  "props": {
    "face_rect": [
      142,
      580,
      440,
      440
    ],
    "kp_eye_left_inner": [
      321,
      692
    ],
    "kp_eye_left_outer": [
      247,
      678
    ],
    "kp_eye_right_inner": [
      417,
      696
    ],
    "kp_eye_right_outer": [
      491,
      692
    ],
    "kp_mouth_left": [
      427,
      873
    ],
    "kp_mouth_right": [
      300,
      873
    ],
    "kp_nose_tip": [
      363,
      813
    ],
    "kp_under_lip_bottom": [
      363,
      901
    ],
    "kp_upper_lip_top": [
      363,
      869
    ],
    "features": [
      -1.062332,
      6.407396,
      -3.062691,
      -3.119341,
      3.699275,
      -4.662078,
      1.301159,
      1.930796,
      7.822584,
      -7.541917,
      5.949481,
      -3.570472,
      7.222744,
      -5.578546,
      4.544213,
      -3.17085,
      0.739321,
      7.952043,
      -8.303827,
      7.216123,
      5.589385,
      -6.71609,
      7.90962,
      0.638332,
      0.097707,
      1.040004,
      -8.156472,
      2.525644,
      1.023508,
      -4.644294,
      -0.794858,
      1.862982,
      -2.85682,
      1.164725,
      -2.282839,
      4.14225,
      -0.631917,
      0.001037,
      -1.566259,
      -6.123256,
      -2.937857,
      -2.277599,
      -2.111188,
      -1.768737,
      5.504291,
      -4.869506,
      -2.268793,
      -1.651795,
      0.681019,
      -0.245438,
      0.706466,
      12.059073,
      1.672813,
      3.681618,
      2.990998,
      -1.742402,
      -2.871382,
      1.124958,
      -2.349455,
      -0.222803
    ]
  },
  "image_size": [
    720,
    1280
  ],
  "process_time_in_milliseconds": 1363,
  "ground_truth": {
    "yaw": -3.0,
    "pitch": -20.0,
    "roll": 3.0
  }
}
