{
    "props": {
        "face_rect": [
            297,
            499,
            381,
            381
        ],
        "kp_eye_left_inner": [
            440,
            592
        ],
        "kp_eye_left_outer": [
            373,
            582
        ],
        "kp_eye_right_inner": [
            518,
            599
        ],
        "kp_eye_right_outer": [
            578,
            596
        ],
        "kp_mouth_left": [
            531,
            767
        ],
        "kp_mouth_right": [
            430,
            764
        ],
        "kp_nose_tip": [
            518,
            666
        ],
        "kp_under_lip_bottom": [
            494,
            791
        ],
        "kp_upper_lip_top": [
            504,
            740
        ],
        "features": [
            2.569372,
            8.368055,
            0.153466,
            -1.2887,
            5.305937,
            -3.71433,
            -1.368882,
            4.728856,
            6.54657,
            -7.623935,
            0.223203,
            -7.237148,
            7.03675,
            -2.01043,
            5.650263,
            -3.507033,
            -1.029551,
            6.155968,
            -6.348278,
            2.6994,
            5.374262,
            -6.098007,
            4.644452,
            2.372279,
            -1.198917,
            0.303957,
            -10.815723,
            1.102251,
            -2.403116,
            -3.490111,
            -0.23118,
            2.691342,
            -1.271039,
            2.048922,
            -4.538668,
            3.573071,
            3.334863,
            -1.528561,
            0.677048,
            -2.623183,
            1.492661,
            -1.550246,
            1.148925,
            0.306283,
            8.040455,
            -1.666161,
            -4.589797,
            -0.140304,
            2.855306,
            0.819248,
            3.182997,
            11.777725,
            2.79463,
            1.152419,
            1.229785,
            -3.293568,
            -2.373405,
            -1.033674,
            -1.1186,
            1.969125
        ]
    },
    "image_size": [
        720,
        1280
    ],
    "process_time_in_milliseconds": 1389
}
