{
    "props": {
        "face_rect": [
            211,
            459,
            299,
            299
        ],
        "kp_eye_left_inner": [
            317,
            537
        ],
        "kp_eye_left_outer": [
            255,
            546
        ],
        "kp_eye_right_inner": [
            398,
            534
        ],
        "kp_eye_right_outer": [
            448,
            537
        ],
        "kp_mouth_left": [
            423,
            661
        ],
        "kp_mouth_right": [
            311,
            663
        ],
        "kp_nose_tip": [
            361,
            546
        ],
        "kp_under_lip_bottom": [
            370,
            669
        ],
        "kp_upper_lip_top": [
            370,
            624
        ],
        "features": [
            3.077706,
            9.203053,
            0.095911,
            -1.406373,
            6.415044,
            -7.344975,
            -1.642231,
            0.250336,
            6.995714,
            -2.771469,
            0.497039,
            -4.181951,
            11.165038,
            -0.304774,
            0.623601,
            -2.508496,
            0.529486,
            7.044766,
            -5.59028,
            8.313242,
            2.311618,
            -5.960359,
            6.815829,
            2.373286,
            -2.825098,
            -0.043257,
            -7.107159,
            4.838906,
            -2.400494,
            -3.769578,
            -0.345715,
            7.360933,
            0.090403,
            3.917315,
            -2.927058,
            0.987097,
            3.039272,
            -2.099916,
            -1.057395,
            -4.589841,
            5.270356,
            0.644025,
            1.882353,
            -1.81239,
            8.567329,
            -2.898229,
            -2.227213,
            -3.774966,
            2.584644,
            0.706653,
            6.596342,
            11.637681,
            0.960918,
            3.162728,
            -1.941139,
            -1.160533,
            -0.744401,
            -1.064113,
            0.820565,
            1.807773
        ]
    },
    "image_size": [
        720,
        1280
    ],
    "process_time_in_milliseconds": 789
}
