{
    "props": {
        "face_rect": [
            69,
            495,
            397,
            397
        ],
        "kp_eye_left_inner": [
            215,
            611
        ],
        "kp_eye_left_outer": [
            157,
            627
        ],
        "kp_eye_right_inner": [
            302,
            595
        ],
        "kp_eye_right_outer": [
            369,
            589
        ],
        "kp_mouth_left": [
            344,
            752
        ],
        "kp_mouth_right": [
            228,
            778
        ],
        "kp_nose_tip": [
            251,
            669
        ],
        "kp_under_lip_bottom": [
            286,
            785
        ],
        "kp_upper_lip_top": [
            273,
            743
        ],
        "features": [
            1.539791,
            9.377824,
            0.831746,
            -4.465615,
            4.11321,
            -3.281418,
            0.631988,
            3.227153,
            6.208606,
            -5.097448,
            2.312455,
            -4.253139,
            7.731579,
            -1.62656,
            3.827863,
            -1.799831,
            -0.34432,
            9.963282,
            -5.36835,
            4.816773,
            6.154129,
            -6.677511,
            8.177894,
            0.904637,
            -0.170025,
            2.614914,
            -6.916325,
            3.5046,
            -2.129604,
            -3.99016,
            -0.684451,
            4.413192,
            -0.666063,
            3.87876,
            -4.928494,
            4.508443,
            0.092333,
            1.181635,
            -0.181008,
            -3.54623,
            1.041332,
            -0.304249,
            -1.02809,
            -2.618875,
            8.697461,
            -1.729457,
            -1.106468,
            -1.565828,
            3.06584,
            -1.935536,
            4.032616,
            11.424037,
            3.181148,
            4.998548,
            0.385886,
            -3.544565,
            -1.103937,
            1.034358,
            -1.421742,
            1.6891
        ]
    },
    "image_size": [
        720,
        1280
    ],
    "process_time_in_milliseconds": 805
}
