{
    "props": {
        "face_rect": [
            135,
            493,
            373,
            373
        ],
        "kp_eye_left_inner": [
            278,
            587
        ],
        "kp_eye_left_outer": [
            211,
            590
        ],
        "kp_eye_right_inner": [
            368,
            583
        ],
        "kp_eye_right_outer": [
            439,
            583
        ],
        "kp_mouth_left": [
            386,
            754
        ],
        "kp_mouth_right": [
            268,
            754
        ],
        "kp_nose_tip": [
            314,
            651
        ],
        "kp_under_lip_bottom": [
            328,
            776
        ],
        "kp_upper_lip_top": [
            321,
            726
        ],
        "features": [
            1.918728,
            9.291422,
            -0.96241,
            -1.956768,
            3.658088,
            -3.064676,
            -0.60724,
            2.002137,
            8.36479,
            -7.007383,
            2.738587,
            -5.391483,
            7.086312,
            -2.546679,
            3.102722,
            -3.101047,
            -1.377962,
            7.830578,
            -6.662275,
            3.680656,
            5.16198,
            -6.087442,
            7.745004,
            0.999629,
            -1.377652,
            2.865476,
            -8.669449,
            3.506817,
            -1.891215,
            -4.947129,
            -0.052888,
            4.45775,
            -0.31241,
            2.214449,
            -3.945891,
            4.154853,
            1.27494,
            -0.704913,
            -0.208385,
            -5.132727,
            1.491855,
            0.179881,
            -0.868329,
            -0.288127,
            8.251618,
            -2.461057,
            -2.599241,
            -1.091649,
            3.952357,
            -1.741785,
            4.544109,
            10.660637,
            2.97469,
            4.630062,
            -0.283948,
            -3.61514,
            -1.718145,
            -0.624014,
            1.044717,
            1.076179
        ]
    },
    "image_size": [
        720,
        1280
    ],
    "process_time_in_milliseconds": 1416
}
