{
    "props": {
        "face_rect": [
            235,
            411,
            392,
            392
        ],
        "kp_eye_left_inner": [
            369,
            532
        ],
        "kp_eye_left_outer": [
            300,
            542
        ],
        "kp_eye_right_inner": [
            455,
            532
        ],
        "kp_eye_right_outer": [
            497,
            542
        ],
        "kp_mouth_left": [
            504,
            659
        ],
        "kp_mouth_right": [
            393,
            663
        ],
        "kp_nose_tip": [
            428,
            549
        ],
        "kp_under_lip_bottom": [
            459,
            670
        ],
        "kp_upper_lip_top": [
            452,
            625
        ],
        "features": [
            3.755304,
            9.458907,
            1.535767,
            1.080454,
            5.309683,
            -2.600486,
            -2.433363,
            1.729742,
            7.27786,
            -5.723466,
            -0.072493,
            -6.293767,
            6.271173,
            -3.046084,
            2.626089,
            -2.617244,
            -3.774638,
            4.812887,
            -3.379695,
            5.771214,
            6.580564,
            -6.838704,
            4.868042,
            3.560232,
            -2.472251,
            0.490468,
            -8.584,
            1.685768,
            -1.57833,
            -4.069996,
            -1.849277,
            3.889167,
            0.512641,
            5.742452,
            -0.921276,
            4.9126,
            3.237135,
            -2.066101,
            -0.45566,
            -1.735365,
            4.094617,
            -0.999939,
            0.937577,
            0.104943,
            9.817907,
            -0.989836,
            -4.619669,
            -1.508575,
            2.194836,
            -0.57114,
            4.312374,
            8.889552,
            -0.988622,
            3.833545,
            -0.465593,
            -4.851275,
            -4.155478,
            -0.909647,
            1.975332,
            1.792859
        ]
    },
    "image_size": [
        720,
        1280
    ],
    "process_time_in_milliseconds": 759
}
