{
    "props": {
        "face_rect": [
            203,
            505,
            404,
            404
        ],
        "kp_eye_left_inner": [
            364,
            612
        ],
        "kp_eye_left_outer": [
            288,
            618
        ],
        "kp_eye_right_inner": [
            453,
            606
        ],
        "kp_eye_right_outer": [
            510,
            603
        ],
        "kp_mouth_left": [
            491,
            770
        ],
        "kp_mouth_right": [
            377,
            789
        ],
        "kp_nose_tip": [
            443,
            685
        ],
        "kp_under_lip_bottom": [
            446,
            802
        ],
        "kp_upper_lip_top": [
            443,
            758
        ],
        "features": [
            0.627449,
            8.1664,
            -2.948576,
            -2.905825,
            5.00513,
            -2.636667,
            0.628905,
            3.102397,
            5.088808,
            -8.877858,
            4.297848,
            -4.125457,
            6.218779,
            -2.902517,
            5.002738,
            -3.049322,
            -1.448541,
            8.273638,
            -5.623681,
            4.865361,
            6.841488,
            -6.132807,
            7.878101,
            2.572292,
            -0.539459,
            -2.6248,
            -8.191359,
            3.649196,
            0.548063,
            -5.591103,
            -0.701679,
            1.875381,
            -3.277399,
            3.02612,
            -3.194048,
            2.973163,
            1.478863,
            -0.972347,
            -1.961723,
            -7.083452,
            0.220119,
            -0.302979,
            0.971821,
            -0.462846,
            7.570102,
            -5.231496,
            -1.934521,
            0.546988,
            0.952099,
            -1.4365,
            3.461023,
            13.106418,
            2.192087,
            5.526454,
            0.982165,
            -4.125866,
            -2.885153,
            -0.892828,
            -3.177659,
            0.88686
        ]
    },
    "image_size": [
        720,
        1280
    ],
    "process_time_in_milliseconds": 1349
}
