{
  "props": {
    "face_rect": [
      51,
      475,
      392,
      392
    ],
    "kp_eye_left_inner": [
      220,
      583
    ],
    "kp_eye_left_outer": [
      166,
      583
    ],
    "kp_eye_right_inner": [
      297,
      576
    ],
    "kp_eye_right_outer": [
      371,
      579
    ],
    "kp_mouth_left": [
      301,
      750
    ],
    "kp_mouth_right": [
      187,
      747
    ],
    "kp_nose_tip": [
      217,
      640
    ],
    "kp_under_lip_bottom": [
      230,
      767
    ],
    "kp_upper_lip_top": [
      230,
      724
    ],
    "features": [
      4.708737,
      7.790956,
      -1.407196,
      -1.866972,
      4.669013,
      -4.145764,
      0.500249,
      0.764693,
      5.592469,
      -6.724991,
      1.460571,
      -2.721781,
      5.615912,
      -1.625849,
      2.313646,
      -2.601461,
      -0.528707,
      8.185708,
      -5.796179,
      4.815517,
      5.605115,
      -5.132661,
      9.700943,
      1.841057,
      0.202202,
      1.850341,
      -6.427686,
      1.910543,
      -3.314238,
      -1.974957,
      -0.455197,
      1.998282,
      -0.803702,
      3.876461,
      -4.180239,
      4.601609,
      0.702561,
      -1.152591,
      -0.628912,
      -3.757534,
      2.0527,
      0.411092,
      -1.483054,
      -0.479552,
      6.665316,
      0.541821,
      -2.193179,
      1.935626,
      3.601989,
      -1.131558,
      4.287753,
      12.456882,
      3.344982,
      5.801758,
      1.35153,
      -2.533601,
      -2.963336,
      -0.053308,
      -0.336039,
      2.872086
    ]
  },
  "image_size": [
    720,
    1280
  ],
  "process_time_in_milliseconds": 1864,
  "ground_truth": {
    "yaw": -25.0,
    "pitch": 6.0,
    "roll": -1.0
  }
}
