{
  "props": {
    "face_rect": [
      43,
      478,
      390,
      390
    ],
    "kp_eye_left_inner": [
      213,
      580
    ],
    "kp_eye_left_outer": [
      164,
      587
    ],
    "kp_eye_right_inner": [
      290,
      580
    ],
    "kp_eye_right_outer": [
      367,
      580
    ],
    "kp_mouth_left": [
      297,
      752
    ],
    "kp_mouth_right": [
      185,
      749
    ],
    "kp_nose_tip": [
      216,
      643
    ],
    "kp_under_lip_bottom": [
      227,
      770
    ],
    "kp_upper_lip_top": [
      227,
      724
    ],
    "features": [
      3.640627,
      7.282627,
      -1.18953,
      -1.969342,
      4.12162,
      -4.141022,
      0.555479,
      1.357327,
      6.688336,
      -6.294086,
      3.130276,
      -2.668333,
      5.562468,
      -2.224303,
      2.729779,
      -3.688575,
      -0.876087,
      8.420107,
      -5.599831,
      4.269902,
      5.662808,
      -5.694749,
      9.07812,
      1.733301,
      0.32553,
      2.09306,
      -6.75247,
      1.515713,
      -3.542149,
      -2.338966,
      -0.547067,
      2.168135,
      -1.427562,
      3.016094,
      -4.052569,
      5.087976,
      0.723463,
      -1.054748,
      -0.078299,
      -3.964016,
      0.547034,
      -0.005867,
      -0.722642,
      -0.234177,
      6.759385,
      -0.655222,
      -2.377473,
      1.560444,
      3.800447,
      -0.559105,
      4.403743,
      12.315977,
      3.428622,
      6.141341,
      1.375378,
      -3.335029,
      -3.075011,
      -0.01959,
      0.310731,
      1.749314
    ]
  },
  "image_size": [
    720,
    1280
  ],
  "process_time_in_milliseconds": 1834,
  "ground_truth": {
    "yaw": -25.0,
    "pitch": 5.0,
    "roll": -1.0
  }
}
