{
    "props": {
        "face_rect": [
            143,
            747,
            602,
            602
        ],
        "kp_eye_left_inner": [
            371,
            903
        ],
        "kp_eye_left_outer": [
            262,
            903
        ],
        "kp_eye_right_inner": [
            508,
            898
        ],
        "kp_eye_right_outer": [
            612,
            888
        ],
        "kp_mouth_left": [
            553,
            1139
        ],
        "kp_mouth_right": [
            356,
            1154
        ],
        "kp_nose_tip": [
            444,
            1026
        ],
        "kp_under_lip_bottom": [
            459,
            1188
        ],
        "kp_upper_lip_top": [
            449,
            1124
        ],
        "features": [
            5.259398,
            6.218407,
            -2.385834,
            4.445609,
            -0.780258,
            6.86569,
            1.044084,
            0.660949,
            4.698692,
            -6.259155,
            -0.387446,
            -3.277357,
            1.575831,
            -4.954008,
            8.685074,
            -4.511138,
            0.808641,
            0.12751,
            3.547982,
            2.387577,
            3.701905,
            2.261131,
            0.041054,
            5.43338,
            -4.870146,
            -0.230364,
            -6.360482,
            -2.032146,
            6.301837,
            -7.70642,
            0.845979,
            -4.369035,
            -1.701982,
            4.313884,
            -2.761069,
            0.442779,
            0.398842,
            3.628583,
            0.440731,
            -0.921717,
            -0.699525,
            -3.567472,
            8.52199,
            -0.590545,
            6.004032,
            -7.732072,
            -5.220414,
            0.840319,
            6.166602,
            1.211495,
            -0.813641,
            5.850275,
            -4.729682,
            2.781542,
            1.802661,
            -4.260996,
            -2.383934,
            3.403308,
            -1.327243,
            4.089074
        ]
    },
    "image_size": [
        870,
        1918
    ],
    "process_time_in_milliseconds": 833
}
