{
    "props": {
        "face_rect": [
            117,
            804,
            604,
            604
        ],
        "kp_eye_left_inner": [
            349,
            959
        ],
        "kp_eye_left_outer": [
            243,
            954
        ],
        "kp_eye_right_inner": [
            489,
            959
        ],
        "kp_eye_right_outer": [
            590,
            945
        ],
        "kp_mouth_left": [
            523,
            1206
        ],
        "kp_mouth_right": [
            334,
            1215
        ],
        "kp_nose_tip": [
            426,
            1109
        ],
        "kp_under_lip_bottom": [
            436,
            1249
        ],
        "kp_upper_lip_top": [
            431,
            1201
        ],
        "features": [
            5.171355,
            6.511651,
            -1.11578,
            5.182853,
            0.865924,
            6.914133,
            -0.094047,
            -0.572075,
            6.261426,
            -7.239699,
            -0.044255,
            -1.338933,
            3.545827,
            -6.622027,
            7.973531,
            -3.697021,
            0.521892,
            -0.809052,
            2.626678,
            3.14235,
            4.814211,
            1.662471,
            2.568692,
            7.698901,
            -5.050736,
            -0.467492,
            -5.554936,
            -0.606012,
            6.032669,
            -7.995102,
            -1.15551,
            -3.825444,
            -0.161921,
            4.736529,
            -2.537667,
            -0.115918,
            -0.34968,
            3.26578,
            -0.141044,
            -0.181719,
            -0.413573,
            -3.632873,
            8.928466,
            -0.445307,
            5.825318,
            -7.549211,
            -5.017665,
            -1.088388,
            6.170979,
            1.42846,
            -1.989867,
            7.648848,
            -6.168115,
            2.559345,
            2.777787,
            -4.127694,
            -3.424533,
            3.787459,
            -1.885809,
            2.69963
        ]
    },
    "image_size": [
        870,
        1918
    ],
    "process_time_in_milliseconds": 745
}
