{
    "props": {
        "face_rect": [
            -22,
            603,
            613,
            613
        ],
        "kp_eye_left_inner": [
            230,
            766
        ],
        "kp_eye_left_outer": [
            180,
            766
        ],
        "kp_eye_right_inner": [
            358,
            756
        ],
        "kp_eye_right_outer": [
            472,
            751
        ],
        "kp_mouth_left": [
            358,
            1018
        ],
        "kp_mouth_right": [
            175,
            998
        ],
        "kp_nose_tip": [
            235,
            845
        ],
        "kp_under_lip_bottom": [
            250,
            1033
        ],
        "kp_upper_lip_top": [
            240,
            968
        ],
        "features": [
            3.796027,
            4.139324,
            4.791482,
            -4.64597,
            3.476007,
            0.87241,
            -7.095725,
            0.620287,
            0.713163,
            4.057581,
            -7.808666,
            -5.688415,
            -4.666844,
            6.040554,
            5.445721,
            -10.907917,
            -6.948899,
            5.867091,
            4.211264,
            -0.304797,
            -1.253752,
            4.351451,
            -8.685266,
            -5.045579,
            7.492301,
            1.511613,
            -1.544828,
            -1.570836,
            4.033245,
            1.705365,
            -0.761483,
            0.807953,
            -2.867988,
            -0.135451,
            -2.724303,
            5.520086,
            4.401497,
            2.237605,
            0.277727,
            2.786961,
            -1.44039,
            -4.342182,
            -8.896688,
            3.222492,
            3.037199,
            7.941343,
            6.406204,
            6.825675,
            -6.019988,
            -5.812034,
            5.015086,
            -0.756283,
            0.355042,
            0.331851,
            2.325419,
            3.382267,
            -3.87251,
            2.099497,
            -2.658316,
            2.870486
        ]
    },
    "image_size": [
        870,
        1918
    ],
    "process_time_in_milliseconds": 836
}
