{
    "props": {
        "face_rect": [
            170,
            640,
            512,
            512
        ],
        "kp_eye_left_inner": [
            366,
            721
        ],
        "kp_eye_left_outer": [
            257,
            795
        ],
        "kp_eye_right_inner": [
            498,
            778
        ],
        "kp_eye_right_outer": [
            595,
            790
        ],
        "kp_mouth_left": [
            538,
            996
        ],
        "kp_mouth_right": [
            326,
            1002
        ],
        "kp_nose_tip": [
            423,
            790
        ],
        "kp_under_lip_bottom": [
            435,
            1013
        ],
        "kp_upper_lip_top": [
            429,
            944
        ],
        "features": [
            2.862269,
            6.406633,
            -2.229326,
            4.763783,
            -2.659173,
            3.58073,
            -2.079363,
            -0.452879,
            4.553878,
            -7.758804,
            -0.495995,
            0.035311,
            2.407897,
            -1.979872,
            1.625667,
            -0.773857,
            -1.767081,
            -1.385663,
            0.346998,
            -0.014434,
            2.361455,
            4.245263,
            -3.100444,
            4.911189,
            -2.213274,
            1.387508,
            -2.594214,
            -0.836735,
            5.812672,
            -6.107198,
            1.06834,
            -5.39621,
            1.229261,
            2.91802,
            1.011546,
            1.956842,
            2.514904,
            0.897392,
            1.91007,
            -0.107783,
            1.448216,
            1.694906,
            4.759981,
            -0.502594,
            6.671652,
            -5.234888,
            -1.797243,
            2.336626,
            9.036363,
            1.500513,
            -2.261239,
            5.814802,
            0.41303,
            1.418553,
            -3.207229,
            -2.702462,
            0.452771,
            0.339681,
            1.228244,
            3.978122
        ]
    },
    "image_size": [
        870,
        1918
    ],
    "process_time_in_milliseconds": 732
}
