{
    "props": {
        "face_rect": [
            185,
            663,
            491,
            491
        ],
        "kp_eye_left_inner": [
            362,
            780
        ],
        "kp_eye_left_outer": [
            261,
            807
        ],
        "kp_eye_right_inner": [
            501,
            785
        ],
        "kp_eye_right_outer": [
            591,
            796
        ],
        "kp_mouth_left": [
            543,
            1009
        ],
        "kp_mouth_right": [
            330,
            1004
        ],
        "kp_nose_tip": [
            426,
            801
        ],
        "kp_under_lip_bottom": [
            437,
            1014
        ],
        "kp_upper_lip_top": [
            437,
            951
        ],
        "features": [
            3.164738,
            6.491404,
            -2.146468,
            5.111523,
            -1.938692,
            5.218224,
            -1.932116,
            -1.644265,
            0.47263,
            -7.795334,
            -1.227283,
            0.260826,
            2.881735,
            -2.200324,
            2.117923,
            0.514661,
            -2.719691,
            -1.3802,
            0.503013,
            -1.003844,
            4.686846,
            2.753072,
            -1.155946,
            3.197704,
            -2.856722,
            2.277848,
            -1.014741,
            -2.336663,
            4.551313,
            -4.252994,
            2.323409,
            -4.063403,
            2.896613,
            2.296057,
            -2.000869,
            0.384958,
            -0.810279,
            1.317009,
            0.834568,
            1.265023,
            3.398206,
            1.787899,
            3.323746,
            -1.145726,
            6.622862,
            -1.528483,
            -2.4237,
            4.478184,
            7.323487,
            1.674626,
            -2.60452,
            6.649487,
            -0.195171,
            1.182681,
            -3.30382,
            -3.401309,
            -2.538358,
            1.801505,
            2.511336,
            5.84486
        ]
    },
    "image_size": [
        870,
        1918
    ],
    "process_time_in_milliseconds": 765
}
