{
    "props": {
        "face_rect": [
            316,
            771,
            569,
            569
        ],
        "kp_eye_left_inner": [
            542,
            899
        ],
        "kp_eye_left_outer": [
            421,
            883
        ],
        "kp_eye_right_inner": [
            685,
            938
        ],
        "kp_eye_right_outer": [
            734,
            932
        ],
        "kp_mouth_left": [
            668,
            1152
        ],
        "kp_mouth_right": [
            498,
            1147
        ],
        "kp_nose_tip": [
            646,
            1026
        ],
        "kp_under_lip_bottom": [
            597,
            1196
        ],
        "kp_upper_lip_top": [
            613,
            1130
        ],
        "features": [
            6.656885,
            7.766284,
            -2.23652,
            3.67777,
            0.245144,
            8.193419,
            2.213619,
            -0.71218,
            5.362929,
            -6.497372,
            -1.223129,
            -1.201757,
            1.963396,
            -4.350818,
            5.909106,
            -0.879979,
            -0.300975,
            -2.014344,
            2.850637,
            2.953346,
            3.637213,
            -0.135993,
            -1.122418,
            7.280397,
            -4.163699,
            -1.275202,
            -4.495626,
            -0.496814,
            6.063415,
            -7.647963,
            0.451016,
            -4.248861,
            -0.678674,
            3.407498,
            -0.451169,
            0.411033,
            0.817126,
            2.509441,
            -0.32241,
            -0.882803,
            1.517529,
            -2.08963,
            6.970423,
            -0.023788,
            3.339105,
            -5.334976,
            -4.029904,
            -1.452487,
            5.164727,
            -0.059328,
            -1.083413,
            5.353065,
            -3.303828,
            1.947766,
            -0.546139,
            -3.919133,
            -2.658783,
            2.339984,
            -3.350762,
            5.236193
        ]
    },
    "image_size": [
        870,
        1918
    ],
    "process_time_in_milliseconds": 751
}
