{
    "props": {
        "face_rect": [
            242,
            767,
            560,
            560
        ],
        "kp_eye_left_inner": [
            456,
            894
        ],
        "kp_eye_left_outer": [
            342,
            889
        ],
        "kp_eye_right_inner": [
            591,
            914
        ],
        "kp_eye_right_outer": [
            680,
            919
        ],
        "kp_mouth_left": [
            615,
            1148
        ],
        "kp_mouth_right": [
            421,
            1143
        ],
        "kp_nose_tip": [
            546,
            1018
        ],
        "kp_under_lip_bottom": [
            526,
            1182
        ],
        "kp_upper_lip_top": [
            536,
            1123
        ],
        "features": [
            5.64316,
            6.668845,
            -2.464329,
            5.500713,
            -1.091929,
            8.095222,
            1.097073,
            1.036653,
            4.954283,
            -6.946115,
            -0.475344,
            -3.25768,
            1.476916,
            -5.674746,
            6.175416,
            -1.720141,
            -0.376615,
            -0.79035,
            1.337687,
            0.567074,
            3.713343,
            1.818318,
            2.149868,
            6.18446,
            -4.782207,
            0.998322,
            -6.331033,
            -1.000436,
            4.888602,
            -8.262083,
            -0.104616,
            -4.308498,
            -1.225683,
            4.492597,
            -1.974459,
            0.740295,
            -0.702129,
            1.969645,
            1.216669,
            -0.244344,
            -0.221704,
            -3.216998,
            6.938807,
            0.361331,
            5.568344,
            -5.705115,
            -4.615708,
            -0.710067,
            5.70919,
            0.413737,
            -1.801184,
            5.516734,
            -4.473458,
            2.76845,
            0.73592,
            -4.863042,
            -2.598348,
            3.206428,
            -1.826208,
            5.000944
        ]
    },
    "image_size": [
        870,
        1918
    ],
    "process_time_in_milliseconds": 800
}
