{
    "props": {
        "face_rect": [
            133,
            756,
            563,
            563
        ],
        "kp_eye_left_inner": [
            344,
            896
        ],
        "kp_eye_left_outer": [
            241,
            901
        ],
        "kp_eye_right_inner": [
            481,
            896
        ],
        "kp_eye_right_outer": [
            584,
            896
        ],
        "kp_mouth_left": [
            525,
            1135
        ],
        "kp_mouth_right": [
            325,
            1140
        ],
        "kp_nose_tip": [
            413,
            1003
        ],
        "kp_under_lip_bottom": [
            427,
            1170
        ],
        "kp_upper_lip_top": [
            418,
            1111
        ],
        "features": [
            4.940608,
            6.700396,
            -1.836655,
            5.277191,
            -0.025561,
            7.43898,
            0.080779,
            1.17264,
            3.812075,
            -7.728316,
            1.070854,
            -3.218734,
            2.041193,
            -4.800236,
            8.601819,
            -4.471893,
            0.101673,
            -0.327359,
            1.686668,
            1.072857,
            3.873204,
            2.778669,
            1.23043,
            4.651175,
            -5.827978,
            0.614915,
            -5.784491,
            -0.898601,
            6.883062,
            -8.343893,
            0.073695,
            -3.434228,
            -1.283916,
            4.72752,
            -3.325483,
            -0.248467,
            -1.185568,
            3.713109,
            0.396623,
            -1.900833,
            -1.06367,
            -2.765533,
            6.635803,
            -0.340429,
            5.21002,
            -6.904067,
            -4.74386,
            -0.142889,
            6.120248,
            -0.20105,
            -0.347249,
            6.58594,
            -4.992594,
            3.121431,
            1.18377,
            -4.697323,
            -1.977642,
            3.017083,
            -1.219039,
            4.530901
        ]
    },
    "image_size": [
        870,
        1918
    ],
    "process_time_in_milliseconds": 748
}
