{
    "props": {
        "face_rect": [
            146,
            520,
            475,
            475
        ],
        "kp_eye_left_inner": [
            348,
            650
        ],
        "kp_eye_left_outer": [
            278,
            616
        ],
        "kp_eye_right_inner": [
            441,
            676
        ],
        "kp_eye_right_outer": [
            508,
            694
        ],
        "kp_mouth_left": [
            404,
            862
        ],
        "kp_mouth_right": [
            270,
            813
        ],
        "kp_nose_tip": [
            356,
            758
        ],
        "kp_under_lip_bottom": [
            330,
            862
        ],
        "kp_upper_lip_top": [
            341,
            821
        ],
        "features": [
            -0.754393,
            7.891527,
            -1.894204,
            -2.778617,
            2.977653,
            -4.436688,
            1.717928,
            2.647852,
            9.240359,
            -7.554069,
            5.58375,
            -3.385808,
            6.626426,
            -4.627985,
            4.805981,
            -3.740509,
            -0.800585,
            9.152461,
            -6.393767,
            5.185222,
            6.118662,
            -7.137292,
            7.487406,
            0.146841,
            0.964319,
            1.941215,
            -7.924562,
            1.358806,
            -0.526031,
            -4.744138,
            -0.035053,
            2.039332,
            -2.594894,
            0.865312,
            -4.125155,
            4.937263,
            0.202439,
            -0.08644,
            -1.316195,
            -5.565543,
            -2.037244,
            -0.895652,
            -1.554828,
            -1.290302,
            6.766507,
            -4.351574,
            -2.357082,
            -1.872485,
            1.276535,
            -0.074164,
            2.185754,
            11.323647,
            3.003187,
            4.845087,
            2.396823,
            -4.549724,
            -2.120826,
            1.52872,
            -1.772798,
            -0.802141
        ]
    },
    "image_size": [
        720,
        1280
    ],
    "process_time_in_milliseconds": 1416
}
