{
    "props": {
        "face_rect": [
            281,
            635,
            541,
            541
        ],
        "kp_eye_left_inner": [
            483,
            769
        ],
        "kp_eye_left_outer": [
            370,
            764
        ],
        "kp_eye_right_inner": [
            612,
            779
        ],
        "kp_eye_right_outer": [
            691,
            779
        ],
        "kp_mouth_left": [
            642,
            1021
        ],
        "kp_mouth_right": [
            444,
            1021
        ],
        "kp_nose_tip": [
            582,
            863
        ],
        "kp_under_lip_bottom": [
            558,
            1046
        ],
        "kp_upper_lip_top": [
            567,
            967
        ],
        "features": [
            2.951013,
            5.952283,
            7.353059,
            -6.173692,
            4.727174,
            -0.186625,
            -6.716345,
            1.234853,
            0.547298,
            4.628461,
            -7.139166,
            -6.808801,
            -3.487079,
            8.709691,
            4.650679,
            -9.71442,
            -6.407405,
            2.79091,
            4.551667,
            0.57014,
            -2.448199,
            3.049962,
            -10.759452,
            -8.284137,
            7.350975,
            2.452635,
            -0.981707,
            0.312023,
            7.098374,
            2.950173,
            0.012389,
            2.37816,
            -1.892169,
            -1.996483,
            -2.029463,
            3.110927,
            3.769148,
            3.307366,
            -0.515813,
            3.780211,
            -1.002042,
            -4.653094,
            -9.629755,
            2.983387,
            5.501932,
            9.514915,
            5.046188,
            3.48491,
            -7.601325,
            -3.731159,
            5.98219,
            -1.451088,
            1.210584,
            -0.46107,
            -1.119758,
            2.758,
            -2.592509,
            -1.383023,
            -1.673288,
            2.027581
        ]
    },
    "image_size": [
        870,
        1918
    ],
    "process_time_in_milliseconds": 779
}
