{
    "props": {
        "face_rect": [
            165,
            762,
            567,
            567
        ],
        "kp_eye_left_inner": [
            381,
            898
        ],
        "kp_eye_left_outer": [
            275,
            898
        ],
        "kp_eye_right_inner": [
            517,
            903
        ],
        "kp_eye_right_outer": [
            618,
            898
        ],
        "kp_mouth_left": [
            552,
            1139
        ],
        "kp_mouth_right": [
            361,
            1144
        ],
        "kp_nose_tip": [
            452,
            1018
        ],
        "kp_under_lip_bottom": [
            457,
            1184
        ],
        "kp_upper_lip_top": [
            452,
            1119
        ],
        "features": [
            5.384845,
            6.019047,
            -2.882522,
            4.641901,
            0.1449,
            6.722038,
            0.74212,
            0.736679,
            4.864526,
            -7.647045,
            0.362473,
            -2.083718,
            1.348167,
            -4.489119,
            9.059269,
            -4.519482,
            0.698361,
            -0.266779,
            1.956403,
            1.286165,
            4.15056,
            2.979909,
            2.589448,
            6.696465,
            -4.417842,
            0.830691,
            -5.785606,
            -1.709804,
            7.045157,
            -8.064027,
            0.426713,
            -5.442839,
            -2.826816,
            4.196361,
            -2.761584,
            0.574024,
            -0.221,
            3.368155,
            -0.421017,
            -1.625503,
            -2.170266,
            -2.608112,
            7.639915,
            0.041417,
            5.667288,
            -7.69167,
            -3.725111,
            -0.114952,
            5.660323,
            0.954462,
            -0.804665,
            7.049512,
            -4.362875,
            3.136616,
            1.357644,
            -4.377956,
            -1.850797,
            4.389956,
            -2.514443,
            4.965967
        ]
    },
    "image_size": [
        870,
        1918
    ],
    "process_time_in_milliseconds": 776
}
