{
    "props": {
        "face_rect": [
            120,
            745,
            637,
            637
        ],
        "kp_eye_left_inner": [
            376,
            914
        ],
        "kp_eye_left_outer": [
            265,
            909
        ],
        "kp_eye_right_inner": [
            511,
            909
        ],
        "kp_eye_right_outer": [
            617,
            889
        ],
        "kp_mouth_left": [
            552,
            1176
        ],
        "kp_mouth_right": [
            346,
            1181
        ],
        "kp_nose_tip": [
            451,
            1080
        ],
        "kp_under_lip_bottom": [
            461,
            1236
        ],
        "kp_upper_lip_top": [
            456,
            1166
        ],
        "features": [
            -0.803372,
            0.710288,
            5.897488,
            -2.376972,
            5.012533,
            2.530361,
            -3.403561,
            5.842382,
            -1.063788,
            4.556144,
            -6.790213,
            -5.075313,
            -3.562664,
            2.926954,
            2.945836,
            -11.355431,
            -7.521334,
            2.714901,
            -1.261858,
            -1.575172,
            1.909877,
            0.592875,
            -9.632727,
            -7.840236,
            3.332892,
            1.891613,
            1.536536,
            -3.043345,
            3.877727,
            2.401228,
            -0.140663,
            2.093517,
            -3.051672,
            -1.83375,
            1.186708,
            0.996822,
            1.654654,
            0.608296,
            4.81319,
            7.088451,
            -2.886711,
            -8.884272,
            -6.323354,
            4.741852,
            6.346319,
            4.205466,
            0.707898,
            2.812366,
            -4.551025,
            -5.280923,
            3.706354,
            -3.060127,
            1.963468,
            -0.236477,
            -2.640067,
            4.907735,
            -5.793451,
            0.654573,
            0.036895,
            0.16066
        ]
    },
    "image_size": [
        870,
        1918
    ],
    "process_time_in_milliseconds": 794
}
