{
    "props": {
        "face_rect": [
            -5,
            753,
            558,
            558
        ],
        "kp_eye_left_inner": [
            209,
            897
        ],
        "kp_eye_left_outer": [
            149,
            907
        ],
        "kp_eye_right_inner": [
            343,
            892
        ],
        "kp_eye_right_outer": [
            457,
            882
        ],
        "kp_mouth_left": [
            378,
            1140
        ],
        "kp_mouth_right": [
            199,
            1140
        ],
        "kp_nose_tip": [
            238,
            981
        ],
        "kp_under_lip_bottom": [
            268,
            1170
        ],
        "kp_upper_lip_top": [
            253,
            1121
        ],
        "features": [
            8.177654,
            10.487429,
            -0.823832,
            3.42827,
            2.459516,
            5.841003,
            0.129216,
            -0.137397,
            2.437478,
            -4.484147,
            -4.200568,
            -0.626467,
            4.071176,
            0.753733,
            5.624326,
            -2.05764,
            -0.933367,
            -1.878616,
            4.297211,
            1.802106,
            4.055113,
            0.661869,
            -2.221962,
            5.853004,
            -3.601337,
            -0.107344,
            -2.748688,
            -0.751395,
            4.139683,
            -5.091823,
            -1.244992,
            -0.835903,
            1.199998,
            4.795989,
            -1.322232,
            -0.587884,
            -0.720735,
            0.341152,
            2.248898,
            1.337348,
            4.607844,
            -4.162141,
            6.623966,
            -1.6313,
            3.283221,
            -2.871369,
            -4.909162,
            -1.924692,
            3.361895,
            0.830167,
            -0.207381,
            6.161321,
            -3.532495,
            2.896409,
            -0.370848,
            -4.392407,
            -3.288172,
            2.43661,
            -3.282332,
            6.238083
        ]
    },
    "image_size": [
        870,
        1918
    ],
    "process_time_in_milliseconds": 796
}
