{
    "props": {
        "face_rect": [
            128,
            858,
            576,
            576
        ],
        "kp_eye_left_inner": [
            357,
            1017
        ],
        "kp_eye_left_outer": [
            245,
            1003
        ],
        "kp_eye_right_inner": [
            497,
            1012
        ],
        "kp_eye_right_outer": [
            600,
            1003
        ],
        "kp_mouth_left": [
            533,
            1251
        ],
        "kp_mouth_right": [
            339,
            1260
        ],
        "kp_nose_tip": [
            429,
            1192
        ],
        "kp_under_lip_bottom": [
            434,
            1296
        ],
        "kp_upper_lip_top": [
            434,
            1260
        ],
        "features": [
            2.871171,
            4.490347,
            -2.323444,
            2.493596,
            -1.206627,
            5.829187,
            -5.108562,
            0.13136,
            7.857893,
            -5.805999,
            -2.73893,
            -2.681698,
            1.40881,
            -8.980592,
            10.017372,
            -2.868565,
            -1.811322,
            -2.291272,
            0.624525,
            0.130956,
            2.994281,
            -0.244829,
            2.631795,
            9.107529,
            -1.383614,
            -1.610364,
            -5.472086,
            -0.780878,
            6.804295,
            -7.837842,
            1.185601,
            -2.516943,
            -2.492183,
            3.562131,
            -3.930614,
            2.358732,
            0.675712,
            5.18945,
            1.768081,
            0.3801,
            -0.76549,
            -4.656765,
            8.406015,
            2.942611,
            5.963768,
            -6.114196,
            -3.306763,
            1.648079,
            4.645623,
            1.265356,
            -0.469008,
            6.505859,
            -6.698471,
            1.306485,
            -0.441901,
            -1.935142,
            -1.692757,
            0.535989,
            -1.053373,
            3.177738
        ]
    },
    "image_size": [
        870,
        1918
    ],
    "process_time_in_milliseconds": 860
}
