{
    "props": {
        "face_rect": [
            295,
            771,
            559,
            559
        ],
        "kp_eye_left_inner": [
            517,
            894
        ],
        "kp_eye_left_outer": [
            402,
            885
        ],
        "kp_eye_right_inner": [
            656,
            924
        ],
        "kp_eye_right_outer": [
            715,
            924
        ],
        "kp_mouth_left": [
            656,
            1148
        ],
        "kp_mouth_right": [
            477,
            1148
        ],
        "kp_nose_tip": [
            616,
            1019
        ],
        "kp_under_lip_bottom": [
            581,
            1193
        ],
        "kp_upper_lip_top": [
            591,
            1128
        ],
        "features": [
            6.910388,
            7.402693,
            -1.685767,
            4.995804,
            0.083531,
            8.239559,
            2.116955,
            0.610903,
            5.5491,
            -7.58745,
            -0.726324,
            -2.054624,
            1.610343,
            -4.523108,
            6.311846,
            -2.118438,
            -0.565252,
            -2.007256,
            1.160703,
            1.446503,
            2.44131,
            0.935881,
            -0.85699,
            6.115123,
            -5.033289,
            -0.924481,
            -5.639426,
            -0.157558,
            5.79348,
            -8.398762,
            0.683551,
            -4.36445,
            -1.198965,
            2.77203,
            -1.674271,
            -0.494456,
            0.759154,
            2.892069,
            -0.301053,
            -0.46818,
            0.792938,
            -2.729755,
            5.998523,
            -0.015403,
            3.232944,
            -5.421553,
            -3.752376,
            -2.003455,
            5.336793,
            -0.083526,
            -0.312419,
            5.495626,
            -3.136286,
            1.794671,
            -0.186603,
            -3.917124,
            -2.15454,
            2.507636,
            -3.667244,
            5.181348
        ]
    },
    "image_size": [
        870,
        1918
    ],
    "process_time_in_milliseconds": 751
}
