{
    "props": {
        "face_rect": [
            138,
            456,
            307,
            307
        ],
        "kp_eye_left_inner": [
            259,
            540
        ],
        "kp_eye_left_outer": [
            217,
            552
        ],
        "kp_eye_right_inner": [
            341,
            537
        ],
        "kp_eye_right_outer": [
            405,
            540
        ],
        "kp_mouth_left": [
            344,
            670
        ],
        "kp_mouth_right": [
            229,
            670
        ],
        "kp_nose_tip": [
            281,
            549
        ],
        "kp_under_lip_bottom": [
            275,
            676
        ],
        "kp_upper_lip_top": [
            278,
            631
        ],
        "features": [
            4.031281,
            9.028489,
            2.042984,
            0.666848,
            7.775578,
            -5.444584,
            -0.190592,
            2.160239,
            4.124701,
            -5.974308,
            3.119873,
            -3.261922,
            8.94842,
            0.108072,
            2.108865,
            -1.51649,
            -0.256557,
            6.268068,
            -5.879862,
            5.939917,
            5.457573,
            -6.692924,
            10.6081,
            1.977379,
            -3.517043,
            2.076007,
            -7.473097,
            3.095793,
            -2.293938,
            -2.041695,
            -1.289614,
            5.475874,
            -1.515208,
            5.326649,
            -4.956564,
            0.484762,
            -0.43409,
            -1.468778,
            -0.848627,
            -3.293079,
            4.510714,
            -1.084424,
            -0.505224,
            -1.226332,
            10.790082,
            -0.421193,
            -1.284081,
            -2.760763,
            -0.390813,
            0.615911,
            5.53373,
            12.479148,
            1.47752,
            5.201745,
            -2.510951,
            -2.825338,
            -2.607538,
            1.001041,
            0.095157,
            3.178228
        ]
    },
    "image_size": [
        720,
        1280
    ],
    "process_time_in_milliseconds": 740
}
