{
    "props": {
        "face_rect": [
            235,
            565,
            413,
            413
        ],
        "kp_eye_left_inner": [
            385,
            677
        ],
        "kp_eye_left_outer": [
            293,
            691
        ],
        "kp_eye_right_inner": [
            505,
            677
        ],
        "kp_eye_right_outer": [
            587,
            682
        ],
        "kp_mouth_left": [
            544,
            870
        ],
        "kp_mouth_right": [
            346,
            870
        ],
        "kp_nose_tip": [
            443,
            701
        ],
        "kp_under_lip_bottom": [
            443,
            875
        ],
        "kp_upper_lip_top": [
            448,
            807
        ],
        "features": [
            2.357914,
            6.155687,
            7.197286,
            -5.128731,
            2.804884,
            -2.1551,
            -3.050566,
            -0.267925,
            4.728129,
            5.11042,
            -9.503009,
            -3.796805,
            -0.800939,
            5.928142,
            3.776956,
            -10.661198,
            -6.136888,
            2.314406,
            6.817863,
            2.570719,
            -5.124335,
            4.044746,
            -9.626476,
            -9.149685,
            8.440077,
            1.77445,
            2.273978,
            -0.544739,
            7.051688,
            1.97348,
            0.942008,
            2.594561,
            -1.228441,
            -0.821748,
            -2.570913,
            2.844621,
            3.696069,
            3.559735,
            -3.016075,
            4.651299,
            1.119708,
            -2.495964,
            -5.763689,
            0.230978,
            5.86562,
            8.023867,
            3.944186,
            0.752627,
            -6.16687,
            -4.016643,
            5.576062,
            -3.339894,
            0.823817,
            1.23709,
            -2.20628,
            1.959806,
            -0.429991,
            -0.432972,
            -1.575383,
            2.453135
        ]
    },
    "image_size": [
        870,
        1918
    ],
    "process_time_in_milliseconds": 732
}
