{
    "props": {
        "face_rect": [
            135,
            896,
            547,
            547
        ],
        "kp_eye_left_inner": [
            356,
            1045
        ],
        "kp_eye_left_outer": [
            249,
            1033
        ],
        "kp_eye_right_inner": [
            493,
            1045
        ],
        "kp_eye_right_outer": [
            597,
            1037
        ],
        "kp_mouth_left": [
            528,
            1278
        ],
        "kp_mouth_right": [
            339,
            1282
        ],
        "kp_nose_tip": [
            429,
            1230
        ],
        "kp_under_lip_bottom": [
            429,
            1320
        ],
        "kp_upper_lip_top": [
            433,
            1286
        ],
        "features": [
            3.917015,
            3.904921,
            -1.22982,
            5.648402,
            -1.345402,
            4.419986,
            -4.337579,
            1.862271,
            5.412548,
            -5.252167,
            -2.29102,
            -1.034181,
            0.817255,
            -6.947219,
            8.49318,
            -3.150137,
            -3.012124,
            -3.332168,
            1.613304,
            0.020563,
            5.854873,
            -2.049746,
            0.001014,
            7.356153,
            -1.745678,
            -1.870476,
            -2.736189,
            -3.357183,
            5.088302,
            -5.965625,
            3.415549,
            -2.707098,
            -3.599532,
            4.668075,
            -4.197015,
            2.246735,
            -1.060739,
            3.229503,
            4.246223,
            2.42246,
            0.179568,
            -5.967164,
            7.386526,
            2.74861,
            7.148612,
            -7.792592,
            -4.163327,
            1.337455,
            3.263102,
            3.65852,
            1.433526,
            5.793213,
            -5.511038,
            0.865392,
            -1.938655,
            -3.184946,
            -3.067333,
            1.798767,
            -0.900754,
            3.458434
        ]
    },
    "image_size": [
        870,
        1918
    ],
    "process_time_in_milliseconds": 781
}
