{
    "props": {
        "face_rect": [
            185,
            640,
            547,
            547
        ],
        "kp_eye_left_inner": [
            399,
            778
        ],
        "kp_eye_left_outer": [
            294,
            778
        ],
        "kp_eye_right_inner": [
            528,
            773
        ],
        "kp_eye_right_outer": [
            624,
            768
        ],
        "kp_mouth_left": [
            560,
            1025
        ],
        "kp_mouth_right": [
            358,
            1025
        ],
        "kp_nose_tip": [
            459,
            869
        ],
        "kp_under_lip_bottom": [
            459,
            1057
        ],
        "kp_upper_lip_top": [
            463,
            984
        ],
        "features": [
            2.676445,
            4.53943,
            6.612665,
            -6.03933,
            5.132366,
            1.586688,
            -5.310731,
            1.829235,
            -0.024051,
            6.276814,
            -8.422265,
            -8.724051,
            -4.297431,
            6.789042,
            5.060301,
            -11.577939,
            -5.905671,
            4.857438,
            4.400445,
            0.15388,
            -2.438111,
            3.280924,
            -10.293928,
            -7.343503,
            7.36901,
            3.098857,
            -1.557083,
            0.216496,
            6.824865,
            1.033712,
            -0.286794,
            3.427939,
            -1.557018,
            -2.841413,
            -2.239597,
            3.401607,
            3.280619,
            4.581198,
            -0.994242,
            3.594108,
            -2.613006,
            -5.897476,
            -8.959499,
            2.775396,
            4.964266,
            8.494016,
            4.562245,
            4.430493,
            -7.256623,
            -3.403357,
            5.395097,
            -1.037156,
            1.713724,
            -0.041437,
            0.843967,
            3.020259,
            -4.379004,
            0.410535,
            -2.199558,
            2.312041
        ]
    },
    "image_size": [
        870,
        1918
    ],
    "process_time_in_milliseconds": 737
}
