{
    "props": {
        "face_rect": [
            167,
            635,
            559,
            559
        ],
        "kp_eye_left_inner": [
            383,
            774
        ],
        "kp_eye_left_outer": [
            286,
            774
        ],
        "kp_eye_right_inner": [
            514,
            769
        ],
        "kp_eye_right_outer": [
            616,
            764
        ],
        "kp_mouth_left": [
            548,
            1026
        ],
        "kp_mouth_right": [
            344,
            1031
        ],
        "kp_nose_tip": [
            446,
            871
        ],
        "kp_under_lip_bottom": [
            446,
            1065
        ],
        "kp_upper_lip_top": [
            451,
            988
        ],
        "features": [
            2.485772,
            4.868589,
            6.102204,
            -6.29302,
            3.777473,
            0.726952,
            -6.054478,
            3.272057,
            -0.301324,
            5.816417,
            -7.52021,
            -8.018419,
            -4.915545,
            7.536197,
            4.03667,
            -11.080337,
            -4.813327,
            4.663213,
            2.563927,
            -1.285217,
            -2.020836,
            2.888022,
            -9.886288,
            -7.391935,
            7.998297,
            2.769504,
            -2.531617,
            0.76664,
            6.285547,
            0.3131,
            0.250488,
            3.50443,
            -2.788677,
            -3.44332,
            -2.460077,
            4.270333,
            2.772112,
            3.435027,
            -0.585007,
            2.195492,
            -3.948401,
            -5.670933,
            -10.289882,
            3.647207,
            3.888498,
            7.491427,
            4.893267,
            4.549857,
            -7.827918,
            -2.611205,
            6.198423,
            -0.268509,
            3.303707,
            -0.651708,
            0.734707,
            2.344538,
            -4.655399,
            0.703402,
            -2.059712,
            1.35909
        ]
    },
    "image_size": [
        870,
        1918
    ],
    "process_time_in_milliseconds": 1413
}
