{
    "props": {
        "face_rect": [
            171,
            628,
            548,
            548
        ],
        "kp_eye_left_inner": [
            382,
            766
        ],
        "kp_eye_left_outer": [
            284,
            766
        ],
        "kp_eye_right_inner": [
            513,
            761
        ],
        "kp_eye_right_outer": [
            611,
            756
        ],
        "kp_mouth_left": [
            546,
            1009
        ],
        "kp_mouth_right": [
            340,
            1018
        ],
        "kp_nose_tip": [
            443,
            854
        ],
        "kp_under_lip_bottom": [
            447,
            1046
        ],
        "kp_upper_lip_top": [
            447,
            976
        ],
        "features": [
            2.945083,
            4.642555,
            6.292213,
            -5.359448,
            4.579608,
            1.268202,
            -4.898096,
            2.12131,
            -0.151992,
            5.568002,
            -8.019419,
            -8.307654,
            -5.438673,
            7.424762,
            4.728747,
            -11.634274,
            -5.462284,
            4.154978,
            4.118493,
            -0.262505,
            -2.638639,
            3.862991,
            -10.709824,
            -6.531338,
            7.904906,
            3.160199,
            -2.020415,
            0.45387,
            6.61654,
            0.833874,
            -0.505879,
            3.456257,
            -1.351211,
            -2.628481,
            -2.280796,
            3.737432,
            3.139328,
            4.609472,
            -0.400993,
            3.122959,
            -2.83936,
            -6.985801,
            -9.213655,
            2.927327,
            4.365514,
            8.082025,
            4.41073,
            5.055665,
            -7.455512,
            -2.503589,
            4.785039,
            -0.757264,
            2.185797,
            0.941566,
            1.738744,
            2.586294,
            -4.652965,
            0.503275,
            -2.359304,
            1.707696
        ]
    },
    "image_size": [
        870,
        1918
    ],
    "process_time_in_milliseconds": 925
}
