{
    "props": {
        "face_rect": [
            218,
            462,
            389,
            389
        ],
        "kp_eye_left_inner": [
            362,
            573
        ],
        "kp_eye_left_outer": [
            292,
            579
        ],
        "kp_eye_right_inner": [
            448,
            570
        ],
        "kp_eye_right_outer": [
            499,
            573
        ],
        "kp_mouth_left": [
            483,
            723
        ],
        "kp_mouth_right": [
            375,
            732
        ],
        "kp_nose_tip": [
            436,
            617
        ],
        "kp_under_lip_bottom": [
            442,
            748
        ],
        "kp_upper_lip_top": [
            439,
            697
        ],
        "features": [
            3.947572,
            9.145092,
            -1.436701,
            -2.60677,
            4.302567,
            -3.76466,
            -1.119069,
            2.236803,
            6.335413,
            -7.000821,
            3.383235,
            -2.931847,
            7.926241,
            -1.892157,
            3.237672,
            -3.501637,
            -1.20911,
            7.609402,
            -6.82135,
            4.268651,
            5.742764,
            -6.715649,
            7.803203,
            1.745016,
            -1.003741,
            0.562946,
            -8.655797,
            3.103543,
            -2.248856,
            -4.875715,
            0.125185,
            2.860825,
            -1.89363,
            1.867193,
            -4.324094,
            3.030085,
            1.408651,
            -1.314486,
            -1.46174,
            -4.444158,
            0.850625,
            0.352804,
            -0.164957,
            -1.040131,
            6.858092,
            -3.270787,
            -1.406039,
            -0.538882,
            2.929696,
            -0.365822,
            5.360871,
            13.120907,
            2.969248,
            3.73612,
            -0.370666,
            -3.91555,
            -2.954016,
            -0.163357,
            -1.497448,
            2.474945
        ]
    },
    "image_size": [
        720,
        1280
    ],
    "process_time_in_milliseconds": 689
}
