{
    "props": {
        "face_rect": [
            175,
            624,
            551,
            551
        ],
        "kp_eye_left_inner": [
            385,
            762
        ],
        "kp_eye_left_outer": [
            286,
            762
        ],
        "kp_eye_right_inner": [
            517,
            757
        ],
        "kp_eye_right_outer": [
            620,
            757
        ],
        "kp_mouth_left": [
            550,
            1011
        ],
        "kp_mouth_right": [
            347,
            1016
        ],
        "kp_nose_tip": [
            451,
            856
        ],
        "kp_under_lip_bottom": [
            451,
            1044
        ],
        "kp_upper_lip_top": [
            456,
            969
        ],
        "features": [
            2.952768,
            4.298737,
            6.504316,
            -6.046464,
            5.240379,
            1.206571,
            -4.388403,
            1.647501,
            0.497859,
            5.557572,
            -8.277517,
            -8.356225,
            -5.050638,
            7.265445,
            5.259536,
            -11.107125,
            -5.353831,
            3.9881,
            4.597129,
            0.482382,
            -2.476011,
            3.29399,
            -10.263809,
            -5.955301,
            8.419333,
            2.536499,
            -1.547507,
            0.863042,
            6.327088,
            1.356921,
            -0.121762,
            3.27836,
            -1.295254,
            -2.526863,
            -2.492468,
            4.162883,
            3.428246,
            4.898463,
            -1.533624,
            3.144238,
            -2.515112,
            -5.728066,
            -8.52368,
            2.751896,
            4.625188,
            8.711624,
            4.694662,
            4.921553,
            -7.437961,
            -2.639785,
            4.717806,
            -0.547715,
            2.062299,
            0.279161,
            1.660255,
            2.943987,
            -4.484917,
            0.048294,
            -2.593,
            2.252043
        ]
    },
    "image_size": [
        870,
        1918
    ],
    "process_time_in_milliseconds": 727
}
