{
    "props": {
        "face_rect": [
            129,
            913,
            540,
            540
        ],
        "kp_eye_left_inner": [
            350,
            1060
        ],
        "kp_eye_left_outer": [
            249,
            1048
        ],
        "kp_eye_right_inner": [
            494,
            1060
        ],
        "kp_eye_right_outer": [
            591,
            1048
        ],
        "kp_mouth_left": [
            523,
            1284
        ],
        "kp_mouth_right": [
            337,
            1292
        ],
        "kp_nose_tip": [
            426,
            1246
        ],
        "kp_under_lip_bottom": [
            439,
            1330
        ],
        "kp_upper_lip_top": [
            434,
            1301
        ],
        "features": [
            2.734454,
            4.033109,
            -0.962673,
            5.678965,
            -0.961086,
            4.385889,
            -4.753356,
            2.744394,
            5.015521,
            -5.996104,
            -4.180993,
            -3.403605,
            1.621041,
            -6.682621,
            8.441607,
            -1.93889,
            -3.628989,
            -3.546912,
            1.558431,
            -1.123491,
            5.41301,
            -1.519416,
            0.785155,
            7.910052,
            -2.021408,
            -2.114802,
            -3.056221,
            -1.752825,
            6.004321,
            -6.908193,
            3.494624,
            -2.063068,
            -3.18762,
            4.658498,
            -3.67818,
            2.086186,
            -1.044814,
            3.319803,
            2.937982,
            2.638735,
            1.227953,
            -5.427975,
            7.643833,
            1.727566,
            8.49997,
            -7.78384,
            -4.232205,
            0.794444,
            2.640582,
            4.396577,
            1.29583,
            6.178666,
            -5.542197,
            0.25141,
            -2.593191,
            -3.740705,
            -2.481949,
            1.163855,
            -1.220847,
            4.015819
        ]
    },
    "image_size": [
        870,
        1918
    ],
    "process_time_in_milliseconds": 806
}
