{
    "props": {
        "face_rect": [
            136,
            901,
            546,
            546
        ],
        "kp_eye_left_inner": [
            359,
            1054
        ],
        "kp_eye_left_outer": [
            251,
            1037
        ],
        "kp_eye_right_inner": [
            492,
            1050
        ],
        "kp_eye_right_outer": [
            595,
            1037
        ],
        "kp_mouth_left": [
            522,
            1278
        ],
        "kp_mouth_right": [
            341,
            1287
        ],
        "kp_nose_tip": [
            428,
            1235
        ],
        "kp_under_lip_bottom": [
            432,
            1321
        ],
        "kp_upper_lip_top": [
            432,
            1291
        ],
        "features": [
            4.288616,
            3.850821,
            -1.078402,
            5.483775,
            -1.332228,
            4.07204,
            -4.172171,
            2.596374,
            4.971451,
            -4.949592,
            -2.999806,
            -1.672737,
            1.331772,
            -6.901859,
            8.336871,
            -2.990925,
            -2.484937,
            -3.647758,
            1.522092,
            -0.109565,
            5.389372,
            -2.393377,
            -0.043603,
            7.413385,
            -2.023187,
            -2.094552,
            -3.355734,
            -3.264704,
            4.932854,
            -6.041823,
            3.045221,
            -2.498673,
            -3.601085,
            4.607876,
            -3.966453,
            2.179029,
            -0.846431,
            3.255738,
            4.000851,
            2.948803,
            0.279538,
            -6.368878,
            7.939882,
            2.12837,
            7.191123,
            -7.790555,
            -4.586529,
            0.910802,
            3.302109,
            4.107139,
            1.154194,
            5.653081,
            -5.552704,
            0.409746,
            -1.947844,
            -3.298278,
            -2.57295,
            1.521907,
            -1.641925,
            4.175985
        ]
    },
    "image_size": [
        870,
        1918
    ],
    "process_time_in_milliseconds": 723
}
