{
    "props": {
        "face_rect": [
            269,
            635,
            523,
            523
        ],
        "kp_eye_left_inner": [
            467,
            762
        ],
        "kp_eye_left_outer": [
            357,
            753
        ],
        "kp_eye_right_inner": [
            596,
            767
        ],
        "kp_eye_right_outer": [
            677,
            777
        ],
        "kp_mouth_left": [
            615,
            1010
        ],
        "kp_mouth_right": [
            419,
            1006
        ],
        "kp_nose_tip": [
            553,
            848
        ],
        "kp_under_lip_bottom": [
            534,
            1039
        ],
        "kp_upper_lip_top": [
            543,
            958
        ],
        "features": [
            2.220631,
            5.274449,
            7.225327,
            -5.716824,
            5.281329,
            0.10743,
            -6.272455,
            1.612673,
            1.218138,
            5.487631,
            -7.722857,
            -8.112991,
            -3.066589,
            7.270574,
            4.584362,
            -10.836972,
            -6.739922,
            4.46507,
            4.291883,
            0.001204,
            -2.275945,
            2.512155,
            -10.277863,
            -8.84319,
            7.085523,
            3.771304,
            -0.473448,
            -0.1996,
            6.612883,
            2.66183,
            -0.515625,
            3.42013,
            -1.426426,
            -2.827962,
            -1.758086,
            3.581676,
            2.907785,
            3.401361,
            0.22418,
            4.14886,
            -1.569909,
            -5.667324,
            -10.120854,
            2.684587,
            5.033489,
            9.371279,
            3.991323,
            3.117565,
            -7.102509,
            -3.607251,
            5.778563,
            -1.353572,
            1.382543,
            -0.230212,
            -0.017906,
            2.751988,
            -3.055738,
            -0.740924,
            -1.77431,
            1.821441
        ]
    },
    "image_size": [
        870,
        1918
    ],
    "process_time_in_milliseconds": 768
}
