{
    "props": {
        "face_rect": [
            125,
            760,
            583,
            583
        ],
        "kp_eye_left_inner": [
            345,
            907
        ],
        "kp_eye_left_outer": [
            242,
            907
        ],
        "kp_eye_right_inner": [
            479,
            907
        ],
        "kp_eye_right_outer": [
            582,
            897
        ],
        "kp_mouth_left": [
            523,
            1144
        ],
        "kp_mouth_right": [
            331,
            1154
        ],
        "kp_nose_tip": [
            414,
            1021
        ],
        "kp_under_lip_bottom": [
            429,
            1189
        ],
        "kp_upper_lip_top": [
            424,
            1129
        ],
        "features": [
            5.44018,
            7.055578,
            -1.50625,
            4.981111,
            -0.118672,
            6.964767,
            0.04452,
            1.24594,
            4.817258,
            -7.57815,
            0.644805,
            -2.792845,
            1.782886,
            -4.362669,
            8.616195,
            -5.033542,
            0.804806,
            -0.079806,
            1.924774,
            1.188234,
            3.626662,
            3.477175,
            1.186974,
            5.28387,
            -5.260023,
            1.02598,
            -6.527617,
            -1.241327,
            7.050252,
            -8.690299,
            -0.112343,
            -4.261855,
            -1.401572,
            4.446856,
            -3.258118,
            -0.012268,
            -0.084428,
            3.614516,
            0.012039,
            -1.89897,
            -1.852295,
            -2.320614,
            7.013319,
            0.201659,
            5.23967,
            -7.286426,
            -4.761786,
            -0.529064,
            6.570631,
            0.356328,
            -0.244476,
            6.796978,
            -4.367069,
            2.94628,
            1.789837,
            -5.085941,
            -1.682197,
            3.576998,
            -1.386546,
            3.704859
        ]
    },
    "image_size": [
        870,
        1918
    ],
    "process_time_in_milliseconds": 787
}
