{
    "props": {
        "face_rect": [
            113,
            766,
            601,
            601
        ],
        "kp_eye_left_inner": [
            341,
            919
        ],
        "kp_eye_left_outer": [
            232,
            924
        ],
        "kp_eye_right_inner": [
            478,
            914
        ],
        "kp_eye_right_outer": [
            582,
            909
        ],
        "kp_mouth_left": [
            523,
            1165
        ],
        "kp_mouth_right": [
            326,
            1175
        ],
        "kp_nose_tip": [
            414,
            1047
        ],
        "kp_under_lip_bottom": [
            429,
            1204
        ],
        "kp_upper_lip_top": [
            419,
            1145
        ],
        "features": [
            4.728483,
            6.935449,
            -2.358958,
            4.492198,
            -0.619168,
            7.537789,
            1.248449,
            -0.384256,
            5.456716,
            -8.159494,
            0.711563,
            -3.095134,
            1.647478,
            -4.994184,
            8.463985,
            -4.04371,
            -0.593779,
            -0.805526,
            2.876964,
            2.083501,
            3.820847,
            3.50854,
            0.205348,
            6.553113,
            -4.365431,
            0.698864,
            -6.818635,
            -1.392515,
            6.744547,
            -8.617658,
            0.827472,
            -5.369561,
            -2.176008,
            4.499081,
            -2.220234,
            0.748348,
            0.763921,
            2.57922,
            -0.048198,
            -2.134598,
            -1.723029,
            -3.015343,
            7.427259,
            -0.528432,
            5.399981,
            -7.756219,
            -4.03869,
            0.391685,
            5.67558,
            0.502847,
            -1.095304,
            6.571352,
            -3.952459,
            2.93067,
            1.401365,
            -4.718115,
            -3.478685,
            4.79711,
            -1.534828,
            4.206724
        ]
    },
    "image_size": [
        870,
        1918
    ],
    "process_time_in_milliseconds": 761
}
