{
    "props": {
        "face_rect": [
            108,
            757,
            571,
            571
        ],
        "kp_eye_left_inner": [
            330,
            898
        ],
        "kp_eye_left_outer": [
            232,
            898
        ],
        "kp_eye_right_inner": [
            467,
            893
        ],
        "kp_eye_right_outer": [
            570,
            883
        ],
        "kp_mouth_left": [
            506,
            1137
        ],
        "kp_mouth_right": [
            310,
            1142
        ],
        "kp_nose_tip": [
            374,
            1015
        ],
        "kp_under_lip_bottom": [
            403,
            1181
        ],
        "kp_upper_lip_top": [
            394,
            1123
        ],
        "features": [
            5.476696,
            7.151498,
            -1.526008,
            4.059721,
            -0.111883,
            8.131775,
            1.351149,
            0.422308,
            3.555465,
            -7.107954,
            -0.687001,
            -3.114607,
            2.044541,
            -4.175825,
            8.396146,
            -3.099049,
            1.056699,
            -0.616494,
            3.435232,
            1.664293,
            4.053915,
            3.257672,
            0.171355,
            6.098701,
            -4.715776,
            0.271812,
            -6.404058,
            -1.682247,
            6.188424,
            -7.707371,
            -0.046817,
            -4.557932,
            -0.206876,
            4.566813,
            -3.029152,
            0.040856,
            -0.039209,
            3.125824,
            -0.043661,
            -1.32946,
            -0.531477,
            -1.751342,
            8.324038,
            -0.118352,
            4.990477,
            -5.46799,
            -5.581416,
            0.766913,
            6.436713,
            0.536143,
            -1.917873,
            6.776175,
            -3.733368,
            2.220783,
            1.986621,
            -4.843425,
            -3.040925,
            3.411859,
            -0.857288,
            4.258894
        ]
    },
    "image_size": [
        870,
        1918
    ],
    "process_time_in_milliseconds": 841
}
