{
    "props": {
        "face_rect": [
            28,
            752,
            566,
            566
        ],
        "kp_eye_left_inner": [
            254,
            898
        ],
        "kp_eye_left_outer": [
            175,
            903
        ],
        "kp_eye_right_inner": [
            384,
            888
        ],
        "kp_eye_right_outer": [
            503,
            883
        ],
        "kp_mouth_left": [
            424,
            1132
        ],
        "kp_mouth_right": [
            235,
            1136
        ],
        "kp_nose_tip": [
            279,
            997
        ],
        "kp_under_lip_bottom": [
            314,
            1171
        ],
        "kp_upper_lip_top": [
            299,
            1117
        ],
        "features": [
            7.328337,
            9.304824,
            -1.509101,
            3.88478,
            1.274995,
            6.828323,
            1.427584,
            0.988682,
            2.370156,
            -6.000621,
            -3.161184,
            -1.684252,
            2.315992,
            -1.594436,
            7.784172,
            -3.023668,
            1.483418,
            0.047653,
            4.93591,
            1.480534,
            4.300867,
            1.942941,
            -0.1623,
            6.818732,
            -4.334904,
            -0.219188,
            -5.162097,
            -2.033906,
            5.602264,
            -7.197687,
            -1.495316,
            -2.541126,
            0.276177,
            5.73814,
            -2.879784,
            0.22878,
            0.190556,
            2.51603,
            -0.156194,
            -1.700397,
            2.481751,
            -1.760375,
            7.996971,
            -0.829928,
            3.579996,
            -4.751083,
            -5.518926,
            -0.055387,
            4.941769,
            -0.0736,
            -1.119551,
            5.928356,
            -3.24908,
            3.505726,
            1.544125,
            -5.68175,
            -1.875794,
            3.762269,
            -3.125203,
            5.684541
        ]
    },
    "image_size": [
        870,
        1918
    ],
    "process_time_in_milliseconds": 1216
}
