{
    "props": {
        "face_rect": [
            -6,
            748,
            575,
            575
        ],
        "kp_eye_left_inner": [
            212,
            897
        ],
        "kp_eye_left_outer": [
            156,
            902
        ],
        "kp_eye_right_inner": [
            348,
            891
        ],
        "kp_eye_right_outer": [
            470,
            886
        ],
        "kp_mouth_left": [
            389,
            1139
        ],
        "kp_mouth_right": [
            207,
            1139
        ],
        "kp_nose_tip": [
            247,
            988
        ],
        "kp_under_lip_bottom": [
            272,
            1175
        ],
        "kp_upper_lip_top": [
            262,
            1124
        ],
        "features": [
            8.224253,
            10.565568,
            -1.177572,
            4.643139,
            3.159959,
            5.95281,
            0.660897,
            -0.089671,
            2.056571,
            -4.298501,
            -4.599629,
            -1.196579,
            3.232003,
            0.391863,
            4.944597,
            -2.68627,
            0.216618,
            -0.68058,
            4.151152,
            1.840653,
            4.123111,
            0.846003,
            -1.428674,
            5.754156,
            -4.215962,
            0.182199,
            -3.359549,
            -0.943531,
            4.183144,
            -5.782589,
            -1.740533,
            0.088303,
            2.207853,
            4.527876,
            -1.579061,
            -0.917424,
            -0.555696,
            0.418667,
            0.819962,
            -0.074875,
            5.056035,
            -3.056954,
            6.114017,
            -0.852432,
            2.843793,
            -2.551664,
            -5.871588,
            -1.464351,
            3.274018,
            0.977921,
            -0.350565,
            5.977592,
            -3.26903,
            3.286877,
            0.818336,
            -4.967093,
            -3.744322,
            2.880096,
            -2.563815,
            5.571458
        ]
    },
    "image_size": [
        870,
        1918
    ],
    "process_time_in_milliseconds": 846
}
