{
    "props": {
        "face_rect": [
            136,
            917,
            524,
            524
        ],
        "kp_eye_left_inner": [
            352,
            1062
        ],
        "kp_eye_left_outer": [
            249,
            1045
        ],
        "kp_eye_right_inner": [
            492,
            1062
        ],
        "kp_eye_right_outer": [
            591,
            1049
        ],
        "kp_mouth_left": [
            521,
            1284
        ],
        "kp_mouth_right": [
            339,
            1292
        ],
        "kp_nose_tip": [
            418,
            1243
        ],
        "kp_under_lip_bottom": [
            430,
            1329
        ],
        "kp_upper_lip_top": [
            430,
            1296
        ],
        "features": [
            3.902545,
            3.892378,
            -0.578923,
            5.668946,
            -1.34077,
            4.258988,
            -5.39506,
            2.79941,
            4.81442,
            -4.812525,
            -3.968961,
            -2.492947,
            0.975029,
            -6.542798,
            8.05181,
            -1.913238,
            -4.03969,
            -3.845306,
            1.952375,
            -1.233868,
            5.409435,
            -1.718392,
            0.266398,
            7.928548,
            -1.685804,
            -1.321979,
            -2.649099,
            -2.852026,
            5.420521,
            -6.332534,
            3.691731,
            -2.892765,
            -4.004202,
            5.302774,
            -3.658368,
            2.331996,
            -0.762361,
            3.205155,
            4.471101,
            3.833289,
            0.654706,
            -6.035553,
            7.495982,
            2.222194,
            8.322846,
            -7.586654,
            -3.871027,
            0.621868,
            3.011611,
            4.544446,
            2.004413,
            5.491072,
            -5.718172,
            0.354274,
            -3.45121,
            -3.763346,
            -2.06921,
            1.326289,
            -1.604991,
            4.650912
        ]
    },
    "image_size": [
        870,
        1918
    ],
    "process_time_in_milliseconds": 755
}
