{
    "props": {
        "face_rect": [
            266,
            765,
            555,
            555
        ],
        "kp_eye_left_inner": [
            475,
            892
        ],
        "kp_eye_left_outer": [
            358,
            882
        ],
        "kp_eye_right_inner": [
            612,
            911
        ],
        "kp_eye_right_outer": [
            691,
            911
        ],
        "kp_mouth_left": [
            637,
            1136
        ],
        "kp_mouth_right": [
            441,
            1141
        ],
        "kp_nose_tip": [
            573,
            1009
        ],
        "kp_under_lip_bottom": [
            554,
            1180
        ],
        "kp_upper_lip_top": [
            554,
            1117
        ],
        "features": [
            5.656123,
            6.842846,
            -2.468123,
            5.250554,
            -1.041348,
            8.884168,
            1.326387,
            0.543162,
            5.243668,
            -7.248688,
            -1.997598,
            -3.453744,
            1.187981,
            -5.235544,
            6.676416,
            -1.776305,
            -0.180993,
            -1.601884,
            2.207684,
            0.240372,
            3.154816,
            2.030898,
            1.916325,
            6.748096,
            -4.472875,
            0.249764,
            -6.240789,
            -0.43622,
            6.20896,
            -8.723377,
            0.509814,
            -3.942537,
            -0.955684,
            3.374585,
            -2.630906,
            -0.104619,
            -0.207132,
            2.763826,
            -0.180012,
            -0.698124,
            0.493546,
            -3.227926,
            7.539183,
            1.013974,
            5.925714,
            -5.996192,
            -4.099782,
            -0.643813,
            4.955203,
            0.329477,
            -1.843547,
            4.958413,
            -4.479957,
            2.294247,
            0.597621,
            -4.79133,
            -2.281329,
            3.302872,
            -2.787874,
            4.819665
        ]
    },
    "image_size": [
        870,
        1918
    ],
    "process_time_in_milliseconds": 795
}
