{
    "props": {
        "face_rect": [
            101,
            623,
            552,
            552
        ],
        "kp_eye_left_inner": [
            321,
            768
        ],
        "kp_eye_left_outer": [
            237,
            773
        ],
        "kp_eye_right_inner": [
            451,
            758
        ],
        "kp_eye_right_outer": [
            560,
            748
        ],
        "kp_mouth_left": [
            481,
            1012
        ],
        "kp_mouth_right": [
            277,
            1022
        ],
        "kp_nose_tip": [
            356,
            852
        ],
        "kp_under_lip_bottom": [
            371,
            1046
        ],
        "kp_upper_lip_top": [
            371,
            967
        ],
        "features": [
            1.637753,
            4.737309,
            6.673099,
            -5.903747,
            3.623603,
            2.317005,
            -6.395958,
            1.473531,
            1.071915,
            5.695676,
            -8.231638,
            -6.947052,
            -5.409327,
            7.726309,
            5.226699,
            -10.307631,
            -6.691312,
            2.972531,
            5.11728,
            -1.554274,
            -1.886713,
            4.2908,
            -10.326632,
            -6.241828,
            7.67962,
            2.713014,
            -0.699634,
            0.057458,
            6.629733,
            1.496447,
            0.309303,
            2.175581,
            -2.298466,
            -2.54015,
            -1.722039,
            3.90033,
            3.514392,
            3.19645,
            -0.692539,
            3.646009,
            -2.490096,
            -4.724934,
            -8.163441,
            4.089346,
            4.558377,
            8.403986,
            4.964594,
            4.044599,
            -7.540574,
            -3.872788,
            5.47251,
            -2.5734,
            0.638509,
            -0.309096,
            -0.111281,
            2.094716,
            -4.246283,
            0.76365,
            -0.53189,
            0.879216
        ]
    },
    "image_size": [
        870,
        1918
    ],
    "process_time_in_milliseconds": 783
}
