{
    "props": {
        "face_rect": [
            124,
            740,
            564,
            564
        ],
        "kp_eye_left_inner": [
            338,
            884
        ],
        "kp_eye_left_outer": [
            237,
            889
        ],
        "kp_eye_right_inner": [
            473,
            879
        ],
        "kp_eye_right_outer": [
            579,
            874
        ],
        "kp_mouth_left": [
            519,
            1120
        ],
        "kp_mouth_right": [
            323,
            1130
        ],
        "kp_nose_tip": [
            398,
            985
        ],
        "kp_under_lip_bottom": [
            418,
            1156
        ],
        "kp_upper_lip_top": [
            408,
            1095
        ],
        "features": [
            4.923993,
            7.082387,
            -3.379173,
            4.168353,
            -0.251733,
            7.964013,
            1.340125,
            -0.094527,
            3.440664,
            -8.288535,
            0.113467,
            -3.844602,
            1.548469,
            -4.153566,
            8.645493,
            -2.866284,
            1.101176,
            -1.222909,
            2.331647,
            1.435997,
            3.406675,
            3.46287,
            1.198148,
            5.154111,
            -4.910129,
            -0.117537,
            -6.016952,
            -0.920641,
            7.429177,
            -7.776975,
            0.455133,
            -4.453146,
            -1.263721,
            4.275087,
            -3.04989,
            0.014694,
            -0.600538,
            2.75088,
            -0.150779,
            -3.408936,
            -0.876065,
            -1.739816,
            7.168403,
            0.54606,
            4.328733,
            -5.560661,
            -5.451169,
            0.385421,
            5.846695,
            -0.587545,
            -1.513603,
            6.391867,
            -4.360816,
            2.711908,
            1.7342,
            -4.388628,
            -1.723779,
            2.522622,
            -1.589888,
            4.965813
        ]
    },
    "image_size": [
        870,
        1918
    ],
    "process_time_in_milliseconds": 789
}
