{
    "props": {
        "face_rect": [
            184,
            637,
            475,
            475
        ],
        "kp_eye_left_inner": [
            358,
            713
        ],
        "kp_eye_left_outer": [
            254,
            785
        ],
        "kp_eye_right_inner": [
            497,
            765
        ],
        "kp_eye_right_outer": [
            580,
            780
        ],
        "kp_mouth_left": [
            528,
            977
        ],
        "kp_mouth_right": [
            316,
            977
        ],
        "kp_nose_tip": [
            415,
            770
        ],
        "kp_under_lip_bottom": [
            430,
            977
        ],
        "kp_upper_lip_top": [
            425,
            915
        ],
        "features": [
            3.636969,
            6.235887,
            -1.220121,
            3.220052,
            -0.64174,
            3.832399,
            -3.55879,
            0.377141,
            1.583268,
            -6.865604,
            -3.458089,
            -1.218807,
            2.90721,
            -1.027048,
            4.699178,
            -1.013514,
            -2.893366,
            -1.762133,
            1.061781,
            -2.198026,
            2.928621,
            3.962456,
            -4.198835,
            3.447768,
            -0.887392,
            1.621289,
            0.036509,
            -2.939216,
            4.990652,
            -2.748799,
            2.166742,
            -4.328433,
            0.721069,
            3.773154,
            -1.927733,
            1.797039,
            0.027551,
            1.134799,
            6.703012,
            1.969334,
            2.351928,
            -0.756598,
            4.042186,
            0.337715,
            5.14275,
            -1.068921,
            -3.705601,
            4.590464,
            8.674632,
            1.218433,
            -0.76624,
            7.961725,
            1.468274,
            0.733426,
            -3.832046,
            -0.780771,
            -0.226839,
            -1.105245,
            0.923738,
            6.307793
        ]
    },
    "image_size": [
        870,
        1918
    ],
    "process_time_in_milliseconds": 768
}
