{
    "props": {
        "face_rect": [
            148,
            753,
            593,
            593
        ],
        "kp_eye_left_inner": [
            373,
            902
        ],
        "kp_eye_left_outer": [
            265,
            902
        ],
        "kp_eye_right_inner": [
            510,
            902
        ],
        "kp_eye_right_outer": [
            608,
            892
        ],
        "kp_mouth_left": [
            554,
            1141
        ],
        "kp_mouth_right": [
            358,
            1151
        ],
        "kp_nose_tip": [
            446,
            1029
        ],
        "kp_under_lip_bottom": [
            461,
            1185
        ],
        "kp_upper_lip_top": [
            451,
            1127
        ],
        "features": [
            5.433421,
            6.273638,
            -2.201717,
            4.333078,
            -0.945146,
            7.050892,
            0.978197,
            0.115965,
            4.71068,
            -6.408034,
            0.368279,
            -2.891905,
            1.483123,
            -4.74572,
            8.46101,
            -3.943287,
            0.214228,
            -0.127231,
            4.146783,
            2.746281,
            3.987664,
            2.120942,
            0.030464,
            5.823884,
            -4.532353,
            -0.379383,
            -6.206824,
            -2.174804,
            6.461041,
            -7.468217,
            0.84933,
            -5.076231,
            -2.095313,
            4.5172,
            -2.58003,
            0.665422,
            0.594805,
            3.357429,
            0.475837,
            -1.011957,
            -0.924272,
            -3.280721,
            8.523219,
            -0.208164,
            6.477456,
            -7.591815,
            -4.564026,
            0.878794,
            5.850758,
            1.216339,
            -0.715787,
            6.031181,
            -4.81378,
            2.933523,
            1.439681,
            -4.684793,
            -2.502625,
            3.439658,
            -1.520659,
            4.096048
        ]
    },
    "image_size": [
        870,
        1918
    ],
    "process_time_in_milliseconds": 869
}
