{
    "props": {
        "face_rect": [
            125,
            857,
            555,
            555
        ],
        "kp_eye_left_inner": [
            350,
            1008
        ],
        "kp_eye_left_outer": [
            242,
            995
        ],
        "kp_eye_right_inner": [
            489,
            1000
        ],
        "kp_eye_right_outer": [
            593,
            987
        ],
        "kp_mouth_left": [
            528,
            1242
        ],
        "kp_mouth_right": [
            333,
            1247
        ],
        "kp_nose_tip": [
            419,
            1177
        ],
        "kp_under_lip_bottom": [
            432,
            1286
        ],
        "kp_upper_lip_top": [
            428,
            1247
        ],
        "features": [
            3.370949,
            6.03662,
            -1.910757,
            3.848881,
            -1.363608,
            5.99294,
            -3.22236,
            -1.682851,
            8.129068,
            -6.259392,
            -1.659466,
            -2.127663,
            2.24288,
            -7.220927,
            8.868082,
            -3.992373,
            -1.911166,
            -1.590648,
            3.184879,
            1.564495,
            3.07371,
            2.556433,
            2.505137,
            7.837368,
            -1.783611,
            -1.633868,
            -4.568085,
            0.0431,
            6.189479,
            -7.800059,
            1.79803,
            -2.556033,
            -1.949466,
            4.762136,
            -4.44727,
            1.290441,
            -0.087099,
            3.271724,
            1.605517,
            -0.655722,
            -0.178536,
            -4.639859,
            9.174851,
            1.704519,
            6.714693,
            -7.191678,
            -3.936521,
            1.703528,
            4.912542,
            2.014414,
            0.646421,
            7.975247,
            -6.963731,
            3.036515,
            1.150881,
            -3.653836,
            -3.995395,
            2.278291,
            0.134356,
            1.852691
        ]
    },
    "image_size": [
        870,
        1918
    ],
    "process_time_in_milliseconds": 796
}
