{
    "props": {
        "face_rect": [
            -8,
            750,
            571,
            571
        ],
        "kp_eye_left_inner": [
            208,
            900
        ],
        "kp_eye_left_outer": [
            149,
            905
        ],
        "kp_eye_right_inner": [
            347,
            890
        ],
        "kp_eye_right_outer": [
            462,
            885
        ],
        "kp_mouth_left": [
            382,
            1144
        ],
        "kp_mouth_right": [
            198,
            1144
        ],
        "kp_nose_tip": [
            238,
            985
        ],
        "kp_under_lip_bottom": [
            268,
            1174
        ],
        "kp_upper_lip_top": [
            253,
            1124
        ],
        "features": [
            8.425551,
            10.721582,
            -1.154594,
            4.475624,
            2.628,
            5.671394,
            -0.184087,
            0.067573,
            2.994719,
            -3.699846,
            -4.296908,
            -0.435577,
            3.194364,
            0.134601,
            5.023522,
            -3.027554,
            0.244721,
            -1.16357,
            4.323681,
            1.725056,
            4.101515,
            0.210482,
            -2.238055,
            6.139091,
            -3.769719,
            0.166143,
            -2.986859,
            -0.83701,
            4.302273,
            -6.032557,
            -1.920075,
            0.347598,
            2.035198,
            4.531276,
            -1.13859,
            0.033135,
            -0.680637,
            0.824561,
            1.471807,
            0.269033,
            4.648341,
            -3.481423,
            6.307961,
            -1.122159,
            2.385888,
            -3.239518,
            -5.627498,
            -1.845813,
            3.616565,
            1.35291,
            -0.23376,
            5.709023,
            -3.552325,
            3.2337,
            0.458369,
            -4.89076,
            -3.379356,
            2.511578,
            -2.614206,
            5.652316
        ]
    },
    "image_size": [
        870,
        1918
    ],
    "process_time_in_milliseconds": 806
}
