{
    "props": {
        "face_rect": [
            148,
            664,
            581,
            581
        ],
        "kp_eye_left_inner": [
            373,
            811
        ],
        "kp_eye_left_outer": [
            276,
            811
        ],
        "kp_eye_right_inner": [
            500,
            806
        ],
        "kp_eye_right_outer": [
            603,
            792
        ],
        "kp_mouth_left": [
            539,
            1060
        ],
        "kp_mouth_right": [
            339,
            1070
        ],
        "kp_nose_tip": [
            437,
            924
        ],
        "kp_under_lip_bottom": [
            447,
            1104
        ],
        "kp_upper_lip_top": [
            442,
            1031
        ],
        "features": [
            2.585109,
            3.60385,
            5.823596,
            -5.08203,
            4.671604,
            0.466769,
            -4.802476,
            2.990769,
            -1.407052,
            6.635489,
            -8.263317,
            -7.687575,
            -4.576824,
            6.956589,
            4.461215,
            -12.276,
            -4.924307,
            4.90824,
            4.102,
            0.03913,
            -1.787634,
            1.86886,
            -10.735519,
            -9.478719,
            6.199205,
            1.670542,
            -0.48818,
            -1.567731,
            6.8113,
            2.337596,
            0.363976,
            3.196115,
            -3.022478,
            -3.387571,
            -2.158747,
            2.66835,
            2.990313,
            3.729924,
            0.510031,
            3.811127,
            -2.279624,
            -7.155629,
            -8.850073,
            3.350617,
            5.399062,
            7.038538,
            3.482802,
            4.378867,
            -7.299323,
            -3.432076,
            6.161122,
            -2.383472,
            2.155525,
            0.025386,
            0.110339,
            3.812433,
            -3.139853,
            0.145122,
            -2.585257,
            1.915648
        ]
    },
    "image_size": [
        870,
        1918
    ],
    "process_time_in_milliseconds": 785
}
