{
    "props": {
        "face_rect": [
            146,
            672,
            578,
            578
        ],
        "kp_eye_left_inner": [
            367,
            817
        ],
        "kp_eye_left_outer": [
            266,
            817
        ],
        "kp_eye_right_inner": [
            502,
            812
        ],
        "kp_eye_right_outer": [
            603,
            803
        ],
        "kp_mouth_left": [
            536,
            1063
        ],
        "kp_mouth_right": [
            333,
            1073
        ],
        "kp_nose_tip": [
            435,
            933
        ],
        "kp_under_lip_bottom": [
            439,
            1106
        ],
        "kp_upper_lip_top": [
            439,
            1034
        ],
        "features": [
            2.399558,
            3.755415,
            6.014307,
            -5.308785,
            4.080079,
            1.176438,
            -5.542957,
            1.672021,
            -1.252292,
            4.85985,
            -5.960386,
            -7.67521,
            -3.138547,
            7.477499,
            5.278141,
            -11.254602,
            -5.664289,
            4.664065,
            3.242991,
            1.460413,
            -1.456501,
            2.943351,
            -11.408073,
            -8.158384,
            5.75003,
            1.121324,
            -1.246904,
            -1.012338,
            7.350466,
            2.075551,
            0.628912,
            1.866835,
            -2.928237,
            -3.129504,
            -2.087582,
            2.72281,
            2.934553,
            3.495209,
            0.707007,
            2.881413,
            -3.196467,
            -6.194509,
            -9.11559,
            3.547743,
            5.652514,
            6.966424,
            4.760598,
            5.051256,
            -6.635116,
            -3.47266,
            6.148332,
            0.74075,
            1.929705,
            -1.174931,
            0.686619,
            3.964447,
            -4.583342,
            0.741076,
            -1.570788,
            1.506203
        ]
    },
    "image_size": [
        870,
        1918
    ],
    "process_time_in_milliseconds": 791
}
