{
    "props": {
        "face_rect": [
            158,
            683,
            521,
            521
        ],
        "kp_eye_left_inner": [
            345,
            824
        ],
        "kp_eye_left_outer": [
            251,
            830
        ],
        "kp_eye_right_inner": [
            487,
            819
        ],
        "kp_eye_right_outer": [
            587,
            824
        ],
        "kp_mouth_left": [
            529,
            1050
        ],
        "kp_mouth_right": [
            324,
            1056
        ],
        "kp_nose_tip": [
            419,
            866
        ],
        "kp_under_lip_bottom": [
            430,
            1077
        ],
        "kp_upper_lip_top": [
            419,
            1003
        ],
        "features": [
            3.578579,
            6.613839,
            -3.690822,
            4.57592,
            -1.685568,
            7.482233,
            0.579957,
            0.499742,
            3.960589,
            -7.811293,
            -2.105587,
            -2.13238,
            1.117642,
            -3.795604,
            4.354532,
            -0.712938,
            -1.763816,
            1.642303,
            -0.868246,
            -0.432038,
            3.502523,
            2.91348,
            -0.642999,
            5.89309,
            -3.856467,
            2.354183,
            -3.967914,
            -1.482126,
            5.729758,
            -8.496166,
            0.698593,
            -4.041048,
            1.492926,
            2.53454,
            -0.965675,
            0.189242,
            0.735389,
            2.594447,
            2.619472,
            -1.354568,
            1.603355,
            -0.750286,
            3.783689,
            1.428316,
            4.326217,
            -5.602404,
            -3.139041,
            1.032321,
            7.794188,
            -1.564196,
            -2.249283,
            5.28058,
            -0.129411,
            2.971675,
            -0.486612,
            -3.200726,
            -0.234756,
            2.485985,
            -1.266665,
            3.1797
        ]
    },
    "image_size": [
        870,
        1918
    ],
    "process_time_in_milliseconds": 730
}
