{
    "props": {
        "face_rect": [
            162,
            677,
            519,
            519
        ],
        "kp_eye_left_inner": [
            348,
            812
        ],
        "kp_eye_left_outer": [
            251,
            834
        ],
        "kp_eye_right_inner": [
            489,
            812
        ],
        "kp_eye_right_outer": [
            586,
            823
        ],
        "kp_mouth_left": [
            537,
            1045
        ],
        "kp_mouth_right": [
            326,
            1050
        ],
        "kp_nose_tip": [
            418,
            861
        ],
        "kp_under_lip_bottom": [
            435,
            1066
        ],
        "kp_upper_lip_top": [
            429,
            991
        ],
        "features": [
            5.465419,
            8.099944,
            -3.102264,
            4.689271,
            -0.070496,
            6.660211,
            -2.928362,
            2.481262,
            2.821548,
            -8.021608,
            -3.414264,
            -1.301536,
            1.679719,
            -3.997482,
            6.263475,
            -0.839493,
            -2.302625,
            -0.246455,
            -0.400144,
            -1.863441,
            5.966053,
            0.768208,
            -2.515109,
            5.473499,
            -2.276033,
            2.51189,
            -3.614295,
            -3.742047,
            6.217412,
            -7.201328,
            1.666627,
            -4.582834,
            0.225762,
            4.003537,
            -1.993237,
            1.454101,
            -0.278756,
            2.150245,
            4.368651,
            0.951319,
            2.311418,
            -0.79778,
            3.489848,
            1.217515,
            5.086826,
            -4.467791,
            -3.410053,
            2.674365,
            6.760985,
            0.126824,
            -2.338132,
            6.657048,
            0.373726,
            -0.046355,
            -3.631226,
            -2.747143,
            -1.233926,
            1.31505,
            -2.303596,
            7.600889
        ]
    },
    "image_size": [
        870,
        1918
    ],
    "process_time_in_milliseconds": 799
}
