{
    "props": {
        "face_rect": [
            139,
            634,
            544,
            544
        ],
        "kp_eye_left_inner": [
            348,
            770
        ],
        "kp_eye_left_outer": [
            252,
            775
        ],
        "kp_eye_right_inner": [
            480,
            765
        ],
        "kp_eye_right_outer": [
            580,
            761
        ],
        "kp_mouth_left": [
            512,
            1012
        ],
        "kp_mouth_right": [
            316,
            1021
        ],
        "kp_nose_tip": [
            407,
            861
        ],
        "kp_under_lip_bottom": [
            412,
            1048
        ],
        "kp_upper_lip_top": [
            416,
            975
        ],
        "features": [
            2.006789,
            4.262353,
            6.540452,
            -5.814092,
            4.635146,
            1.224559,
            -4.980361,
            2.249569,
            -0.173344,
            6.000648,
            -8.385703,
            -8.768142,
            -3.9247,
            7.111243,
            4.992818,
            -11.659684,
            -5.805393,
            4.492362,
            4.408758,
            -0.497422,
            -2.305785,
            2.62503,
            -10.200904,
            -7.61559,
            6.771027,
            2.716069,
            -1.417302,
            -0.19068,
            6.540556,
            1.58664,
            -0.258699,
            3.777987,
            -2.138237,
            -3.357381,
            -2.014411,
            3.637609,
            3.166786,
            3.98104,
            -1.082166,
            3.387384,
            -2.448056,
            -6.379651,
            -8.70747,
            2.472663,
            5.1019,
            8.040619,
            4.281276,
            4.297687,
            -7.554945,
            -3.37445,
            5.521251,
            -1.613669,
            1.675398,
            -0.184166,
            0.669047,
            2.681414,
            -4.209418,
            0.996387,
            -2.150681,
            2.313132
        ]
    },
    "image_size": [
        870,
        1918
    ],
    "process_time_in_milliseconds": 770
}
