{
    "props": {
        "face_rect": [
            134,
            896,
            552,
            552
        ],
        "kp_eye_left_inner": [
            356,
            1047
        ],
        "kp_eye_left_outer": [
            248,
            1030
        ],
        "kp_eye_right_inner": [
            490,
            1047
        ],
        "kp_eye_right_outer": [
            594,
            1034
        ],
        "kp_mouth_left": [
            525,
            1272
        ],
        "kp_mouth_right": [
            339,
            1281
        ],
        "kp_nose_tip": [
            421,
            1225
        ],
        "kp_under_lip_bottom": [
            430,
            1320
        ],
        "kp_upper_lip_top": [
            430,
            1285
        ],
        "features": [
            3.11816,
            4.448811,
            -1.020948,
            4.756718,
            -0.921948,
            4.962599,
            -3.557022,
            1.518528,
            5.375752,
            -5.859075,
            -2.898018,
            -2.595013,
            1.29927,
            -6.217355,
            8.851382,
            -2.473006,
            -3.504076,
            -3.836008,
            2.278806,
            0.376277,
            5.495058,
            -0.493444,
            -0.681853,
            7.666577,
            -1.286961,
            -1.570536,
            -3.317322,
            -2.75479,
            6.024327,
            -6.371369,
            3.592934,
            -3.461316,
            -3.613138,
            5.005105,
            -3.533316,
            2.009986,
            -0.339783,
            2.524005,
            3.757566,
            1.91695,
            -0.193433,
            -5.333332,
            7.873742,
            2.527019,
            7.816517,
            -7.578078,
            -4.247058,
            0.832492,
            2.90335,
            3.371272,
            0.827557,
            5.981762,
            -4.95513,
            0.367652,
            -2.144978,
            -3.37507,
            -3.292721,
            1.960693,
            -1.019265,
            3.616452
        ]
    },
    "image_size": [
        870,
        1918
    ],
    "process_time_in_milliseconds": 759
}
