{
    "props": {
        "face_rect": [
            71,
            755,
            572,
            572
        ],
        "kp_eye_left_inner": [
            294,
            895
        ],
        "kp_eye_left_outer": [
            197,
            905
        ],
        "kp_eye_right_inner": [
            433,
            890
        ],
        "kp_eye_right_outer": [
            546,
            880
        ],
        "kp_mouth_left": [
            479,
            1136
        ],
        "kp_mouth_right": [
            279,
            1146
        ],
        "kp_nose_tip": [
            330,
            1013
        ],
        "kp_under_lip_bottom": [
            361,
            1177
        ],
        "kp_upper_lip_top": [
            356,
            1121
        ],
        "features": [
            6.979152,
            7.662538,
            -0.9372,
            3.944415,
            0.732059,
            7.581898,
            2.452004,
            0.807731,
            3.884111,
            -6.535408,
            -1.700552,
            -3.248925,
            1.76252,
            -3.492318,
            7.382,
            -3.572214,
            1.738197,
            -0.312992,
            3.402466,
            3.354332,
            3.504697,
            3.202325,
            -0.880883,
            6.756291,
            -4.821334,
            0.513661,
            -6.848652,
            -0.600017,
            5.917207,
            -8.64754,
            -0.325092,
            -3.68874,
            0.879772,
            5.729639,
            -2.113317,
            -0.135517,
            1.115123,
            3.784285,
            -0.836766,
            -1.620846,
            0.338472,
            -1.485445,
            8.099532,
            -0.711669,
            4.386114,
            -6.299959,
            -5.808756,
            0.152685,
            7.117526,
            0.103686,
            -1.334771,
            6.15549,
            -2.949789,
            2.623257,
            2.072723,
            -4.708095,
            -2.712912,
            2.954987,
            -1.678892,
            4.345676
        ]
    },
    "image_size": [
        870,
        1918
    ],
    "process_time_in_milliseconds": 809
}
