{
    "props": {
        "face_rect": [
            181,
            760,
            573,
            573
        ],
        "kp_eye_left_inner": [
            398,
            894
        ],
        "kp_eye_left_outer": [
            289,
            900
        ],
        "kp_eye_right_inner": [
            537,
            900
        ],
        "kp_eye_right_outer": [
            636,
            905
        ],
        "kp_mouth_left": [
            573,
            1137
        ],
        "kp_mouth_right": [
            372,
            1143
        ],
        "kp_nose_tip": [
            475,
            1018
        ],
        "kp_under_lip_bottom": [
            480,
            1184
        ],
        "kp_upper_lip_top": [
            470,
            1122
        ],
        "features": [
            5.686272,
            6.125042,
            -2.312874,
            4.916462,
            -0.180811,
            7.507419,
            0.690665,
            0.554252,
            4.988274,
            -6.583589,
            -1.09506,
            -2.605593,
            0.951638,
            -5.066926,
            8.622169,
            -4.081584,
            -0.39476,
            -0.112384,
            2.461229,
            0.959201,
            4.338732,
            2.643733,
            2.613849,
            6.998392,
            -4.214566,
            1.444169,
            -5.554749,
            -1.584347,
            6.153712,
            -8.725269,
            0.841291,
            -4.634925,
            -1.958902,
            4.507579,
            -3.123234,
            0.759028,
            -0.454996,
            3.748162,
            -0.501587,
            -0.385421,
            -1.298398,
            -2.707803,
            7.524532,
            -0.144507,
            5.91718,
            -7.181473,
            -3.70404,
            -0.516211,
            5.35284,
            0.886278,
            -0.421839,
            5.950399,
            -4.600523,
            3.344582,
            1.106598,
            -4.808147,
            -2.454364,
            4.838505,
            -1.899441,
            4.906213
        ]
    },
    "image_size": [
        870,
        1918
    ],
    "process_time_in_milliseconds": 781
}
