{
    "props": {
        "face_rect": [
            286,
            767,
            556,
            556
        ],
        "kp_eye_left_inner": [
            513,
            891
        ],
        "kp_eye_left_outer": [
            389,
            882
        ],
        "kp_eye_right_inner": [
            645,
            915
        ],
        "kp_eye_right_outer": [
            711,
            915
        ],
        "kp_mouth_left": [
            655,
            1147
        ],
        "kp_mouth_right": [
            465,
            1147
        ],
        "kp_nose_tip": [
            607,
            1014
        ],
        "kp_under_lip_bottom": [
            574,
            1185
        ],
        "kp_upper_lip_top": [
            584,
            1123
        ],
        "features": [
            7.173858,
            7.348898,
            -1.671511,
            5.076262,
            -0.295159,
            7.633471,
            1.229525,
            0.159999,
            5.605247,
            -6.61273,
            -0.802106,
            -1.31992,
            1.643918,
            -4.777735,
            6.667151,
            -1.977718,
            0.84855,
            -2.088166,
            2.844611,
            1.672916,
            2.458137,
            0.89673,
            0.410471,
            6.853496,
            -4.735394,
            -1.319881,
            -5.560131,
            -0.506434,
            6.116327,
            -7.929781,
            0.173222,
            -4.273613,
            -1.106778,
            3.130354,
            -2.5724,
            -0.486024,
            0.451496,
            3.521237,
            -0.287815,
            -0.231867,
            0.803346,
            -3.1959,
            7.744764,
            0.197305,
            3.944474,
            -5.715021,
            -4.245521,
            -1.711445,
            5.362775,
            1.528222,
            -0.806604,
            5.830971,
            -4.734729,
            2.265774,
            0.761051,
            -4.592981,
            -1.487974,
            2.343778,
            -3.742959,
            4.599133
        ]
    },
    "image_size": [
        870,
        1918
    ],
    "process_time_in_milliseconds": 728
}
