{
    "props": {
        "face_rect": [
            292,
            771,
            547,
            547
        ],
        "kp_eye_left_inner": [
            501,
            893
        ],
        "kp_eye_left_outer": [
            386,
            884
        ],
        "kp_eye_right_inner": [
            640,
            912
        ],
        "kp_eye_right_outer": [
            707,
            917
        ],
        "kp_mouth_left": [
            654,
            1138
        ],
        "kp_mouth_right": [
            462,
            1143
        ],
        "kp_nose_tip": [
            601,
            1013
        ],
        "kp_under_lip_bottom": [
            573,
            1181
        ],
        "kp_upper_lip_top": [
            582,
            1123
        ],
        "features": [
            7.233085,
            7.523273,
            -1.506383,
            5.07614,
            -0.93737,
            7.908294,
            1.062265,
            0.287385,
            5.971021,
            -6.808128,
            -0.053822,
            -1.412353,
            1.427976,
            -4.759149,
            6.233213,
            -1.911753,
            0.852205,
            -2.324852,
            2.603745,
            1.924446,
            2.440906,
            0.843908,
            0.116383,
            6.650098,
            -5.01507,
            -1.535381,
            -6.278057,
            -0.029739,
            6.274715,
            -8.396996,
            0.324022,
            -4.519902,
            -1.39613,
            3.226325,
            -2.123721,
            -0.151797,
            0.914082,
            3.399944,
            -0.909637,
            -0.632483,
            0.465131,
            -2.60145,
            7.543967,
            0.29944,
            4.48018,
            -6.150394,
            -3.697519,
            -1.693113,
            5.499784,
            1.118555,
            -0.513145,
            5.390721,
            -4.829286,
            1.868272,
            0.282931,
            -4.799756,
            -1.656431,
            2.309081,
            -3.267796,
            4.578211
        ]
    },
    "image_size": [
        870,
        1918
    ],
    "process_time_in_milliseconds": 771
}
