{
    "props": {
        "face_rect": [
            170,
            666,
            504,
            504
        ],
        "kp_eye_left_inner": [
            356,
            799
        ],
        "kp_eye_left_outer": [
            247,
            810
        ],
        "kp_eye_right_inner": [
            492,
            799
        ],
        "kp_eye_right_outer": [
            590,
            810
        ],
        "kp_mouth_left": [
            535,
            1022
        ],
        "kp_mouth_right": [
            328,
            1027
        ],
        "kp_nose_tip": [
            426,
            831
        ],
        "kp_under_lip_bottom": [
            432,
            1049
        ],
        "kp_upper_lip_top": [
            421,
            973
        ],
        "features": [
            0.946636,
            5.783028,
            -3.19972,
            5.097503,
            -2.390981,
            5.989762,
            1.19783,
            -0.616586,
            2.29653,
            -8.149429,
            -0.648642,
            -0.837367,
            2.03866,
            -2.206873,
            1.773307,
            0.029051,
            -2.435308,
            0.828622,
            -0.715763,
            -0.60015,
            3.054967,
            4.325366,
            -2.832809,
            4.049752,
            -3.69209,
            2.225396,
            -1.558228,
            -1.521223,
            5.199659,
            -6.472517,
            0.906918,
            -4.508827,
            3.144356,
            1.184117,
            0.632851,
            0.097402,
            0.766682,
            1.385426,
            1.415956,
            -0.619331,
            2.02795,
            1.298294,
            3.183351,
            -0.958044,
            4.437571,
            -4.131961,
            -2.87369,
            1.951579,
            8.355636,
            -0.007497,
            -3.740059,
            5.323811,
            0.907141,
            2.650573,
            -0.932138,
            -3.36413,
            -0.67826,
            2.442062,
            1.198473,
            2.591062
        ]
    },
    "image_size": [
        870,
        1918
    ],
    "process_time_in_milliseconds": 763
}
