{
    "props": {
        "face_rect": [
            136,
            911,
            531,
            531
        ],
        "kp_eye_left_inner": [
            354,
            1058
        ],
        "kp_eye_left_outer": [
            249,
            1045
        ],
        "kp_eye_right_inner": [
            494,
            1058
        ],
        "kp_eye_right_outer": [
            591,
            1045
        ],
        "kp_mouth_left": [
            523,
            1281
        ],
        "kp_mouth_right": [
            342,
            1290
        ],
        "kp_nose_tip": [
            422,
            1239
        ],
        "kp_under_lip_bottom": [
            439,
            1323
        ],
        "kp_upper_lip_top": [
            430,
            1294
        ],
        "features": [
            3.018836,
            4.473118,
            -0.812202,
            5.510552,
            -0.566698,
            4.616721,
            -4.389852,
            2.453417,
            5.160889,
            -5.319736,
            -3.304916,
            -3.08575,
            1.649629,
            -6.814711,
            8.336886,
            -2.864006,
            -3.597455,
            -3.590607,
            1.755998,
            -1.071541,
            5.352923,
            -0.726817,
            0.095819,
            7.722883,
            -1.448318,
            -0.704582,
            -3.389992,
            -2.124615,
            5.373574,
            -7.453503,
            3.638732,
            -1.958865,
            -3.143217,
            5.003902,
            -4.367563,
            1.736962,
            -0.903699,
            2.854774,
            3.838561,
            2.148203,
            -0.009108,
            -5.231113,
            8.023339,
            2.073711,
            7.88839,
            -8.145519,
            -4.407885,
            0.335347,
            3.155434,
            4.277468,
            1.226034,
            6.079501,
            -4.784589,
            0.488003,
            -2.756352,
            -3.963681,
            -2.867502,
            1.719497,
            -1.053838,
            4.095917
        ]
    },
    "image_size": [
        870,
        1918
    ],
    "process_time_in_milliseconds": 812
}
