{
    "props": {
        "face_rect": [
            357,
            644,
            514,
            514
        ],
        "kp_eye_left_inner": [
            551,
            762
        ],
        "kp_eye_left_outer": [
            443,
            746
        ],
        "kp_eye_right_inner": [
            676,
            784
        ],
        "kp_eye_right_outer": [
            741,
            794
        ],
        "kp_mouth_left": [
            681,
            1011
        ],
        "kp_mouth_right": [
            513,
            1005
        ],
        "kp_nose_tip": [
            659,
            854
        ],
        "kp_under_lip_bottom": [
            611,
            1038
        ],
        "kp_upper_lip_top": [
            638,
            973
        ],
        "features": [
            3.722159,
            4.5543,
            7.392021,
            -5.044007,
            5.463904,
            -0.22768,
            -6.098575,
            -0.234626,
            1.701092,
            6.166566,
            -9.944367,
            -7.042527,
            -2.72247,
            6.351236,
            4.245375,
            -10.348251,
            -7.079573,
            3.03348,
            5.287092,
            1.774199,
            -2.737914,
            2.670424,
            -9.706602,
            -6.81039,
            7.430772,
            3.490644,
            0.657364,
            -0.65306,
            5.83162,
            3.263794,
            -1.160846,
            3.672052,
            -0.164216,
            -0.833931,
            -1.170905,
            4.019115,
            2.942356,
            3.458225,
            -0.240207,
            5.199855,
            0.347611,
            -5.408558,
            -8.9645,
            2.535278,
            4.276474,
            10.511227,
            3.59042,
            3.415502,
            -6.973939,
            -4.207269,
            5.209438,
            -2.218215,
            0.135535,
            0.114275,
            0.136136,
            3.807781,
            -3.622491,
            -0.711373,
            -1.123848,
            2.700809
        ]
    },
    "image_size": [
        870,
        1918
    ],
    "process_time_in_milliseconds": 750
}
