{
    "props": {
        "face_rect": [
            177,
            651,
            503,
            503
        ],
        "kp_eye_left_inner": [
            356,
            779
        ],
        "kp_eye_left_outer": [
            251,
            790
        ],
        "kp_eye_right_inner": [
            501,
            779
        ],
        "kp_eye_right_outer": [
            595,
            790
        ],
        "kp_mouth_left": [
            540,
            996
        ],
        "kp_mouth_right": [
            323,
            1002
        ],
        "kp_nose_tip": [
            429,
            785
        ],
        "kp_under_lip_bottom": [
            440,
            1013
        ],
        "kp_upper_lip_top": [
            434,
            940
        ],
        "features": [
            2.520759,
            5.760333,
            -2.683028,
            4.538227,
            -2.263239,
            5.013493,
            -1.921153,
            -0.87287,
            2.082906,
            -7.741886,
            -1.329805,
            0.985196,
            2.506442,
            -3.091147,
            2.045918,
            0.90506,
            -2.736518,
            -1.826767,
            -1.123124,
            -0.562468,
            4.859568,
            2.075619,
            -1.186782,
            4.707874,
            -2.318063,
            2.471929,
            -1.319227,
            -2.932469,
            4.931355,
            -4.632619,
            1.992517,
            -5.108628,
            1.663061,
            2.371721,
            -0.056243,
            1.177237,
            0.064876,
            0.67835,
            1.219797,
            1.250545,
            2.129636,
            1.606275,
            3.279895,
            0.122856,
            6.077335,
            -2.650059,
            -2.181306,
            3.536823,
            7.14869,
            0.99887,
            -3.244459,
            5.909348,
            -0.138457,
            0.253035,
            -3.92356,
            -2.799632,
            -2.416545,
            2.255118,
            1.8229,
            5.476018
        ]
    },
    "image_size": [
        870,
        1918
    ],
    "process_time_in_milliseconds": 738
}
