{
    "props": {
        "face_rect": [
            142,
            862,
            558,
            558
        ],
        "kp_eye_left_inner": [
            355,
            1018
        ],
        "kp_eye_left_outer": [
            251,
            1009
        ],
        "kp_eye_right_inner": [
            495,
            1018
        ],
        "kp_eye_right_outer": [
            596,
            1005
        ],
        "kp_mouth_left": [
            530,
            1258
        ],
        "kp_mouth_right": [
            338,
            1263
        ],
        "kp_nose_tip": [
            434,
            1202
        ],
        "kp_under_lip_bottom": [
            443,
            1302
        ],
        "kp_upper_lip_top": [
            434,
            1263
        ],
        "features": [
            3.582013,
            4.868886,
            -0.765566,
            4.862374,
            -1.372292,
            4.670507,
            -4.221736,
            0.699387,
            7.383634,
            -6.408827,
            -0.916631,
            -1.495513,
            2.437405,
            -8.390337,
            8.071909,
            -3.273785,
            -1.443653,
            -2.779535,
            1.151662,
            -0.36589,
            3.870509,
            -0.839741,
            3.265841,
            8.21979,
            -2.663243,
            -0.37984,
            -5.281226,
            -0.754045,
            5.457948,
            -7.787804,
            1.153644,
            -1.899541,
            -2.501664,
            3.862372,
            -4.8173,
            1.624711,
            -0.520051,
            4.417039,
            2.231643,
            0.823589,
            -0.686879,
            -5.750646,
            8.085838,
            1.35224,
            7.042703,
            -8.125213,
            -3.350048,
            0.166455,
            4.712412,
            3.12519,
            0.19771,
            6.48297,
            -5.823565,
            2.068142,
            -0.727238,
            -3.562668,
            -1.738644,
            2.184555,
            -1.504735,
            2.761756
        ]
    },
    "image_size": [
        870,
        1918
    ],
    "process_time_in_milliseconds": 787
}
