{
    "props": {
        "face_rect": [
            221,
            592,
            454,
            454
        ],
        "kp_eye_left_inner": [
            388,
            715
        ],
        "kp_eye_left_outer": [
            294,
            730
        ],
        "kp_eye_right_inner": [
            502,
            710
        ],
        "kp_eye_right_outer": [
            591,
            720
        ],
        "kp_mouth_left": [
            551,
            918
        ],
        "kp_mouth_right": [
            354,
            923
        ],
        "kp_nose_tip": [
            452,
            750
        ],
        "kp_under_lip_bottom": [
            452,
            937
        ],
        "kp_upper_lip_top": [
            457,
            863
        ],
        "features": [
            1.434211,
            4.761089,
            7.007739,
            -7.325515,
            2.821046,
            -0.048812,
            -4.00469,
            0.870383,
            2.969734,
            5.38117,
            -8.613856,
            -6.565873,
            -2.142735,
            6.03706,
            6.149175,
            -11.18429,
            -6.25389,
            2.334006,
            6.635759,
            0.390901,
            -4.688302,
            4.043416,
            -8.823581,
            -9.079377,
            8.449615,
            2.823837,
            0.018859,
            -0.342861,
            7.67418,
            2.349451,
            0.230667,
            2.400961,
            -2.753769,
            -2.110094,
            -2.806863,
            3.159837,
            2.724636,
            4.366022,
            -2.140702,
            4.470154,
            -1.84775,
            -5.197684,
            -6.050939,
            1.168998,
            5.825579,
            8.467954,
            4.339661,
            2.507472,
            -7.486547,
            -4.564359,
            4.742305,
            -3.406605,
            0.087398,
            0.917974,
            -1.233383,
            2.202091,
            -1.487702,
            -0.451274,
            -2.111364,
            2.684862
        ]
    },
    "image_size": [
        870,
        1918
    ],
    "process_time_in_milliseconds": 722
}
