{
    "props": {
        "face_rect": [
            212,
            581,
            462,
            462
        ],
        "kp_eye_left_inner": [
            385,
            704
        ],
        "kp_eye_left_outer": [
            290,
            713
        ],
        "kp_eye_right_inner": [
            504,
            699
        ],
        "kp_eye_right_outer": [
            599,
            704
        ],
        "kp_mouth_left": [
            547,
            918
        ],
        "kp_mouth_right": [
            347,
            918
        ],
        "kp_nose_tip": [
            447,
            747
        ],
        "kp_under_lip_bottom": [
            442,
            933
        ],
        "kp_upper_lip_top": [
            447,
            861
        ],
        "features": [
            3.163913,
            5.437404,
            7.189296,
            -6.346159,
            3.998636,
            1.179015,
            -5.712675,
            0.880811,
            3.223857,
            5.746953,
            -8.912398,
            -6.439292,
            -4.446912,
            6.459242,
            6.90872,
            -11.373332,
            -6.086433,
            2.247365,
            6.591938,
            -0.944523,
            -4.528882,
            4.518375,
            -9.539433,
            -7.457665,
            8.643824,
            3.988387,
            -0.168807,
            0.457053,
            8.021515,
            1.402149,
            0.43488,
            2.578412,
            -2.208241,
            -2.282433,
            -3.518108,
            3.23242,
            2.454413,
            6.028949,
            -1.368471,
            4.898925,
            -1.84229,
            -5.899428,
            -7.623314,
            1.785084,
            4.091105,
            8.943316,
            5.09341,
            2.71685,
            -7.518143,
            -3.306536,
            5.320446,
            -2.834744,
            -0.130529,
            0.963417,
            -0.706009,
            2.549039,
            -1.808627,
            -0.530485,
            -2.651906,
            2.904114
        ]
    },
    "image_size": [
        870,
        1918
    ],
    "process_time_in_milliseconds": 720
}
