{
    "props": {
        "face_rect": [
            118,
            802,
            610,
            610
        ],
        "kp_eye_left_inner": [
            354,
            960
        ],
        "kp_eye_left_outer": [
            242,
            950
        ],
        "kp_eye_right_inner": [
            490,
            955
        ],
        "kp_eye_right_outer": [
            597,
            946
        ],
        "kp_mouth_left": [
            529,
            1203
        ],
        "kp_mouth_right": [
            335,
            1208
        ],
        "kp_nose_tip": [
            422,
            1106
        ],
        "kp_under_lip_bottom": [
            436,
            1251
        ],
        "kp_upper_lip_top": [
            432,
            1198
        ],
        "features": [
            5.591914,
            6.540807,
            -1.440561,
            5.219524,
            0.750835,
            7.089643,
            0.335261,
            -0.753261,
            5.791727,
            -7.185255,
            0.058399,
            -1.456482,
            3.028012,
            -6.878437,
            7.789886,
            -4.250397,
            0.63209,
            0.015834,
            3.107396,
            2.98992,
            4.731048,
            2.374942,
            2.919305,
            7.025582,
            -4.661098,
            -0.234339,
            -5.440121,
            -0.646675,
            5.615754,
            -8.203429,
            -0.944874,
            -3.783992,
            0.222866,
            5.103656,
            -3.550055,
            -0.391627,
            -0.583352,
            3.478046,
            0.503561,
            -0.582573,
            -0.543518,
            -3.679457,
            9.054784,
            -0.198135,
            5.694901,
            -7.570071,
            -5.522806,
            -0.191616,
            6.9597,
            1.265997,
            -1.78932,
            7.961512,
            -5.654501,
            3.699066,
            3.446713,
            -4.408956,
            -3.294607,
            3.31986,
            -1.908787,
            2.40086
        ]
    },
    "image_size": [
        870,
        1918
    ],
    "process_time_in_milliseconds": 767
}
