{
    "props": {
        "face_rect": [
            -7,
            745,
            576,
            576
        ],
        "kp_eye_left_inner": [
            221,
            895
        ],
        "kp_eye_left_outer": [
            155,
            900
        ],
        "kp_eye_right_inner": [
            352,
            890
        ],
        "kp_eye_right_outer": [
            467,
            885
        ],
        "kp_mouth_left": [
            392,
            1141
        ],
        "kp_mouth_right": [
            206,
            1136
        ],
        "kp_nose_tip": [
            241,
            990
        ],
        "kp_under_lip_bottom": [
            271,
            1171
        ],
        "kp_upper_lip_top": [
            256,
            1116
        ],
        "features": [
            7.391554,
            10.364422,
            -1.347366,
            5.08558,
            3.203511,
            5.78732,
            0.403152,
            0.480005,
            2.331557,
            -4.561002,
            -4.789556,
            -0.960834,
            3.058777,
            0.613195,
            5.277254,
            -3.724765,
            0.345895,
            -1.031373,
            4.218844,
            0.591985,
            4.201798,
            1.516546,
            -1.625856,
            5.531919,
            -3.89027,
            0.428439,
            -2.709765,
            -1.070101,
            4.707846,
            -5.806771,
            -2.06468,
            0.260895,
            2.197228,
            3.927409,
            -1.429605,
            -0.781845,
            -1.079567,
            0.213265,
            1.163221,
            -0.077059,
            4.434988,
            -3.498951,
            6.435961,
            -0.805258,
            2.677176,
            -3.180493,
            -6.311821,
            -1.59402,
            3.275026,
            1.468213,
            -0.898673,
            5.904353,
            -3.16422,
            3.470526,
            1.182146,
            -5.149217,
            -3.542596,
            2.925791,
            -2.527622,
            5.081153
        ]
    },
    "image_size": [
        870,
        1918
    ],
    "process_time_in_milliseconds": 798
}
