{
    "props": {
        "face_rect": [
            124,
            767,
            584,
            584
        ],
        "kp_eye_left_inner": [
            345,
            912
        ],
        "kp_eye_left_outer": [
            241,
            912
        ],
        "kp_eye_right_inner": [
            479,
            912
        ],
        "kp_eye_right_outer": [
            588,
            907
        ],
        "kp_mouth_left": [
            524,
            1156
        ],
        "kp_mouth_right": [
            330,
            1166
        ],
        "kp_nose_tip": [
            414,
            1032
        ],
        "kp_under_lip_bottom": [
            429,
            1196
        ],
        "kp_upper_lip_top": [
            424,
            1136
        ],
        "features": [
            5.210941,
            6.883103,
            -0.946883,
            4.91055,
            0.087132,
            7.115142,
            0.061999,
            1.423558,
            4.920719,
            -7.370763,
            0.349315,
            -2.213807,
            1.973764,
            -4.774714,
            8.230998,
            -4.778909,
            0.508678,
            0.06992,
            2.131638,
            1.140896,
            3.798039,
            3.58708,
            1.444839,
            5.39749,
            -5.125484,
            0.768829,
            -6.077826,
            -1.056839,
            6.934193,
            -8.758489,
            -0.101394,
            -4.59029,
            -1.341957,
            4.534886,
            -3.239689,
            -0.698112,
            -0.01763,
            3.619277,
            0.206212,
            -0.98862,
            -1.700352,
            -2.493106,
            7.519437,
            0.184843,
            5.698663,
            -7.630268,
            -4.70165,
            -0.801696,
            6.652746,
            0.622139,
            -0.27788,
            6.933977,
            -4.319376,
            2.978039,
            1.495305,
            -5.0604,
            -1.834139,
            3.48109,
            -1.662498,
            3.020865
        ]
    },
    "image_size": [
        870,
        1918
    ],
    "process_time_in_milliseconds": 759
}
