{
    "props": {
        "face_rect": [
            136,
            912,
            535,
            535
        ],
        "kp_eye_left_inner": [
            358,
            1062
        ],
        "kp_eye_left_outer": [
            251,
            1045
        ],
        "kp_eye_right_inner": [
            494,
            1058
        ],
        "kp_eye_right_outer": [
            593,
            1045
        ],
        "kp_mouth_left": [
            524,
            1284
        ],
        "kp_mouth_right": [
            340,
            1293
        ],
        "kp_nose_tip": [
            422,
            1237
        ],
        "kp_under_lip_bottom": [
            439,
            1327
        ],
        "kp_upper_lip_top": [
            430,
            1297
        ],
        "features": [
            3.597654,
            4.50112,
            -1.020484,
            5.805091,
            -1.242824,
            3.904954,
            -5.038932,
            3.11028,
            4.575363,
            -5.510401,
            -3.391309,
            -2.286887,
            1.419712,
            -6.590859,
            8.355545,
            -2.643387,
            -2.182467,
            -3.200004,
            1.668935,
            -1.53543,
            5.885038,
            -1.952115,
            1.399163,
            6.812701,
            -2.253721,
            -1.659151,
            -3.15878,
            -2.677071,
            5.510703,
            -6.266649,
            2.961341,
            -2.103136,
            -3.797526,
            4.842322,
            -4.477593,
            2.510832,
            -1.614859,
            3.097779,
            3.830265,
            2.491534,
            0.524867,
            -5.964018,
            7.338104,
            1.720337,
            8.053378,
            -7.767842,
            -4.49837,
            0.742712,
            3.053865,
            4.236583,
            1.39505,
            5.811079,
            -5.50604,
            0.617748,
            -2.174247,
            -3.757536,
            -1.858823,
            1.740488,
            -1.505528,
            4.318344
        ]
    },
    "image_size": [
        870,
        1918
    ],
    "process_time_in_milliseconds": 760
}
