{
    "props": {
        "face_rect": [
            -13,
            597,
            595,
            595
        ],
        "kp_eye_left_inner": [
            241,
            762
        ],
        "kp_eye_left_outer": [
            194,
            767
        ],
        "kp_eye_right_inner": [
            377,
            762
        ],
        "kp_eye_right_outer": [
            486,
            757
        ],
        "kp_mouth_left": [
            382,
            1022
        ],
        "kp_mouth_right": [
            184,
            1002
        ],
        "kp_nose_tip": [
            246,
            850
        ],
        "kp_under_lip_bottom": [
            262,
            1043
        ],
        "kp_upper_lip_top": [
            257,
            960
        ],
        "features": [
            1.676077,
            4.59727,
            5.696356,
            -5.512794,
            4.387004,
            0.405522,
            -5.171535,
            1.755643,
            -0.361982,
            6.167649,
            -9.609156,
            -6.271986,
            -2.616079,
            7.490898,
            4.624369,
            -11.232357,
            -5.580104,
            3.33042,
            3.891765,
            0.133255,
            -1.981858,
            4.508416,
            -10.686679,
            -7.005112,
            8.51936,
            2.322583,
            0.287408,
            -1.266015,
            6.226586,
            1.264756,
            -0.481854,
            3.667448,
            -1.516591,
            -1.714825,
            -1.947917,
            3.598817,
            1.934617,
            1.319884,
            -0.543813,
            2.467978,
            -2.342068,
            -3.92369,
            -8.057994,
            3.686694,
            2.776572,
            8.321179,
            3.747358,
            3.383847,
            -8.407111,
            -4.401978,
            4.118186,
            -1.272027,
            2.044434,
            -1.270583,
            0.814272,
            2.931808,
            -4.857993,
            1.714875,
            -1.30215,
            2.029284
        ]
    },
    "image_size": [
        870,
        1918
    ],
    "process_time_in_milliseconds": 753
}
