{
    "props": {
        "face_rect": [
            121,
            765,
            593,
            593
        ],
        "kp_eye_left_inner": [
            344,
            914
        ],
        "kp_eye_left_outer": [
            238,
            919
        ],
        "kp_eye_right_inner": [
            484,
            914
        ],
        "kp_eye_right_outer": [
            585,
            905
        ],
        "kp_mouth_left": [
            523,
            1156
        ],
        "kp_mouth_right": [
            329,
            1165
        ],
        "kp_nose_tip": [
            416,
            1035
        ],
        "kp_under_lip_bottom": [
            431,
            1194
        ],
        "kp_upper_lip_top": [
            426,
            1141
        ],
        "features": [
            5.116916,
            7.017066,
            -1.136348,
            5.06,
            -0.409359,
            7.408442,
            0.540924,
            0.592449,
            5.160317,
            -7.649765,
            0.245677,
            -3.105866,
            2.155556,
            -4.665431,
            8.2996,
            -4.199171,
            -0.185476,
            -0.027867,
            2.61645,
            1.876585,
            3.58586,
            3.188492,
            0.957116,
            5.414296,
            -5.581575,
            0.586784,
            -6.261361,
            -1.164953,
            6.932361,
            -8.434638,
            0.146278,
            -4.327888,
            -1.39334,
            4.746233,
            -2.868652,
            -0.213356,
            0.175398,
            3.432588,
            0.168566,
            -1.386785,
            -0.781593,
            -2.905113,
            7.092798,
            -0.11436,
            6.054233,
            -7.29179,
            -4.415944,
            -0.569504,
            6.17501,
            -0.11918,
            -0.157032,
            6.299798,
            -4.752752,
            3.023555,
            1.424526,
            -4.897875,
            -2.093874,
            3.955078,
            -1.405223,
            3.466583
        ]
    },
    "image_size": [
        870,
        1918
    ],
    "process_time_in_milliseconds": 716
}
