{
    "props": {
        "face_rect": [
            142,
            749,
            603,
            603
        ],
        "kp_eye_left_inner": [
            371,
            902
        ],
        "kp_eye_left_outer": [
            263,
            902
        ],
        "kp_eye_right_inner": [
            508,
            902
        ],
        "kp_eye_right_outer": [
            611,
            887
        ],
        "kp_mouth_left": [
            557,
            1141
        ],
        "kp_mouth_right": [
            356,
            1151
        ],
        "kp_nose_tip": [
            444,
            1029
        ],
        "kp_under_lip_bottom": [
            459,
            1190
        ],
        "kp_upper_lip_top": [
            449,
            1127
        ],
        "features": [
            5.146543,
            6.226858,
            -2.204809,
            4.290529,
            -0.589083,
            6.709301,
            0.568023,
            0.753063,
            4.688414,
            -5.892685,
            -0.270528,
            -2.676183,
            1.739475,
            -4.844279,
            9.112094,
            -4.811326,
            1.273577,
            0.005688,
            3.68182,
            2.280173,
            3.990029,
            2.413617,
            0.177734,
            5.62077,
            -4.747558,
            -0.101097,
            -5.942465,
            -2.071675,
            6.570078,
            -7.718748,
            0.700361,
            -4.354347,
            -1.786395,
            4.392728,
            -2.904148,
            0.534572,
            0.012731,
            3.858925,
            0.383453,
            -0.806594,
            -1.218418,
            -3.348111,
            8.806561,
            -0.740751,
            5.779244,
            -7.964234,
            -5.184754,
            0.475386,
            6.202857,
            1.553551,
            -0.828575,
            6.092712,
            -4.978092,
            2.58057,
            1.881084,
            -4.211155,
            -2.304908,
            3.676785,
            -1.186312,
            4.001715
        ]
    },
    "image_size": [
        870,
        1918
    ],
    "process_time_in_milliseconds": 815
}
