{
    "props": {
        "face_rect": [
            134,
            905,
            538,
            538
        ],
        "kp_eye_left_inner": [
            352,
            1052
        ],
        "kp_eye_left_outer": [
            249,
            1040
        ],
        "kp_eye_right_inner": [
            492,
            1052
        ],
        "kp_eye_right_outer": [
            590,
            1040
        ],
        "kp_mouth_left": [
            522,
            1278
        ],
        "kp_mouth_right": [
            339,
            1283
        ],
        "kp_nose_tip": [
            424,
            1236
        ],
        "kp_under_lip_bottom": [
            428,
            1321
        ],
        "kp_upper_lip_top": [
            433,
            1291
        ],
        "features": [
            3.667063,
            3.938925,
            -1.032412,
            5.39868,
            -1.246611,
            4.588844,
            -4.741289,
            2.246637,
            5.561856,
            -5.061291,
            -3.730587,
            -2.589366,
            0.840801,
            -7.204182,
            8.370042,
            -2.238016,
            -4.095984,
            -3.766486,
            1.685177,
            -0.58748,
            5.103362,
            -1.09648,
            -0.401018,
            8.018584,
            -1.024043,
            -1.17447,
            -3.211958,
            -3.095679,
            5.297853,
            -6.754718,
            3.800671,
            -3.201548,
            -3.590704,
            5.174851,
            -3.790382,
            2.248779,
            -0.312216,
            2.936991,
            4.42667,
            3.157138,
            0.167583,
            -5.490582,
            7.661014,
            2.830384,
            7.509682,
            -7.38612,
            -4.232156,
            0.811775,
            3.186208,
            4.020283,
            1.225732,
            5.570831,
            -5.300885,
            0.193146,
            -2.799549,
            -3.503948,
            -2.631752,
            1.260015,
            -1.287079,
            4.178258
        ]
    },
    "image_size": [
        870,
        1918
    ],
    "process_time_in_milliseconds": 840
}
