{
    "props": {
        "face_rect": [
            135,
            758,
            561,
            561
        ],
        "kp_eye_left_inner": [
            347,
            896
        ],
        "kp_eye_left_outer": [
            244,
            901
        ],
        "kp_eye_right_inner": [
            479,
            896
        ],
        "kp_eye_right_outer": [
            587,
            896
        ],
        "kp_mouth_left": [
            523,
            1137
        ],
        "kp_mouth_right": [
            332,
            1147
        ],
        "kp_nose_tip": [
            416,
            1004
        ],
        "kp_under_lip_bottom": [
            425,
            1171
        ],
        "kp_upper_lip_top": [
            420,
            1112
        ],
        "features": [
            4.84378,
            6.687394,
            -1.939614,
            4.978508,
            -0.496917,
            7.026784,
            -0.463057,
            1.057224,
            4.355167,
            -8.037055,
            0.807328,
            -3.430489,
            2.072762,
            -4.585977,
            9.06007,
            -4.424745,
            0.265989,
            -0.596335,
            1.978734,
            0.643955,
            3.545486,
            3.001824,
            1.718821,
            4.707969,
            -5.562225,
            0.373743,
            -6.023455,
            -0.926137,
            7.077368,
            -7.963774,
            0.367687,
            -3.810107,
            -1.733918,
            4.466955,
            -3.635616,
            0.123691,
            -0.88917,
            3.658156,
            0.259568,
            -1.92631,
            -1.127115,
            -2.616457,
            7.081835,
            -0.109676,
            5.70541,
            -6.772645,
            -4.756028,
            0.185754,
            6.273102,
            0.161502,
            -0.057825,
            6.781124,
            -5.209358,
            2.922588,
            1.17056,
            -4.82307,
            -1.469319,
            2.685075,
            -1.002599,
            4.47153
        ]
    },
    "image_size": [
        870,
        1918
    ],
    "process_time_in_milliseconds": 704
}
