{
    "props": {
        "face_rect": [
            356,
            645,
            510,
            510
        ],
        "kp_eye_left_inner": [
            550,
            760
        ],
        "kp_eye_left_outer": [
            437,
            744
        ],
        "kp_eye_right_inner": [
            667,
            782
        ],
        "kp_eye_right_outer": [
            737,
            787
        ],
        "kp_mouth_left": [
            689,
            1017
        ],
        "kp_mouth_right": [
            507,
            1006
        ],
        "kp_nose_tip": [
            657,
            851
        ],
        "kp_under_lip_bottom": [
            614,
            1038
        ],
        "kp_upper_lip_top": [
            630,
            974
        ],
        "features": [
            3.061045,
            5.008732,
            7.260786,
            -5.673214,
            5.610776,
            0.420352,
            -5.61114,
            0.126228,
            1.043493,
            6.0441,
            -10.459163,
            -8.770413,
            -2.694069,
            6.585531,
            4.173238,
            -10.417377,
            -7.541885,
            3.233847,
            5.071385,
            0.992831,
            -2.747543,
            2.567316,
            -9.677961,
            -8.070515,
            7.229305,
            3.720183,
            0.192848,
            -0.078961,
            6.048225,
            2.803516,
            -0.605074,
            4.396802,
            -0.073504,
            -1.648719,
            -1.597343,
            3.52759,
            3.050169,
            3.27708,
            -0.461491,
            4.789663,
            0.251401,
            -5.593083,
            -9.217319,
            2.614936,
            5.037469,
            10.638782,
            3.207002,
            3.004291,
            -7.199387,
            -4.870495,
            5.599008,
            -2.833981,
            0.742954,
            0.204971,
            -0.274638,
            3.414457,
            -3.366855,
            -1.013918,
            -1.282476,
            2.763916
        ]
    },
    "image_size": [
        870,
        1918
    ],
    "process_time_in_milliseconds": 768
}
