{
    "props": {
        "face_rect": [
            155,
            650,
            562,
            562
        ],
        "kp_eye_left_inner": [
            371,
            791
        ],
        "kp_eye_left_outer": [
            270,
            795
        ],
        "kp_eye_right_inner": [
            505,
            786
        ],
        "kp_eye_right_outer": [
            606,
            781
        ],
        "kp_mouth_left": [
            537,
            1034
        ],
        "kp_mouth_right": [
            339,
            1043
        ],
        "kp_nose_tip": [
            436,
            892
        ],
        "kp_under_lip_bottom": [
            440,
            1075
        ],
        "kp_upper_lip_top": [
            436,
            1002
        ],
        "features": [
            2.336946,
            4.385113,
            6.695939,
            -5.116475,
            4.522722,
            0.639367,
            -5.540396,
            2.26585,
            -0.443536,
            5.351167,
            -7.376198,
            -8.046824,
            -3.441875,
            7.541366,
            5.360415,
            -11.388019,
            -5.565914,
            4.601801,
            4.188374,
            0.71426,
            -1.662828,
            2.457625,
            -11.003557,
            -7.987071,
            5.957902,
            1.626876,
            -1.096903,
            -0.910824,
            7.254154,
            1.98691,
            0.073009,
            2.792412,
            -2.746449,
            -2.734733,
            -1.890093,
            3.552804,
            3.155453,
            3.738449,
            -0.378582,
            3.177276,
            -2.303992,
            -5.887884,
            -9.166433,
            2.788547,
            5.473151,
            7.487343,
            4.353584,
            4.077446,
            -7.325407,
            -3.352711,
            6.300406,
            -0.68497,
            1.590064,
            -0.845304,
            0.503885,
            3.129786,
            -3.868672,
            0.953888,
            -1.788183,
            1.907129
        ]
    },
    "image_size": [
        870,
        1918
    ],
    "process_time_in_milliseconds": 807
}
