{
    "props": {
        "face_rect": [
            144,
            680,
            588,
            588
        ],
        "kp_eye_left_inner": [
            373,
            827
        ],
        "kp_eye_left_outer": [
            273,
            827
        ],
        "kp_eye_right_inner": [
            504,
            822
        ],
        "kp_eye_right_outer": [
            600,
            806
        ],
        "kp_mouth_left": [
            539,
            1078
        ],
        "kp_mouth_right": [
            343,
            1088
        ],
        "kp_nose_tip": [
            439,
            952
        ],
        "kp_under_lip_bottom": [
            444,
            1123
        ],
        "kp_upper_lip_top": [
            439,
            1053
        ],
        "features": [
            2.010543,
            3.415252,
            5.529731,
            -5.489899,
            4.898884,
            0.953577,
            -4.985659,
            3.101176,
            -2.152989,
            6.810106,
            -8.939398,
            -7.696201,
            -4.961102,
            7.04975,
            5.264009,
            -11.438613,
            -5.40243,
            5.203252,
            3.832694,
            0.046627,
            -0.899417,
            1.677509,
            -10.299616,
            -8.764279,
            5.921952,
            1.267807,
            -0.480364,
            -1.757526,
            6.146283,
            2.55041,
            0.789737,
            3.441524,
            -3.276675,
            -2.516141,
            -2.763376,
            1.971342,
            3.068966,
            3.557904,
            1.687683,
            4.029484,
            -1.461259,
            -8.007698,
            -8.504016,
            4.043529,
            5.671941,
            6.68388,
            3.627748,
            4.424405,
            -7.951374,
            -4.485098,
            6.143916,
            -3.087585,
            1.512803,
            0.254707,
            0.035256,
            4.487911,
            -3.127032,
            0.605582,
            -2.639326,
            1.247822
        ]
    },
    "image_size": [
        870,
        1918
    ],
    "process_time_in_milliseconds": 822
}
