{
    "props": {
        "face_rect": [
            136,
            916,
            530,
            530
        ],
        "kp_eye_left_inner": [
            354,
            1063
        ],
        "kp_eye_left_outer": [
            249,
            1046
        ],
        "kp_eye_right_inner": [
            493,
            1063
        ],
        "kp_eye_right_outer": [
            594,
            1051
        ],
        "kp_mouth_left": [
            522,
            1286
        ],
        "kp_mouth_right": [
            341,
            1295
        ],
        "kp_nose_tip": [
            421,
            1244
        ],
        "kp_under_lip_bottom": [
            438,
            1329
        ],
        "kp_upper_lip_top": [
            430,
            1299
        ],
        "features": [
            3.628853,
            4.216843,
            -0.667403,
            5.837587,
            -0.758008,
            3.845362,
            -5.686661,
            3.517685,
            5.134801,
            -4.758407,
            -4.03575,
            -2.105529,
            1.220136,
            -6.809449,
            8.563624,
            -3.123323,
            -3.515702,
            -3.624297,
            1.615522,
            -1.850921,
            5.683157,
            -1.923819,
            -0.271089,
            7.649515,
            -1.470219,
            -1.000132,
            -2.745356,
            -3.264174,
            5.32433,
            -6.750479,
            3.472385,
            -2.052172,
            -3.729664,
            5.057316,
            -4.134679,
            2.396782,
            -0.909452,
            3.20149,
            4.672675,
            3.339906,
            0.498337,
            -5.671524,
            7.697577,
            2.287007,
            7.665018,
            -8.081548,
            -4.397418,
            0.552329,
            3.200968,
            4.536864,
            1.720736,
            5.489258,
            -4.970321,
            0.134563,
            -3.507857,
            -3.625274,
            -1.958137,
            1.281395,
            -1.390058,
            4.617802
        ]
    },
    "image_size": [
        870,
        1918
    ],
    "process_time_in_milliseconds": 799
}
