{
    "props": {
        "face_rect": [
            138,
            918,
            531,
            531
        ],
        "kp_eye_left_inner": [
            355,
            1064
        ],
        "kp_eye_left_outer": [
            248,
            1047
        ],
        "kp_eye_right_inner": [
            491,
            1064
        ],
        "kp_eye_right_outer": [
            594,
            1051
        ],
        "kp_mouth_left": [
            525,
            1286
        ],
        "kp_mouth_right": [
            342,
            1295
        ],
        "kp_nose_tip": [
            419,
            1243
        ],
        "kp_under_lip_bottom": [
            436,
            1329
        ],
        "kp_upper_lip_top": [
            427,
            1286
        ],
        "features": [
            2.425347,
            4.588894,
            -0.304798,
            4.511393,
            -0.638277,
            4.25116,
            -3.761952,
            1.907241,
            3.99824,
            -5.597217,
            -1.847999,
            -1.259629,
            3.04076,
            -6.463093,
            8.251863,
            -2.910376,
            -2.709772,
            -2.967388,
            2.431882,
            -0.309009,
            6.448462,
            -1.529751,
            1.578341,
            7.009945,
            -2.785398,
            -0.924222,
            -2.405482,
            -2.539629,
            5.446908,
            -5.845253,
            2.94744,
            -1.973898,
            -3.36983,
            5.093618,
            -4.345686,
            0.829133,
            -1.631039,
            3.122187,
            3.96984,
            2.2512,
            0.093287,
            -6.514087,
            8.752344,
            0.710669,
            8.687161,
            -8.832312,
            -4.671141,
            0.952256,
            3.893361,
            4.04693,
            1.30379,
            6.915097,
            -5.277651,
            1.791991,
            -2.70141,
            -4.180099,
            -3.1137,
            2.763152,
            -1.035634,
            3.435599
        ]
    },
    "image_size": [
        870,
        1918
    ],
    "process_time_in_milliseconds": 794
}
