{
    "props": {
        "face_rect": [
            201,
            632,
            548,
            548
        ],
        "kp_eye_left_inner": [
            412,
            770
        ],
        "kp_eye_left_outer": [
            309,
            770
        ],
        "kp_eye_right_inner": [
            539,
            765
        ],
        "kp_eye_right_outer": [
            633,
            765
        ],
        "kp_mouth_left": [
            577,
            1019
        ],
        "kp_mouth_right": [
            370,
            1019
        ],
        "kp_nose_tip": [
            483,
            864
        ],
        "kp_under_lip_bottom": [
            478,
            1047
        ],
        "kp_upper_lip_top": [
            483,
            977
        ],
        "features": [
            3.046512,
            4.980209,
            6.822467,
            -5.869922,
            4.843603,
            1.447262,
            -6.234232,
            1.18217,
            0.483679,
            6.329596,
            -8.203736,
            -7.635654,
            -4.80534,
            7.803857,
            4.324903,
            -10.783877,
            -6.214669,
            3.796132,
            4.535483,
            -0.51766,
            -2.762546,
            3.036505,
            -9.706504,
            -6.858027,
            7.171271,
            3.578989,
            -0.857385,
            0.608129,
            6.998927,
            1.598926,
            -0.487438,
            3.717664,
            -1.587143,
            -2.973336,
            -1.832269,
            3.328106,
            3.298047,
            4.395366,
            -0.826561,
            3.482652,
            -1.884826,
            -5.81688,
            -9.512951,
            3.587392,
            4.654386,
            9.068339,
            5.151218,
            3.779548,
            -7.529253,
            -3.636855,
            6.117048,
            -1.935574,
            1.05033,
            0.560041,
            -0.220552,
            2.613978,
            -3.500106,
            -0.019117,
            -1.875477,
            1.987861
        ]
    },
    "image_size": [
        870,
        1918
    ],
    "process_time_in_milliseconds": 725
}
