{
    "props": {
        "face_rect": [
            314,
            635,
            526,
            526
        ],
        "kp_eye_left_inner": [
            510,
            763
        ],
        "kp_eye_left_outer": [
            399,
            752
        ],
        "kp_eye_right_inner": [
            638,
            773
        ],
        "kp_eye_right_outer": [
            709,
            778
        ],
        "kp_mouth_left": [
            668,
            1012
        ],
        "kp_mouth_right": [
            475,
            1007
        ],
        "kp_nose_tip": [
            612,
            854
        ],
        "kp_under_lip_bottom": [
            582,
            1032
        ],
        "kp_upper_lip_top": [
            597,
            966
        ],
        "features": [
            3.433047,
            5.970636,
            7.408788,
            -5.899813,
            5.213292,
            -0.328904,
            -6.680188,
            0.353438,
            1.139686,
            5.071753,
            -8.162549,
            -7.384126,
            -2.58313,
            7.686779,
            4.370493,
            -9.831161,
            -6.572717,
            3.15094,
            4.929688,
            1.523963,
            -2.421956,
            2.26644,
            -10.099661,
            -8.928874,
            7.242907,
            2.802703,
            0.007972,
            0.042054,
            6.90978,
            3.705315,
            -0.686734,
            3.302198,
            -0.989142,
            -1.415507,
            -1.696288,
            3.934924,
            3.006755,
            3.225999,
            -0.391778,
            4.080204,
            -0.013315,
            -4.664598,
            -10.070738,
            2.68678,
            5.501198,
            10.855447,
            4.194328,
            3.472726,
            -7.213188,
            -4.596334,
            5.877655,
            -1.661264,
            0.611362,
            -0.445032,
            -0.739168,
            3.413236,
            -2.780994,
            -1.78609,
            -1.36925,
            2.928095
        ]
    },
    "image_size": [
        870,
        1918
    ],
    "process_time_in_milliseconds": 749
}
