{
    "props": {
        "face_rect": [
            146,
            661,
            577,
            577
        ],
        "kp_eye_left_inner": [
            372,
            807
        ],
        "kp_eye_left_outer": [
            261,
            807
        ],
        "kp_eye_right_inner": [
            501,
            803
        ],
        "kp_eye_right_outer": [
            602,
            793
        ],
        "kp_mouth_left": [
            540,
            1057
        ],
        "kp_mouth_right": [
            338,
            1062
        ],
        "kp_nose_tip": [
            434,
            918
        ],
        "kp_under_lip_bottom": [
            439,
            1095
        ],
        "kp_upper_lip_top": [
            439,
            1023
        ],
        "features": [
            2.571597,
            3.875946,
            6.072901,
            -4.792815,
            3.867455,
            1.025555,
            -5.2486,
            1.744357,
            -1.366205,
            4.740687,
            -6.573557,
            -7.848078,
            -3.281982,
            7.785091,
            4.940601,
            -10.904931,
            -5.775201,
            4.292122,
            3.361351,
            1.228158,
            -1.446591,
            2.708771,
            -11.085224,
            -8.181439,
            5.612162,
            1.012611,
            -0.876582,
            -0.919098,
            7.208221,
            2.190705,
            0.733063,
            2.264736,
            -2.920631,
            -2.889532,
            -2.126578,
            2.9273,
            2.600064,
            3.298877,
            0.730792,
            2.947486,
            -2.542479,
            -6.469233,
            -9.353447,
            3.480499,
            5.864475,
            7.129405,
            4.5752,
            4.684267,
            -7.026688,
            -3.456774,
            6.493565,
            0.279201,
            1.947843,
            -0.840956,
            0.547611,
            3.744217,
            -4.395518,
            0.883369,
            -1.563499,
            1.619305
        ]
    },
    "image_size": [
        870,
        1918
    ],
    "process_time_in_milliseconds": 789
}
