{
    "props": {
        "face_rect": [
            166,
            671,
            510,
            510
        ],
        "kp_eye_left_inner": [
            354,
            808
        ],
        "kp_eye_left_outer": [
            251,
            814
        ],
        "kp_eye_right_inner": [
            489,
            803
        ],
        "kp_eye_right_outer": [
            592,
            814
        ],
        "kp_mouth_left": [
            532,
            1030
        ],
        "kp_mouth_right": [
            327,
            1041
        ],
        "kp_nose_tip": [
            419,
            841
        ],
        "kp_under_lip_bottom": [
            430,
            1057
        ],
        "kp_upper_lip_top": [
            424,
            987
        ],
        "features": [
            1.732749,
            5.769304,
            -3.304442,
            4.612673,
            -2.979858,
            5.960467,
            0.205042,
            -0.794499,
            3.405612,
            -7.22185,
            -1.574752,
            -1.180614,
            1.180775,
            -2.446099,
            2.319332,
            0.034234,
            -2.691429,
            0.836481,
            -0.925497,
            0.171922,
            2.208148,
            4.222424,
            -4.009911,
            4.039522,
            -3.166647,
            2.032089,
            -2.080601,
            -1.872327,
            5.507487,
            -6.719752,
            1.633826,
            -4.847034,
            2.678872,
            1.443709,
            0.457203,
            0.496007,
            2.008732,
            1.971592,
            2.045432,
            -0.305963,
            2.085585,
            1.252906,
            2.600086,
            0.295105,
            4.188587,
            -3.970112,
            -2.185231,
            1.631865,
            8.346069,
            -1.041308,
            -2.975439,
            3.967017,
            0.290603,
            1.795242,
            -1.215346,
            -2.325121,
            0.40971,
            1.925407,
            0.855862,
            2.601768
        ]
    },
    "image_size": [
        870,
        1918
    ],
    "process_time_in_milliseconds": 755
}
