{
    "props": {
        "face_rect": [
            130,
            752,
            569,
            569
        ],
        "kp_eye_left_inner": [
            345,
            894
        ],
        "kp_eye_left_outer": [
            243,
            899
        ],
        "kp_eye_right_inner": [
            481,
            894
        ],
        "kp_eye_right_outer": [
            583,
            889
        ],
        "kp_mouth_left": [
            524,
            1137
        ],
        "kp_mouth_right": [
            330,
            1142
        ],
        "kp_nose_tip": [
            413,
            1001
        ],
        "kp_under_lip_bottom": [
            427,
            1171
        ],
        "kp_upper_lip_top": [
            418,
            1113
        ],
        "features": [
            4.586624,
            6.623122,
            -1.834947,
            4.981198,
            -0.00992,
            6.954635,
            0.085283,
            1.394964,
            4.561258,
            -8.289645,
            0.883375,
            -3.400614,
            2.323745,
            -4.836953,
            9.021401,
            -4.944479,
            -0.067313,
            -0.370347,
            1.391019,
            0.832787,
            3.633359,
            2.548337,
            1.294463,
            4.906546,
            -5.901358,
            0.739993,
            -5.988945,
            -0.880361,
            7.114885,
            -8.306813,
            0.137838,
            -3.441482,
            -1.66845,
            4.379585,
            -3.003081,
            0.08103,
            -0.639126,
            3.94166,
            0.125807,
            -1.940131,
            -1.115325,
            -3.068971,
            6.759523,
            -0.755936,
            5.473807,
            -7.426143,
            -4.607492,
            -0.102282,
            6.418918,
            -0.241751,
            -0.142372,
            6.633998,
            -4.721877,
            3.145752,
            0.847695,
            -4.581486,
            -1.570994,
            3.117514,
            -1.481003,
            4.727026
        ]
    },
    "image_size": [
        870,
        1918
    ],
    "process_time_in_milliseconds": 747
}
