{
    "props": {
        "face_rect": [
            325,
            642,
            529,
            529
        ],
        "kp_eye_left_inner": [
            520,
            767
        ],
        "kp_eye_left_outer": [
            413,
            756
        ],
        "kp_eye_right_inner": [
            647,
            782
        ],
        "kp_eye_right_outer": [
            719,
            787
        ],
        "kp_mouth_left": [
            678,
            1021
        ],
        "kp_mouth_right": [
            479,
            1021
        ],
        "kp_nose_tip": [
            632,
            863
        ],
        "kp_under_lip_bottom": [
            596,
            1047
        ],
        "kp_upper_lip_top": [
            607,
            975
        ],
        "features": [
            3.186535,
            6.265475,
            7.387853,
            -5.640499,
            5.154674,
            -0.115055,
            -6.145156,
            0.636804,
            0.506087,
            5.356472,
            -9.204186,
            -8.329249,
            -2.739335,
            7.611035,
            3.901108,
            -9.785605,
            -6.90026,
            3.559603,
            4.897817,
            1.379118,
            -2.750874,
            2.951276,
            -10.445022,
            -8.977871,
            7.159513,
            3.187094,
            -0.366937,
            0.03926,
            6.936085,
            2.782009,
            -0.69585,
            3.858088,
            -0.311048,
            -1.19821,
            -1.770508,
            3.235217,
            3.138064,
            3.139072,
            0.181641,
            4.107076,
            0.296462,
            -5.345308,
            -10.036426,
            2.796877,
            5.478163,
            10.581933,
            3.367453,
            3.116893,
            -7.282042,
            -4.533748,
            5.813084,
            -1.898903,
            1.10106,
            0.307327,
            -0.419299,
            2.933164,
            -2.816952,
            -1.615927,
            -1.336193,
            2.201929
        ]
    },
    "image_size": [
        870,
        1918
    ],
    "process_time_in_milliseconds": 758
}
