{
    "props": {
        "face_rect": [
            188,
            628,
            524,
            524
        ],
        "kp_eye_left_inner": [
            388,
            767
        ],
        "kp_eye_left_outer": [
            287,
            771
        ],
        "kp_eye_right_inner": [
            511,
            757
        ],
        "kp_eye_right_outer": [
            608,
            757
        ],
        "kp_mouth_left": [
            553,
            996
        ],
        "kp_mouth_right": [
            346,
            1005
        ],
        "kp_nose_tip": [
            452,
            835
        ],
        "kp_under_lip_bottom": [
            452,
            1023
        ],
        "kp_upper_lip_top": [
            456,
            955
        ],
        "features": [
            3.041068,
            4.633991,
            7.380889,
            -5.17624,
            5.169097,
            1.52488,
            -6.293097,
            1.873857,
            1.134315,
            6.424807,
            -8.724772,
            -8.146304,
            -4.139324,
            6.750641,
            5.778146,
            -12.028889,
            -5.395715,
            3.841622,
            5.882491,
            -1.444773,
            -3.023725,
            3.469997,
            -9.74014,
            -7.214868,
            6.797669,
            3.217676,
            -0.873668,
            -0.036556,
            6.806199,
            1.750831,
            -0.091208,
            3.401425,
            -2.203507,
            -2.876891,
            -3.064503,
            3.509837,
            3.279486,
            4.871141,
            -1.034403,
            4.228632,
            -2.078169,
            -5.557193,
            -7.595587,
            2.528754,
            5.203682,
            8.623542,
            4.445999,
            4.0703,
            -6.527054,
            -2.65968,
            6.088091,
            -1.646855,
            0.640358,
            -0.457424,
            -0.052632,
            2.738247,
            -3.189414,
            0.296916,
            -1.997296,
            3.161293
        ]
    },
    "image_size": [
        870,
        1918
    ],
    "process_time_in_milliseconds": 763
}
