{
    "props": {
        "face_rect": [
            132,
            754,
            565,
            565
        ],
        "kp_eye_left_inner": [
            345,
            895
        ],
        "kp_eye_left_outer": [
            243,
            900
        ],
        "kp_eye_right_inner": [
            481,
            895
        ],
        "kp_eye_right_outer": [
            578,
            890
        ],
        "kp_mouth_left": [
            524,
            1133
        ],
        "kp_mouth_right": [
            325,
            1138
        ],
        "kp_nose_tip": [
            413,
            1002
        ],
        "kp_under_lip_bottom": [
            427,
            1172
        ],
        "kp_upper_lip_top": [
            418,
            1109
        ],
        "features": [
            4.902358,
            6.737607,
            -1.852904,
            5.124216,
            0.064734,
            7.649066,
            0.124763,
            1.247558,
            3.698282,
            -7.788154,
            0.812615,
            -3.261435,
            2.018901,
            -4.958546,
            8.528246,
            -4.263486,
            -0.248439,
            -0.284458,
            1.663255,
            1.006963,
            4.276057,
            2.704935,
            1.440713,
            5.031913,
            -5.729838,
            0.730925,
            -5.750723,
            -0.835698,
            6.85363,
            -8.679629,
            0.085038,
            -3.637732,
            -1.388298,
            5.026595,
            -3.066053,
            -0.023174,
            -1.041358,
            3.610092,
            0.184067,
            -1.809719,
            -1.139208,
            -2.489589,
            6.67783,
            -0.490828,
            5.404679,
            -7.12741,
            -4.509433,
            -0.297308,
            6.105684,
            -0.474189,
            -0.368827,
            6.432337,
            -4.824203,
            3.128878,
            0.863625,
            -4.810508,
            -2.050285,
            3.297277,
            -1.421141,
            4.820315
        ]
    },
    "image_size": [
        870,
        1918
    ],
    "process_time_in_milliseconds": 813
}
