{
    "props": {
        "face_rect": [
            22,
            752,
            567,
            567
        ],
        "kp_eye_left_inner": [
            249,
            898
        ],
        "kp_eye_left_outer": [
            170,
            903
        ],
        "kp_eye_right_inner": [
            378,
            889
        ],
        "kp_eye_right_outer": [
            496,
            884
        ],
        "kp_mouth_left": [
            422,
            1141
        ],
        "kp_mouth_right": [
            229,
            1136
        ],
        "kp_nose_tip": [
            274,
            997
        ],
        "kp_under_lip_bottom": [
            308,
            1175
        ],
        "kp_upper_lip_top": [
            293,
            1116
        ],
        "features": [
            7.725675,
            9.754365,
            -1.471559,
            4.10969,
            1.596933,
            6.511908,
            1.16305,
            0.924197,
            1.818171,
            -5.461684,
            -3.603527,
            -1.524084,
            2.926924,
            -0.867696,
            6.773625,
            -2.730716,
            1.197097,
            0.200917,
            4.870484,
            1.554687,
            4.21292,
            1.52249,
            -0.480851,
            6.363806,
            -4.607463,
            -0.434992,
            -4.642502,
            -1.695646,
            5.304373,
            -6.941954,
            -1.92579,
            -1.87905,
            0.724601,
            5.463234,
            -2.339348,
            -0.110891,
            -0.048196,
            1.912163,
            0.02626,
            -1.166761,
            3.392751,
            -2.100881,
            7.449911,
            -1.320733,
            3.436718,
            -4.363496,
            -5.328802,
            -0.656208,
            4.455348,
            0.079071,
            -0.942398,
            5.899472,
            -3.347689,
            3.455231,
            1.369594,
            -5.614553,
            -1.915395,
            3.608542,
            -3.566904,
            5.94999
        ]
    },
    "image_size": [
        870,
        1918
    ],
    "process_time_in_milliseconds": 1298
}
