{
    "props": {
        "face_rect": [
            153,
            761,
            570,
            570
        ],
        "kp_eye_left_inner": [
            371,
            898
        ],
        "kp_eye_left_outer": [
            266,
            898
        ],
        "kp_eye_right_inner": [
            506,
            898
        ],
        "kp_eye_right_outer": [
            616,
            898
        ],
        "kp_mouth_left": [
            546,
            1143
        ],
        "kp_mouth_right": [
            346,
            1148
        ],
        "kp_nose_tip": [
            436,
            1018
        ],
        "kp_under_lip_bottom": [
            446,
            1183
        ],
        "kp_upper_lip_top": [
            441,
            1123
        ],
        "features": [
            5.269485,
            6.247643,
            -2.760474,
            4.037038,
            -0.435608,
            7.508814,
            0.942064,
            -0.653342,
            4.229843,
            -7.459846,
            0.6605,
            -2.676844,
            1.966735,
            -4.764093,
            8.509148,
            -3.580331,
            0.091081,
            -0.625137,
            3.467083,
            2.311815,
            4.16571,
            3.108588,
            1.775012,
            6.388926,
            -4.512379,
            0.300342,
            -5.929152,
            -1.570234,
            6.880352,
            -7.765083,
            0.571176,
            -5.523108,
            -1.5115,
            4.334524,
            -2.694374,
            0.027495,
            0.074601,
            3.154735,
            -0.488812,
            -1.59739,
            -1.505326,
            -2.130122,
            8.767818,
            -0.017966,
            6.138127,
            -7.085333,
            -4.6229,
            0.776782,
            6.336439,
            0.965705,
            -1.292319,
            7.084914,
            -4.921995,
            3.210202,
            1.548475,
            -5.101439,
            -2.56355,
            3.293626,
            -1.48405,
            4.422327
        ]
    },
    "image_size": [
        870,
        1918
    ],
    "process_time_in_milliseconds": 830
}
