{
    "props": {
        "face_rect": [
            117,
            798,
            597,
            597
        ],
        "kp_eye_left_inner": [
            341,
            944
        ],
        "kp_eye_left_outer": [
            241,
            953
        ],
        "kp_eye_right_inner": [
            480,
            944
        ],
        "kp_eye_right_outer": [
            580,
            939
        ],
        "kp_mouth_left": [
            523,
            1187
        ],
        "kp_mouth_right": [
            332,
            1197
        ],
        "kp_nose_tip": [
            418,
            1087
        ],
        "kp_under_lip_bottom": [
            427,
            1235
        ],
        "kp_upper_lip_top": [
            423,
            1178
        ],
        "features": [
            5.349768,
            6.046611,
            -0.846706,
            4.301641,
            0.205209,
            5.896961,
            0.7224,
            -0.143108,
            6.343494,
            -7.546122,
            -1.547084,
            -2.870994,
            2.578334,
            -4.54498,
            7.55113,
            -3.615032,
            -1.031793,
            -1.694776,
            2.879972,
            3.186844,
            4.122875,
            3.225149,
            -0.122995,
            8.497717,
            -3.110952,
            1.088397,
            -6.846683,
            -1.499075,
            6.179554,
            -7.855319,
            1.066966,
            -5.945627,
            -2.1526,
            4.884194,
            -0.841575,
            0.981962,
            1.532278,
            1.75822,
            -0.153822,
            0.160612,
            -1.369439,
            -3.699043,
            7.769344,
            -0.574135,
            6.580237,
            -8.178657,
            -3.827651,
            0.403041,
            4.890777,
            2.693968,
            -1.08797,
            7.549716,
            -3.041983,
            1.071009,
            0.895811,
            -3.979472,
            -5.106164,
            5.25605,
            -1.857191,
            3.909577
        ]
    },
    "image_size": [
        870,
        1918
    ],
    "process_time_in_milliseconds": 866
}
