{
    "props": {
        "face_rect": [
            252,
            627,
            558,
            558
        ],
        "kp_eye_left_inner": [
            466,
            772
        ],
        "kp_eye_left_outer": [
            345,
            762
        ],
        "kp_eye_right_inner": [
            591,
            772
        ],
        "kp_eye_right_outer": [
            673,
            777
        ],
        "kp_mouth_left": [
            630,
            1018
        ],
        "kp_mouth_right": [
            432,
            1013
        ],
        "kp_nose_tip": [
            557,
            859
        ],
        "kp_under_lip_bottom": [
            543,
            1047
        ],
        "kp_upper_lip_top": [
            553,
            975
        ],
        "features": [
            2.308922,
            5.384337,
            7.230735,
            -5.470266,
            4.825699,
            0.062537,
            -6.950027,
            1.775618,
            0.904046,
            5.053909,
            -7.127954,
            -7.645302,
            -4.002246,
            8.193361,
            4.693057,
            -10.52802,
            -5.988152,
            3.624235,
            4.28406,
            -0.639939,
            -2.309637,
            3.322637,
            -10.471039,
            -8.423939,
            6.995754,
            3.75433,
            -0.932367,
            -0.001281,
            6.933249,
            2.724822,
            -0.058867,
            2.750385,
            -1.951018,
            -2.566071,
            -1.967653,
            3.741226,
            3.364891,
            3.460459,
            -0.0882,
            3.585664,
            -1.889362,
            -4.878987,
            -10.124599,
            3.021302,
            5.185363,
            9.176002,
            4.619235,
            3.661458,
            -6.951868,
            -3.239738,
            5.903441,
            -1.605569,
            1.372131,
            -0.650254,
            -0.509803,
            2.721789,
            -2.637379,
            -0.6207,
            -1.227296,
            1.965716
        ]
    },
    "image_size": [
        870,
        1918
    ],
    "process_time_in_milliseconds": 757
}
