{
    "props": {
        "face_rect": [
            203,
            759,
            571,
            571
        ],
        "kp_eye_left_inner": [
            425,
            896
        ],
        "kp_eye_left_outer": [
            315,
            886
        ],
        "kp_eye_right_inner": [
            555,
            906
        ],
        "kp_eye_right_outer": [
            660,
            911
        ],
        "kp_mouth_left": [
            590,
            1136
        ],
        "kp_mouth_right": [
            390,
            1141
        ],
        "kp_nose_tip": [
            500,
            1016
        ],
        "kp_under_lip_bottom": [
            495,
            1181
        ],
        "kp_upper_lip_top": [
            495,
            1121
        ],
        "features": [
            5.004745,
            6.386153,
            -2.565518,
            5.084753,
            -0.089573,
            7.76911,
            1.217919,
            1.273386,
            5.263437,
            -7.022736,
            -1.137027,
            -3.458387,
            1.95246,
            -4.88942,
            7.797835,
            -3.614198,
            -0.7715,
            -0.168675,
            1.126194,
            0.465561,
            4.139992,
            2.496726,
            2.803699,
            6.656731,
            -4.59799,
            1.844264,
            -5.781496,
            -0.970076,
            5.853898,
            -9.139339,
            0.248337,
            -3.867887,
            -1.426837,
            4.044525,
            -2.482266,
            0.324538,
            -0.691564,
            2.684267,
            -0.030857,
            -0.639105,
            -1.160601,
            -2.733471,
            7.442343,
            0.21529,
            6.272892,
            -7.213062,
            -4.028131,
            -1.744794,
            5.41991,
            0.169336,
            -1.141919,
            5.819053,
            -4.288136,
            3.010416,
            0.860953,
            -5.029804,
            -2.123817,
            4.459739,
            -2.269923,
            4.917355
        ]
    },
    "image_size": [
        870,
        1918
    ],
    "process_time_in_milliseconds": 755
}
