{
    "props": {
        "face_rect": [
            317,
            765,
            589,
            589
        ],
        "kp_eye_left_inner": [
            565,
            900
        ],
        "kp_eye_left_outer": [
            443,
            884
        ],
        "kp_eye_right_inner": [
            703,
            939
        ],
        "kp_eye_right_outer": [
            753,
            939
        ],
        "kp_mouth_left": [
            687,
            1155
        ],
        "kp_mouth_right": [
            510,
            1149
        ],
        "kp_nose_tip": [
            659,
            1027
        ],
        "kp_under_lip_bottom": [
            609,
            1204
        ],
        "kp_upper_lip_top": [
            620,
            1138
        ],
        "features": [
            7.16082,
            8.941708,
            -2.503303,
            2.303064,
            0.040903,
            8.083104,
            0.321601,
            -1.486555,
            4.511191,
            -5.881413,
            -1.899457,
            0.245063,
            2.277449,
            -4.09365,
            6.732481,
            -0.285442,
            -1.622993,
            -1.424159,
            3.399001,
            2.741291,
            5.031265,
            -1.421333,
            -0.367827,
            8.20886,
            -3.609122,
            -0.916653,
            -3.805297,
            -1.862996,
            5.618838,
            -6.560019,
            0.976359,
            -4.115989,
            -1.347868,
            4.246077,
            -0.948301,
            0.894116,
            0.581199,
            2.577473,
            0.508772,
            0.152363,
            2.65261,
            -2.970164,
            6.842576,
            -0.337663,
            3.701792,
            -4.373622,
            -3.416163,
            0.58069,
            4.636192,
            0.168979,
            0.062903,
            6.649994,
            -4.057113,
            2.559309,
            -1.971431,
            -4.425667,
            -4.3104,
            3.457712,
            -2.900038,
            6.569988
        ]
    },
    "image_size": [
        870,
        1918
    ],
    "process_time_in_milliseconds": 757
}
