{
    "props": {
        "face_rect": [
            120,
            837,
            576,
            576
        ],
        "kp_eye_left_inner": [
            352,
            997
        ],
        "kp_eye_left_outer": [
            243,
            987
        ],
        "kp_eye_right_inner": [
            497,
            992
        ],
        "kp_eye_right_outer": [
            597,
            983
        ],
        "kp_mouth_left": [
            529,
            1237
        ],
        "kp_mouth_right": [
            333,
            1242
        ],
        "kp_nose_tip": [
            424,
            1164
        ],
        "kp_under_lip_bottom": [
            433,
            1282
        ],
        "kp_upper_lip_top": [
            429,
            1237
        ],
        "features": [
            4.153848,
            6.253504,
            -1.725757,
            4.401506,
            0.287535,
            6.568908,
            -2.67387,
            -0.824241,
            7.377982,
            -6.254046,
            -1.54116,
            -1.647959,
            3.076552,
            -8.57749,
            8.057312,
            -3.609471,
            -0.373569,
            -1.330253,
            1.742784,
            1.840644,
            3.723179,
            -0.057675,
            3.609062,
            7.987454,
            -3.613237,
            -2.312919,
            -5.219599,
            0.731078,
            5.577157,
            -8.143659,
            -0.606122,
            -0.902627,
            -0.17334,
            4.189998,
            -4.077008,
            0.464784,
            -0.385476,
            4.112482,
            0.522708,
            -0.39569,
            1.061718,
            -4.73805,
            9.201607,
            1.123538,
            5.960212,
            -6.588136,
            -4.554195,
            0.375949,
            5.228065,
            0.985613,
            -1.049876,
            7.241389,
            -7.347575,
            2.885611,
            1.678515,
            -2.971427,
            -3.279921,
            1.448373,
            -1.251708,
            2.392441
        ]
    },
    "image_size": [
        870,
        1918
    ],
    "process_time_in_milliseconds": 770
}
