{
    "props": {
        "face_rect": [
            261,
            494,
            386,
            386
        ],
        "kp_eye_left_inner": [
            415,
            594
        ],
        "kp_eye_left_outer": [
            338,
            591
        ],
        "kp_eye_right_inner": [
            495,
            600
        ],
        "kp_eye_right_outer": [
            547,
            600
        ],
        "kp_mouth_left": [
            523,
            764
        ],
        "kp_mouth_right": [
            412,
            767
        ],
        "kp_nose_tip": [
            495,
            665
        ],
        "kp_under_lip_bottom": [
            480,
            785
        ],
        "kp_upper_lip_top": [
            483,
            739
        ],
        "features": [
            3.222761,
            6.085814,
            -1.290602,
            -0.882806,
            3.772752,
            -2.692296,
            0.188129,
            2.862549,
            4.826302,
            -8.185628,
            3.660944,
            -4.302361,
            7.159751,
            -3.407702,
            3.120715,
            -2.876046,
            -1.910456,
            6.773018,
            -6.802906,
            3.228681,
            5.850503,
            -6.941107,
            7.323488,
            2.545395,
            -1.43004,
            -0.020922,
            -9.65067,
            0.508941,
            -2.579784,
            -3.74347,
            -0.551892,
            0.506371,
            -2.019138,
            0.311564,
            -3.955152,
            2.85296,
            2.161907,
            -1.649986,
            -1.357217,
            -3.216268,
            -0.257265,
            -0.274745,
            0.776016,
            0.433387,
            7.718128,
            -2.408178,
            -2.088172,
            1.062332,
            2.907163,
            0.558379,
            2.644785,
            12.72537,
            3.313513,
            2.515447,
            0.902537,
            -4.193878,
            -3.280568,
            0.080559,
            -2.255514,
            2.438988
        ]
    },
    "image_size": [
        720,
        1280
    ],
    "process_time_in_milliseconds": 1403
}
