{
    "props": {
        "face_rect": [
            128,
            757,
            580,
            580
        ],
        "kp_eye_left_inner": [
            350,
            907
        ],
        "kp_eye_left_outer": [
            240,
            902
        ],
        "kp_eye_right_inner": [
            480,
            902
        ],
        "kp_eye_right_outer": [
            585,
            897
        ],
        "kp_mouth_left": [
            525,
            1142
        ],
        "kp_mouth_right": [
            330,
            1152
        ],
        "kp_nose_tip": [
            415,
            1017
        ],
        "kp_under_lip_bottom": [
            435,
            1182
        ],
        "kp_upper_lip_top": [
            425,
            1122
        ],
        "features": [
            5.295512,
            6.91894,
            -1.181038,
            5.256402,
            -0.067581,
            7.291087,
            -0.168323,
            1.11376,
            4.473414,
            -7.600029,
            0.75052,
            -2.871439,
            1.78461,
            -4.450268,
            8.812498,
            -4.594593,
            0.457673,
            -0.311142,
            2.311588,
            1.069191,
            3.679658,
            3.287019,
            1.042778,
            5.275017,
            -5.438647,
            0.716475,
            -6.22031,
            -1.355649,
            7.055818,
            -8.32454,
            0.146909,
            -4.063362,
            -1.254567,
            4.594945,
            -3.643639,
            -0.264221,
            -0.394469,
            3.861753,
            0.166424,
            -1.70435,
            -1.226133,
            -2.183392,
            7.164419,
            0.379184,
            5.559846,
            -6.713846,
            -4.76163,
            -0.037961,
            6.362452,
            0.484601,
            -0.137315,
            6.946138,
            -4.649508,
            2.857802,
            1.341434,
            -5.097278,
            -1.925569,
            3.204592,
            -0.852605,
            3.812069
        ]
    },
    "image_size": [
        870,
        1918
    ],
    "process_time_in_milliseconds": 824
}
