{
    "props": {
        "face_rect": [
            119,
            762,
            595,
            595
        ],
        "kp_eye_left_inner": [
            345,
            913
        ],
        "kp_eye_left_outer": [
            236,
            913
        ],
        "kp_eye_right_inner": [
            479,
            908
        ],
        "kp_eye_right_outer": [
            588,
            908
        ],
        "kp_mouth_left": [
            524,
            1152
        ],
        "kp_mouth_right": [
            330,
            1162
        ],
        "kp_nose_tip": [
            414,
            1033
        ],
        "kp_under_lip_bottom": [
            434,
            1197
        ],
        "kp_upper_lip_top": [
            424,
            1137
        ],
        "features": [
            5.563816,
            7.254101,
            -1.290497,
            4.983132,
            0.179003,
            7.270543,
            0.231525,
            0.842697,
            5.36518,
            -7.42044,
            0.22263,
            -1.931476,
            1.732727,
            -4.403687,
            8.121517,
            -5.106389,
            0.251549,
            -0.131457,
            2.100318,
            1.352483,
            3.953071,
            3.713988,
            1.303582,
            5.422818,
            -4.841851,
            0.919627,
            -5.868642,
            -0.978925,
            6.825149,
            -8.837164,
            0.085901,
            -4.548805,
            -1.287628,
            4.452211,
            -3.146236,
            -0.420635,
            0.128856,
            3.192961,
            0.000075,
            -1.294669,
            -1.654074,
            -2.241807,
            7.24473,
            0.437087,
            5.578251,
            -7.543698,
            -4.374927,
            -1.050042,
            6.481496,
            0.120871,
            -0.10675,
            6.584918,
            -4.209719,
            3.109412,
            1.502679,
            -4.913573,
            -2.110533,
            3.855741,
            -1.559206,
            3.179411
        ]
    },
    "image_size": [
        870,
        1918
    ],
    "process_time_in_milliseconds": 745
}
