{
    "props": {
        "face_rect": [
            116,
            828,
            586,
            586
        ],
        "kp_eye_left_inner": [
            353,
            991
        ],
        "kp_eye_left_outer": [
            242,
            982
        ],
        "kp_eye_right_inner": [
            495,
            986
        ],
        "kp_eye_right_outer": [
            601,
            977
        ],
        "kp_mouth_left": [
            528,
            1230
        ],
        "kp_mouth_right": [
            334,
            1235
        ],
        "kp_nose_tip": [
            426,
            1157
        ],
        "kp_under_lip_bottom": [
            436,
            1281
        ],
        "kp_upper_lip_top": [
            426,
            1235
        ],
        "features": [
            4.153552,
            6.836514,
            -1.652571,
            4.312706,
            0.405644,
            6.745402,
            -2.839224,
            -0.617829,
            7.025747,
            -6.483532,
            -2.087366,
            -2.524833,
            3.678956,
            -7.963259,
            7.64821,
            -2.813041,
            -0.373268,
            -1.40315,
            1.185441,
            1.645126,
            3.177936,
            0.279646,
            3.852799,
            8.114032,
            -4.449131,
            -2.526254,
            -5.625302,
            1.597358,
            5.77235,
            -8.36281,
            -1.078171,
            -0.599368,
            0.015137,
            4.240941,
            -3.304941,
            0.137214,
            -0.31949,
            3.662064,
            0.323311,
            -0.430616,
            1.657824,
            -4.799372,
            8.909225,
            0.707729,
            5.791301,
            -6.035703,
            -4.776241,
            -0.228389,
            5.17498,
            0.844712,
            -0.769049,
            7.660058,
            -7.648461,
            2.673162,
            1.569928,
            -3.099417,
            -3.283699,
            1.275622,
            -1.230707,
            2.639699
        ]
    },
    "image_size": [
        870,
        1918
    ],
    "process_time_in_milliseconds": 792
}
