{
    "props": {
        "face_rect": [
            156,
            653,
            560,
            560
        ],
        "kp_eye_left_inner": [
            372,
            794
        ],
        "kp_eye_left_outer": [
            271,
            798
        ],
        "kp_eye_right_inner": [
            504,
            789
        ],
        "kp_eye_right_outer": [
            600,
            780
        ],
        "kp_mouth_left": [
            541,
            1035
        ],
        "kp_mouth_right": [
            340,
            1044
        ],
        "kp_nose_tip": [
            436,
            898
        ],
        "kp_under_lip_bottom": [
            440,
            1076
        ],
        "kp_upper_lip_top": [
            436,
            1003
        ],
        "features": [
            1.852644,
            4.370086,
            6.561782,
            -5.115932,
            4.617171,
            0.571529,
            -5.830074,
            1.930835,
            -0.250654,
            5.481672,
            -7.617195,
            -8.237139,
            -3.249476,
            7.343108,
            5.198039,
            -11.414586,
            -5.543567,
            4.440162,
            4.114921,
            0.445134,
            -1.995908,
            3.106126,
            -10.886619,
            -8.147077,
            6.310084,
            2.204246,
            -1.000354,
            -0.875971,
            7.2862,
            2.005058,
            -0.02233,
            3.069306,
            -2.305288,
            -2.827964,
            -2.080943,
            3.353323,
            3.08464,
            3.437092,
            -0.094396,
            2.995898,
            -2.414155,
            -5.702593,
            -9.063567,
            3.136937,
            5.376516,
            7.797705,
            4.137321,
            4.03747,
            -7.203324,
            -3.426318,
            5.734665,
            -0.843722,
            1.528295,
            -0.979684,
            0.599119,
            3.308739,
            -3.701021,
            0.789336,
            -1.49577,
            1.734092
        ]
    },
    "image_size": [
        870,
        1918
    ],
    "process_time_in_milliseconds": 765
}
