{
    "props": {
        "face_rect": [
            165,
            626,
            563,
            563
        ],
        "kp_eye_left_inner": [
            382,
            770
        ],
        "kp_eye_left_outer": [
            280,
            770
        ],
        "kp_eye_right_inner": [
            515,
            760
        ],
        "kp_eye_right_outer": [
            617,
            760
        ],
        "kp_mouth_left": [
            552,
            1009
        ],
        "kp_mouth_right": [
            345,
            1019
        ],
        "kp_nose_tip": [
            442,
            862
        ],
        "kp_under_lip_bottom": [
            451,
            1051
        ],
        "kp_upper_lip_top": [
            451,
            982
        ],
        "features": [
            3.348469,
            4.872587,
            5.828107,
            -5.727853,
            3.869807,
            1.281302,
            -4.958035,
            2.072278,
            -0.210216,
            5.429368,
            -7.001497,
            -7.52921,
            -5.276782,
            7.866225,
            4.740447,
            -11.36115,
            -5.062642,
            4.297898,
            4.05677,
            -0.208275,
            -2.570521,
            3.473202,
            -10.799678,
            -7.112719,
            8.179655,
            2.616123,
            -2.082563,
            0.31274,
            6.836338,
            1.147211,
            -0.252137,
            2.757169,
            -2.140443,
            -3.481279,
            -2.454384,
            3.779023,
            2.487853,
            4.315926,
            -0.311577,
            2.96597,
            -3.406081,
            -7.186903,
            -9.702142,
            2.974678,
            3.974866,
            8.027425,
            4.979435,
            5.268719,
            -8.009349,
            -1.98036,
            4.911554,
            0.10726,
            2.311698,
            0.497426,
            1.952375,
            2.436919,
            -5.042653,
            0.639259,
            -2.905883,
            1.728204
        ]
    },
    "image_size": [
        870,
        1918
    ],
    "process_time_in_milliseconds": 861
}
