{
    "props": {
        "face_rect": [
            117,
            759,
            599,
            599
        ],
        "kp_eye_left_inner": [
            346,
            914
        ],
        "kp_eye_left_outer": [
            232,
            914
        ],
        "kp_eye_right_inner": [
            483,
            909
        ],
        "kp_eye_right_outer": [
            587,
            899
        ],
        "kp_mouth_left": [
            523,
            1150
        ],
        "kp_mouth_right": [
            331,
            1160
        ],
        "kp_nose_tip": [
            414,
            1032
        ],
        "kp_under_lip_bottom": [
            429,
            1194
        ],
        "kp_upper_lip_top": [
            424,
            1135
        ],
        "features": [
            5.459872,
            6.886316,
            -1.82541,
            4.944805,
            -0.013767,
            7.170619,
            0.520346,
            0.96439,
            5.440375,
            -7.964135,
            -0.037614,
            -2.87676,
            2.033267,
            -4.158435,
            8.828781,
            -5.488401,
            0.229974,
            -0.433789,
            1.699999,
            1.256293,
            3.960209,
            3.637357,
            1.649444,
            5.077983,
            -5.055387,
            0.755288,
            -6.285263,
            -0.989597,
            6.726308,
            -8.434172,
            0.433088,
            -4.468717,
            -1.819517,
            4.119587,
            -3.231907,
            -0.19406,
            -0.261377,
            2.767424,
            0.052428,
            -1.388113,
            -1.782685,
            -3.028269,
            7.3346,
            0.326374,
            6.046005,
            -7.714794,
            -4.593424,
            -0.786391,
            6.106374,
            0.005827,
            -0.075248,
            6.68973,
            -4.373193,
            2.750894,
            1.842782,
            -4.495598,
            -2.466282,
            4.033566,
            -1.513534,
            3.633409
        ]
    },
    "image_size": [
        870,
        1918
    ],
    "process_time_in_milliseconds": 834
}
