{
    "props": {
        "face_rect": [
            48,
            757,
            572,
            572
        ],
        "kp_eye_left_inner": [
            273,
            901
        ],
        "kp_eye_left_outer": [
            188,
            906
        ],
        "kp_eye_right_inner": [
            408,
            891
        ],
        "kp_eye_right_outer": [
            523,
            881
        ],
        "kp_mouth_left": [
            453,
            1136
        ],
        "kp_mouth_right": [
            253,
            1146
        ],
        "kp_nose_tip": [
            303,
            1011
        ],
        "kp_under_lip_bottom": [
            338,
            1186
        ],
        "kp_upper_lip_top": [
            328,
            1121
        ],
        "features": [
            7.755587,
            8.60846,
            -1.731268,
            4.854009,
            0.675277,
            7.842972,
            2.463284,
            0.363796,
            2.338979,
            -7.677239,
            -1.243548,
            -2.790439,
            1.436464,
            -2.458489,
            6.7815,
            -2.212372,
            1.304224,
            -0.22022,
            3.505369,
            2.872619,
            3.740525,
            2.689337,
            -0.327739,
            6.979941,
            -5.070481,
            -0.612301,
            -6.724784,
            -0.979786,
            5.678937,
            -8.033672,
            -0.846318,
            -3.679392,
            1.021769,
            5.835841,
            -2.5423,
            -0.136812,
            0.900353,
            3.000615,
            -1.39753,
            -2.658134,
            1.998423,
            -0.680771,
            7.179995,
            -0.251789,
            3.9926,
            -4.456985,
            -5.285042,
            1.192608,
            6.023258,
            -0.17528,
            -1.447205,
            6.912289,
            -3.196766,
            3.304191,
            2.168505,
            -5.828335,
            -2.886662,
            2.906375,
            -2.288986,
            5.472284
        ]
    },
    "image_size": [
        870,
        1918
    ],
    "process_time_in_milliseconds": 785
}
