{
    "props": {
        "face_rect": [
            143,
            797,
            584,
            584
        ],
        "kp_eye_left_inner": [
            371,
            952
        ],
        "kp_eye_left_outer": [
            252,
            943
        ],
        "kp_eye_right_inner": [
            508,
            947
        ],
        "kp_eye_right_outer": [
            612,
            924
        ],
        "kp_mouth_left": [
            562,
            1207
        ],
        "kp_mouth_right": [
            343,
            1216
        ],
        "kp_nose_tip": [
            448,
            1125
        ],
        "kp_under_lip_bottom": [
            457,
            1294
        ],
        "kp_upper_lip_top": [
            453,
            1207
        ],
        "features": [
            -1.308003,
            1.819118,
            5.174967,
            -2.58114,
            5.244067,
            4.452158,
            -1.962152,
            3.639885,
            -0.66955,
            1.941746,
            -8.928581,
            -6.081292,
            -2.577818,
            1.045307,
            3.689385,
            -9.331042,
            -8.032737,
            1.407387,
            -1.558321,
            -0.745555,
            1.402441,
            1.266692,
            -7.63772,
            -4.824455,
            2.883816,
            -0.221752,
            1.58422,
            -0.281422,
            4.344947,
            1.286105,
            0.133447,
            3.605061,
            -2.578468,
            -0.159761,
            0.534911,
            0.404028,
            0.602683,
            1.0215,
            5.19412,
            5.767302,
            -0.376182,
            -12.191016,
            -5.652943,
            3.473807,
            5.710035,
            4.269834,
            0.310717,
            4.061895,
            -5.153155,
            -6.229179,
            3.410753,
            -0.514355,
            1.359475,
            1.365462,
            -1.760282,
            6.351082,
            -8.552814,
            1.887411,
            -0.73541,
            0.35669
        ]
    },
    "image_size": [
        870,
        1918
    ],
    "process_time_in_milliseconds": 743
}
