{
    "props": {
        "face_rect": [
            172,
            631,
            547,
            547
        ],
        "kp_eye_left_inner": [
            384,
            767
        ],
        "kp_eye_left_outer": [
            285,
            767
        ],
        "kp_eye_right_inner": [
            511,
            762
        ],
        "kp_eye_right_outer": [
            615,
            762
        ],
        "kp_mouth_left": [
            544,
            1016
        ],
        "kp_mouth_right": [
            342,
            1021
        ],
        "kp_nose_tip": [
            445,
            856
        ],
        "kp_under_lip_bottom": [
            445,
            1049
        ],
        "kp_upper_lip_top": [
            450,
            979
        ],
        "features": [
            2.91712,
            4.440675,
            6.201923,
            -5.276729,
            4.817052,
            0.950213,
            -4.443541,
            2.295417,
            -0.17843,
            5.459978,
            -8.053688,
            -8.564277,
            -5.330719,
            7.428801,
            4.740842,
            -11.73447,
            -5.369896,
            4.350255,
            4.083307,
            0.039481,
            -2.526013,
            3.428725,
            -10.820702,
            -6.630748,
            7.809227,
            2.694956,
            -2.044201,
            0.433588,
            6.3199,
            1.004966,
            -0.336399,
            3.534468,
            -1.443397,
            -2.724644,
            -2.216761,
            3.8807,
            3.328125,
            4.497566,
            -0.790743,
            3.015225,
            -2.632659,
            -6.841589,
            -9.16408,
            2.648671,
            4.386963,
            7.970846,
            4.230189,
            5.094806,
            -7.54586,
            -2.360846,
            4.897624,
            -0.686875,
            2.344717,
            0.767523,
            1.943013,
            2.6134,
            -4.710373,
            0.451818,
            -2.553773,
            1.845342
        ]
    },
    "image_size": [
        870,
        1918
    ],
    "process_time_in_milliseconds": 1326
}
