{
    "props": {
        "face_rect": [
            170,
            778,
            544,
            544
        ],
        "kp_eye_left_inner": [
            379,
            903
        ],
        "kp_eye_left_outer": [
            282,
            913
        ],
        "kp_eye_right_inner": [
            511,
            903
        ],
        "kp_eye_right_outer": [
            608,
            918
        ],
        "kp_mouth_left": [
            552,
            1142
        ],
        "kp_mouth_right": [
            354,
            1147
        ],
        "kp_nose_tip": [
            440,
            1020
        ],
        "kp_under_lip_bottom": [
            450,
            1187
        ],
        "kp_upper_lip_top": [
            445,
            1121
        ],
        "features": [
            5.568066,
            5.667563,
            -1.756315,
            4.217263,
            0.936928,
            7.213317,
            1.847846,
            -0.092994,
            5.444451,
            -7.840214,
            -0.822522,
            -2.284003,
            0.965484,
            -3.648375,
            7.446433,
            -3.493359,
            -1.687182,
            -1.621197,
            2.072038,
            2.284358,
            3.209778,
            3.897819,
            -0.17223,
            6.673889,
            -3.321998,
            1.18168,
            -5.155539,
            -0.90345,
            7.059716,
            -8.003663,
            2.444396,
            -6.479141,
            -1.728819,
            3.686776,
            -1.335154,
            -1.000911,
            1.40455,
            2.931846,
            -1.336441,
            -0.221075,
            -0.788951,
            -0.880439,
            7.169018,
            0.562977,
            6.160847,
            -6.761968,
            -3.134311,
            0.133087,
            5.483444,
            1.10092,
            -0.2863,
            6.499701,
            -2.292868,
            1.972736,
            -1.248531,
            -3.752238,
            -3.137048,
            2.729084,
            -1.632423,
            4.672887
        ]
    },
    "image_size": [
        870,
        1918
    ],
    "process_time_in_milliseconds": 777
}
