{
    "props": {
        "face_rect": [
            164,
            634,
            555,
            555
        ],
        "kp_eye_left_inner": [
            381,
            776
        ],
        "kp_eye_left_outer": [
            277,
            776
        ],
        "kp_eye_right_inner": [
            509,
            767
        ],
        "kp_eye_right_outer": [
            613,
            762
        ],
        "kp_mouth_left": [
            547,
            1017
        ],
        "kp_mouth_right": [
            339,
            1027
        ],
        "kp_nose_tip": [
            438,
            866
        ],
        "kp_under_lip_bottom": [
            443,
            1055
        ],
        "kp_upper_lip_top": [
            443,
            984
        ],
        "features": [
            2.212136,
            4.479928,
            6.529027,
            -6.472514,
            4.659505,
            1.33003,
            -5.009645,
            2.118429,
            -0.227869,
            6.030406,
            -8.289496,
            -8.424539,
            -3.976207,
            7.434778,
            5.203187,
            -11.541054,
            -5.880023,
            4.826748,
            4.130971,
            -0.227581,
            -2.501757,
            2.838337,
            -10.408463,
            -7.626148,
            7.10144,
            2.479893,
            -1.414791,
            0.003777,
            6.757509,
            1.447064,
            -0.262141,
            3.420682,
            -1.947545,
            -3.653588,
            -2.068062,
            3.452306,
            3.33614,
            4.36774,
            -1.308614,
            3.517316,
            -2.598336,
            -5.935737,
            -8.936374,
            2.548566,
            4.772329,
            8.519947,
            4.655716,
            4.268702,
            -7.487826,
            -3.544117,
            5.645701,
            -1.068179,
            1.957492,
            -0.084522,
            0.776549,
            2.805448,
            -4.128181,
            0.661554,
            -2.17933,
            2.052185
        ]
    },
    "image_size": [
        870,
        1918
    ],
    "process_time_in_milliseconds": 739
}
