{
    "props": {
        "face_rect": [
            237,
            627,
            540,
            540
        ],
        "kp_eye_left_inner": [
            443,
            760
        ],
        "kp_eye_left_outer": [
            337,
            755
        ],
        "kp_eye_right_inner": [
            573,
            765
        ],
        "kp_eye_right_outer": [
            670,
            774
        ],
        "kp_mouth_left": [
            598,
            1016
        ],
        "kp_mouth_right": [
            400,
            1006
        ],
        "kp_nose_tip": [
            525,
            847
        ],
        "kp_under_lip_bottom": [
            506,
            1035
        ],
        "kp_upper_lip_top": [
            515,
            963
        ],
        "features": [
            2.9042,
            4.951191,
            7.413906,
            -5.352542,
            5.346166,
            1.27491,
            -6.158392,
            1.916762,
            -0.054806,
            6.25106,
            -8.064262,
            -7.936634,
            -4.529175,
            8.281751,
            4.778082,
            -10.641899,
            -6.305068,
            3.806786,
            4.332753,
            -0.871673,
            -2.702137,
            3.685331,
            -9.330044,
            -7.135097,
            6.604448,
            3.504005,
            -0.370087,
            0.62908,
            6.691831,
            2.01427,
            -0.579054,
            3.595385,
            -2.2578,
            -2.040003,
            -1.965322,
            3.093803,
            2.456484,
            3.896528,
            0.083371,
            3.950462,
            -1.985496,
            -6.278017,
            -9.673727,
            3.204522,
            4.479406,
            9.456005,
            4.669877,
            3.035283,
            -7.819244,
            -3.393366,
            6.778942,
            -1.207309,
            0.693227,
            0.708709,
            -0.106106,
            2.568942,
            -3.663287,
            0.274928,
            -1.648364,
            2.062429
        ]
    },
    "image_size": [
        870,
        1918
    ],
    "process_time_in_milliseconds": 723
}
