{
    "props": {
        "face_rect": [
            277,
            769,
            557,
            557
        ],
        "kp_eye_left_inner": [
            503,
            894
        ],
        "kp_eye_left_outer": [
            384,
            884
        ],
        "kp_eye_right_inner": [
            632,
            918
        ],
        "kp_eye_right_outer": [
            708,
            923
        ],
        "kp_mouth_left": [
            641,
            1147
        ],
        "kp_mouth_right": [
            450,
            1142
        ],
        "kp_nose_tip": [
            594,
            1018
        ],
        "kp_under_lip_bottom": [
            565,
            1185
        ],
        "kp_upper_lip_top": [
            575,
            1123
        ],
        "features": [
            6.263189,
            7.443388,
            -2.259509,
            5.225471,
            -0.497155,
            7.968828,
            2.046756,
            1.090056,
            6.289112,
            -8.358232,
            0.036002,
            -1.569015,
            0.607222,
            -4.598768,
            6.908291,
            -2.273297,
            0.263703,
            -2.455202,
            0.755597,
            0.901873,
            2.688167,
            1.343113,
            0.089445,
            7.036438,
            -4.562839,
            -0.72777,
            -6.116774,
            0.149454,
            6.289553,
            -8.960411,
            0.524038,
            -4.616924,
            -1.477785,
            2.990986,
            -1.794129,
            0.275159,
            0.680496,
            3.371701,
            -1.026798,
            -1.283026,
            -0.126347,
            -2.4857,
            6.441923,
            0.161822,
            3.432218,
            -6.247427,
            -3.70763,
            -1.951616,
            5.319564,
            0.504893,
            -1.070798,
            5.482576,
            -3.656919,
            2.425809,
            0.379086,
            -4.719005,
            -1.727658,
            2.749633,
            -3.453519,
            4.735076
        ]
    },
    "image_size": [
        870,
        1918
    ],
    "process_time_in_milliseconds": 769
}
