{
    "props": {
        "face_rect": [
            152,
            693,
            534,
            534
        ],
        "kp_eye_left_inner": [
            344,
            832
        ],
        "kp_eye_left_outer": [
            246,
            843
        ],
        "kp_eye_right_inner": [
            487,
            832
        ],
        "kp_eye_right_outer": [
            591,
            838
        ],
        "kp_mouth_left": [
            536,
            1067
        ],
        "kp_mouth_right": [
            323,
            1073
        ],
        "kp_nose_tip": [
            416,
            892
        ],
        "kp_under_lip_bottom": [
            432,
            1095
        ],
        "kp_upper_lip_top": [
            421,
            1018
        ],
        "features": [
            4.022305,
            7.269301,
            -3.711578,
            4.401534,
            -0.636664,
            7.995689,
            1.077681,
            0.280014,
            3.839512,
            -8.517975,
            -1.578517,
            -2.479886,
            0.857129,
            -3.915985,
            5.79762,
            -1.757684,
            -0.839517,
            0.750356,
            0.316769,
            -0.45324,
            3.694102,
            3.428785,
            0.342472,
            4.847136,
            -3.86022,
            1.274744,
            -4.07697,
            -1.183372,
            6.384926,
            -7.974444,
            0.4762,
            -4.313761,
            0.994166,
            2.855007,
            -2.004141,
            -0.0719,
            0.178053,
            2.402169,
            1.634197,
            -2.151335,
            0.992543,
            -0.509114,
            4.943647,
            1.609372,
            4.22851,
            -4.660955,
            -4.628725,
            1.004788,
            7.520421,
            -1.664097,
            -2.071743,
            5.817715,
            -1.126728,
            3.482494,
            0.404228,
            -3.772726,
            -0.649128,
            1.590412,
            -1.197742,
            3.51779
        ]
    },
    "image_size": [
        870,
        1918
    ],
    "process_time_in_milliseconds": 761
}
