{
    "props": {
        "face_rect": [
            191,
            629,
            521,
            521
        ],
        "kp_eye_left_inner": [
            389,
            766
        ],
        "kp_eye_left_outer": [
            291,
            775
        ],
        "kp_eye_right_inner": [
            511,
            761
        ],
        "kp_eye_right_outer": [
            604,
            756
        ],
        "kp_mouth_left": [
            553,
            1000
        ],
        "kp_mouth_right": [
            352,
            1004
        ],
        "kp_nose_tip": [
            455,
            836
        ],
        "kp_under_lip_bottom": [
            455,
            1028
        ],
        "kp_upper_lip_top": [
            455,
            948
        ],
        "features": [
            2.351495,
            4.706769,
            7.441619,
            -5.114115,
            5.22516,
            1.933441,
            -6.427744,
            2.128219,
            1.066109,
            6.604822,
            -9.302209,
            -8.616685,
            -4.342865,
            7.145208,
            6.049529,
            -11.855744,
            -5.756094,
            3.641426,
            6.04718,
            -2.239891,
            -2.920137,
            3.835032,
            -9.80321,
            -6.587904,
            6.375766,
            3.832076,
            -0.505762,
            0.081066,
            7.045425,
            1.604716,
            -0.019968,
            3.851437,
            -2.073743,
            -2.797132,
            -2.626318,
            3.266272,
            3.064546,
            4.94654,
            -0.281203,
            4.457114,
            -1.863965,
            -6.335872,
            -7.223322,
            2.533028,
            5.269878,
            8.2424,
            3.879083,
            3.782253,
            -6.406618,
            -2.358107,
            6.260599,
            -1.826006,
            0.378276,
            0.036914,
            -0.366283,
            2.394492,
            -3.217275,
            0.519199,
            -1.470779,
            2.722967
        ]
    },
    "image_size": [
        870,
        1918
    ],
    "process_time_in_milliseconds": 703
}
