{
    "props": {
        "face_rect": [
            213,
            629,
            544,
            544
        ],
        "kp_eye_left_inner": [
            422,
            767
        ],
        "kp_eye_left_outer": [
            315,
            767
        ],
        "kp_eye_right_inner": [
            551,
            767
        ],
        "kp_eye_right_outer": [
            644,
            767
        ],
        "kp_mouth_left": [
            583,
            1017
        ],
        "kp_mouth_right": [
            385,
            1017
        ],
        "kp_nose_tip": [
            500,
            851
        ],
        "kp_under_lip_bottom": [
            491,
            1045
        ],
        "kp_upper_lip_top": [
            496,
            966
        ],
        "features": [
            3.127921,
            5.198956,
            7.565115,
            -5.456897,
            5.186228,
            1.355621,
            -6.38223,
            1.93106,
            0.45513,
            6.143422,
            -8.033368,
            -7.614779,
            -5.04991,
            7.633423,
            4.993751,
            -11.138063,
            -6.335532,
            3.987054,
            4.771603,
            -1.146623,
            -2.753406,
            3.575818,
            -9.573136,
            -7.341346,
            6.905312,
            3.64272,
            -0.763093,
            0.544949,
            6.768267,
            1.780886,
            -0.325931,
            3.290947,
            -2.136969,
            -2.294036,
            -2.289183,
            3.23368,
            2.883683,
            4.699926,
            -0.36068,
            4.470662,
            -1.929161,
            -6.350079,
            -9.548335,
            2.684016,
            4.671707,
            9.338152,
            4.789991,
            3.774577,
            -7.426275,
            -2.961436,
            6.694386,
            -1.345993,
            0.832625,
            0.964183,
            -0.266082,
            2.426508,
            -3.77233,
            0.06955,
            -1.602671,
            2.135943
        ]
    },
    "image_size": [
        870,
        1918
    ],
    "process_time_in_milliseconds": 742
}
