{
    "props": {
        "face_rect": [
            195,
            505,
            416,
            416
        ],
        "kp_eye_left_inner": [
            358,
            615
        ],
        "kp_eye_left_outer": [
            286,
            612
        ],
        "kp_eye_right_inner": [
            449,
            609
        ],
        "kp_eye_right_outer": [
            508,
            605
        ],
        "kp_mouth_left": [
            475,
            781
        ],
        "kp_mouth_right": [
            355,
            794
        ],
        "kp_nose_tip": [
            423,
            693
        ],
        "kp_under_lip_bottom": [
            427,
            811
        ],
        "kp_upper_lip_top": [
            423,
            765
        ],
        "features": [
            0.5494,
            8.615494,
            -3.114117,
            -3.316563,
            4.298543,
            -2.27302,
            0.565947,
            2.169168,
            6.991295,
            -9.060632,
            5.623208,
            -4.562989,
            6.061852,
            -3.13453,
            5.496359,
            -2.531482,
            -1.454589,
            7.888547,
            -6.491066,
            5.175979,
            6.636156,
            -6.249872,
            8.839678,
            1.54448,
            -0.465855,
            -0.43563,
            -8.626978,
            4.622863,
            0.200748,
            -5.443711,
            0.316259,
            2.402051,
            -2.841697,
            2.962607,
            -4.046506,
            3.468251,
            0.434911,
            -0.208922,
            -1.595052,
            -7.06533,
            -0.050059,
            -0.290227,
            -0.065446,
            -0.587283,
            8.413397,
            -4.591235,
            -1.199661,
            -0.23366,
            1.343485,
            -2.229119,
            3.32211,
            12.175946,
            1.51936,
            5.654378,
            0.460375,
            -3.513433,
            -2.342277,
            -1.199739,
            -1.752384,
            1.106195
        ]
    },
    "image_size": [
        720,
        1280
    ],
    "process_time_in_milliseconds": 1369
}
