{
    "props": {
        "face_rect": [
            133,
            861,
            547,
            547
        ],
        "kp_eye_left_inner": [
            350,
            1006
        ],
        "kp_eye_left_outer": [
            244,
            997
        ],
        "kp_eye_right_inner": [
            491,
            1002
        ],
        "kp_eye_right_outer": [
            590,
            989
        ],
        "kp_mouth_left": [
            530,
            1245
        ],
        "kp_mouth_right": [
            338,
            1249
        ],
        "kp_nose_tip": [
            423,
            1185
        ],
        "kp_under_lip_bottom": [
            432,
            1288
        ],
        "kp_upper_lip_top": [
            427,
            1254
        ],
        "features": [
            3.062854,
            5.686362,
            -1.892459,
            3.771209,
            -1.306041,
            5.819043,
            -3.268549,
            -1.575274,
            8.212439,
            -6.303007,
            -2.167214,
            -2.578581,
            2.205728,
            -7.099999,
            9.358469,
            -4.101357,
            -1.992934,
            -1.478031,
            3.207098,
            1.411082,
            2.898969,
            2.699952,
            2.431093,
            7.941052,
            -1.556649,
            -1.702834,
            -4.226912,
            0.12123,
            6.315872,
            -7.676097,
            2.166966,
            -2.30634,
            -2.045856,
            4.854917,
            -4.578614,
            1.75151,
            -0.246194,
            3.606177,
            1.381338,
            -0.802821,
            0.014933,
            -4.298209,
            9.024621,
            1.530208,
            6.737341,
            -6.964942,
            -3.751687,
            2.136922,
            4.822195,
            1.963449,
            0.890162,
            8.127471,
            -6.765749,
            2.80959,
            1.044175,
            -3.286394,
            -3.928468,
            2.247853,
            0.428722,
            2.212768
        ]
    },
    "image_size": [
        870,
        1918
    ],
    "process_time_in_milliseconds": 819
}
