{
    "props": {
        "face_rect": [
            109,
            770,
            614,
            614
        ],
        "kp_eye_left_inner": [
            339,
            939
        ],
        "kp_eye_left_outer": [
            238,
            934
        ],
        "kp_eye_right_inner": [
            483,
            930
        ],
        "kp_eye_right_outer": [
            583,
            910
        ],
        "kp_mouth_left": [
            540,
            1193
        ],
        "kp_mouth_right": [
            320,
            1203
        ],
        "kp_nose_tip": [
            416,
            1107
        ],
        "kp_under_lip_bottom": [
            425,
            1280
        ],
        "kp_upper_lip_top": [
            420,
            1193
        ],
        "features": [
            -1.48746,
            1.751347,
            7.01311,
            -3.26993,
            4.767258,
            2.205884,
            -3.161663,
            3.937966,
            -0.968928,
            2.74898,
            -8.068609,
            -6.145025,
            -0.535585,
            3.187767,
            2.903759,
            -9.562423,
            -7.288018,
            3.402777,
            -0.589954,
            0.5671,
            0.599807,
            1.153379,
            -9.306651,
            -5.910372,
            2.690645,
            -0.176583,
            0.528795,
            -1.863241,
            5.218639,
            2.868938,
            -1.415701,
            2.884371,
            -3.046204,
            -1.081193,
            1.513635,
            1.409004,
            2.312136,
            0.61968,
            4.915609,
            5.709877,
            -0.830138,
            -11.428432,
            -6.824504,
            3.13137,
            7.416657,
            4.765864,
            2.706931,
            4.246047,
            -5.492309,
            -6.300018,
            2.999434,
            0.035667,
            2.028198,
            -0.259213,
            -1.344469,
            6.459203,
            -6.596418,
            2.943771,
            -1.592739,
            0.189527
        ]
    },
    "image_size": [
        870,
        1918
    ],
    "process_time_in_milliseconds": 786
}
