{
    "props": {
        "face_rect": [
            239,
            626,
            556,
            556
        ],
        "kp_eye_left_inner": [
            451,
            771
        ],
        "kp_eye_left_outer": [
            341,
            766
        ],
        "kp_eye_right_inner": [
            581,
            766
        ],
        "kp_eye_right_outer": [
            667,
            771
        ],
        "kp_mouth_left": [
            614,
            1015
        ],
        "kp_mouth_right": [
            408,
            1025
        ],
        "kp_nose_tip": [
            542,
            857
        ],
        "kp_under_lip_bottom": [
            528,
            1049
        ],
        "kp_upper_lip_top": [
            533,
            967
        ],
        "features": [
            2.803232,
            5.223666,
            7.333684,
            -5.234236,
            4.92134,
            0.184326,
            -6.506484,
            1.415789,
            0.424889,
            5.222103,
            -7.004122,
            -7.578346,
            -3.997806,
            8.602322,
            4.62495,
            -10.502198,
            -6.240122,
            4.26098,
            4.026733,
            -0.232694,
            -2.871047,
            3.14255,
            -10.029142,
            -8.587826,
            6.241949,
            3.015549,
            -0.219125,
            0.213163,
            6.858179,
            3.085855,
            -0.082694,
            3.03044,
            -2.150232,
            -2.820231,
            -2.105393,
            3.268536,
            2.968389,
            3.907701,
            -0.122106,
            3.703898,
            -1.417992,
            -5.581112,
            -10.820555,
            2.844382,
            4.604903,
            9.882596,
            4.803123,
            3.511642,
            -7.154617,
            -3.332061,
            7.175125,
            -0.769667,
            0.894027,
            0.160873,
            0.009561,
            2.757913,
            -2.826844,
            -0.373772,
            -1.462068,
            1.824134
        ]
    },
    "image_size": [
        870,
        1918
    ],
    "process_time_in_milliseconds": 750
}
