{
    "props": {
        "face_rect": [
            72,
            452,
            445,
            445
        ],
        "kp_eye_left_inner": [
            226,
            609
        ],
        "kp_eye_left_outer": [
            158,
            641
        ],
        "kp_eye_right_inner": [
            304,
            573
        ],
        "kp_eye_right_outer": [
            358,
            559
        ],
        "kp_mouth_left": [
            390,
            709
        ],
        "kp_mouth_right": [
            276,
            763
        ],
        "kp_nose_tip": [
            290,
            638
        ],
        "kp_under_lip_bottom": [
            347,
            745
        ],
        "kp_upper_lip_top": [
            329,
            702
        ],
        "features": [
            0.395084,
            8.487705,
            -2.42942,
            -6.033742,
            4.306714,
            -4.429934,
            -0.365139,
            0.836602,
            6.178268,
            -6.40887,
            3.212675,
            -3.360246,
            8.449614,
            -2.049061,
            2.587622,
            -1.236421,
            0.857133,
            7.612231,
            -6.429802,
            5.80109,
            5.291615,
            -5.697134,
            9.284699,
            1.836891,
            0.572092,
            -2.03487,
            -7.20694,
            7.245358,
            -2.417493,
            -4.420376,
            2.005807,
            4.236259,
            -1.167132,
            2.781103,
            -4.65878,
            3.060778,
            1.757689,
            -0.941325,
            -3.242793,
            -6.799756,
            1.543181,
            3.127062,
            2.353812,
            -2.073764,
            8.068094,
            -3.640994,
            -1.287235,
            1.011455,
            3.931103,
            -0.711071,
            4.828247,
            13.613596,
            2.980682,
            3.60594,
            -0.92433,
            -2.02445,
            -2.408227,
            -2.762442,
            0.364515,
            1.246692
        ]
    },
    "image_size": [
        720,
        1280
    ],
    "process_time_in_milliseconds": 506
}
