{
    "props": {
        "face_rect": [
            123,
            792,
            591,
            591
        ],
        "kp_eye_left_inner": [
            343,
            935
        ],
        "kp_eye_left_outer": [
            247,
            949
        ],
        "kp_eye_right_inner": [
            478,
            935
        ],
        "kp_eye_right_outer": [
            584,
            935
        ],
        "kp_mouth_left": [
            527,
            1176
        ],
        "kp_mouth_right": [
            329,
            1191
        ],
        "kp_nose_tip": [
            416,
            1070
        ],
        "kp_under_lip_bottom": [
            435,
            1224
        ],
        "kp_upper_lip_top": [
            425,
            1166
        ],
        "features": [
            4.562175,
            5.422106,
            -1.348747,
            4.379351,
            0.360511,
            6.428664,
            2.031491,
            0.057616,
            6.260127,
            -8.2559,
            -1.24123,
            -3.549489,
            1.522679,
            -4.163377,
            7.130679,
            -2.986504,
            -1.809784,
            -2.348236,
            2.135568,
            2.238667,
            3.676696,
            3.000294,
            -0.590546,
            7.667449,
            -3.033538,
            1.818386,
            -6.307541,
            -1.029503,
            6.321976,
            -7.674901,
            2.047323,
            -5.870649,
            -1.356596,
            3.284659,
            -0.681219,
            -0.019885,
            1.327689,
            2.242401,
            -0.238363,
            0.277257,
            -1.039096,
            -3.486709,
            7.196737,
            -0.010337,
            6.487146,
            -7.647439,
            -4.309527,
            0.066403,
            4.926216,
            2.792146,
            -1.4924,
            6.544095,
            -2.07084,
            1.623813,
            0.081258,
            -4.192245,
            -4.226614,
            3.547139,
            -1.676299,
            3.379644
        ]
    },
    "image_size": [
        870,
        1918
    ],
    "process_time_in_milliseconds": 772
}
