{
    "props": {
        "face_rect": [
            148,
            754,
            589,
            589
        ],
        "kp_eye_left_inner": [
            369,
            903
        ],
        "kp_eye_left_outer": [
            270,
            903
        ],
        "kp_eye_right_inner": [
            506,
            903
        ],
        "kp_eye_right_outer": [
            605,
            888
        ],
        "kp_mouth_left": [
            551,
            1139
        ],
        "kp_mouth_right": [
            359,
            1154
        ],
        "kp_nose_tip": [
            442,
            1026
        ],
        "kp_under_lip_bottom": [
            457,
            1188
        ],
        "kp_upper_lip_top": [
            447,
            1124
        ],
        "features": [
            5.219901,
            6.30521,
            -2.056032,
            4.009504,
            -1.010198,
            7.100884,
            0.400554,
            0.159483,
            4.282084,
            -5.89796,
            0.572008,
            -2.774855,
            1.819095,
            -5.528487,
            8.395317,
            -4.234454,
            0.52717,
            0.437256,
            4.164345,
            2.289325,
            3.821547,
            2.145386,
            0.599602,
            5.484529,
            -4.794298,
            0.130795,
            -6.134562,
            -2.07293,
            6.355573,
            -7.662775,
            0.244391,
            -4.477846,
            -1.605921,
            4.570104,
            -2.960019,
            0.480099,
            0.152334,
            4.036727,
            0.76582,
            -0.839945,
            -1.172519,
            -3.634186,
            8.621843,
            -0.803822,
            5.971087,
            -7.479416,
            -4.923852,
            1.177604,
            6.594296,
            1.241929,
            -0.883466,
            6.246127,
            -5.176707,
            3.461908,
            1.70318,
            -4.818753,
            -2.281698,
            3.285923,
            -1.40985,
            4.066662
        ]
    },
    "image_size": [
        870,
        1918
    ],
    "process_time_in_milliseconds": 829
}
