{
    "props": {
        "face_rect": [
            101,
            768,
            578,
            578
        ],
        "kp_eye_left_inner": [
            318,
            916
        ],
        "kp_eye_left_outer": [
            223,
            926
        ],
        "kp_eye_right_inner": [
            453,
            906
        ],
        "kp_eye_right_outer": [
            558,
            906
        ],
        "kp_mouth_left": [
            503,
            1146
        ],
        "kp_mouth_right": [
            303,
            1161
        ],
        "kp_nose_tip": [
            373,
            1031
        ],
        "kp_under_lip_bottom": [
            408,
            1191
        ],
        "kp_upper_lip_top": [
            393,
            1131
        ],
        "features": [
            4.843288,
            7.104006,
            -2.128725,
            4.323241,
            0.76857,
            7.194638,
            1.859963,
            0.827082,
            4.698262,
            -8.099824,
            -1.179694,
            -3.307754,
            1.725165,
            -3.355018,
            8.025239,
            -4.359682,
            -0.537247,
            -1.656352,
            1.759489,
            1.317535,
            4.044921,
            3.766249,
            -0.911369,
            6.545901,
            -3.980646,
            1.621931,
            -6.214189,
            -1.272493,
            6.445299,
            -8.362803,
            0.592209,
            -4.580204,
            -1.37174,
            4.422183,
            -1.370899,
            0.365592,
            0.829391,
            1.747919,
            0.405069,
            -1.661504,
            -1.267807,
            -2.894933,
            7.026868,
            -0.325973,
            4.900631,
            -7.376301,
            -4.586823,
            -0.526258,
            5.495236,
            -0.063083,
            -1.629364,
            5.770496,
            -2.252299,
            2.260785,
            0.611765,
            -3.960599,
            -3.19713,
            4.491221,
            -2.021751,
            4.858109
        ]
    },
    "image_size": [
        870,
        1918
    ],
    "process_time_in_milliseconds": 733
}
