{
    "props": {
        "face_rect": [
            205,
            585,
            479,
            479
        ],
        "kp_eye_left_inner": [
            387,
            710
        ],
        "kp_eye_left_outer": [
            287,
            720
        ],
        "kp_eye_right_inner": [
            502,
            710
        ],
        "kp_eye_right_outer": [
            603,
            710
        ],
        "kp_mouth_left": [
            550,
            931
        ],
        "kp_mouth_right": [
            349,
            931
        ],
        "kp_nose_tip": [
            445,
            758
        ],
        "kp_under_lip_bottom": [
            445,
            950
        ],
        "kp_upper_lip_top": [
            450,
            878
        ],
        "features": [
            3.044712,
            5.851787,
            7.464376,
            -6.411657,
            4.929199,
            1.404917,
            -5.883777,
            1.146569,
            2.872752,
            5.698651,
            -9.257111,
            -6.674385,
            -4.444625,
            6.15406,
            6.91596,
            -11.166133,
            -5.030455,
            2.564645,
            6.578837,
            -1.102298,
            -3.931474,
            4.362601,
            -9.397317,
            -7.079408,
            8.515272,
            3.835211,
            -0.643709,
            0.589314,
            7.798452,
            1.625919,
            -0.025797,
            2.817002,
            -2.02914,
            -2.106509,
            -3.67375,
            3.320085,
            2.621747,
            5.81103,
            -1.402048,
            4.575936,
            -1.771212,
            -6.031263,
            -7.72412,
            1.704085,
            3.719548,
            9.309713,
            4.574851,
            3.256127,
            -7.470474,
            -2.98701,
            4.747165,
            -2.247568,
            0.076023,
            0.215306,
            -0.026447,
            2.895308,
            -2.603591,
            -0.057866,
            -2.977883,
            2.983892
        ]
    },
    "image_size": [
        870,
        1918
    ],
    "process_time_in_milliseconds": 749
}
