{
    "props": {
        "face_rect": [
            179,
            657,
            498,
            498
        ],
        "kp_eye_left_inner": [
            362,
            778
        ],
        "kp_eye_left_outer": [
            251,
            794
        ],
        "kp_eye_right_inner": [
            501,
            783
        ],
        "kp_eye_right_outer": [
            595,
            794
        ],
        "kp_mouth_left": [
            540,
            1000
        ],
        "kp_mouth_right": [
            323,
            1006
        ],
        "kp_nose_tip": [
            429,
            789
        ],
        "kp_under_lip_bottom": [
            440,
            1017
        ],
        "kp_upper_lip_top": [
            429,
            944
        ],
        "features": [
            2.552567,
            5.730896,
            -2.977844,
            4.748119,
            -1.87091,
            4.480811,
            -1.368125,
            -1.56233,
            1.261698,
            -8.435063,
            -0.078608,
            0.568012,
            2.918257,
            -2.792381,
            1.439788,
            1.087665,
            -3.081723,
            -1.443663,
            -1.038361,
            0.265917,
            5.245201,
            1.629827,
            -1.035724,
            4.020555,
            -2.884746,
            2.181335,
            -1.409872,
            -2.583878,
            4.505238,
            -4.335234,
            2.457273,
            -5.040468,
            1.923989,
            2.400436,
            -0.185763,
            0.93608,
            0.332937,
            0.409009,
            0.537802,
            0.404845,
            2.64672,
            2.509058,
            2.986245,
            -0.510995,
            6.711027,
            -2.762273,
            -2.097432,
            4.022848,
            7.43308,
            1.034595,
            -2.747652,
            6.343615,
            0.331465,
            0.723116,
            -4.174069,
            -3.047342,
            -2.378852,
            1.70588,
            2.170723,
            5.766122
        ]
    },
    "image_size": [
        870,
        1918
    ],
    "process_time_in_milliseconds": 769
}
