{
    "props": {
        "face_rect": [
            194,
            641,
            551,
            551
        ],
        "kp_eye_left_inner": [
            408,
            776
        ],
        "kp_eye_left_outer": [
            306,
            776
        ],
        "kp_eye_right_inner": [
            541,
            776
        ],
        "kp_eye_right_outer": [
            638,
            776
        ],
        "kp_mouth_left": [
            570,
            1030
        ],
        "kp_mouth_right": [
            360,
            1030
        ],
        "kp_nose_tip": [
            472,
            874
        ],
        "kp_under_lip_bottom": [
            472,
            1060
        ],
        "kp_upper_lip_top": [
            472,
            986
        ],
        "features": [
            2.899918,
            4.387643,
            6.423352,
            -6.166212,
            4.719734,
            1.4163,
            -5.259986,
            1.475629,
            0.41625,
            6.107028,
            -8.123489,
            -8.526481,
            -4.371985,
            7.52243,
            5.557493,
            -11.468668,
            -5.983161,
            4.642051,
            4.508443,
            0.37004,
            -2.590601,
            3.159036,
            -10.219019,
            -7.094726,
            7.152138,
            2.695123,
            -1.338018,
            0.276375,
            6.640045,
            1.398239,
            0.143786,
            3.31501,
            -1.876188,
            -2.890075,
            -2.429312,
            3.621743,
            3.443253,
            4.646991,
            -1.000867,
            3.285745,
            -2.401578,
            -5.609093,
            -8.74904,
            3.062348,
            4.93348,
            8.388974,
            4.889386,
            4.168148,
            -7.116002,
            -3.771569,
            6.108658,
            -1.227749,
            1.326811,
            0.103936,
            0.851721,
            3.021873,
            -3.706625,
            0.267513,
            -1.943612,
            2.120898
        ]
    },
    "image_size": [
        870,
        1918
    ],
    "process_time_in_milliseconds": 743
}
