{
  "filename": "runlist_item_0000_clip_0071.dir_snapshot_0000",
  "head_pose": {
    "yaw": 3.1841190086719653,
    "pitch": -7.761785130079479,
    "roll": -5.710593137499643
  }
}