{
  "filename": "runlist_item_0000_clip_0047.dir_snapshot_0000",
  "head_pose": {
    "yaw": -4.895665833254944,
    "pitch": -8.548686179778198,
    "roll": -1.7534048600715266
  }
}