{
    "props": {
        "face_rect": [
            183,
            639,
            549,
            549
        ],
        "kp_eye_left_inner": [
            398,
            775
        ],
        "kp_eye_left_outer": [
            292,
            775
        ],
        "kp_eye_right_inner": [
            526,
            770
        ],
        "kp_eye_right_outer": [
            627,
            770
        ],
        "kp_mouth_left": [
            558,
            1023
        ],
        "kp_mouth_right": [
            356,
            1028
        ],
        "kp_nose_tip": [
            457,
            871
        ],
        "kp_under_lip_bottom": [
            457,
            1055
        ],
        "kp_upper_lip_top": [
            462,
            986
        ],
        "features": [
            2.866018,
            4.066083,
            6.82158,
            -6.278904,
            4.982348,
            1.480309,
            -5.049123,
            1.663682,
            -0.149119,
            6.200792,
            -8.309756,
            -8.449777,
            -4.253532,
            7.243134,
            5.116988,
            -11.459487,
            -5.826299,
            4.700125,
            4.262245,
            0.311442,
            -2.262872,
            2.980378,
            -9.624944,
            -7.220091,
            7.098815,
            2.834674,
            -1.180812,
            0.185437,
            6.375021,
            1.874317,
            -0.352764,
            3.274015,
            -1.793006,
            -2.820161,
            -2.191622,
            3.638946,
            3.165523,
            4.553259,
            -0.995548,
            3.851445,
            -2.630665,
            -6.098087,
            -8.874222,
            2.858981,
            5.224514,
            8.860817,
            4.69341,
            4.530305,
            -7.058993,
            -3.737883,
            5.783226,
            -0.997392,
            1.515236,
            0.142412,
            1.013675,
            3.242162,
            -4.332777,
            0.546564,
            -1.996738,
            2.240502
        ]
    },
    "image_size": [
        870,
        1918
    ],
    "process_time_in_milliseconds": 750
}
