{
    "props": {
        "face_rect": [
            137,
            911,
            533,
            533
        ],
        "kp_eye_left_inner": [
            356,
            1060
        ],
        "kp_eye_left_outer": [
            250,
            1043
        ],
        "kp_eye_right_inner": [
            496,
            1055
        ],
        "kp_eye_right_outer": [
            597,
            1047
        ],
        "kp_mouth_left": [
            525,
            1280
        ],
        "kp_mouth_right": [
            339,
            1289
        ],
        "kp_nose_tip": [
            423,
            1238
        ],
        "kp_under_lip_bottom": [
            432,
            1327
        ],
        "kp_upper_lip_top": [
            432,
            1293
        ],
        "features": [
            4.094283,
            4.066577,
            -1.093949,
            5.596044,
            -1.45614,
            3.811378,
            -5.109174,
            2.505385,
            5.152864,
            -5.271727,
            -3.555928,
            -1.782109,
            1.261588,
            -6.740268,
            8.542195,
            -2.318463,
            -2.841124,
            -3.954384,
            1.887509,
            -1.090268,
            5.28823,
            -1.972449,
            0.500976,
            7.528067,
            -1.846362,
            -1.641065,
            -2.844442,
            -3.515359,
            5.413893,
            -5.670155,
            3.237758,
            -3.06634,
            -3.921266,
            4.75329,
            -4.007166,
            2.454681,
            -0.885753,
            3.136137,
            4.471072,
            3.331991,
            0.556164,
            -6.092346,
            7.818481,
            2.24735,
            7.478796,
            -7.265518,
            -4.631831,
            0.807707,
            3.472171,
            4.489468,
            1.368234,
            5.693141,
            -5.743382,
            0.400932,
            -2.583788,
            -3.525317,
            -1.640192,
            1.194652,
            -1.591394,
            4.499365
        ]
    },
    "image_size": [
        870,
        1918
    ],
    "process_time_in_milliseconds": 755
}
