{
    "props": {
        "face_rect": [
            56,
            480,
            407,
            407
        ],
        "kp_eye_left_inner": [
            231,
            590
        ],
        "kp_eye_left_outer": [
            182,
            594
        ],
        "kp_eye_right_inner": [
            314,
            594
        ],
        "kp_eye_right_outer": [
            387,
            604
        ],
        "kp_mouth_left": [
            311,
            759
        ],
        "kp_mouth_right": [
            188,
            753
        ],
        "kp_nose_tip": [
            231,
            650
        ],
        "kp_under_lip_bottom": [
            238,
            779
        ],
        "kp_upper_lip_top": [
            238,
            730
        ],
        "features": [
            5.130051,
            8.083419,
            0.072976,
            -1.73387,
            5.140941,
            -4.571251,
            2.701996,
            2.376634,
            3.577722,
            -6.229595,
            1.508401,
            -2.597571,
            6.657552,
            -0.045237,
            1.638771,
            -1.646292,
            1.887014,
            8.844165,
            -5.769696,
            5.515512,
            6.428624,
            -6.063375,
            9.649919,
            2.119329,
            -0.946882,
            2.076929,
            -7.181739,
            2.566228,
            -3.868255,
            -2.544012,
            -0.51484,
            2.631855,
            -0.10566,
            3.673469,
            -5.03481,
            3.613689,
            0.339746,
            0.070354,
            -2.297067,
            -3.15772,
            2.236742,
            0.54899,
            -1.200251,
            -2.907134,
            7.92348,
            -0.7882,
            -1.469376,
            0.202681,
            3.200035,
            0.514635,
            3.590344,
            12.601185,
            4.889812,
            4.965282,
            1.782717,
            -3.028482,
            -2.328838,
            2.097274,
            -1.957871,
            3.173857
        ]
    },
    "image_size": [
        720,
        1280
    ],
    "process_time_in_milliseconds": 982
}
