{
    "props": {
        "face_rect": [
            211,
            488,
            376,
            376
        ],
        "kp_eye_left_inner": [
            354,
            589
        ],
        "kp_eye_left_outer": [
            277,
            576
        ],
        "kp_eye_right_inner": [
            446,
            589
        ],
        "kp_eye_right_outer": [
            519,
            572
        ],
        "kp_mouth_left": [
            403,
            731
        ],
        "kp_mouth_right": [
            327,
            728
        ],
        "kp_nose_tip": [
            403,
            721
        ],
        "kp_under_lip_bottom": [
            407,
            741
        ],
        "kp_upper_lip_top": [
            397,
            745
        ],
        "features": [
            2.263646,
            2.777564,
            -3.362169,
            -2.746018,
            2.865621,
            -2.311152,
            2.858324,
            -1.9115,
            6.359081,
            -6.684352,
            4.723775,
            -2.983226,
            7.149231,
            -4.477895,
            4.565859,
            -6.451828,
            -1.997389,
            6.477226,
            -8.817014,
            5.553399,
            1.615675,
            -0.884297,
            8.563535,
            2.386238,
            -0.635089,
            4.780328,
            -5.580437,
            0.968269,
            -2.282538,
            -3.645017,
            2.645058,
            1.082291,
            -2.077061,
            0.926201,
            -4.849644,
            0.657371,
            -0.773992,
            0.229875,
            0.647096,
            -5.442458,
            -4.097489,
            -1.857066,
            0.357,
            0.497743,
            2.057054,
            -2.999452,
            -3.089338,
            2.696901,
            6.415419,
            -1.031963,
            5.131299,
            14.85421,
            3.072565,
            5.495616,
            1.899921,
            -1.053007,
            -5.652076,
            2.181524,
            1.303874,
            1.794668
        ]
    },
    "image_size": [
        960,
        1280
    ],
    "process_time_in_milliseconds": 515
}
