{
    "props": {
        "face_rect": [
            51,
            489,
            408,
            408
        ],
        "kp_eye_left_inner": [
            227,
            600
        ],
        "kp_eye_left_outer": [
            174,
            600
        ],
        "kp_eye_right_inner": [
            307,
            604
        ],
        "kp_eye_right_outer": [
            380,
            607
        ],
        "kp_mouth_left": [
            307,
            776
        ],
        "kp_mouth_right": [
            188,
            763
        ],
        "kp_nose_tip": [
            227,
            663
        ],
        "kp_under_lip_bottom": [
            234,
            789
        ],
        "kp_upper_lip_top": [
            234,
            743
        ],
        "features": [
            3.917361,
            7.819135,
            -0.384526,
            -2.730187,
            5.138894,
            -4.319526,
            3.111969,
            1.730364,
            5.248035,
            -6.357278,
            0.898738,
            -3.577738,
            7.524536,
            0.144008,
            2.435845,
            -2.126543,
            1.180061,
            8.908175,
            -5.495874,
            6.398345,
            6.958873,
            -6.037542,
            8.919542,
            2.419085,
            -0.437909,
            2.207495,
            -6.643196,
            2.632372,
            -3.151635,
            -2.555111,
            -0.143141,
            2.613475,
            0.014951,
            3.152266,
            -3.923347,
            4.423909,
            0.708549,
            -0.538691,
            -1.884508,
            -3.647558,
            1.680017,
            0.7243,
            -0.381202,
            -2.289376,
            8.984765,
            -1.855774,
            -1.740123,
            -0.429497,
            3.654194,
            -0.423263,
            3.368498,
            12.412437,
            5.207826,
            4.371402,
            1.902965,
            -2.408278,
            -2.34559,
            2.073044,
            -1.415756,
            2.352719
        ]
    },
    "image_size": [
        720,
        1280
    ],
    "process_time_in_milliseconds": 964
}
