{
    "props": {
        "face_rect": [
            68,
            450,
            449,
            449
        ],
        "kp_eye_left_inner": [
            219,
            612
        ],
        "kp_eye_left_outer": [
            158,
            640
        ],
        "kp_eye_right_inner": [
            302,
            576
        ],
        "kp_eye_right_outer": [
            356,
            561
        ],
        "kp_mouth_left": [
            385,
            712
        ],
        "kp_mouth_right": [
            273,
            763
        ],
        "kp_nose_tip": [
            288,
            637
        ],
        "kp_under_lip_bottom": [
            342,
            748
        ],
        "kp_upper_lip_top": [
            324,
            709
        ],
        "features": [
            0.644526,
            8.152237,
            -2.422626,
            -5.403152,
            3.978106,
            -4.195245,
            -0.491043,
            1.400612,
            5.906212,
            -6.372508,
            3.917631,
            -3.139957,
            8.239578,
            -1.732885,
            2.672069,
            -1.283699,
            1.161158,
            7.561592,
            -7.012485,
            5.380282,
            5.812996,
            -5.975285,
            9.707063,
            1.818523,
            -0.100761,
            -1.81376,
            -7.009118,
            6.978231,
            -2.636073,
            -4.312368,
            2.06809,
            4.174152,
            -1.530856,
            2.763229,
            -4.703052,
            3.240258,
            0.945,
            -0.99239,
            -2.774745,
            -6.721924,
            1.016186,
            3.060177,
            2.141016,
            -1.681548,
            8.12486,
            -3.863489,
            -1.397919,
            0.739131,
            4.155564,
            -0.491371,
            5.293406,
            13.858194,
            2.762588,
            3.50413,
            -0.891933,
            -2.282033,
            -2.503665,
            -2.429187,
            0.885735,
            1.22602
        ]
    },
    "image_size": [
        720,
        1280
    ],
    "process_time_in_milliseconds": 507
}
