{
    "props": {
        "face_rect": [
            370,
            648,
            502,
            502
        ],
        "kp_eye_left_inner": [
            560,
            763
        ],
        "kp_eye_left_outer": [
            458,
            746
        ],
        "kp_eye_right_inner": [
            679,
            779
        ],
        "kp_eye_right_outer": [
            743,
            795
        ],
        "kp_mouth_left": [
            684,
            1005
        ],
        "kp_mouth_right": [
            523,
            999
        ],
        "kp_nose_tip": [
            668,
            854
        ],
        "kp_under_lip_bottom": [
            619,
            1032
        ],
        "kp_upper_lip_top": [
            641,
            972
        ],
        "features": [
            3.850459,
            4.842656,
            6.597337,
            -5.119817,
            5.936245,
            0.238008,
            -6.055276,
            -0.983455,
            2.033077,
            6.141207,
            -10.460768,
            -6.902681,
            -2.406113,
            6.169828,
            4.543642,
            -10.093875,
            -7.046465,
            2.836135,
            5.355012,
            2.180895,
            -2.478671,
            2.377165,
            -9.79549,
            -6.097548,
            7.357809,
            3.483747,
            1.262837,
            -0.212506,
            6.081702,
            2.866232,
            -0.943468,
            4.264415,
            0.361806,
            -0.775192,
            -1.053989,
            3.952033,
            2.698836,
            3.594169,
            -0.377518,
            4.602283,
            1.026566,
            -5.15712,
            -8.786186,
            2.413322,
            3.548274,
            10.094495,
            3.670432,
            3.075805,
            -6.871426,
            -4.755356,
            4.909532,
            -2.382399,
            -0.22757,
            -0.096478,
            0.061794,
            4.310215,
            -3.50443,
            -0.694239,
            -1.605631,
            3.27357
        ]
    },
    "image_size": [
        870,
        1918
    ],
    "process_time_in_milliseconds": 748
}
