{
    "props": {
        "face_rect": [
            174,
            635,
            495,
            495
        ],
        "kp_eye_left_inner": [
            360,
            707
        ],
        "kp_eye_left_outer": [
            252,
            793
        ],
        "kp_eye_right_inner": [
            500,
            772
        ],
        "kp_eye_right_outer": [
            586,
            783
        ],
        "kp_mouth_left": [
            537,
            982
        ],
        "kp_mouth_right": [
            317,
            982
        ],
        "kp_nose_tip": [
            419,
            772
        ],
        "kp_under_lip_bottom": [
            430,
            993
        ],
        "kp_upper_lip_top": [
            424,
            923
        ],
        "features": [
            3.105945,
            7.924577,
            -1.301538,
            3.037087,
            -1.125946,
            4.321584,
            -3.321718,
            -0.072941,
            3.724783,
            -7.425801,
            -2.663217,
            -0.184827,
            2.138825,
            -1.831001,
            3.532646,
            0.744744,
            -2.617435,
            -2.052217,
            0.935718,
            -0.807357,
            3.903562,
            3.838108,
            -2.830195,
            4.662334,
            -0.529729,
            1.731951,
            -1.732783,
            -1.457296,
            5.702334,
            -4.798722,
            2.203133,
            -5.160044,
            0.408596,
            4.785252,
            -0.662867,
            1.917344,
            1.04214,
            0.2982,
            4.190897,
            0.907457,
            2.439974,
            0.93536,
            3.883704,
            0.667997,
            6.26506,
            -2.526448,
            -2.672461,
            2.91721,
            7.130838,
            0.857505,
            -1.423166,
            6.638267,
            0.814516,
            0.666865,
            -4.683178,
            -1.98335,
            -1.191605,
            -0.056033,
            1.435947,
            4.82173
        ]
    },
    "image_size": [
        870,
        1918
    ],
    "process_time_in_milliseconds": 754
}
