{
    "props": {
        "face_rect": [
            556,
            1323,
            1030,
            1030
        ],
        "kp_eye_left_inner": [
            957,
            1573
        ],
        "kp_eye_left_outer": [
            782,
            1565
        ],
        "kp_eye_right_inner": [
            1184,
            1565
        ],
        "kp_eye_right_outer": [
            1367,
            1547
        ],
        "kp_mouth_left": [
            1236,
            2018
        ],
        "kp_mouth_right": [
            922,
            2027
        ],
        "kp_nose_tip": [
            1070,
            1809
        ],
        "kp_under_lip_bottom": [
            1079,
            2079
        ],
        "kp_upper_lip_top": [
            1079,
            2001
        ],
        "features": [
            -3.204185,
            4.345859,
            0.298704,
            -1.8864,
            -1.084337,
            2.213979,
            -6.437625,
            7.433774,
            2.059329,
            -4.400438,
            -5.284443,
            5.301395,
            0.821991,
            -2.222072,
            3.084008,
            3.502529,
            -9.349853,
            -3.619887,
            -9.123943,
            -5.793402,
            2.697443,
            0.650134,
            -2.188174,
            5.370141,
            0.011124,
            -4.751339,
            1.814179,
            0.421813,
            2.47525,
            -3.249802,
            0.013539,
            -6.116794,
            -9.523024,
            3.866544,
            6.854518,
            0.586685,
            0.014782,
            -4.447643,
            6.208397,
            8.832481,
            0.43765,
            -7.934421,
            -2.684592,
            -1.591198,
            -3.813035,
            -1.701989,
            1.623791,
            -4.097035,
            -4.32464,
            -2.560841,
            2.33523,
            3.278516,
            -3.217234,
            -0.775849,
            -7.97823,
            1.580631,
            -5.013559,
            3.451411,
            -3.569542,
            1.405223
        ]
    },
    "image_size": [
        2160,
        3840
    ],
    "process_time_in_milliseconds": 1657
}
