{
    "props": {
        "face_rect": [
            547,
            1304,
            1053,
            1053
        ],
        "kp_eye_left_inner": [
            958,
            1572
        ],
        "kp_eye_left_outer": [
            772,
            1563
        ],
        "kp_eye_right_inner": [
            1188,
            1555
        ],
        "kp_eye_right_outer": [
            1364,
            1528
        ],
        "kp_mouth_left": [
            1241,
            2014
        ],
        "kp_mouth_right": [
            931,
            2023
        ],
        "kp_nose_tip": [
            1073,
            1802
        ],
        "kp_under_lip_bottom": [
            1082,
            2067
        ],
        "kp_upper_lip_top": [
            1082,
            1996
        ],
        "features": [
            -2.674626,
            4.571452,
            0.943791,
            -1.777188,
            -0.843541,
            2.509745,
            -7.107188,
            7.606392,
            1.66498,
            -4.117331,
            -4.769085,
            5.588331,
            1.1208,
            -2.513596,
            2.838618,
            4.241386,
            -8.784445,
            -4.385448,
            -8.765925,
            -5.592585,
            2.857857,
            0.919297,
            -1.726741,
            6.612045,
            0.216316,
            -4.701106,
            1.445299,
            0.741088,
            2.716215,
            -3.623812,
            -0.373939,
            -6.258824,
            -9.494126,
            5.002321,
            6.500646,
            0.218134,
            -0.1642,
            -4.344348,
            6.783874,
            8.815118,
            -0.060508,
            -7.774799,
            -1.520468,
            -0.904728,
            -3.174217,
            -1.858501,
            1.463585,
            -4.048108,
            -3.974688,
            -1.60766,
            2.088742,
            4.432446,
            -3.556619,
            -1.037072,
            -8.453235,
            1.074562,
            -5.313092,
            3.013453,
            -3.678141,
            1.642389
        ]
    },
    "image_size": [
        2160,
        3840
    ],
    "process_time_in_milliseconds": 1802
}
