{
    "props": {
        "face_rect": [
            569,
            1305,
            1044,
            1044
        ],
        "kp_eye_left_inner": [
            969,
            1564
        ],
        "kp_eye_left_outer": [
            796,
            1555
        ],
        "kp_eye_right_inner": [
            1201,
            1546
        ],
        "kp_eye_right_outer": [
            1399,
            1538
        ],
        "kp_mouth_left": [
            1253,
            2003
        ],
        "kp_mouth_right": [
            951,
            2020
        ],
        "kp_nose_tip": [
            1089,
            1796
        ],
        "kp_under_lip_bottom": [
            1098,
            2063
        ],
        "kp_upper_lip_top": [
            1098,
            1994
        ],
        "features": [
            -2.380888,
            4.904375,
            0.932183,
            -1.770208,
            -0.656605,
            2.581255,
            -6.824039,
            7.065332,
            2.304708,
            -4.62728,
            -4.98806,
            6.051283,
            0.500135,
            -3.010029,
            2.941626,
            3.720374,
            -8.936893,
            -4.009341,
            -8.620935,
            -5.749901,
            3.279416,
            0.436683,
            -1.556678,
            6.075245,
            -0.076336,
            -4.047169,
            1.543549,
            0.412946,
            2.564709,
            -3.436616,
            -0.220087,
            -6.563039,
            -9.167436,
            4.519391,
            6.612427,
            0.650978,
            0.239908,
            -3.804621,
            5.896716,
            9.112446,
            0.362903,
            -7.636352,
            -2.469932,
            -1.726676,
            -3.744112,
            -1.578177,
            1.429089,
            -3.86656,
            -3.497876,
            -2.185387,
            2.231347,
            3.474123,
            -3.271071,
            -0.545917,
            -8.329402,
            1.185425,
            -5.230153,
            3.505297,
            -3.554038,
            1.698685
        ]
    },
    "image_size": [
        2160,
        3840
    ],
    "process_time_in_milliseconds": 1347
}
