{
    "props": {
        "face_rect": [
            550,
            1346,
            1046,
            1046
        ],
        "kp_eye_left_inner": [
            956,
            1608
        ],
        "kp_eye_left_outer": [
            772,
            1617
        ],
        "kp_eye_right_inner": [
            1176,
            1590
        ],
        "kp_eye_right_outer": [
            1369,
            1581
        ],
        "kp_mouth_left": [
            1238,
            2047
        ],
        "kp_mouth_right": [
            930,
            2056
        ],
        "kp_nose_tip": [
            1071,
            1836
        ],
        "kp_under_lip_bottom": [
            1088,
            2100
        ],
        "kp_upper_lip_top": [
            1079,
            2030
        ],
        "features": [
            -2.970364,
            4.423051,
            0.733308,
            -1.485395,
            -1.197912,
            2.044501,
            -6.593628,
            7.606811,
            2.169945,
            -4.770509,
            -5.203618,
            5.668963,
            1.02774,
            -2.410676,
            3.173093,
            3.982631,
            -8.617829,
            -4.172321,
            -9.025249,
            -6.397666,
            2.40275,
            0.939205,
            -1.635044,
            6.321921,
            -0.094104,
            -4.563421,
            1.52878,
            0.531163,
            2.146537,
            -3.211671,
            -0.159617,
            -6.193864,
            -9.618126,
            4.357839,
            6.287842,
            0.782085,
            -0.092778,
            -4.158237,
            6.369851,
            8.902058,
            0.522211,
            -7.969044,
            -2.13003,
            -2.028851,
            -3.926545,
            -1.593648,
            1.728905,
            -3.903712,
            -3.856719,
            -1.822432,
            2.006548,
            3.860765,
            -3.154392,
            -0.88512,
            -8.065887,
            1.510928,
            -4.753487,
            3.815777,
            -3.685717,
            1.930763
        ]
    },
    "image_size": [
        2160,
        3840
    ],
    "process_time_in_milliseconds": 2122
}
