{
    "props": {
        "face_rect": [
            549,
            1334,
            1050,
            1050
        ],
        "kp_eye_left_inner": [
            958,
            1601
        ],
        "kp_eye_left_outer": [
            773,
            1601
        ],
        "kp_eye_right_inner": [
            1177,
            1584
        ],
        "kp_eye_right_outer": [
            1353,
            1566
        ],
        "kp_mouth_left": [
            1230,
            2040
        ],
        "kp_mouth_right": [
            940,
            2049
        ],
        "kp_nose_tip": [
            1072,
            1830
        ],
        "kp_under_lip_bottom": [
            1089,
            2093
        ],
        "kp_upper_lip_top": [
            1089,
            2023
        ],
        "features": [
            -3.092523,
            4.032272,
            1.086265,
            -1.7747,
            -1.297656,
            1.612588,
            -6.423174,
            7.226067,
            2.23489,
            -4.333572,
            -4.374739,
            6.06533,
            1.272176,
            -3.122184,
            3.141433,
            4.421805,
            -8.681667,
            -4.214391,
            -8.222406,
            -5.068671,
            2.413712,
            0.100313,
            -1.456316,
            6.867842,
            -0.054252,
            -4.977523,
            1.579609,
            -0.109833,
            2.423577,
            -2.775111,
            -0.571099,
            -6.580336,
            -9.988459,
            5.065948,
            6.680656,
            0.953893,
            0.417673,
            -3.775704,
            5.980575,
            8.863879,
            0.380265,
            -7.81025,
            -1.399994,
            -1.962366,
            -3.412762,
            -1.634746,
            1.670215,
            -3.815906,
            -3.97551,
            -1.620444,
            1.903492,
            3.79608,
            -3.975698,
            -0.600163,
            -8.335778,
            1.006837,
            -4.594124,
            3.655411,
            -3.859167,
            1.962285
        ]
    },
    "image_size": [
        2160,
        3840
    ],
    "process_time_in_milliseconds": 2539
}
