{
    "props": {
        "face_rect": [
            536,
            1294,
            1065,
            1065
        ],
        "kp_eye_left_inner": [
            941,
            1551
        ],
        "kp_eye_left_outer": [
            766,
            1551
        ],
        "kp_eye_right_inner": [
            1179,
            1543
        ],
        "kp_eye_right_outer": [
            1372,
            1525
        ],
        "kp_mouth_left": [
            1231,
            2000
        ],
        "kp_mouth_right": [
            924,
            2017
        ],
        "kp_nose_tip": [
            1073,
            1797
        ],
        "kp_under_lip_bottom": [
            1082,
            2061
        ],
        "kp_upper_lip_top": [
            1082,
            1982
        ],
        "features": [
            -2.830755,
            4.944208,
            0.749977,
            -2.24184,
            -1.218729,
            1.874377,
            -7.384808,
            6.565367,
            2.173945,
            -4.337819,
            -4.695362,
            6.333975,
            0.633566,
            -2.871137,
            2.700423,
            4.531476,
            -8.776573,
            -3.973499,
            -8.219072,
            -5.167385,
            2.465679,
            0.915112,
            -1.480915,
            6.268448,
            0.176604,
            -5.188971,
            1.396938,
            0.660565,
            2.716109,
            -3.023406,
            -0.316561,
            -7.001004,
            -9.683197,
            4.923158,
            6.769132,
            0.625529,
            0.950113,
            -4.01596,
            5.803412,
            8.974694,
            0.651236,
            -7.563622,
            -2.01795,
            -1.917896,
            -3.579188,
            -1.283063,
            1.933744,
            -3.501706,
            -3.829529,
            -1.863624,
            2.200701,
            3.748953,
            -4.199027,
            -0.397253,
            -8.271528,
            1.267188,
            -4.775707,
            3.154423,
            -3.564689,
            1.433049
        ]
    },
    "image_size": [
        2160,
        3840
    ],
    "process_time_in_milliseconds": 1478
}
