{
    "props": {
        "face_rect": [
            566,
            1350,
            1033,
            1033
        ],
        "kp_eye_left_inner": [
            969,
            1611
        ],
        "kp_eye_left_outer": [
            788,
            1611
        ],
        "kp_eye_right_inner": [
            1185,
            1594
        ],
        "kp_eye_right_outer": [
            1366,
            1576
        ],
        "kp_mouth_left": [
            1245,
            2050
        ],
        "kp_mouth_right": [
            943,
            2050
        ],
        "kp_nose_tip": [
            1081,
            1835
        ],
        "kp_under_lip_bottom": [
            1090,
            2102
        ],
        "kp_upper_lip_top": [
            1098,
            2024
        ],
        "features": [
            -3.278625,
            4.222147,
            1.350478,
            -1.597347,
            -0.607581,
            2.245282,
            -6.373142,
            8.162002,
            2.285764,
            -4.271808,
            -4.856154,
            5.533004,
            1.116001,
            -3.048201,
            3.347425,
            3.957166,
            -8.604488,
            -4.367828,
            -8.739832,
            -5.730505,
            2.513526,
            0.897469,
            -1.933947,
            6.854546,
            0.069006,
            -4.638572,
            1.502769,
            0.388858,
            2.556346,
            -3.621132,
            -0.608165,
            -6.242548,
            -9.839197,
            5.344198,
            6.480533,
            0.397532,
            0.24751,
            -4.040593,
            6.958101,
            8.77846,
            -0.154501,
            -7.945606,
            -1.153529,
            -1.231161,
            -3.485588,
            -2.196332,
            1.213293,
            -4.65449,
            -3.76522,
            -1.987263,
            1.826724,
            3.739836,
            -3.352218,
            -0.900295,
            -8.435128,
            1.322959,
            -4.541274,
            3.381748,
            -4.060657,
            1.561075
        ]
    },
    "image_size": [
        2160,
        3840
    ],
    "process_time_in_milliseconds": 2064
}
