{
    "props": {
        "face_rect": [
            556,
            1336,
            1045,
            1045
        ],
        "kp_eye_left_inner": [
            960,
            1600
        ],
        "kp_eye_left_outer": [
            786,
            1600
        ],
        "kp_eye_right_inner": [
            1179,
            1582
        ],
        "kp_eye_right_outer": [
            1362,
            1565
        ],
        "kp_mouth_left": [
            1249,
            2036
        ],
        "kp_mouth_right": [
            943,
            2054
        ],
        "kp_nose_tip": [
            1074,
            1827
        ],
        "kp_under_lip_bottom": [
            1091,
            2098
        ],
        "kp_upper_lip_top": [
            1091,
            2019
        ],
        "features": [
            -3.065221,
            4.017199,
            0.549645,
            -1.812014,
            -1.372751,
            1.851102,
            -6.774415,
            6.777712,
            1.869235,
            -4.257638,
            -3.765736,
            5.851675,
            1.531333,
            -2.914637,
            2.56085,
            4.563384,
            -8.956148,
            -4.170708,
            -8.852551,
            -4.775297,
            2.450104,
            0.369134,
            -1.44952,
            6.621199,
            0.235541,
            -4.703872,
            1.366306,
            0.243928,
            2.573751,
            -3.085295,
            -0.521927,
            -6.413487,
            -9.741341,
            4.696261,
            6.656263,
            0.557625,
            0.041831,
            -4.333844,
            6.369763,
            8.32795,
            -0.093032,
            -7.720049,
            -1.848875,
            -1.164949,
            -3.168301,
            -1.683844,
            2.132662,
            -3.708873,
            -4.271476,
            -1.724353,
            1.658939,
            4.336033,
            -3.823978,
            -0.856499,
            -8.315276,
            1.188156,
            -5.061733,
            3.404917,
            -3.793951,
            1.840294
        ]
    },
    "image_size": [
        2160,
        3840
    ],
    "process_time_in_milliseconds": 2110
}
