{
    "props": {
        "face_rect": [
            550,
            1292,
            1061,
            1061
        ],
        "kp_eye_left_inner": [
            957,
            1556
        ],
        "kp_eye_left_outer": [
            780,
            1556
        ],
        "kp_eye_right_inner": [
            1187,
            1538
        ],
        "kp_eye_right_outer": [
            1382,
            1529
        ],
        "kp_mouth_left": [
            1240,
            2007
        ],
        "kp_mouth_right": [
            931,
            2016
        ],
        "kp_nose_tip": [
            1081,
            1794
        ],
        "kp_under_lip_bottom": [
            1090,
            2060
        ],
        "kp_upper_lip_top": [
            1090,
            1989
        ],
        "features": [
            -2.93324,
            4.703312,
            0.767932,
            -1.819062,
            -1.333373,
            1.822069,
            -6.670027,
            7.223226,
            2.409806,
            -4.466383,
            -5.277092,
            5.765528,
            1.13339,
            -2.57526,
            2.891912,
            3.850545,
            -9.284662,
            -3.94381,
            -8.280952,
            -5.806454,
            2.61961,
            0.399367,
            -1.862173,
            6.281254,
            0.272396,
            -4.718173,
            1.743073,
            0.275686,
            2.247849,
            -3.142037,
            -0.444445,
            -6.07527,
            -9.488537,
            4.604969,
            6.72983,
            1.150418,
            0.292631,
            -4.26747,
            6.313942,
            8.957756,
            0.774943,
            -8.095543,
            -1.97042,
            -2.044437,
            -3.542081,
            -1.696755,
            1.621042,
            -3.809846,
            -3.978042,
            -2.026579,
            2.16431,
            3.551165,
            -3.390047,
            -0.30517,
            -8.172955,
            0.971362,
            -4.824341,
            3.575609,
            -3.790944,
            1.758623
        ]
    },
    "image_size": [
        2160,
        3840
    ],
    "process_time_in_milliseconds": 1412
}
