{
    "props": {
        "face_rect": [
            571,
            1310,
            1043,
            1043
        ],
        "kp_eye_left_inner": [
            971,
            1565
        ],
        "kp_eye_left_outer": [
            798,
            1556
        ],
        "kp_eye_right_inner": [
            1206,
            1556
        ],
        "kp_eye_right_outer": [
            1388,
            1539
        ],
        "kp_mouth_left": [
            1249,
            2016
        ],
        "kp_mouth_right": [
            945,
            2024
        ],
        "kp_nose_tip": [
            1093,
            1807
        ],
        "kp_under_lip_bottom": [
            1102,
            2068
        ],
        "kp_upper_lip_top": [
            1102,
            1998
        ],
        "features": [
            -3.176115,
            4.286356,
            0.632522,
            -1.839668,
            -1.460227,
            2.138115,
            -6.445495,
            7.298058,
            1.991769,
            -4.421569,
            -4.884354,
            5.634688,
            0.903555,
            -2.565384,
            2.452606,
            4.281427,
            -8.916808,
            -4.14192,
            -8.806896,
            -5.863926,
            2.705769,
            0.2415,
            -1.394426,
            5.974487,
            0.100591,
            -4.55548,
            1.982732,
            0.735643,
            2.50768,
            -3.101505,
            -0.160424,
            -5.945277,
            -9.329228,
            4.219076,
            6.754231,
            0.839063,
            -0.257403,
            -3.978141,
            6.176197,
            8.829133,
            0.484418,
            -7.967992,
            -2.189351,
            -1.716111,
            -3.144045,
            -1.650799,
            1.636568,
            -3.768255,
            -3.877986,
            -1.88338,
            2.07417,
            3.572917,
            -3.269552,
            -0.401371,
            -8.448638,
            1.130341,
            -4.799461,
            3.169581,
            -3.503895,
            1.638976
        ]
    },
    "image_size": [
        2160,
        3840
    ],
    "process_time_in_milliseconds": 1301
}
