{
    "props": {
        "face_rect": [
            556,
            1300,
            1042,
            1042
        ],
        "kp_eye_left_inner": [
            952,
            1553
        ],
        "kp_eye_left_outer": [
            785,
            1544
        ],
        "kp_eye_right_inner": [
            1190,
            1544
        ],
        "kp_eye_right_outer": [
            1374,
            1536
        ],
        "kp_mouth_left": [
            1234,
            2001
        ],
        "kp_mouth_right": [
            926,
            2010
        ],
        "kp_nose_tip": [
            1075,
            1790
        ],
        "kp_under_lip_bottom": [
            1093,
            2063
        ],
        "kp_upper_lip_top": [
            1084,
            1984
        ],
        "features": [
            -3.01783,
            4.300783,
            0.613145,
            -1.241228,
            -1.516571,
            2.647065,
            -6.372382,
            7.336239,
            1.961198,
            -5.083841,
            -5.189741,
            4.864672,
            0.408167,
            -2.276109,
            3.06845,
            4.04313,
            -9.303535,
            -3.8683,
            -9.062473,
            -6.54152,
            2.389961,
            1.068851,
            -1.243857,
            6.293833,
            -0.239365,
            -4.665974,
            1.336767,
            0.833446,
            2.244407,
            -3.543908,
            0.152158,
            -6.050544,
            -9.408301,
            4.065953,
            6.011266,
            0.702169,
            -0.042692,
            -3.920459,
            5.975842,
            8.567829,
            0.616586,
            -7.977936,
            -2.50894,
            -1.460734,
            -3.360005,
            -1.362615,
            1.871749,
            -3.541609,
            -4.037825,
            -2.055822,
            2.534373,
            3.885958,
            -3.2619,
            -0.278113,
            -7.743976,
            0.945295,
            -5.028993,
            3.789476,
            -3.347188,
            1.476485
        ]
    },
    "image_size": [
        2160,
        3840
    ],
    "process_time_in_milliseconds": 1654
}
