{
    "props": {
        "face_rect": [
            551,
            1347,
            1039,
            1039
        ],
        "kp_eye_left_inner": [
            951,
            1611
        ],
        "kp_eye_left_outer": [
            774,
            1611
        ],
        "kp_eye_right_inner": [
            1172,
            1593
        ],
        "kp_eye_right_outer": [
            1349,
            1576
        ],
        "kp_mouth_left": [
            1225,
            2044
        ],
        "kp_mouth_right": [
            933,
            2053
        ],
        "kp_nose_tip": [
            1075,
            1841
        ],
        "kp_under_lip_bottom": [
            1084,
            2097
        ],
        "kp_upper_lip_top": [
            1084,
            2026
        ],
        "features": [
            -3.033507,
            4.282333,
            1.502393,
            -1.493656,
            -1.202444,
            2.187177,
            -6.881952,
            7.963726,
            1.767204,
            -4.305668,
            -4.145015,
            5.885494,
            0.867741,
            -2.943692,
            2.72661,
            4.760917,
            -8.073596,
            -4.14465,
            -9.036006,
            -5.541348,
            2.747443,
            0.484705,
            -1.381615,
            7.177905,
            0.031933,
            -4.663538,
            1.101732,
            0.277277,
            2.671564,
            -3.439083,
            -0.918634,
            -6.320236,
            -9.754879,
            5.356363,
            6.22607,
            0.742106,
            0.145647,
            -3.753386,
            7.064782,
            8.396041,
            -0.282943,
            -7.82525,
            -1.780251,
            -0.611235,
            -2.955754,
            -1.721931,
            1.769934,
            -3.969936,
            -3.771648,
            -1.70438,
            1.76419,
            4.306077,
            -3.196703,
            -0.840665,
            -8.315166,
            1.177838,
            -4.57767,
            3.5589,
            -3.761032,
            1.281791
        ]
    },
    "image_size": [
        2160,
        3840
    ],
    "process_time_in_milliseconds": 2551
}
