{
    "props": {
        "face_rect": [
            560,
            1295,
            1053,
            1053
        ],
        "kp_eye_left_inner": [
            967,
            1561
        ],
        "kp_eye_left_outer": [
            788,
            1552
        ],
        "kp_eye_right_inner": [
            1200,
            1543
        ],
        "kp_eye_right_outer": [
            1379,
            1525
        ],
        "kp_mouth_left": [
            1253,
            2009
        ],
        "kp_mouth_right": [
            931,
            2018
        ],
        "kp_nose_tip": [
            1083,
            1794
        ],
        "kp_under_lip_bottom": [
            1101,
            2062
        ],
        "kp_upper_lip_top": [
            1092,
            1982
        ],
        "features": [
            -3.192922,
            4.495759,
            1.087975,
            -1.763736,
            -1.144286,
            1.880576,
            -6.876296,
            7.5476,
            1.856825,
            -4.647913,
            -5.060652,
            5.938782,
            0.664072,
            -2.461567,
            2.981592,
            4.215565,
            -9.009708,
            -4.208514,
            -8.603469,
            -5.755656,
            2.989587,
            0.365131,
            -1.67341,
            6.397067,
            0.035271,
            -5.200897,
            1.800405,
            0.376534,
            2.3255,
            -2.675405,
            -0.354297,
            -6.149243,
            -9.522204,
            4.980309,
            6.657629,
            0.809458,
            0.201035,
            -4.071602,
            6.596777,
            9.130041,
            0.910911,
            -8.348359,
            -1.910207,
            -1.581025,
            -3.124104,
            -1.440101,
            1.295628,
            -3.274931,
            -4.01153,
            -1.797736,
            2.260491,
            3.893878,
            -3.601528,
            -0.238581,
            -8.272877,
            1.167479,
            -5.185394,
            3.168417,
            -3.201644,
            1.210438
        ]
    },
    "image_size": [
        2160,
        3840
    ],
    "process_time_in_milliseconds": 1456
}
