{
    "props": {
        "face_rect": [
            568,
            1302,
            1048,
            1048
        ],
        "kp_eye_left_inner": [
            974,
            1553
        ],
        "kp_eye_left_outer": [
            794,
            1553
        ],
        "kp_eye_right_inner": [
            1205,
            1544
        ],
        "kp_eye_right_outer": [
            1393,
            1527
        ],
        "kp_mouth_left": [
            1265,
            2006
        ],
        "kp_mouth_right": [
            948,
            2015
        ],
        "kp_nose_tip": [
            1094,
            1801
        ],
        "kp_under_lip_bottom": [
            1102,
            2057
        ],
        "kp_upper_lip_top": [
            1094,
            1989
        ],
        "features": [
            -2.896048,
            4.608872,
            0.646261,
            -2.119517,
            -1.185021,
            2.308182,
            -6.633459,
            6.855841,
            2.008466,
            -4.246134,
            -5.057826,
            5.893506,
            0.913158,
            -2.731849,
            2.806493,
            3.94667,
            -9.360736,
            -4.053017,
            -8.09406,
            -5.594078,
            3.105974,
            0.455671,
            -1.746001,
            6.054736,
            0.167448,
            -4.402016,
            1.810023,
            0.174407,
            2.40555,
            -3.114172,
            -0.053434,
            -6.588478,
            -9.67131,
            4.577816,
            6.865261,
            0.807217,
            0.319674,
            -4.370162,
            6.079382,
            9.085091,
            0.38249,
            -7.883922,
            -1.941605,
            -1.978969,
            -3.36017,
            -1.86709,
            1.693828,
            -3.742717,
            -3.948971,
            -2.174988,
            2.185034,
            3.219052,
            -3.496655,
            -0.513207,
            -8.552247,
            1.059382,
            -5.221735,
            3.802025,
            -3.674093,
            1.903752
        ]
    },
    "image_size": [
        2160,
        3840
    ],
    "process_time_in_milliseconds": 1336
}
