{
    "props": {
        "face_rect": [
            556,
            1298,
            1050,
            1050
        ],
        "kp_eye_left_inner": [
            960,
            1562
        ],
        "kp_eye_left_outer": [
            785,
            1553
        ],
        "kp_eye_right_inner": [
            1189,
            1544
        ],
        "kp_eye_right_outer": [
            1365,
            1527
        ],
        "kp_mouth_left": [
            1242,
            2010
        ],
        "kp_mouth_right": [
            934,
            2019
        ],
        "kp_nose_tip": [
            1083,
            1799
        ],
        "kp_under_lip_bottom": [
            1092,
            2063
        ],
        "kp_upper_lip_top": [
            1092,
            1984
        ],
        "features": [
            -2.712533,
            3.711587,
            1.309213,
            -1.383559,
            -0.87665,
            2.398379,
            -6.466014,
            7.583997,
            1.247534,
            -4.649058,
            -4.930207,
            5.426375,
            0.744667,
            -2.426431,
            2.766882,
            4.246532,
            -8.91695,
            -4.579838,
            -9.044598,
            -5.290678,
            3.108951,
            0.649083,
            -1.490646,
            7.107536,
            -0.346054,
            -5.268527,
            1.405473,
            0.571841,
            2.203537,
            -2.922778,
            -0.243806,
            -6.564777,
            -9.689358,
            5.145094,
            6.762374,
            0.498112,
            0.335652,
            -4.148215,
            6.298219,
            9.221779,
            0.248011,
            -8.253768,
            -1.557316,
            -1.214402,
            -2.485314,
            -1.739781,
            1.654734,
            -3.255522,
            -3.866103,
            -1.649272,
            2.269322,
            4.346367,
            -3.483632,
            -0.918966,
            -8.201339,
            1.515777,
            -5.815532,
            3.652333,
            -3.38983,
            1.670876
        ]
    },
    "image_size": [
        2160,
        3840
    ],
    "process_time_in_milliseconds": 1663
}
