{
    "props": {
        "face_rect": [
            585,
            1345,
            1025,
            1025
        ],
        "kp_eye_left_inner": [
            978,
            1599
        ],
        "kp_eye_left_outer": [
            808,
            1599
        ],
        "kp_eye_right_inner": [
            1208,
            1582
        ],
        "kp_eye_right_outer": [
            1386,
            1573
        ],
        "kp_mouth_left": [
            1259,
            2041
        ],
        "kp_mouth_right": [
            961,
            2049
        ],
        "kp_nose_tip": [
            1097,
            1828
        ],
        "kp_under_lip_bottom": [
            1106,
            2092
        ],
        "kp_upper_lip_top": [
            1106,
            2015
        ],
        "features": [
            -3.238016,
            4.029739,
            0.951664,
            -1.991706,
            -0.976413,
            1.910293,
            -6.280016,
            7.505668,
            1.912232,
            -4.410101,
            -5.021987,
            6.043053,
            1.216604,
            -2.745336,
            3.266426,
            3.983882,
            -9.324122,
            -4.008357,
            -8.428062,
            -5.666865,
            3.00113,
            0.011862,
            -1.75377,
            6.277852,
            0.20245,
            -4.769168,
            2.137399,
            -0.116764,
            2.309629,
            -2.735401,
            -0.262302,
            -6.412103,
            -9.759591,
            4.444205,
            6.719363,
            0.729691,
            -0.09122,
            -3.995541,
            6.176919,
            9.418398,
            0.509409,
            -8.117958,
            -1.831892,
            -2.092093,
            -3.468732,
            -1.683037,
            1.615218,
            -3.785276,
            -4.302301,
            -1.822949,
            1.969307,
            3.707344,
            -3.300744,
            -0.604566,
            -8.440151,
            1.20185,
            -5.094052,
            3.674552,
            -3.912793,
            1.82818
        ]
    },
    "image_size": [
        2160,
        3840
    ],
    "process_time_in_milliseconds": 2396
}
