{
    "props": {
        "face_rect": [
            557,
            1346,
            1024,
            1024
        ],
        "kp_eye_left_inner": [
            956,
            1604
        ],
        "kp_eye_left_outer": [
            779,
            1595
        ],
        "kp_eye_right_inner": [
            1177,
            1586
        ],
        "kp_eye_right_outer": [
            1345,
            1568
        ],
        "kp_mouth_left": [
            1230,
            2037
        ],
        "kp_mouth_right": [
            920,
            2046
        ],
        "kp_nose_tip": [
            1071,
            1834
        ],
        "kp_under_lip_bottom": [
            1080,
            2090
        ],
        "kp_upper_lip_top": [
            1080,
            2020
        ],
        "features": [
            -3.024205,
            4.218005,
            0.686824,
            -1.241853,
            -1.414893,
            2.307597,
            -6.986096,
            7.273276,
            1.860003,
            -4.602212,
            -4.050031,
            5.375777,
            0.61007,
            -2.769591,
            2.75176,
            4.146224,
            -9.037743,
            -3.9837,
            -9.443604,
            -5.376407,
            2.46912,
            0.99826,
            -1.681953,
            6.473326,
            -0.293688,
            -4.818002,
            0.973379,
            0.504507,
            2.211509,
            -3.255838,
            -0.322582,
            -6.151081,
            -9.835441,
            5.194045,
            6.389077,
            0.491277,
            0.200707,
            -4.373535,
            7.42502,
            8.295233,
            0.178415,
            -8.592292,
            -2.314607,
            -0.702428,
            -3.152282,
            -1.743095,
            1.814896,
            -3.23088,
            -3.908973,
            -2.244667,
            2.306039,
            4.192051,
            -3.753576,
            -0.404504,
            -8.047687,
            1.636738,
            -5.42997,
            3.494581,
            -3.095494,
            1.240113
        ]
    },
    "image_size": [
        2160,
        3840
    ],
    "process_time_in_milliseconds": 1772
}
