{
    "props": {
        "face_rect": [
            565,
            1325,
            1021,
            1021
        ],
        "kp_eye_left_inner": [
            956,
            1575
        ],
        "kp_eye_left_outer": [
            789,
            1566
        ],
        "kp_eye_right_inner": [
            1176,
            1566
        ],
        "kp_eye_right_outer": [
            1369,
            1549
        ],
        "kp_mouth_left": [
            1238,
            2023
        ],
        "kp_mouth_right": [
            930,
            2032
        ],
        "kp_nose_tip": [
            1079,
            1812
        ],
        "kp_under_lip_bottom": [
            1088,
            2067
        ],
        "kp_upper_lip_top": [
            1079,
            1997
        ],
        "features": [
            -2.877138,
            4.28857,
            0.359254,
            -1.372991,
            -1.219999,
            2.589231,
            -6.430011,
            7.26651,
            1.943266,
            -4.618381,
            -5.772133,
            5.461442,
            0.92724,
            -2.599303,
            3.293638,
            4.056024,
            -9.556988,
            -3.616494,
            -8.812748,
            -6.016018,
            3.468383,
            0.52907,
            -1.475273,
            6.42708,
            0.119921,
            -4.324429,
            1.921593,
            -0.105123,
            1.712692,
            -3.082427,
            0.180908,
            -6.159148,
            -9.217827,
            4.610481,
            6.281872,
            0.922888,
            -0.505629,
            -4.5025,
            6.588423,
            9.301001,
            0.970813,
            -8.046619,
            -2.224283,
            -1.614388,
            -3.398746,
            -1.504709,
            1.502266,
            -3.307267,
            -4.154288,
            -2.13978,
            1.944324,
            3.853731,
            -3.341255,
            -0.806182,
            -7.812008,
            1.273751,
            -5.874144,
            4.256097,
            -3.30496,
            1.915494
        ]
    },
    "image_size": [
        2160,
        3840
    ],
    "process_time_in_milliseconds": 1600
}
