{
    "props": {
        "face_rect": [
            574,
            1336,
            1042,
            1042
        ],
        "kp_eye_left_inner": [
            983,
            1598
        ],
        "kp_eye_left_outer": [
            805,
            1598
        ],
        "kp_eye_right_inner": [
            1204,
            1581
        ],
        "kp_eye_right_outer": [
            1382,
            1564
        ],
        "kp_mouth_left": [
            1263,
            2031
        ],
        "kp_mouth_right": [
            958,
            2040
        ],
        "kp_nose_tip": [
            1093,
            1828
        ],
        "kp_under_lip_bottom": [
            1110,
            2099
        ],
        "kp_upper_lip_top": [
            1110,
            2014
        ],
        "features": [
            -3.546555,
            3.965216,
            0.799543,
            -1.600775,
            -1.173405,
            1.683342,
            -6.69902,
            7.581316,
            1.839197,
            -4.716389,
            -4.989213,
            5.891947,
            1.095295,
            -2.555979,
            2.905786,
            4.661549,
            -8.41116,
            -4.577803,
            -8.847713,
            -5.747211,
            2.465677,
            0.714236,
            -1.737615,
            7.004619,
            0.165983,
            -5.26909,
            1.848031,
            0.462023,
            2.720667,
            -2.886123,
            -0.264405,
            -6.380064,
            -9.638647,
            4.730558,
            6.702347,
            0.664919,
            0.234507,
            -4.013141,
            6.43588,
            8.72289,
            0.585501,
            -7.762693,
            -1.40368,
            -1.50919,
            -3.156097,
            -1.774512,
            1.600258,
            -3.466473,
            -3.876498,
            -1.282885,
            1.597875,
            4.245177,
            -3.279406,
            -0.981986,
            -8.480459,
            1.581905,
            -4.596691,
            3.16094,
            -3.60744,
            1.623459
        ]
    },
    "image_size": [
        2160,
        3840
    ],
    "process_time_in_milliseconds": 2549
}
