{
    "props": {
        "face_rect": [
            563,
            1328,
            1023,
            1023
        ],
        "kp_eye_left_inner": [
            955,
            1582
        ],
        "kp_eye_left_outer": [
            785,
            1573
        ],
        "kp_eye_right_inner": [
            1184,
            1565
        ],
        "kp_eye_right_outer": [
            1371,
            1556
        ],
        "kp_mouth_left": [
            1227,
            2024
        ],
        "kp_mouth_right": [
            929,
            2032
        ],
        "kp_nose_tip": [
            1074,
            1811
        ],
        "kp_under_lip_bottom": [
            1082,
            2075
        ],
        "kp_upper_lip_top": [
            1082,
            1998
        ],
        "features": [
            -2.943474,
            4.076089,
            0.335176,
            -1.133609,
            -0.942808,
            2.444108,
            -6.299199,
            7.489616,
            1.805409,
            -4.641902,
            -4.872875,
            5.455366,
            0.773738,
            -2.838708,
            2.8322,
            4.074959,
            -8.915534,
            -3.950134,
            -9.357283,
            -5.72048,
            2.82562,
            0.661577,
            -1.201133,
            6.223029,
            -0.056156,
            -4.743636,
            1.622751,
            0.502538,
            2.180725,
            -3.332459,
            -0.288327,
            -6.071866,
            -9.358132,
            4.569336,
            6.345188,
            0.370237,
            -0.402659,
            -4.355427,
            6.411317,
            8.711951,
            0.442399,
            -8.012709,
            -2.15994,
            -1.14115,
            -3.419719,
            -1.576071,
            1.511817,
            -3.817205,
            -4.224493,
            -2.08527,
            1.721783,
            3.911508,
            -3.596329,
            -0.653268,
            -7.785466,
            1.414832,
            -5.28643,
            3.467459,
            -3.73991,
            1.7036
        ]
    },
    "image_size": [
        2160,
        3840
    ],
    "process_time_in_milliseconds": 1653
}
