{
    "props": {
        "face_rect": [
            569,
            1299,
            1041,
            1041
        ],
        "kp_eye_left_inner": [
            969,
            1555
        ],
        "kp_eye_left_outer": [
            797,
            1546
        ],
        "kp_eye_right_inner": [
            1202,
            1538
        ],
        "kp_eye_right_outer": [
            1383,
            1529
        ],
        "kp_mouth_left": [
            1262,
            2003
        ],
        "kp_mouth_right": [
            943,
            2012
        ],
        "kp_nose_tip": [
            1090,
            1796
        ],
        "kp_under_lip_bottom": [
            1098,
            2055
        ],
        "kp_upper_lip_top": [
            1098,
            1986
        ],
        "features": [
            -2.52512,
            4.011857,
            0.717947,
            -1.382759,
            -0.92907,
            2.665148,
            -6.433563,
            6.998551,
            2.006749,
            -4.207473,
            -5.026267,
            5.721482,
            0.667283,
            -2.689851,
            3.060713,
            3.58825,
            -9.111331,
            -4.110429,
            -8.625858,
            -5.534919,
            3.175362,
            0.911107,
            -1.361253,
            6.626344,
            0.026357,
            -4.170464,
            1.905621,
            0.222279,
            2.155755,
            -3.229563,
            -0.17283,
            -6.46183,
            -9.494928,
            4.849384,
            6.600832,
            0.836345,
            -0.263558,
            -4.227997,
            6.36933,
            9.104615,
            -0.027045,
            -7.976448,
            -1.897569,
            -1.396183,
            -3.338189,
            -1.757777,
            1.666164,
            -3.729382,
            -3.809276,
            -2.063682,
            2.145927,
            3.768593,
            -3.595817,
            -0.598977,
            -7.908476,
            1.424048,
            -5.726656,
            4.133974,
            -3.311353,
            1.893237
        ]
    },
    "image_size": [
        2160,
        3840
    ],
    "process_time_in_milliseconds": 1409
}
