{
    "props": {
        "face_rect": [
            -19,
            603,
            619,
            619
        ],
        "kp_eye_left_inner": [
            234,
            761
        ],
        "kp_eye_left_outer": [
            184,
            766
        ],
        "kp_eye_right_inner": [
            363,
            756
        ],
        "kp_eye_right_outer": [
            477,
            751
        ],
        "kp_mouth_left": [
            363,
            1019
        ],
        "kp_mouth_right": [
            174,
            1004
        ],
        "kp_nose_tip": [
            239,
            846
        ],
        "kp_under_lip_bottom": [
            253,
            1034
        ],
        "kp_upper_lip_top": [
            243,
            970
        ],
        "features": [
            4.030856,
            4.962546,
            5.571546,
            -4.827136,
            3.914431,
            0.606552,
            -7.439444,
            0.636403,
            1.114793,
            3.244321,
            -8.110101,
            -5.005665,
            -4.636655,
            5.998332,
            5.646363,
            -10.574175,
            -6.486333,
            5.173019,
            3.978391,
            -1.085672,
            -1.563778,
            4.496935,
            -8.208024,
            -5.138021,
            7.454409,
            1.687396,
            -1.531747,
            -1.060029,
            4.163317,
            1.979172,
            -0.620424,
            0.735863,
            -2.893691,
            -0.233647,
            -3.235181,
            5.301023,
            4.248321,
            2.628303,
            -0.17744,
            3.116342,
            -0.992363,
            -4.389243,
            -9.567305,
            2.501852,
            2.11956,
            8.854386,
            6.244627,
            6.686636,
            -5.985868,
            -5.385905,
            5.408875,
            -0.22016,
            0.726341,
            0.2498,
            1.928141,
            3.465576,
            -3.918916,
            2.082203,
            -2.66786,
            2.961016
        ]
    },
    "image_size": [
        870,
        1918
    ],
    "process_time_in_milliseconds": 793
}
