{
    "props": {
        "face_rect": [
            32,
            610,
            575,
            575
        ],
        "kp_eye_left_inner": [
            276,
            767
        ],
        "kp_eye_left_outer": [
            203,
            773
        ],
        "kp_eye_right_inner": [
            397,
            757
        ],
        "kp_eye_right_outer": [
            518,
            747
        ],
        "kp_mouth_left": [
            423,
            1019
        ],
        "kp_mouth_right": [
            224,
            1009
        ],
        "kp_nose_tip": [
            287,
            851
        ],
        "kp_under_lip_bottom": [
            303,
            1040
        ],
        "kp_upper_lip_top": [
            303,
            972
        ],
        "features": [
            1.665697,
            5.452371,
            5.869251,
            -5.441663,
            3.968663,
            1.916938,
            -6.176087,
            0.890368,
            0.998365,
            5.850249,
            -9.105182,
            -6.686997,
            -4.312783,
            6.563667,
            5.332694,
            -10.610162,
            -6.95356,
            3.9606,
            5.333824,
            -0.566557,
            -1.704825,
            4.134536,
            -10.836021,
            -5.735353,
            8.196463,
            2.163935,
            -0.736937,
            -1.330046,
            6.464131,
            0.519565,
            0.220567,
            2.865664,
            -1.755134,
            -1.965764,
            -2.544648,
            3.584681,
            3.749514,
            2.388896,
            -0.229332,
            2.466137,
            -1.718304,
            -4.119658,
            -7.637861,
            4.753315,
            3.556577,
            8.085398,
            4.06579,
            4.111761,
            -7.822188,
            -4.174676,
            5.195943,
            -1.686027,
            1.215311,
            -0.225273,
            0.441476,
            1.751271,
            -4.766204,
            1.473433,
            -0.863632,
            0.764692
        ]
    },
    "image_size": [
        870,
        1918
    ],
    "process_time_in_milliseconds": 826
}
