{
    "props": {
        "face_rect": [
            126,
            760,
            571,
            571
        ],
        "kp_eye_left_inner": [
            345,
            902
        ],
        "kp_eye_left_outer": [
            245,
            907
        ],
        "kp_eye_right_inner": [
            475,
            902
        ],
        "kp_eye_right_outer": [
            585,
            892
        ],
        "kp_mouth_left": [
            525,
            1137
        ],
        "kp_mouth_right": [
            330,
            1147
        ],
        "kp_nose_tip": [
            395,
            1017
        ],
        "kp_under_lip_bottom": [
            425,
            1182
        ],
        "kp_upper_lip_top": [
            415,
            1122
        ],
        "features": [
            4.924922,
            6.229252,
            -3.233857,
            4.491586,
            0.00002,
            7.185816,
            0.895146,
            0.461506,
            4.116618,
            -8.337008,
            0.117554,
            -2.931169,
            1.951539,
            -4.296824,
            8.51611,
            -4.152175,
            0.514149,
            -0.682404,
            1.70653,
            1.55121,
            4.541679,
            3.433224,
            1.761527,
            6.001228,
            -4.862166,
            0.409401,
            -6.141877,
            -1.654278,
            6.70682,
            -7.603151,
            0.422798,
            -5.387198,
            -1.728474,
            4.295573,
            -2.111032,
            0.249365,
            -0.002143,
            2.146134,
            -0.090072,
            -1.924973,
            -1.547276,
            -2.121858,
            8.083033,
            0.298917,
            5.981373,
            -7.179582,
            -5.039922,
            0.973052,
            6.50828,
            0.329686,
            -1.5537,
            7.205635,
            -4.126719,
            2.518778,
            1.496633,
            -4.258129,
            -2.826989,
            3.470938,
            -1.190766,
            4.755665
        ]
    },
    "image_size": [
        870,
        1918
    ],
    "process_time_in_milliseconds": 781
}
