{
    "props": {
        "face_rect": [
            126,
            614,
            563,
            563
        ],
        "kp_eye_left_inner": [
            355,
            760
        ],
        "kp_eye_left_outer": [
            260,
            760
        ],
        "kp_eye_right_inner": [
            483,
            756
        ],
        "kp_eye_right_outer": [
            587,
            756
        ],
        "kp_mouth_left": [
            506,
            1011
        ],
        "kp_mouth_right": [
            303,
            1011
        ],
        "kp_nose_tip": [
            397,
            845
        ],
        "kp_under_lip_bottom": [
            402,
            1040
        ],
        "kp_upper_lip_top": [
            402,
            964
        ],
        "features": [
            1.953927,
            5.009708,
            6.390769,
            -5.557152,
            4.919171,
            1.791105,
            -5.128215,
            2.139766,
            1.112553,
            5.104913,
            -8.147568,
            -8.322044,
            -4.903172,
            7.457996,
            5.396945,
            -11.617877,
            -5.98872,
            4.336517,
            4.190424,
            -1.034837,
            -2.303897,
            3.941788,
            -10.429109,
            -6.190245,
            7.90414,
            3.148597,
            -1.29765,
            0.831205,
            6.728265,
            0.636978,
            -0.403134,
            3.665299,
            -1.664171,
            -2.692213,
            -2.19107,
            4.315059,
            3.218831,
            4.174884,
            -0.743495,
            2.496594,
            -2.712528,
            -5.707571,
            -8.981239,
            3.052913,
            4.446594,
            8.001487,
            4.920524,
            4.328311,
            -7.294231,
            -3.553497,
            5.041768,
            -0.898853,
            2.118915,
            0.385205,
            1.15976,
            2.56459,
            -4.331655,
            0.929532,
            -2.172887,
            1.87807
        ]
    },
    "image_size": [
        870,
        1918
    ],
    "process_time_in_milliseconds": 1251
}
