{
    "props": {
        "face_rect": [
            -8,
            748,
            570,
            570
        ],
        "kp_eye_left_inner": [
            210,
            898
        ],
        "kp_eye_left_outer": [
            150,
            903
        ],
        "kp_eye_right_inner": [
            345,
            893
        ],
        "kp_eye_right_outer": [
            460,
            883
        ],
        "kp_mouth_left": [
            380,
            1138
        ],
        "kp_mouth_right": [
            200,
            1138
        ],
        "kp_nose_tip": [
            240,
            983
        ],
        "kp_under_lip_bottom": [
            265,
            1173
        ],
        "kp_upper_lip_top": [
            250,
            1118
        ],
        "features": [
            7.978274,
            9.963705,
            -1.095597,
            4.235133,
            2.802902,
            5.332379,
            -0.372682,
            0.446057,
            2.373798,
            -4.22407,
            -4.344398,
            -0.627636,
            3.970316,
            0.623399,
            5.984915,
            -2.861509,
            -0.335745,
            -1.64186,
            3.794989,
            1.430021,
            4.31413,
            0.582985,
            -2.356282,
            5.891121,
            -3.61341,
            -0.054542,
            -2.453976,
            -1.300184,
            4.070361,
            -5.2776,
            -1.243183,
            -0.229091,
            1.362225,
            4.716627,
            -1.787118,
            -0.306507,
            -1.017264,
            0.353789,
            2.331589,
            0.744224,
            4.324593,
            -3.393844,
            6.586467,
            -0.94971,
            2.777339,
            -3.217248,
            -5.323613,
            -1.981112,
            3.508212,
            1.038421,
            -0.205195,
            6.166867,
            -3.406361,
            2.306568,
            0.042989,
            -4.20697,
            -2.877491,
            2.437059,
            -2.947008,
            6.182424
        ]
    },
    "image_size": [
        870,
        1918
    ],
    "process_time_in_milliseconds": 826
}
